"name","path","file_uri","size_bytes","updated"
"UAOS_DEPLOY_READINESS_BOARD.json","E:\keyboard-manager-clean\uaos-ai-factory\uaos-v2167-v2216-big-launch-train-09-commercial-activation-readiness\05-deploy-readiness-board\UAOS_DEPLOY_READINESS_BOARD.json","file:///E:/keyboard-manager-clean/uaos-ai-factory/uaos-v2167-v2216-big-launch-train-09-commercial-activation-readiness/05-deploy-readiness-board/UAOS_DEPLOY_READINESS_BOARD.json","651","2026-07-08T09:58:55"
"UAOS_DEPLOY_ACTIVATION_LOCK.json","E:\keyboard-manager-clean\uaos-ai-factory\uaos-v2167-v2216-big-launch-train-09-commercial-activation-readiness\05-deploy-readiness-board\UAOS_DEPLOY_ACTIVATION_LOCK.json","file:///E:/keyboard-manager-clean/uaos-ai-factory/uaos-v2167-v2216-big-launch-train-09-commercial-activation-readiness/05-deploy-readiness-board/UAOS_DEPLOY_ACTIVATION_LOCK.json","232","2026-07-08T09:58:55"
"UAOS_MANUAL_DELIVERY_READINESS.json","E:\keyboard-manager-clean\uaos-ai-factory\uaos-v2167-v2216-big-launch-train-09-commercial-activation-readiness\07-manual-delivery-readiness\UAOS_MANUAL_DELIVERY_READINESS.json","file:///E:/keyboard-manager-clean/uaos-ai-factory/uaos-v2167-v2216-big-launch-train-09-commercial-activation-readiness/07-manual-delivery-readiness/UAOS_MANUAL_DELIVERY_READINESS.json","337","2026-07-08T09:58:55"
"UAOS_CUSTOMER_ORDER_READINESS.json","E:\keyboard-manager-clean\uaos-ai-factory\uaos-v2167-v2216-big-launch-train-09-commercial-activation-readiness\06-customer-order-readiness\UAOS_CUSTOMER_ORDER_READINESS.json","file:///E:/keyboard-manager-clean/uaos-ai-factory/uaos-v2167-v2216-big-launch-train-09-commercial-activation-readiness/06-customer-order-readiness/UAOS_CUSTOMER_ORDER_READINESS.json","206","2026-07-08T09:58:55"
"UAOS_PRICING_FINALIZATION_BOARD.json","E:\keyboard-manager-clean\uaos-ai-factory\uaos-v2167-v2216-big-launch-train-09-commercial-activation-readiness\03-pricing-finalization-board\UAOS_PRICING_FINALIZATION_BOARD.json","file:///E:/keyboard-manager-clean/uaos-ai-factory/uaos-v2167-v2216-big-launch-train-09-commercial-activation-readiness/03-pricing-finalization-board/UAOS_PRICING_FINALIZATION_BOARD.json","1116","2026-07-08T09:58:55"
"UAOS_LEGAL_FINALIZATION_BOARD.json","E:\keyboard-manager-clean\uaos-ai-factory\uaos-v2167-v2216-big-launch-train-09-commercial-activation-readiness\02-legal-finalization-board\UAOS_LEGAL_FINALIZATION_BOARD.json","file:///E:/keyboard-manager-clean/uaos-ai-factory/uaos-v2167-v2216-big-launch-train-09-commercial-activation-readiness/02-legal-finalization-board/UAOS_LEGAL_FINALIZATION_BOARD.json","413","2026-07-08T09:58:55"
"UAOS_PAYMENT_PROVIDER_READINESS.json","E:\keyboard-manager-clean\uaos-ai-factory\uaos-v2167-v2216-big-launch-train-09-commercial-activation-readiness\04-payment-provider-readiness\UAOS_PAYMENT_PROVIDER_READINESS.json","file:///E:/keyboard-manager-clean/uaos-ai-factory/uaos-v2167-v2216-big-launch-train-09-commercial-activation-readiness/04-payment-provider-readiness/UAOS_PAYMENT_PROVIDER_READINESS.json","891","2026-07-08T09:58:55"
"UAOS_PAYMENT_ACTIVATION_LOCK.json","E:\keyboard-manager-clean\uaos-ai-factory\uaos-v2167-v2216-big-launch-train-09-commercial-activation-readiness\04-payment-provider-readiness\UAOS_PAYMENT_ACTIVATION_LOCK.json","file:///E:/keyboard-manager-clean/uaos-ai-factory/uaos-v2167-v2216-big-launch-train-09-commercial-activation-readiness/04-payment-provider-readiness/UAOS_PAYMENT_ACTIVATION_LOCK.json","280","2026-07-08T09:58:55"
"UAOS_V2167_V2216_METADATA_PACKAGE.json","E:\keyboard-manager-clean\uaos-ai-factory\uaos-v2167-v2216-big-launch-train-09-commercial-activation-readiness\12-package\UAOS_V2167_V2216_METADATA_PACKAGE.json","file:///E:/keyboard-manager-clean/uaos-ai-factory/uaos-v2167-v2216-big-launch-train-09-commercial-activation-readiness/12-package/UAOS_V2167_V2216_METADATA_PACKAGE.json","20315","2026-07-08T09:58:55"
"UAOS_OWNER_FINAL_DATA_PACK.json","E:\keyboard-manager-clean\uaos-ai-factory\uaos-v2167-v2216-big-launch-train-09-commercial-activation-readiness\01-owner-final-data-pack\UAOS_OWNER_FINAL_DATA_PACK.json","file:///E:/keyboard-manager-clean/uaos-ai-factory/uaos-v2167-v2216-big-launch-train-09-commercial-activation-readiness/01-owner-final-data-pack/UAOS_OWNER_FINAL_DATA_PACK.json","653","2026-07-08T09:58:55"
"UAOS_ACTIVATION_LOCKS.json","E:\keyboard-manager-clean\uaos-ai-factory\uaos-v2167-v2216-big-launch-train-09-commercial-activation-readiness\08-activation-locks\UAOS_ACTIVATION_LOCKS.json","file:///E:/keyboard-manager-clean/uaos-ai-factory/uaos-v2167-v2216-big-launch-train-09-commercial-activation-readiness/08-activation-locks/UAOS_ACTIVATION_LOCKS.json","467","2026-07-08T09:58:55"
"UAOS_V2167_V2216_VALIDATION.json","E:\keyboard-manager-clean\uaos-ai-factory\uaos-v2167-v2216-big-launch-train-09-commercial-activation-readiness\11-validation\UAOS_V2167_V2216_VALIDATION.json","file:///E:/keyboard-manager-clean/uaos-ai-factory/uaos-v2167-v2216-big-launch-train-09-commercial-activation-readiness/11-validation/UAOS_V2167_V2216_VALIDATION.json","1608","2026-07-08T09:58:55"
"music-zone-map-status-v2.2.json","E:\keyboard-manager-clean\uaos-ai-factory\uaos-light-engine-v1\generated\music-zone-map-status-v2.2.json","file:///E:/keyboard-manager-clean/uaos-ai-factory/uaos-light-engine-v1/generated/music-zone-map-status-v2.2.json","545","2026-07-08T09:51:27"
"UAOS_BUY_REQUEST_CANDIDATE.json","E:\keyboard-manager-clean\uaos-ai-factory\uaos-v2117-v2166-big-launch-train-08-public-candidate-assembly\04-buy-request-candidate\UAOS_BUY_REQUEST_CANDIDATE.json","file:///E:/keyboard-manager-clean/uaos-ai-factory/uaos-v2117-v2166-big-launch-train-08-public-candidate-assembly/04-buy-request-candidate/UAOS_BUY_REQUEST_CANDIDATE.json","260","2026-07-08T09:50:46"
"UAOS_V2117_V2166_METADATA_PACKAGE.json","E:\keyboard-manager-clean\uaos-ai-factory\uaos-v2117-v2166-big-launch-train-08-public-candidate-assembly\12-package\UAOS_V2117_V2166_METADATA_PACKAGE.json","file:///E:/keyboard-manager-clean/uaos-ai-factory/uaos-v2117-v2166-big-launch-train-08-public-candidate-assembly/12-package/UAOS_V2117_V2166_METADATA_PACKAGE.json","18502","2026-07-08T09:50:46"
"UAOS_V2117_V2166_VALIDATION.json","E:\keyboard-manager-clean\uaos-ai-factory\uaos-v2117-v2166-big-launch-train-08-public-candidate-assembly\11-validation\UAOS_V2117_V2166_VALIDATION.json","file:///E:/keyboard-manager-clean/uaos-ai-factory/uaos-v2117-v2166-big-launch-train-08-public-candidate-assembly/11-validation/UAOS_V2117_V2166_VALIDATION.json","1595","2026-07-08T09:50:46"
"UAOS_PRICING_CANDIDATE.json","E:\keyboard-manager-clean\uaos-ai-factory\uaos-v2117-v2166-big-launch-train-08-public-candidate-assembly\03-pricing-candidate\UAOS_PRICING_CANDIDATE.json","file:///E:/keyboard-manager-clean/uaos-ai-factory/uaos-v2117-v2166-big-launch-train-08-public-candidate-assembly/03-pricing-candidate/UAOS_PRICING_CANDIDATE.json","489","2026-07-08T09:50:46"
"UAOS_SEAL_LINK_INDEX.json","E:\keyboard-manager-clean\uaos-ai-factory\uaos-v2067-v2116-big-launch-train-07-launch-super-portal\04-seal-links\UAOS_SEAL_LINK_INDEX.json","file:///E:/keyboard-manager-clean/uaos-ai-factory/uaos-v2067-v2116-big-launch-train-07-launch-super-portal/04-seal-links/UAOS_SEAL_LINK_INDEX.json","93144","2026-07-08T09:47:53"
"UAOS_VALIDATION_LINK_INDEX.json","E:\keyboard-manager-clean\uaos-ai-factory\uaos-v2067-v2116-big-launch-train-07-launch-super-portal\03-validation-links\UAOS_VALIDATION_LINK_INDEX.json","file:///E:/keyboard-manager-clean/uaos-ai-factory/uaos-v2067-v2116-big-launch-train-07-launch-super-portal/03-validation-links/UAOS_VALIDATION_LINK_INDEX.json","27825","2026-07-08T09:47:53"
"UAOS_DASHBOARD_LINK_INDEX.json","E:\keyboard-manager-clean\uaos-ai-factory\uaos-v2067-v2116-big-launch-train-07-launch-super-portal\02-dashboard-links\UAOS_DASHBOARD_LINK_INDEX.json","file:///E:/keyboard-manager-clean/uaos-ai-factory/uaos-v2067-v2116-big-launch-train-07-launch-super-portal/02-dashboard-links/UAOS_DASHBOARD_LINK_INDEX.json","103925","2026-07-08T09:47:53"
"UAOS_V2067_V2116_METADATA_PACKAGE.json","E:\keyboard-manager-clean\uaos-ai-factory\uaos-v2067-v2116-big-launch-train-07-launch-super-portal\12-package\UAOS_V2067_V2116_METADATA_PACKAGE.json","file:///E:/keyboard-manager-clean/uaos-ai-factory/uaos-v2067-v2116-big-launch-train-07-launch-super-portal/12-package/UAOS_V2067_V2116_METADATA_PACKAGE.json","16963","2026-07-08T09:47:53"
"UAOS_V2067_V2116_VALIDATION.json","E:\keyboard-manager-clean\uaos-ai-factory\uaos-v2067-v2116-big-launch-train-07-launch-super-portal\11-validation\UAOS_V2067_V2116_VALIDATION.json","file:///E:/keyboard-manager-clean/uaos-ai-factory/uaos-v2067-v2116-big-launch-train-07-launch-super-portal/11-validation/UAOS_V2067_V2116_VALIDATION.json","1551","2026-07-08T09:47:53"
"UAOS_SAFE_ACTIVATION_GUARD.json","E:\keyboard-manager-clean\uaos-ai-factory\uaos-v2067-v2116-big-launch-train-07-launch-super-portal\08-safe-activation-guard\UAOS_SAFE_ACTIVATION_GUARD.json","file:///E:/keyboard-manager-clean/uaos-ai-factory/uaos-v2067-v2116-big-launch-train-07-launch-super-portal/08-safe-activation-guard/UAOS_SAFE_ACTIVATION_GUARD.json","399","2026-07-08T09:47:53"
"UAOS_LIGHT_ENGINE_V5_SIMPLE_STATUS.json","E:\keyboard-manager-clean\uaos-ai-factory\uaos-light-engine-v1\generated\UAOS_LIGHT_ENGINE_V5_SIMPLE_STATUS.json","file:///E:/keyboard-manager-clean/uaos-ai-factory/uaos-light-engine-v1/generated/UAOS_LIGHT_ENGINE_V5_SIMPLE_STATUS.json","352","2026-07-08T09:43:12"
"UAOS_PAYMENT_ACTIVATION_GATE.json","E:\keyboard-manager-clean\uaos-ai-factory\uaos-v2017-v2066-big-launch-train-06-final-command-center\04-payment-provider-decision\UAOS_PAYMENT_ACTIVATION_GATE.json","file:///E:/keyboard-manager-clean/uaos-ai-factory/uaos-v2017-v2066-big-launch-train-06-final-command-center/04-payment-provider-decision/UAOS_PAYMENT_ACTIVATION_GATE.json","305","2026-07-08T08:12:53"
"UAOS_OWNER_DOCS_INTAKE_FORM.json","E:\keyboard-manager-clean\uaos-ai-factory\uaos-v2017-v2066-big-launch-train-06-final-command-center\02-owner-docs-intake\UAOS_OWNER_DOCS_INTAKE_FORM.json","file:///E:/keyboard-manager-clean/uaos-ai-factory/uaos-v2017-v2066-big-launch-train-06-final-command-center/02-owner-docs-intake/UAOS_OWNER_DOCS_INTAKE_FORM.json","543","2026-07-08T08:12:53"
"UAOS_DEPLOY_ACTIVATION_GATE.json","E:\keyboard-manager-clean\uaos-ai-factory\uaos-v2017-v2066-big-launch-train-06-final-command-center\05-deploy-target-decision\UAOS_DEPLOY_ACTIVATION_GATE.json","file:///E:/keyboard-manager-clean/uaos-ai-factory/uaos-v2017-v2066-big-launch-train-06-final-command-center/05-deploy-target-decision/UAOS_DEPLOY_ACTIVATION_GATE.json","251","2026-07-08T08:12:53"
"UAOS_V2017_V2066_METADATA_PACKAGE.json","E:\keyboard-manager-clean\uaos-ai-factory\uaos-v2017-v2066-big-launch-train-06-final-command-center\13-package\UAOS_V2017_V2066_METADATA_PACKAGE.json","file:///E:/keyboard-manager-clean/uaos-ai-factory/uaos-v2017-v2066-big-launch-train-06-final-command-center/13-package/UAOS_V2017_V2066_METADATA_PACKAGE.json","17623","2026-07-08T08:12:53"
"UAOS_V2017_V2066_VALIDATION.json","E:\keyboard-manager-clean\uaos-ai-factory\uaos-v2017-v2066-big-launch-train-06-final-command-center\12-validation\UAOS_V2017_V2066_VALIDATION.json","file:///E:/keyboard-manager-clean/uaos-ai-factory/uaos-v2017-v2066-big-launch-train-06-final-command-center/12-validation/UAOS_V2017_V2066_VALIDATION.json","1772","2026-07-08T08:12:53"
"UAOS_GO_NO_GO_BOARD.json","E:\keyboard-manager-clean\uaos-ai-factory\uaos-v2017-v2066-big-launch-train-06-final-command-center\09-go-no-go-board\UAOS_GO_NO_GO_BOARD.json","file:///E:/keyboard-manager-clean/uaos-ai-factory/uaos-v2017-v2066-big-launch-train-06-final-command-center/09-go-no-go-board/UAOS_GO_NO_GO_BOARD.json","470","2026-07-08T08:12:53"
"UAOS_MASTER_CHAIN_CONSOLIDATION.json","E:\keyboard-manager-clean\uaos-ai-factory\uaos-v1967-v2016-big-launch-train-05-freeze-qa-rehearsal\01-master-chain-consolidation\UAOS_MASTER_CHAIN_CONSOLIDATION.json","file:///E:/keyboard-manager-clean/uaos-ai-factory/uaos-v1967-v2016-big-launch-train-05-freeze-qa-rehearsal/01-master-chain-consolidation/UAOS_MASTER_CHAIN_CONSOLIDATION.json","2033","2026-07-08T08:05:06"
"UAOS_BLOCKED_PATH_AUDIT.json","E:\keyboard-manager-clean\uaos-ai-factory\uaos-v1967-v2016-big-launch-train-05-freeze-qa-rehearsal\05-blocked-path-audit\UAOS_BLOCKED_PATH_AUDIT.json","file:///E:/keyboard-manager-clean/uaos-ai-factory/uaos-v1967-v2016-big-launch-train-05-freeze-qa-rehearsal/05-blocked-path-audit/UAOS_BLOCKED_PATH_AUDIT.json","1462","2026-07-08T08:05:06"
"UAOS_REHEARSAL_RESULT_TEMPLATE.json","E:\keyboard-manager-clean\uaos-ai-factory\uaos-v1967-v2016-big-launch-train-05-freeze-qa-rehearsal\04-launch-rehearsal\UAOS_REHEARSAL_RESULT_TEMPLATE.json","file:///E:/keyboard-manager-clean/uaos-ai-factory/uaos-v1967-v2016-big-launch-train-05-freeze-qa-rehearsal/04-launch-rehearsal/UAOS_REHEARSAL_RESULT_TEMPLATE.json","289","2026-07-08T08:05:06"
"UAOS_READINESS_SCORECARD.json","E:\keyboard-manager-clean\uaos-ai-factory\uaos-v1967-v2016-big-launch-train-05-freeze-qa-rehearsal\06-readiness-scorecard\UAOS_READINESS_SCORECARD.json","file:///E:/keyboard-manager-clean/uaos-ai-factory/uaos-v1967-v2016-big-launch-train-05-freeze-qa-rehearsal/06-readiness-scorecard/UAOS_READINESS_SCORECARD.json","644","2026-07-08T08:05:06"
"UAOS_OWNER_APPROVAL_GATES.json","E:\keyboard-manager-clean\uaos-ai-factory\uaos-v1967-v2016-big-launch-train-05-freeze-qa-rehearsal\07-owner-approval-gates\UAOS_OWNER_APPROVAL_GATES.json","file:///E:/keyboard-manager-clean/uaos-ai-factory/uaos-v1967-v2016-big-launch-train-05-freeze-qa-rehearsal/07-owner-approval-gates/UAOS_OWNER_APPROVAL_GATES.json","480","2026-07-08T08:05:06"
"UAOS_V1967_V2016_METADATA_PACKAGE.json","E:\keyboard-manager-clean\uaos-ai-factory\uaos-v1967-v2016-big-launch-train-05-freeze-qa-rehearsal\13-package\UAOS_V1967_V2016_METADATA_PACKAGE.json","file:///E:/keyboard-manager-clean/uaos-ai-factory/uaos-v1967-v2016-big-launch-train-05-freeze-qa-rehearsal/13-package/UAOS_V1967_V2016_METADATA_PACKAGE.json","17167","2026-07-08T08:05:06"
"UAOS_V1967_V2016_VALIDATION.json","E:\keyboard-manager-clean\uaos-ai-factory\uaos-v1967-v2016-big-launch-train-05-freeze-qa-rehearsal\12-validation\UAOS_V1967_V2016_VALIDATION.json","file:///E:/keyboard-manager-clean/uaos-ai-factory/uaos-v1967-v2016-big-launch-train-05-freeze-qa-rehearsal/12-validation/UAOS_V1967_V2016_VALIDATION.json","1609","2026-07-08T08:05:06"
"UAOS_V1917_V1966_METADATA_PACKAGE.json","E:\keyboard-manager-clean\uaos-ai-factory\uaos-v1917-v1966-big-launch-train-04-libraries-offers-delivery\12-package\UAOS_V1917_V1966_METADATA_PACKAGE.json","file:///E:/keyboard-manager-clean/uaos-ai-factory/uaos-v1917-v1966-big-launch-train-04-libraries-offers-delivery/12-package/UAOS_V1917_V1966_METADATA_PACKAGE.json","18421","2026-07-08T08:00:51"
"UAOS_DETECTED_LOCAL_AGENTS.json","E:\keyboard-manager-clean\uaos-ai-factory\uaos-v1917-v1966-big-launch-train-04-libraries-offers-delivery\09-local-agent-discovery\UAOS_DETECTED_LOCAL_AGENTS.json","file:///E:/keyboard-manager-clean/uaos-ai-factory/uaos-v1917-v1966-big-launch-train-04-libraries-offers-delivery/09-local-agent-discovery/UAOS_DETECTED_LOCAL_AGENTS.json","32110","2026-07-08T08:00:51"
"UAOS_V1917_V1966_VALIDATION.json","E:\keyboard-manager-clean\uaos-ai-factory\uaos-v1917-v1966-big-launch-train-04-libraries-offers-delivery\11-validation\UAOS_V1917_V1966_VALIDATION.json","file:///E:/keyboard-manager-clean/uaos-ai-factory/uaos-v1917-v1966-big-launch-train-04-libraries-offers-delivery/11-validation/UAOS_V1917_V1966_VALIDATION.json","1494","2026-07-08T08:00:51"
"UAOS_DELIVERY_MANIFEST_TEMPLATE.json","E:\keyboard-manager-clean\uaos-ai-factory\uaos-v1917-v1966-big-launch-train-04-libraries-offers-delivery\06-delivery-pack-templates\UAOS_DELIVERY_MANIFEST_TEMPLATE.json","file:///E:/keyboard-manager-clean/uaos-ai-factory/uaos-v1917-v1966-big-launch-train-04-libraries-offers-delivery/06-delivery-pack-templates/UAOS_DELIVERY_MANIFEST_TEMPLATE.json","458","2026-07-08T08:00:50"
"UAOS_SERVICE_PACKAGES.json","E:\keyboard-manager-clean\uaos-ai-factory\uaos-v1917-v1966-big-launch-train-04-libraries-offers-delivery\04-service-packages\UAOS_SERVICE_PACKAGES.json","file:///E:/keyboard-manager-clean/uaos-ai-factory/uaos-v1917-v1966-big-launch-train-04-libraries-offers-delivery/04-service-packages/UAOS_SERVICE_PACKAGES.json","830","2026-07-08T08:00:50"
"UAOS_V1917_V1966_SAFE_OFFERS.json","E:\keyboard-manager-clean\uaos-ai-factory\uaos-v1917-v1966-big-launch-train-04-libraries-offers-delivery\01-safe-offers\UAOS_V1917_V1966_SAFE_OFFERS.json","file:///E:/keyboard-manager-clean/uaos-ai-factory/uaos-v1917-v1966-big-launch-train-04-libraries-offers-delivery/01-safe-offers/UAOS_V1917_V1966_SAFE_OFFERS.json","2683","2026-07-08T08:00:50"
"UAOS_METADATA_LIBRARY_BUNDLES.json","E:\keyboard-manager-clean\uaos-ai-factory\uaos-v1917-v1966-big-launch-train-04-libraries-offers-delivery\02-library-bundles\UAOS_METADATA_LIBRARY_BUNDLES.json","file:///E:/keyboard-manager-clean/uaos-ai-factory/uaos-v1917-v1966-big-launch-train-04-libraries-offers-delivery/02-library-bundles/UAOS_METADATA_LIBRARY_BUNDLES.json","831","2026-07-08T08:00:50"
"UAOS_V1867_V1916_METADATA_PACKAGE.json","E:\keyboard-manager-clean\uaos-ai-factory\uaos-v1867-v1916-big-launch-train-03-legal-orders-support\12-package\UAOS_V1867_V1916_METADATA_PACKAGE.json","file:///E:/keyboard-manager-clean/uaos-ai-factory/uaos-v1867-v1916-big-launch-train-03-legal-orders-support/12-package/UAOS_V1867_V1916_METADATA_PACKAGE.json","18007","2026-07-08T07:46:50"
"UAOS_ORDER_WORKFLOW_SPEC.json","E:\keyboard-manager-clean\uaos-ai-factory\uaos-v1867-v1916-big-launch-train-03-legal-orders-support\02-order-workflow\UAOS_ORDER_WORKFLOW_SPEC.json","file:///E:/keyboard-manager-clean/uaos-ai-factory/uaos-v1867-v1916-big-launch-train-03-legal-orders-support/02-order-workflow/UAOS_ORDER_WORKFLOW_SPEC.json","812","2026-07-08T07:46:49"
"UAOS_INVOICE_DRAFT_TEMPLATE.json","E:\keyboard-manager-clean\uaos-ai-factory\uaos-v1867-v1916-big-launch-train-03-legal-orders-support\03-invoice-placeholders\UAOS_INVOICE_DRAFT_TEMPLATE.json","file:///E:/keyboard-manager-clean/uaos-ai-factory/uaos-v1867-v1916-big-launch-train-03-legal-orders-support/03-invoice-placeholders/UAOS_INVOICE_DRAFT_TEMPLATE.json","448","2026-07-08T07:46:49"
"UAOS_V1867_V1916_VALIDATION.json","E:\keyboard-manager-clean\uaos-ai-factory\uaos-v1867-v1916-big-launch-train-03-legal-orders-support\11-validation\UAOS_V1867_V1916_VALIDATION.json","file:///E:/keyboard-manager-clean/uaos-ai-factory/uaos-v1867-v1916-big-launch-train-03-legal-orders-support/11-validation/UAOS_V1867_V1916_VALIDATION.json","1479","2026-07-08T07:46:49"
"UAOS_MANUAL_REVIEW_GATES.json","E:\keyboard-manager-clean\uaos-ai-factory\uaos-v1867-v1916-big-launch-train-03-legal-orders-support\08-manual-review-gates\UAOS_MANUAL_REVIEW_GATES.json","file:///E:/keyboard-manager-clean/uaos-ai-factory/uaos-v1867-v1916-big-launch-train-03-legal-orders-support/08-manual-review-gates/UAOS_MANUAL_REVIEW_GATES.json","525","2026-07-08T07:46:49"
"UAOS_V1817_V1866_BUY_REQUEST_FORM_SPEC.json","E:\keyboard-manager-clean\uaos-ai-factory\uaos-v1817-v1866-big-launch-train-02-website-sales-products\05-buy-request\UAOS_V1817_V1866_BUY_REQUEST_FORM_SPEC.json","file:///E:/keyboard-manager-clean/uaos-ai-factory/uaos-v1817-v1866-big-launch-train-02-website-sales-products/05-buy-request/UAOS_V1817_V1866_BUY_REQUEST_FORM_SPEC.json","359","2026-07-08T07:44:38"
"UAOS_V1817_V1866_PRODUCT_CATALOG.json","E:\keyboard-manager-clean\uaos-ai-factory\uaos-v1817-v1866-big-launch-train-02-website-sales-products\02-products\UAOS_V1817_V1866_PRODUCT_CATALOG.json","file:///E:/keyboard-manager-clean/uaos-ai-factory/uaos-v1817-v1866-big-launch-train-02-website-sales-products/02-products/UAOS_V1817_V1866_PRODUCT_CATALOG.json","2151","2026-07-08T07:44:38"
"UAOS_PAYMENT_DISABLED_CHECKOUT_GATE.json","E:\keyboard-manager-clean\uaos-ai-factory\uaos-v1817-v1866-big-launch-train-02-website-sales-products\08-payment-disabled-checkout\UAOS_PAYMENT_DISABLED_CHECKOUT_GATE.json","file:///E:/keyboard-manager-clean/uaos-ai-factory/uaos-v1817-v1866-big-launch-train-02-website-sales-products/08-payment-disabled-checkout/UAOS_PAYMENT_DISABLED_CHECKOUT_GATE.json","373","2026-07-08T07:44:38"
"UAOS_V1817_V1866_METADATA_PACKAGE.json","E:\keyboard-manager-clean\uaos-ai-factory\uaos-v1817-v1866-big-launch-train-02-website-sales-products\12-package\UAOS_V1817_V1866_METADATA_PACKAGE.json","file:///E:/keyboard-manager-clean/uaos-ai-factory/uaos-v1817-v1866-big-launch-train-02-website-sales-products/12-package/UAOS_V1817_V1866_METADATA_PACKAGE.json","16359","2026-07-08T07:44:38"
"UAOS_V1817_V1866_VALIDATION.json","E:\keyboard-manager-clean\uaos-ai-factory\uaos-v1817-v1866-big-launch-train-02-website-sales-products\11-validation\UAOS_V1817_V1866_VALIDATION.json","file:///E:/keyboard-manager-clean/uaos-ai-factory/uaos-v1817-v1866-big-launch-train-02-website-sales-products/11-validation/UAOS_V1817_V1866_VALIDATION.json","1285","2026-07-08T07:44:38"
"UAOS_COMPANY_TAX_PLACEHOLDERS.json","E:\keyboard-manager-clean\uaos-ai-factory\uaos-v1767-v1816-big-launch-train-01\04-company-tax-placeholders\UAOS_COMPANY_TAX_PLACEHOLDERS.json","file:///E:/keyboard-manager-clean/uaos-ai-factory/uaos-v1767-v1816-big-launch-train-01/04-company-tax-placeholders/UAOS_COMPANY_TAX_PLACEHOLDERS.json","334","2026-07-08T07:40:58"
"UAOS_V1767_V1816_PHASE_REGISTRY.json","E:\keyboard-manager-clean\uaos-ai-factory\uaos-v1767-v1816-big-launch-train-01\01-phase-registry\UAOS_V1767_V1816_PHASE_REGISTRY.json","file:///E:/keyboard-manager-clean/uaos-ai-factory/uaos-v1767-v1816-big-launch-train-01/01-phase-registry/UAOS_V1767_V1816_PHASE_REGISTRY.json","21858","2026-07-08T07:40:58"
"UAOS_PAYMENT_DEPLOY_GATES.json","E:\keyboard-manager-clean\uaos-ai-factory\uaos-v1767-v1816-big-launch-train-01\06-payment-deploy-gates\UAOS_PAYMENT_DEPLOY_GATES.json","file:///E:/keyboard-manager-clean/uaos-ai-factory/uaos-v1767-v1816-big-launch-train-01/06-payment-deploy-gates/UAOS_PAYMENT_DEPLOY_GATES.json","453","2026-07-08T07:40:58"
"UAOS_V1767_V1816_METADATA_PACKAGE.json","E:\keyboard-manager-clean\uaos-ai-factory\uaos-v1767-v1816-big-launch-train-01\10-package\UAOS_V1767_V1816_METADATA_PACKAGE.json","file:///E:/keyboard-manager-clean/uaos-ai-factory/uaos-v1767-v1816-big-launch-train-01/10-package/UAOS_V1767_V1816_METADATA_PACKAGE.json","14562","2026-07-08T07:40:58"
"UAOS_V1767_V1816_VALIDATION.json","E:\keyboard-manager-clean\uaos-ai-factory\uaos-v1767-v1816-big-launch-train-01\09-validation\UAOS_V1767_V1816_VALIDATION.json","file:///E:/keyboard-manager-clean/uaos-ai-factory/uaos-v1767-v1816-big-launch-train-01/09-validation/UAOS_V1767_V1816_VALIDATION.json","1194","2026-07-08T07:40:58"
"UAOS_V1759_CATALOG_EVIDENCE_BROWSER.json","E:\keyboard-manager-clean\uaos-ai-factory\uaos-v1757-v1766-safe-library-factory-mega-04\v1759-catalog-evidence-browser\UAOS_V1759_CATALOG_EVIDENCE_BROWSER.json","file:///E:/keyboard-manager-clean/uaos-ai-factory/uaos-v1757-v1766-safe-library-factory-mega-04/v1759-catalog-evidence-browser/UAOS_V1759_CATALOG_EVIDENCE_BROWSER.json","254","2026-07-08T07:24:13"
"UAOS_V1757_V1766_METADATA_PACKAGE.json","E:\keyboard-manager-clean\uaos-ai-factory\uaos-v1757-v1766-safe-library-factory-mega-04\package\UAOS_V1757_V1766_METADATA_PACKAGE.json","file:///E:/keyboard-manager-clean/uaos-ai-factory/uaos-v1757-v1766-safe-library-factory-mega-04/package/UAOS_V1757_V1766_METADATA_PACKAGE.json","4588","2026-07-08T07:24:13"
"UAOS_V1757_V1766_VALIDATION.json","E:\keyboard-manager-clean\uaos-ai-factory\uaos-v1757-v1766-safe-library-factory-mega-04\validation\UAOS_V1757_V1766_VALIDATION.json","file:///E:/keyboard-manager-clean/uaos-ai-factory/uaos-v1757-v1766-safe-library-factory-mega-04/validation/UAOS_V1757_V1766_VALIDATION.json","908","2026-07-08T07:24:13"
"UAOS_V1760_OWNER_APPROVAL_MOCK_DATA.json","E:\keyboard-manager-clean\uaos-ai-factory\uaos-v1757-v1766-safe-library-factory-mega-04\v1760-owner-approval-mock-data\UAOS_V1760_OWNER_APPROVAL_MOCK_DATA.json","file:///E:/keyboard-manager-clean/uaos-ai-factory/uaos-v1757-v1766-safe-library-factory-mega-04/v1760-owner-approval-mock-data/UAOS_V1760_OWNER_APPROVAL_MOCK_DATA.json","265","2026-07-08T07:24:13"
"UAOS_V1747_V1756_METADATA_PACKAGE.json","E:\keyboard-manager-clean\uaos-ai-factory\uaos-v1747-v1756-safe-library-factory-mega-03\package\UAOS_V1747_V1756_METADATA_PACKAGE.json","file:///E:/keyboard-manager-clean/uaos-ai-factory/uaos-v1747-v1756-safe-library-factory-mega-03/package/UAOS_V1747_V1756_METADATA_PACKAGE.json","4494","2026-07-08T07:16:45"
"UAOS_V1750_EVIDENCE_QUALITY_CHARTS.json","E:\keyboard-manager-clean\uaos-ai-factory\uaos-v1747-v1756-safe-library-factory-mega-03\v1750-evidence-quality-charts\UAOS_V1750_EVIDENCE_QUALITY_CHARTS.json","file:///E:/keyboard-manager-clean/uaos-ai-factory/uaos-v1747-v1756-safe-library-factory-mega-03/v1750-evidence-quality-charts/UAOS_V1750_EVIDENCE_QUALITY_CHARTS.json","197","2026-07-08T07:16:45"
"UAOS_V1747_V1756_VALIDATION.json","E:\keyboard-manager-clean\uaos-ai-factory\uaos-v1747-v1756-safe-library-factory-mega-03\validation\UAOS_V1747_V1756_VALIDATION.json","file:///E:/keyboard-manager-clean/uaos-ai-factory/uaos-v1747-v1756-safe-library-factory-mega-03/validation/UAOS_V1747_V1756_VALIDATION.json","908","2026-07-08T07:16:45"
"wled-config.json","E:\keyboard-manager-clean\uaos-ai-factory\uaos-light-engine-v1\src\config\wled-config.json","file:///E:/keyboard-manager-clean/uaos-ai-factory/uaos-light-engine-v1/src/config/wled-config.json","227","2026-07-08T07:07:55"
"scenes-v4.json","E:\keyboard-manager-clean\uaos-ai-factory\uaos-light-engine-v1\src\config\scenes-v4.json","file:///E:/keyboard-manager-clean/uaos-ai-factory/uaos-light-engine-v1/src/config/scenes-v4.json","18294","2026-07-08T07:07:55"
"package.json","E:\keyboard-manager-clean\uaos-ai-factory\uaos-light-engine-v1\generated\v5-simple-app-20260708_094311\backup-before-v5\package.json","file:///E:/keyboard-manager-clean/uaos-ai-factory/uaos-light-engine-v1/generated/v5-simple-app-20260708_094311/backup-before-v5/package.json","388","2026-07-08T07:07:55"
"v4-architecture.json","E:\keyboard-manager-clean\uaos-ai-factory\uaos-light-engine-v1\generated\v4-architecture.json","file:///E:/keyboard-manager-clean/uaos-ai-factory/uaos-light-engine-v1/generated/v4-architecture.json","435","2026-07-08T07:07:55"
"favorites-v4.json","E:\keyboard-manager-clean\uaos-ai-factory\uaos-light-engine-v1\src\config\favorites-v4.json","file:///E:/keyboard-manager-clean/uaos-ai-factory/uaos-light-engine-v1/src/config/favorites-v4.json","340","2026-07-08T07:07:55"
"package.json","E:\keyboard-manager-clean\uaos-ai-factory\uaos-light-engine-v1\package.json","file:///E:/keyboard-manager-clean/uaos-ai-factory/uaos-light-engine-v1/package.json","388","2026-07-08T07:07:55"
"dmx-fixtures.json","E:\keyboard-manager-clean\uaos-ai-factory\uaos-light-engine-v1\src\config\dmx-fixtures.json","file:///E:/keyboard-manager-clean/uaos-ai-factory/uaos-light-engine-v1/src/config/dmx-fixtures.json","416","2026-07-08T07:07:55"
"UAOS_V1741_METADATA_EXPORT_BUNDLE.json","E:\keyboard-manager-clean\uaos-ai-factory\uaos-v1737-v1746-safe-library-factory-mega-02\v1741-metadata-export-bundle\UAOS_V1741_METADATA_EXPORT_BUNDLE.json","file:///E:/keyboard-manager-clean/uaos-ai-factory/uaos-v1737-v1746-safe-library-factory-mega-02/v1741-metadata-export-bundle/UAOS_V1741_METADATA_EXPORT_BUNDLE.json","273","2026-07-08T06:50:48"
"UAOS_V1737_OWNER_APPROVAL_CENTER.json","E:\keyboard-manager-clean\uaos-ai-factory\uaos-v1737-v1746-safe-library-factory-mega-02\v1737-owner-approval-center\UAOS_V1737_OWNER_APPROVAL_CENTER.json","file:///E:/keyboard-manager-clean/uaos-ai-factory/uaos-v1737-v1746-safe-library-factory-mega-02/v1737-owner-approval-center/UAOS_V1737_OWNER_APPROVAL_CENTER.json","390","2026-07-08T06:50:48"
"UAOS_V1737_V1746_METADATA_PACKAGE.json","E:\keyboard-manager-clean\uaos-ai-factory\uaos-v1737-v1746-safe-library-factory-mega-02\package\UAOS_V1737_V1746_METADATA_PACKAGE.json","file:///E:/keyboard-manager-clean/uaos-ai-factory/uaos-v1737-v1746-safe-library-factory-mega-02/package/UAOS_V1737_V1746_METADATA_PACKAGE.json","4536","2026-07-08T06:50:48"
"UAOS_V1737_V1746_VALIDATION.json","E:\keyboard-manager-clean\uaos-ai-factory\uaos-v1737-v1746-safe-library-factory-mega-02\validation\UAOS_V1737_V1746_VALIDATION.json","file:///E:/keyboard-manager-clean/uaos-ai-factory/uaos-v1737-v1746-safe-library-factory-mega-02/validation/UAOS_V1737_V1746_VALIDATION.json","866","2026-07-08T06:50:48"
"UAOS_V1728_LIBRARY_TIERS.json","E:\keyboard-manager-clean\uaos-ai-factory\uaos-v1727-v1736-safe-library-factory-mega-01\v1728-library-tier-classifier\UAOS_V1728_LIBRARY_TIERS.json","file:///E:/keyboard-manager-clean/uaos-ai-factory/uaos-v1727-v1736-safe-library-factory-mega-01/v1728-library-tier-classifier/UAOS_V1728_LIBRARY_TIERS.json","104984","2026-07-08T06:26:59"
"UAOS_V1729_OWNER_REVIEW_QUEUE.json","E:\keyboard-manager-clean\uaos-ai-factory\uaos-v1727-v1736-safe-library-factory-mega-01\v1729-owner-review-queue\UAOS_V1729_OWNER_REVIEW_QUEUE.json","file:///E:/keyboard-manager-clean/uaos-ai-factory/uaos-v1727-v1736-safe-library-factory-mega-01/v1729-owner-review-queue/UAOS_V1729_OWNER_REVIEW_QUEUE.json","3637","2026-07-08T06:26:59"
"UAOS_V1727_METADATA_CATALOG.json","E:\keyboard-manager-clean\uaos-ai-factory\uaos-v1727-v1736-safe-library-factory-mega-01\v1727-metadata-catalog-extractor\UAOS_V1727_METADATA_CATALOG.json","file:///E:/keyboard-manager-clean/uaos-ai-factory/uaos-v1727-v1736-safe-library-factory-mega-01/v1727-metadata-catalog-extractor/UAOS_V1727_METADATA_CATALOG.json","181137","2026-07-08T06:26:59"
"UAOS_V1727_V1736_METADATA_PACKAGE.json","E:\keyboard-manager-clean\uaos-ai-factory\uaos-v1727-v1736-safe-library-factory-mega-01\package\UAOS_V1727_V1736_METADATA_PACKAGE.json","file:///E:/keyboard-manager-clean/uaos-ai-factory/uaos-v1727-v1736-safe-library-factory-mega-01/package/UAOS_V1727_V1736_METADATA_PACKAGE.json","5222","2026-07-08T06:26:59"
"UAOS_V1727_V1736_VALIDATION.json","E:\keyboard-manager-clean\uaos-ai-factory\uaos-v1727-v1736-safe-library-factory-mega-01\validation\UAOS_V1727_V1736_VALIDATION.json","file:///E:/keyboard-manager-clean/uaos-ai-factory/uaos-v1727-v1736-safe-library-factory-mega-01/validation/UAOS_V1727_V1736_VALIDATION.json","806","2026-07-08T06:26:59"
"UAOS_V1734_OWNER_APPROVAL_EXPORT_TEMPLATE.json","E:\keyboard-manager-clean\uaos-ai-factory\uaos-v1727-v1736-safe-library-factory-mega-01\v1734-owner-approval-export\UAOS_V1734_OWNER_APPROVAL_EXPORT_TEMPLATE.json","file:///E:/keyboard-manager-clean/uaos-ai-factory/uaos-v1727-v1736-safe-library-factory-mega-01/v1734-owner-approval-export/UAOS_V1734_OWNER_APPROVAL_EXPORT_TEMPLATE.json","324","2026-07-08T06:26:59"
"UAOS_V1726_REVIEW_EXPORT_TEMPLATE.json","E:\keyboard-manager-clean\uaos-ai-factory\uaos-v1726-catalog-review-dashboard-owner-decision-workflow\review-export\UAOS_V1726_REVIEW_EXPORT_TEMPLATE.json","file:///E:/keyboard-manager-clean/uaos-ai-factory/uaos-v1726-catalog-review-dashboard-owner-decision-workflow/review-export/UAOS_V1726_REVIEW_EXPORT_TEMPLATE.json","144","2026-07-08T06:03:10"
"UAOS_V1726_METADATA_PACKAGE.json","E:\keyboard-manager-clean\uaos-ai-factory\uaos-v1726-catalog-review-dashboard-owner-decision-workflow\package\UAOS_V1726_METADATA_PACKAGE.json","file:///E:/keyboard-manager-clean/uaos-ai-factory/uaos-v1726-catalog-review-dashboard-owner-decision-workflow/package/UAOS_V1726_METADATA_PACKAGE.json","3495","2026-07-08T06:03:10"
"UAOS_V1726_OWNER_DECISION_SCHEMA.json","E:\keyboard-manager-clean\uaos-ai-factory\uaos-v1726-catalog-review-dashboard-owner-decision-workflow\owner-decisions\UAOS_V1726_OWNER_DECISION_SCHEMA.json","file:///E:/keyboard-manager-clean/uaos-ai-factory/uaos-v1726-catalog-review-dashboard-owner-decision-workflow/owner-decisions/UAOS_V1726_OWNER_DECISION_SCHEMA.json","494","2026-07-08T06:03:10"
"UAOS_V1726_CATALOG_REVIEW_DASHBOARD_VALIDATION.json","E:\keyboard-manager-clean\uaos-ai-factory\uaos-v1726-catalog-review-dashboard-owner-decision-workflow\validation\UAOS_V1726_CATALOG_REVIEW_DASHBOARD_VALIDATION.json","file:///E:/keyboard-manager-clean/uaos-ai-factory/uaos-v1726-catalog-review-dashboard-owner-decision-workflow/validation/UAOS_V1726_CATALOG_REVIEW_DASHBOARD_VALIDATION.json","814","2026-07-08T06:03:10"
"UAOS_V1725_SAFE_LIBRARY_PRODUCT_FACTORY_VALIDATION.json","E:\keyboard-manager-clean\uaos-ai-factory\uaos-v1725-safe-library-product-factory-without-parser\validation\UAOS_V1725_SAFE_LIBRARY_PRODUCT_FACTORY_VALIDATION.json","file:///E:/keyboard-manager-clean/uaos-ai-factory/uaos-v1725-safe-library-product-factory-without-parser/validation/UAOS_V1725_SAFE_LIBRARY_PRODUCT_FACTORY_VALIDATION.json","733","2026-07-08T05:34:18"
"UAOS_V1725_METADATA_PACKAGE.json","E:\keyboard-manager-clean\uaos-ai-factory\uaos-v1725-safe-library-product-factory-without-parser\package\UAOS_V1725_METADATA_PACKAGE.json","file:///E:/keyboard-manager-clean/uaos-ai-factory/uaos-v1725-safe-library-product-factory-without-parser/package/UAOS_V1725_METADATA_PACKAGE.json","3584","2026-07-08T05:34:18"
"UAOS_V1724C_MULTI_AGENT_PROJECT_FACTORY_VALIDATION.json","E:\keyboard-manager-clean\uaos-ai-factory\uaos-v1724c-multi-agent-parallel-project-factory\validation\UAOS_V1724C_MULTI_AGENT_PROJECT_FACTORY_VALIDATION.json","file:///E:/keyboard-manager-clean/uaos-ai-factory/uaos-v1724c-multi-agent-parallel-project-factory/validation/UAOS_V1724C_MULTI_AGENT_PROJECT_FACTORY_VALIDATION.json","745","2026-07-08T05:22:55"
"UAOS_V1724C_METADATA_PACKAGE.json","E:\keyboard-manager-clean\uaos-ai-factory\uaos-v1724c-multi-agent-parallel-project-factory\package\UAOS_V1724C_METADATA_PACKAGE.json","file:///E:/keyboard-manager-clean/uaos-ai-factory/uaos-v1724c-multi-agent-parallel-project-factory/package/UAOS_V1724C_METADATA_PACKAGE.json","3790","2026-07-08T05:22:55"
"default-config.json","E:\keyboard-manager-clean\uaos-ai-factory\uaos-light-engine-v1\generated\v4-full-product-expansion-20260708_070754\BACKUP_BEFORE_V4\src\config\default-config.json","file:///E:/keyboard-manager-clean/uaos-ai-factory/uaos-light-engine-v1/generated/v4-full-product-expansion-20260708_070754/BACKUP_BEFORE_V4/src/config/default-config.json","1596","2026-07-07T22:36:00"
"default-config.json","E:\keyboard-manager-clean\uaos-ai-factory\uaos-light-engine-v1\generated\v4-full-product-expansion-20260708_070754\BACKUP_BEFORE_V4\generated\v4-full-product-expansion-20260708_070754\BACKUP_BEFORE_V4\src\config\default-config.json","file:///E:/keyboard-manager-clean/uaos-ai-factory/uaos-light-engine-v1/generated/v4-full-product-expansion-20260708_070754/BACKUP_BEFORE_V4/generated/v4-full-product-expansion-20260708_070754/BACKUP_BEFORE_V4/src/config/default-config.json","1596","2026-07-07T22:36:00"
"default-config.json","E:\keyboard-manager-clean\uaos-ai-factory\uaos-light-engine-v1\src\config\default-config.json","file:///E:/keyboard-manager-clean/uaos-ai-factory/uaos-light-engine-v1/src/config/default-config.json","1596","2026-07-07T22:36:00"
"music-zone-map-status-v2.2.json","E:\keyboard-manager-clean\uaos-ai-factory\uaos-light-engine-v1\generated\v4-full-product-expansion-20260708_070754\BACKUP_BEFORE_V4\generated\v4-full-product-expansion-20260708_070754\BACKUP_BEFORE_V4\generated\music-zone-map-status-v2.2.json","file:///E:/keyboard-manager-clean/uaos-ai-factory/uaos-light-engine-v1/generated/v4-full-product-expansion-20260708_070754/BACKUP_BEFORE_V4/generated/v4-full-product-expansion-20260708_070754/BACKUP_BEFORE_V4/generated/music-zone-map-status-v2.2.json","545","2026-07-07T21:59:17"
"music-zone-map-status-v2.2.json","E:\keyboard-manager-clean\uaos-ai-factory\uaos-light-engine-v1\generated\v4-full-product-expansion-20260708_070754\BACKUP_BEFORE_V4\generated\music-zone-map-status-v2.2.json","file:///E:/keyboard-manager-clean/uaos-ai-factory/uaos-light-engine-v1/generated/v4-full-product-expansion-20260708_070754/BACKUP_BEFORE_V4/generated/music-zone-map-status-v2.2.json","545","2026-07-07T21:59:17"
"UAOS_V1723B_PCM_TIER_DIAGNOSIS.json","E:\keyboard-manager-clean\uaos-ai-factory\uaos-v1723b-readonly-pcm-tier-diagnosis-owner-override-gate\data\UAOS_V1723B_PCM_TIER_DIAGNOSIS.json","file:///E:/keyboard-manager-clean/uaos-ai-factory/uaos-v1723b-readonly-pcm-tier-diagnosis-owner-override-gate/data/UAOS_V1723B_PCM_TIER_DIAGNOSIS.json","1229","2026-07-07T21:57:50"
"UAOS_V1723B_PCM_TIER_DIAGNOSIS_VALIDATION.json","E:\keyboard-manager-clean\uaos-ai-factory\uaos-v1723b-readonly-pcm-tier-diagnosis-owner-override-gate\validation\UAOS_V1723B_PCM_TIER_DIAGNOSIS_VALIDATION.json","file:///E:/keyboard-manager-clean/uaos-ai-factory/uaos-v1723b-readonly-pcm-tier-diagnosis-owner-override-gate/validation/UAOS_V1723B_PCM_TIER_DIAGNOSIS_VALIDATION.json","2179","2026-07-07T21:57:50"
"UAOS_CURRENT_PCM_PARSER_FEASIBILITY.json","E:\keyboard-manager-clean\uaos-ai-factory\UAOS_CURRENT_PCM_PARSER_FEASIBILITY.json","file:///E:/keyboard-manager-clean/uaos-ai-factory/UAOS_CURRENT_PCM_PARSER_FEASIBILITY.json","1530","2026-07-07T21:06:25"
"UAOS_V1723_PCM_PARSER_FEASIBILITY_VALIDATION.json","E:\keyboard-manager-clean\uaos-ai-factory\uaos-v1723-readonly-pcm-parser-feasibility-map\validation\UAOS_V1723_PCM_PARSER_FEASIBILITY_VALIDATION.json","file:///E:/keyboard-manager-clean/uaos-ai-factory/uaos-v1723-readonly-pcm-parser-feasibility-map/validation/UAOS_V1723_PCM_PARSER_FEASIBILITY_VALIDATION.json","2397","2026-07-07T21:06:25"
"UAOS_V1723_PCM_PARSER_FEASIBILITY_MAP.json","E:\keyboard-manager-clean\uaos-ai-factory\uaos-v1723-readonly-pcm-parser-feasibility-map\data\UAOS_V1723_PCM_PARSER_FEASIBILITY_MAP.json","file:///E:/keyboard-manager-clean/uaos-ai-factory/uaos-v1723-readonly-pcm-parser-feasibility-map/data/UAOS_V1723_PCM_PARSER_FEASIBILITY_MAP.json","1365","2026-07-07T21:06:24"
"v3-final-architecture.json","E:\keyboard-manager-clean\uaos-ai-factory\uaos-light-engine-v1\generated\v4-full-product-expansion-20260708_070754\BACKUP_BEFORE_V4\generated\v4-full-product-expansion-20260708_070754\BACKUP_BEFORE_V4\generated\v3-final-architecture.json","file:///E:/keyboard-manager-clean/uaos-ai-factory/uaos-light-engine-v1/generated/v4-full-product-expansion-20260708_070754/BACKUP_BEFORE_V4/generated/v4-full-product-expansion-20260708_070754/BACKUP_BEFORE_V4/generated/v3-final-architecture.json","1638","2026-07-07T20:52:38"
"v3-final-architecture.json","E:\keyboard-manager-clean\uaos-ai-factory\uaos-light-engine-v1\generated\v3-final-architecture.json","file:///E:/keyboard-manager-clean/uaos-ai-factory/uaos-light-engine-v1/generated/v3-final-architecture.json","1638","2026-07-07T20:52:38"
"v3-final-architecture.json","E:\keyboard-manager-clean\uaos-ai-factory\uaos-light-engine-v1\generated\v4-full-product-expansion-20260708_070754\BACKUP_BEFORE_V4\generated\v3-final-architecture.json","file:///E:/keyboard-manager-clean/uaos-ai-factory/uaos-light-engine-v1/generated/v4-full-product-expansion-20260708_070754/BACKUP_BEFORE_V4/generated/v3-final-architecture.json","1638","2026-07-07T20:52:38"
"package.json","E:\keyboard-manager-clean\uaos-ai-factory\uaos-light-engine-v1\generated\v4-full-product-expansion-20260708_070754\BACKUP_BEFORE_V4\generated\v4-full-product-expansion-20260708_070754\BACKUP_BEFORE_V4\package.json","file:///E:/keyboard-manager-clean/uaos-ai-factory/uaos-light-engine-v1/generated/v4-full-product-expansion-20260708_070754/BACKUP_BEFORE_V4/generated/v4-full-product-expansion-20260708_070754/BACKUP_BEFORE_V4/package.json","359","2026-07-07T20:52:36"
"package.json","E:\keyboard-manager-clean\uaos-ai-factory\uaos-light-engine-v1\generated\v4-full-product-expansion-20260708_070754\BACKUP_BEFORE_V4\package.json","file:///E:/keyboard-manager-clean/uaos-ai-factory/uaos-light-engine-v1/generated/v4-full-product-expansion-20260708_070754/BACKUP_BEFORE_V4/package.json","359","2026-07-07T20:52:36"
"UAOS_V1722_PCM_GROUP_REVIEW_VALIDATION.json","E:\keyboard-manager-clean\uaos-ai-factory\uaos-v1722-readonly-pcm-group-review\validation\UAOS_V1722_PCM_GROUP_REVIEW_VALIDATION.json","file:///E:/keyboard-manager-clean/uaos-ai-factory/uaos-v1722-readonly-pcm-group-review/validation/UAOS_V1722_PCM_GROUP_REVIEW_VALIDATION.json","2484","2026-07-07T20:17:59"
"UAOS_CURRENT_PCM_GROUP_REVIEW.json","E:\keyboard-manager-clean\uaos-ai-factory\UAOS_CURRENT_PCM_GROUP_REVIEW.json","file:///E:/keyboard-manager-clean/uaos-ai-factory/UAOS_CURRENT_PCM_GROUP_REVIEW.json","1423","2026-07-07T20:17:59"
"UAOS_V1722_PCM_GROUP_REVIEW.json","E:\keyboard-manager-clean\uaos-ai-factory\uaos-v1722-readonly-pcm-group-review\data\UAOS_V1722_PCM_GROUP_REVIEW.json","file:///E:/keyboard-manager-clean/uaos-ai-factory/uaos-v1722-readonly-pcm-group-review/data/UAOS_V1722_PCM_GROUP_REVIEW.json","1142","2026-07-07T20:17:55"
"default-config.json","E:\keyboard-manager-clean\uaos-ai-factory\uaos-light-engine-v1\generated\v3-hybrid-sync-pro-20260707_205236\BACKUP_BEFORE_V3\src\config\default-config.json","file:///E:/keyboard-manager-clean/uaos-ai-factory/uaos-light-engine-v1/generated/v3-hybrid-sync-pro-20260707_205236/BACKUP_BEFORE_V3/src/config/default-config.json","939","2026-07-07T20:10:08"
"default-config.json","E:\keyboard-manager-clean\uaos-ai-factory\uaos-light-engine-v1\generated\v3-hybrid-sync-pro-20260707_205236\BACKUP_BEFORE_V3\generated\v3-hybrid-sync-pro-20260707_205236\BACKUP_BEFORE_V3\src\config\default-config.json","file:///E:/keyboard-manager-clean/uaos-ai-factory/uaos-light-engine-v1/generated/v3-hybrid-sync-pro-20260707_205236/BACKUP_BEFORE_V3/generated/v3-hybrid-sync-pro-20260707_205236/BACKUP_BEFORE_V3/src/config/default-config.json","939","2026-07-07T20:10:08"
"default-config.json","E:\keyboard-manager-clean\uaos-ai-factory\uaos-light-engine-v1\generated\v4-full-product-expansion-20260708_070754\BACKUP_BEFORE_V4\generated\v3-hybrid-sync-pro-20260707_205236\BACKUP_BEFORE_V3\src\config\default-config.json","file:///E:/keyboard-manager-clean/uaos-ai-factory/uaos-light-engine-v1/generated/v4-full-product-expansion-20260708_070754/BACKUP_BEFORE_V4/generated/v3-hybrid-sync-pro-20260707_205236/BACKUP_BEFORE_V3/src/config/default-config.json","939","2026-07-07T20:10:08"
"UAOS_CURRENT_KMP_PCM_RELATION_REVIEW.json","E:\keyboard-manager-clean\uaos-ai-factory\UAOS_CURRENT_KMP_PCM_RELATION_REVIEW.json","file:///E:/keyboard-manager-clean/uaos-ai-factory/UAOS_CURRENT_KMP_PCM_RELATION_REVIEW.json","1527","2026-07-07T19:08:44"
"UAOS_V1721_KMP_PCM_RELATION_REVIEW_VALIDATION.json","E:\keyboard-manager-clean\uaos-ai-factory\uaos-v1721-readonly-kmp-pcm-relation-review\validation\UAOS_V1721_KMP_PCM_RELATION_REVIEW_VALIDATION.json","file:///E:/keyboard-manager-clean/uaos-ai-factory/uaos-v1721-readonly-kmp-pcm-relation-review/validation/UAOS_V1721_KMP_PCM_RELATION_REVIEW_VALIDATION.json","2345","2026-07-07T19:08:44"
"UAOS_V1721_KMP_PCM_RELATION_REVIEW.json","E:\keyboard-manager-clean\uaos-ai-factory\uaos-v1721-readonly-kmp-pcm-relation-review\data\UAOS_V1721_KMP_PCM_RELATION_REVIEW.json","file:///E:/keyboard-manager-clean/uaos-ai-factory/uaos-v1721-readonly-kmp-pcm-relation-review/data/UAOS_V1721_KMP_PCM_RELATION_REVIEW.json","1148","2026-07-07T19:08:42"
"music-zone-map-status-v2.2.json","E:\keyboard-manager-clean\uaos-ai-factory\uaos-light-engine-v1\generated\v3-hybrid-sync-pro-20260707_205236\BACKUP_BEFORE_V3\generated\v3-hybrid-sync-pro-20260707_205236\BACKUP_BEFORE_V3\generated\music-zone-map-status-v2.2.json","file:///E:/keyboard-manager-clean/uaos-ai-factory/uaos-light-engine-v1/generated/v3-hybrid-sync-pro-20260707_205236/BACKUP_BEFORE_V3/generated/v3-hybrid-sync-pro-20260707_205236/BACKUP_BEFORE_V3/generated/music-zone-map-status-v2.2.json","545","2026-07-07T19:06:48"
"UAOS_LIGHT_ENGINE_FINAL_SEAL.json","E:\keyboard-manager-clean\uaos-ai-factory\uaos-light-engine-v1\generated\final-seal-20260707_190645\UAOS_LIGHT_ENGINE_FINAL_SEAL.json","file:///E:/keyboard-manager-clean/uaos-ai-factory/uaos-light-engine-v1/generated/final-seal-20260707_190645/UAOS_LIGHT_ENGINE_FINAL_SEAL.json","881","2026-07-07T19:06:48"
"UAOS_LIGHT_ENGINE_FINAL_SEAL.json","E:\keyboard-manager-clean\uaos-ai-factory\uaos-light-engine-v1\generated\v3-hybrid-sync-pro-20260707_205236\BACKUP_BEFORE_V3\generated\final-seal-20260707_190645\UAOS_LIGHT_ENGINE_FINAL_SEAL.json","file:///E:/keyboard-manager-clean/uaos-ai-factory/uaos-light-engine-v1/generated/v3-hybrid-sync-pro-20260707_205236/BACKUP_BEFORE_V3/generated/final-seal-20260707_190645/UAOS_LIGHT_ENGINE_FINAL_SEAL.json","881","2026-07-07T19:06:48"
"music-zone-map-status-v2.2.json","E:\keyboard-manager-clean\uaos-ai-factory\uaos-light-engine-v1\generated\v4-full-product-expansion-20260708_070754\BACKUP_BEFORE_V4\generated\v3-hybrid-sync-pro-20260707_205236\BACKUP_BEFORE_V3\generated\music-zone-map-status-v2.2.json","file:///E:/keyboard-manager-clean/uaos-ai-factory/uaos-light-engine-v1/generated/v4-full-product-expansion-20260708_070754/BACKUP_BEFORE_V4/generated/v3-hybrid-sync-pro-20260707_205236/BACKUP_BEFORE_V3/generated/music-zone-map-status-v2.2.json","545","2026-07-07T19:06:48"
"UAOS_LIGHT_ENGINE_FINAL_SEAL.json","E:\keyboard-manager-clean\uaos-ai-factory\uaos-light-engine-v1\generated\v4-full-product-expansion-20260708_070754\BACKUP_BEFORE_V4\generated\final-seal-20260707_190645\UAOS_LIGHT_ENGINE_FINAL_SEAL.json","file:///E:/keyboard-manager-clean/uaos-ai-factory/uaos-light-engine-v1/generated/v4-full-product-expansion-20260708_070754/BACKUP_BEFORE_V4/generated/final-seal-20260707_190645/UAOS_LIGHT_ENGINE_FINAL_SEAL.json","881","2026-07-07T19:06:48"
"UAOS_LIGHT_ENGINE_FINAL_SEAL.json","E:\keyboard-manager-clean\uaos-ai-factory\uaos-light-engine-v1\generated\v3-hybrid-sync-pro-20260707_205236\BACKUP_BEFORE_V3\generated\v3-hybrid-sync-pro-20260707_205236\BACKUP_BEFORE_V3\generated\final-seal-20260707_190645\UAOS_LIGHT_ENGINE_FINAL_SEAL.json","file:///E:/keyboard-manager-clean/uaos-ai-factory/uaos-light-engine-v1/generated/v3-hybrid-sync-pro-20260707_205236/BACKUP_BEFORE_V3/generated/v3-hybrid-sync-pro-20260707_205236/BACKUP_BEFORE_V3/generated/final-seal-20260707_190645/UAOS_LIGHT_ENGINE_FINAL_SEAL.json","881","2026-07-07T19:06:48"
"music-zone-map-status-v2.2.json","E:\keyboard-manager-clean\uaos-ai-factory\uaos-light-engine-v1\generated\v3-hybrid-sync-pro-20260707_205236\BACKUP_BEFORE_V3\generated\music-zone-map-status-v2.2.json","file:///E:/keyboard-manager-clean/uaos-ai-factory/uaos-light-engine-v1/generated/v3-hybrid-sync-pro-20260707_205236/BACKUP_BEFORE_V3/generated/music-zone-map-status-v2.2.json","545","2026-07-07T19:06:48"
"UAOS_CURRENT_KMP_STRUCTURE_INSPECTOR.json","E:\keyboard-manager-clean\uaos-ai-factory\UAOS_CURRENT_KMP_STRUCTURE_INSPECTOR.json","file:///E:/keyboard-manager-clean/uaos-ai-factory/UAOS_CURRENT_KMP_STRUCTURE_INSPECTOR.json","1569","2026-07-07T18:53:48"
"UAOS_V1720_KMP_STRUCTURE_INSPECTOR_VALIDATION.json","E:\keyboard-manager-clean\uaos-ai-factory\uaos-v1720-readonly-kmp-structure-inspector\validation\UAOS_V1720_KMP_STRUCTURE_INSPECTOR_VALIDATION.json","file:///E:/keyboard-manager-clean/uaos-ai-factory/uaos-v1720-readonly-kmp-structure-inspector/validation/UAOS_V1720_KMP_STRUCTURE_INSPECTOR_VALIDATION.json","1970","2026-07-07T18:53:48"
"UAOS_V1720_KMP_STRUCTURE_INSPECTOR.json","E:\keyboard-manager-clean\uaos-ai-factory\uaos-v1720-readonly-kmp-structure-inspector\data\UAOS_V1720_KMP_STRUCTURE_INSPECTOR.json","file:///E:/keyboard-manager-clean/uaos-ai-factory/uaos-v1720-readonly-kmp-structure-inspector/data/UAOS_V1720_KMP_STRUCTURE_INSPECTOR.json","1273","2026-07-07T18:53:47"
"UAOS_CURRENT_KMP_KSF_SAMPLE_MAP_RESEARCH.json","E:\keyboard-manager-clean\uaos-ai-factory\UAOS_CURRENT_KMP_KSF_SAMPLE_MAP_RESEARCH.json","file:///E:/keyboard-manager-clean/uaos-ai-factory/UAOS_CURRENT_KMP_KSF_SAMPLE_MAP_RESEARCH.json","1309","2026-07-07T17:23:04"
"UAOS_V1719_KMP_KSF_SAMPLE_MAP_VALIDATION.json","E:\keyboard-manager-clean\uaos-ai-factory\uaos-v1719-kmp-ksf-sample-map-research\validation\UAOS_V1719_KMP_KSF_SAMPLE_MAP_VALIDATION.json","file:///E:/keyboard-manager-clean/uaos-ai-factory/uaos-v1719-kmp-ksf-sample-map-research/validation/UAOS_V1719_KMP_KSF_SAMPLE_MAP_VALIDATION.json","1829","2026-07-07T17:23:04"
"UAOS_V1719_SAMPLE_MAP_RESEARCH.json","E:\keyboard-manager-clean\uaos-ai-factory\uaos-v1719-kmp-ksf-sample-map-research\data\UAOS_V1719_SAMPLE_MAP_RESEARCH.json","file:///E:/keyboard-manager-clean/uaos-ai-factory/uaos-v1719-kmp-ksf-sample-map-research/data/UAOS_V1719_SAMPLE_MAP_RESEARCH.json","903","2026-07-07T17:23:03"
"UAOS_CURRENT_EXTRACTABILITY_CLASSIFIER.json","E:\keyboard-manager-clean\uaos-ai-factory\UAOS_CURRENT_EXTRACTABILITY_CLASSIFIER.json","file:///E:/keyboard-manager-clean/uaos-ai-factory/UAOS_CURRENT_EXTRACTABILITY_CLASSIFIER.json","1179","2026-07-07T16:25:42"
"UAOS_V1718_EXTRACTABILITY_VALIDATION.json","E:\keyboard-manager-clean\uaos-ai-factory\uaos-v1718-real-set-extractability-classifier\validation\UAOS_V1718_EXTRACTABILITY_VALIDATION.json","file:///E:/keyboard-manager-clean/uaos-ai-factory/uaos-v1718-real-set-extractability-classifier/validation/UAOS_V1718_EXTRACTABILITY_VALIDATION.json","1296","2026-07-07T16:25:42"
"UAOS_V1718_EXTRACTABILITY_MATRIX.json","E:\keyboard-manager-clean\uaos-ai-factory\uaos-v1718-real-set-extractability-classifier\data\UAOS_V1718_EXTRACTABILITY_MATRIX.json","file:///E:/keyboard-manager-clean/uaos-ai-factory/uaos-v1718-real-set-extractability-classifier/data/UAOS_V1718_EXTRACTABILITY_MATRIX.json","1216136","2026-07-07T16:25:41"
"package.json","E:\keyboard-manager-clean\uaos-ai-factory\uaos-light-engine-v1\generated\v4-full-product-expansion-20260708_070754\BACKUP_BEFORE_V4\generated\v3-hybrid-sync-pro-20260707_205236\BACKUP_BEFORE_V3\package.json","file:///E:/keyboard-manager-clean/uaos-ai-factory/uaos-light-engine-v1/generated/v4-full-product-expansion-20260708_070754/BACKUP_BEFORE_V4/generated/v3-hybrid-sync-pro-20260707_205236/BACKUP_BEFORE_V3/package.json","394","2026-07-07T14:50:39"
"dashboard-mic-flow-status-v2.3.json","E:\keyboard-manager-clean\uaos-ai-factory\uaos-light-engine-v1\generated\dashboard-mic-flow-status-v2.3.json","file:///E:/keyboard-manager-clean/uaos-ai-factory/uaos-light-engine-v1/generated/dashboard-mic-flow-status-v2.3.json","400","2026-07-07T14:50:39"
"dashboard-mic-flow-status-v2.3.json","E:\keyboard-manager-clean\uaos-ai-factory\uaos-light-engine-v1\generated\v4-full-product-expansion-20260708_070754\BACKUP_BEFORE_V4\generated\v3-hybrid-sync-pro-20260707_205236\BACKUP_BEFORE_V3\generated\dashboard-mic-flow-status-v2.3.json","file:///E:/keyboard-manager-clean/uaos-ai-factory/uaos-light-engine-v1/generated/v4-full-product-expansion-20260708_070754/BACKUP_BEFORE_V4/generated/v3-hybrid-sync-pro-20260707_205236/BACKUP_BEFORE_V3/generated/dashboard-mic-flow-status-v2.3.json","400","2026-07-07T14:50:39"
"dashboard-mic-flow-status-v2.3.json","E:\keyboard-manager-clean\uaos-ai-factory\uaos-light-engine-v1\generated\v3-hybrid-sync-pro-20260707_205236\BACKUP_BEFORE_V3\generated\dashboard-mic-flow-status-v2.3.json","file:///E:/keyboard-manager-clean/uaos-ai-factory/uaos-light-engine-v1/generated/v3-hybrid-sync-pro-20260707_205236/BACKUP_BEFORE_V3/generated/dashboard-mic-flow-status-v2.3.json","400","2026-07-07T14:50:39"
"dashboard-mic-flow-status-v2.3.json","E:\keyboard-manager-clean\uaos-ai-factory\uaos-light-engine-v1\generated\v4-full-product-expansion-20260708_070754\BACKUP_BEFORE_V4\generated\v4-full-product-expansion-20260708_070754\BACKUP_BEFORE_V4\generated\dashboard-mic-flow-status-v2.3.json","file:///E:/keyboard-manager-clean/uaos-ai-factory/uaos-light-engine-v1/generated/v4-full-product-expansion-20260708_070754/BACKUP_BEFORE_V4/generated/v4-full-product-expansion-20260708_070754/BACKUP_BEFORE_V4/generated/dashboard-mic-flow-status-v2.3.json","400","2026-07-07T14:50:39"
"package.json","E:\keyboard-manager-clean\uaos-ai-factory\uaos-light-engine-v1\generated\v3-hybrid-sync-pro-20260707_205236\BACKUP_BEFORE_V3\package.json","file:///E:/keyboard-manager-clean/uaos-ai-factory/uaos-light-engine-v1/generated/v3-hybrid-sync-pro-20260707_205236/BACKUP_BEFORE_V3/package.json","394","2026-07-07T14:50:39"
"dashboard-mic-flow-status-v2.3.json","E:\keyboard-manager-clean\uaos-ai-factory\uaos-light-engine-v1\generated\v4-full-product-expansion-20260708_070754\BACKUP_BEFORE_V4\generated\dashboard-mic-flow-status-v2.3.json","file:///E:/keyboard-manager-clean/uaos-ai-factory/uaos-light-engine-v1/generated/v4-full-product-expansion-20260708_070754/BACKUP_BEFORE_V4/generated/dashboard-mic-flow-status-v2.3.json","400","2026-07-07T14:50:39"
"dashboard-mic-flow-status-v2.3.json","E:\keyboard-manager-clean\uaos-ai-factory\uaos-light-engine-v1\generated\v3-hybrid-sync-pro-20260707_205236\BACKUP_BEFORE_V3\generated\v3-hybrid-sync-pro-20260707_205236\BACKUP_BEFORE_V3\generated\dashboard-mic-flow-status-v2.3.json","file:///E:/keyboard-manager-clean/uaos-ai-factory/uaos-light-engine-v1/generated/v3-hybrid-sync-pro-20260707_205236/BACKUP_BEFORE_V3/generated/v3-hybrid-sync-pro-20260707_205236/BACKUP_BEFORE_V3/generated/dashboard-mic-flow-status-v2.3.json","400","2026-07-07T14:50:39"
"package.json","E:\keyboard-manager-clean\uaos-ai-factory\uaos-light-engine-v1\generated\v3-hybrid-sync-pro-20260707_205236\BACKUP_BEFORE_V3\generated\v3-hybrid-sync-pro-20260707_205236\BACKUP_BEFORE_V3\package.json","file:///E:/keyboard-manager-clean/uaos-ai-factory/uaos-light-engine-v1/generated/v3-hybrid-sync-pro-20260707_205236/BACKUP_BEFORE_V3/generated/v3-hybrid-sync-pro-20260707_205236/BACKUP_BEFORE_V3/package.json","394","2026-07-07T14:50:39"
"default-config.json","E:\keyboard-manager-clean\uaos-ai-factory\uaos-light-engine-v23-ui-mic-fix-20260707_145039\BACKUP_BEFORE_V23\src\config\default-config.json","file:///E:/keyboard-manager-clean/uaos-ai-factory/uaos-light-engine-v23-ui-mic-fix-20260707_145039/BACKUP_BEFORE_V23/src/config/default-config.json","939","2026-07-07T14:44:20"
"music-zone-map-status-v2.2.json","E:\keyboard-manager-clean\uaos-ai-factory\uaos-light-engine-v23-ui-mic-fix-20260707_145039\BACKUP_BEFORE_V23\generated\music-zone-map-status-v2.2.json","file:///E:/keyboard-manager-clean/uaos-ai-factory/uaos-light-engine-v23-ui-mic-fix-20260707_145039/BACKUP_BEFORE_V23/generated/music-zone-map-status-v2.2.json","545","2026-07-07T14:41:38"
"dashboard-mic-flow-status-v2.3.json","E:\keyboard-manager-clean\uaos-ai-factory\uaos-light-engine-v23-ui-mic-fix-20260707_145039\BACKUP_BEFORE_V23\generated\dashboard-mic-flow-status-v2.3.json","file:///E:/keyboard-manager-clean/uaos-ai-factory/uaos-light-engine-v23-ui-mic-fix-20260707_145039/BACKUP_BEFORE_V23/generated/dashboard-mic-flow-status-v2.3.json","400","2026-07-07T14:41:35"
"package.json","E:\keyboard-manager-clean\uaos-ai-factory\uaos-light-engine-v23-ui-mic-fix-20260707_145039\BACKUP_BEFORE_V23\package.json","file:///E:/keyboard-manager-clean/uaos-ai-factory/uaos-light-engine-v23-ui-mic-fix-20260707_145039/BACKUP_BEFORE_V23/package.json","394","2026-07-07T14:41:35"
"UAOS_V1717_OPEN_LIBRARY_INTAKE_VALIDATION.json","E:\keyboard-manager-clean\uaos-ai-factory\uaos-v1717-open-library-intake\validation\UAOS_V1717_OPEN_LIBRARY_INTAKE_VALIDATION.json","file:///E:/keyboard-manager-clean/uaos-ai-factory/uaos-v1717-open-library-intake/validation/UAOS_V1717_OPEN_LIBRARY_INTAKE_VALIDATION.json","1823","2026-07-07T14:21:27"
"UAOS_CURRENT_OPEN_LIBRARY_INTAKE.json","E:\keyboard-manager-clean\uaos-ai-factory\UAOS_CURRENT_OPEN_LIBRARY_INTAKE.json","file:///E:/keyboard-manager-clean/uaos-ai-factory/UAOS_CURRENT_OPEN_LIBRARY_INTAKE.json","962","2026-07-07T14:21:27"
"default-config.json","E:\keyboard-manager-clean\uaos-ai-factory\uaos-light-engine-v23-ui-mic-fix-20260707_144135\BACKUP_BEFORE_V23\src\config\default-config.json","file:///E:/keyboard-manager-clean/uaos-ai-factory/uaos-light-engine-v23-ui-mic-fix-20260707_144135/BACKUP_BEFORE_V23/src/config/default-config.json","939","2026-07-07T14:17:43"
"music-zone-map-status-v2.2.json","E:\keyboard-manager-clean\uaos-ai-factory\uaos-light-engine-v23-ui-mic-fix-20260707_144135\BACKUP_BEFORE_V23\generated\music-zone-map-status-v2.2.json","file:///E:/keyboard-manager-clean/uaos-ai-factory/uaos-light-engine-v23-ui-mic-fix-20260707_144135/BACKUP_BEFORE_V23/generated/music-zone-map-status-v2.2.json","545","2026-07-07T14:03:40"
"zone-map.json","E:\keyboard-manager-clean\uaos-ai-factory\uaos-light-engine-v1\src\config\zone-map.json","file:///E:/keyboard-manager-clean/uaos-ai-factory/uaos-light-engine-v1/src/config/zone-map.json","185","2026-07-07T14:01:50"
"zone-map.json","E:\keyboard-manager-clean\uaos-ai-factory\uaos-light-engine-v1\generated\v4-full-product-expansion-20260708_070754\BACKUP_BEFORE_V4\src\config\zone-map.json","file:///E:/keyboard-manager-clean/uaos-ai-factory/uaos-light-engine-v1/generated/v4-full-product-expansion-20260708_070754/BACKUP_BEFORE_V4/src/config/zone-map.json","185","2026-07-07T14:01:50"
"zone-map.json","E:\keyboard-manager-clean\uaos-ai-factory\uaos-light-engine-v1\generated\v3-hybrid-sync-pro-20260707_205236\BACKUP_BEFORE_V3\src\config\zone-map.json","file:///E:/keyboard-manager-clean/uaos-ai-factory/uaos-light-engine-v1/generated/v3-hybrid-sync-pro-20260707_205236/BACKUP_BEFORE_V3/src/config/zone-map.json","185","2026-07-07T14:01:50"
"zone-map.json","E:\keyboard-manager-clean\uaos-ai-factory\uaos-light-engine-v23-ui-mic-fix-20260707_144135\BACKUP_BEFORE_V23\src\config\zone-map.json","file:///E:/keyboard-manager-clean/uaos-ai-factory/uaos-light-engine-v23-ui-mic-fix-20260707_144135/BACKUP_BEFORE_V23/src/config/zone-map.json","185","2026-07-07T14:01:50"
"zone-map.json","E:\keyboard-manager-clean\uaos-ai-factory\uaos-light-engine-v1\generated\v3-hybrid-sync-pro-20260707_205236\BACKUP_BEFORE_V3\generated\v3-hybrid-sync-pro-20260707_205236\BACKUP_BEFORE_V3\src\config\zone-map.json","file:///E:/keyboard-manager-clean/uaos-ai-factory/uaos-light-engine-v1/generated/v3-hybrid-sync-pro-20260707_205236/BACKUP_BEFORE_V3/generated/v3-hybrid-sync-pro-20260707_205236/BACKUP_BEFORE_V3/src/config/zone-map.json","185","2026-07-07T14:01:50"
"package.json","E:\keyboard-manager-clean\uaos-ai-factory\uaos-light-engine-v23-ui-mic-fix-20260707_144135\BACKUP_BEFORE_V23\package.json","file:///E:/keyboard-manager-clean/uaos-ai-factory/uaos-light-engine-v23-ui-mic-fix-20260707_144135/BACKUP_BEFORE_V23/package.json","309","2026-07-07T14:01:50"
"zone-map.json","E:\keyboard-manager-clean\uaos-ai-factory\uaos-light-engine-v23-ui-mic-fix-20260707_145039\BACKUP_BEFORE_V23\src\config\zone-map.json","file:///E:/keyboard-manager-clean/uaos-ai-factory/uaos-light-engine-v23-ui-mic-fix-20260707_145039/BACKUP_BEFORE_V23/src/config/zone-map.json","185","2026-07-07T14:01:50"
"zone-map.json","E:\keyboard-manager-clean\uaos-ai-factory\uaos-light-engine-v1\generated\v4-full-product-expansion-20260708_070754\BACKUP_BEFORE_V4\generated\v3-hybrid-sync-pro-20260707_205236\BACKUP_BEFORE_V3\src\config\zone-map.json","file:///E:/keyboard-manager-clean/uaos-ai-factory/uaos-light-engine-v1/generated/v4-full-product-expansion-20260708_070754/BACKUP_BEFORE_V4/generated/v3-hybrid-sync-pro-20260707_205236/BACKUP_BEFORE_V3/src/config/zone-map.json","185","2026-07-07T14:01:50"
"zone-map.json","E:\keyboard-manager-clean\uaos-ai-factory\uaos-light-engine-v1\generated\v4-full-product-expansion-20260708_070754\BACKUP_BEFORE_V4\generated\v4-full-product-expansion-20260708_070754\BACKUP_BEFORE_V4\src\config\zone-map.json","file:///E:/keyboard-manager-clean/uaos-ai-factory/uaos-light-engine-v1/generated/v4-full-product-expansion-20260708_070754/BACKUP_BEFORE_V4/generated/v4-full-product-expansion-20260708_070754/BACKUP_BEFORE_V4/src/config/zone-map.json","185","2026-07-07T14:01:50"
"default-config.json","E:\keyboard-manager-clean\uaos-ai-factory\uaos-light-engine-v22-zone-map-20260707_140150\BACKUP_BEFORE_V22\src\config\default-config.json","file:///E:/keyboard-manager-clean/uaos-ai-factory/uaos-light-engine-v22-zone-map-20260707_140150/BACKUP_BEFORE_V22/src/config/default-config.json","905","2026-07-07T10:18:44"
"music-sense-results-v1.5.json","E:\keyboard-manager-clean\uaos-ai-factory\uaos-light-engine-v1\generated\v3-hybrid-sync-pro-20260707_205236\BACKUP_BEFORE_V3\generated\music-sense-results-v1.5.json","file:///E:/keyboard-manager-clean/uaos-ai-factory/uaos-light-engine-v1/generated/v3-hybrid-sync-pro-20260707_205236/BACKUP_BEFORE_V3/generated/music-sense-results-v1.5.json","395","2026-07-07T10:18:19"
"music-sense-results-v1.5.json","E:\keyboard-manager-clean\uaos-ai-factory\uaos-light-engine-v1\generated\v3-hybrid-sync-pro-20260707_205236\BACKUP_BEFORE_V3\generated\v3-hybrid-sync-pro-20260707_205236\BACKUP_BEFORE_V3\generated\music-sense-results-v1.5.json","file:///E:/keyboard-manager-clean/uaos-ai-factory/uaos-light-engine-v1/generated/v3-hybrid-sync-pro-20260707_205236/BACKUP_BEFORE_V3/generated/v3-hybrid-sync-pro-20260707_205236/BACKUP_BEFORE_V3/generated/music-sense-results-v1.5.json","395","2026-07-07T10:18:19"
"music-sense-results-v1.5.json","E:\keyboard-manager-clean\uaos-ai-factory\uaos-light-engine-v1\generated\music-sense-results-v1.5.json","file:///E:/keyboard-manager-clean/uaos-ai-factory/uaos-light-engine-v1/generated/music-sense-results-v1.5.json","395","2026-07-07T10:18:19"
"music-sense-results-v1.5.json","E:\keyboard-manager-clean\uaos-ai-factory\uaos-light-engine-v1\generated\v4-full-product-expansion-20260708_070754\BACKUP_BEFORE_V4\generated\v3-hybrid-sync-pro-20260707_205236\BACKUP_BEFORE_V3\generated\music-sense-results-v1.5.json","file:///E:/keyboard-manager-clean/uaos-ai-factory/uaos-light-engine-v1/generated/v4-full-product-expansion-20260708_070754/BACKUP_BEFORE_V4/generated/v3-hybrid-sync-pro-20260707_205236/BACKUP_BEFORE_V3/generated/music-sense-results-v1.5.json","395","2026-07-07T10:18:19"
"music-sense-results-v1.5.json","E:\keyboard-manager-clean\uaos-ai-factory\uaos-light-engine-v23-ui-mic-fix-20260707_144135\BACKUP_BEFORE_V23\generated\music-sense-results-v1.5.json","file:///E:/keyboard-manager-clean/uaos-ai-factory/uaos-light-engine-v23-ui-mic-fix-20260707_144135/BACKUP_BEFORE_V23/generated/music-sense-results-v1.5.json","395","2026-07-07T10:18:19"
"music-sense-results-v1.5.json","E:\keyboard-manager-clean\uaos-ai-factory\uaos-light-engine-v23-ui-mic-fix-20260707_145039\BACKUP_BEFORE_V23\generated\music-sense-results-v1.5.json","file:///E:/keyboard-manager-clean/uaos-ai-factory/uaos-light-engine-v23-ui-mic-fix-20260707_145039/BACKUP_BEFORE_V23/generated/music-sense-results-v1.5.json","395","2026-07-07T10:18:19"
"music-sense-results-v1.5.json","E:\keyboard-manager-clean\uaos-ai-factory\uaos-light-engine-v1\generated\v4-full-product-expansion-20260708_070754\BACKUP_BEFORE_V4\generated\music-sense-results-v1.5.json","file:///E:/keyboard-manager-clean/uaos-ai-factory/uaos-light-engine-v1/generated/v4-full-product-expansion-20260708_070754/BACKUP_BEFORE_V4/generated/music-sense-results-v1.5.json","395","2026-07-07T10:18:19"
"music-sense-results-v1.5.json","E:\keyboard-manager-clean\uaos-ai-factory\uaos-light-engine-v1\generated\v4-full-product-expansion-20260708_070754\BACKUP_BEFORE_V4\generated\v4-full-product-expansion-20260708_070754\BACKUP_BEFORE_V4\generated\music-sense-results-v1.5.json","file:///E:/keyboard-manager-clean/uaos-ai-factory/uaos-light-engine-v1/generated/v4-full-product-expansion-20260708_070754/BACKUP_BEFORE_V4/generated/v4-full-product-expansion-20260708_070754/BACKUP_BEFORE_V4/generated/music-sense-results-v1.5.json","395","2026-07-07T10:18:19"
"package.json","E:\keyboard-manager-clean\uaos-ai-factory\uaos-light-engine-v22-zone-map-20260707_140150\BACKUP_BEFORE_V22\package.json","file:///E:/keyboard-manager-clean/uaos-ai-factory/uaos-light-engine-v22-zone-map-20260707_140150/BACKUP_BEFORE_V22/package.json","383","2026-07-07T10:01:18"
"default-config.json","E:\keyboard-manager-clean\uaos-ai-factory\uaos-light-engine-v15-music-sense-20260707_095953\BACKUP_BEFORE_V15\src\config\default-config.json","file:///E:/keyboard-manager-clean/uaos-ai-factory/uaos-light-engine-v15-music-sense-20260707_095953/BACKUP_BEFORE_V15/src/config/default-config.json","2030","2026-07-07T09:45:24"
"default-config.json","E:\keyboard-manager-clean\uaos-ai-factory\uaos-light-engine-v15-music-sense-20260707_100118\BACKUP_BEFORE_V15\src\config\default-config.json","file:///E:/keyboard-manager-clean/uaos-ai-factory/uaos-light-engine-v15-music-sense-20260707_100118/BACKUP_BEFORE_V15/src/config/default-config.json","2030","2026-07-07T09:45:24"
"one-light-test-results-v1.4.2.json","E:\keyboard-manager-clean\uaos-ai-factory\uaos-light-engine-v23-ui-mic-fix-20260707_145039\BACKUP_BEFORE_V23\generated\one-light-test-results-v1.4.2.json","file:///E:/keyboard-manager-clean/uaos-ai-factory/uaos-light-engine-v23-ui-mic-fix-20260707_145039/BACKUP_BEFORE_V23/generated/one-light-test-results-v1.4.2.json","517","2026-07-07T09:26:14"
"one-light-test-results-v1.4.2.json","E:\keyboard-manager-clean\uaos-ai-factory\uaos-light-engine-v23-ui-mic-fix-20260707_144135\BACKUP_BEFORE_V23\generated\one-light-test-results-v1.4.2.json","file:///E:/keyboard-manager-clean/uaos-ai-factory/uaos-light-engine-v23-ui-mic-fix-20260707_144135/BACKUP_BEFORE_V23/generated/one-light-test-results-v1.4.2.json","517","2026-07-07T09:26:14"
"one-light-test-results-v1.4.2.json","E:\keyboard-manager-clean\uaos-ai-factory\uaos-light-engine-v1\generated\v4-full-product-expansion-20260708_070754\BACKUP_BEFORE_V4\generated\one-light-test-results-v1.4.2.json","file:///E:/keyboard-manager-clean/uaos-ai-factory/uaos-light-engine-v1/generated/v4-full-product-expansion-20260708_070754/BACKUP_BEFORE_V4/generated/one-light-test-results-v1.4.2.json","517","2026-07-07T09:26:14"
"one-light-test-results-v1.4.2.json","E:\keyboard-manager-clean\uaos-ai-factory\uaos-light-engine-v1\generated\v4-full-product-expansion-20260708_070754\BACKUP_BEFORE_V4\generated\v4-full-product-expansion-20260708_070754\BACKUP_BEFORE_V4\generated\one-light-test-results-v1.4.2.json","file:///E:/keyboard-manager-clean/uaos-ai-factory/uaos-light-engine-v1/generated/v4-full-product-expansion-20260708_070754/BACKUP_BEFORE_V4/generated/v4-full-product-expansion-20260708_070754/BACKUP_BEFORE_V4/generated/one-light-test-results-v1.4.2.json","517","2026-07-07T09:26:14"
"one-light-test-results-v1.4.2.json","E:\keyboard-manager-clean\uaos-ai-factory\uaos-light-engine-v1\generated\v4-full-product-expansion-20260708_070754\BACKUP_BEFORE_V4\generated\v3-hybrid-sync-pro-20260707_205236\BACKUP_BEFORE_V3\generated\one-light-test-results-v1.4.2.json","file:///E:/keyboard-manager-clean/uaos-ai-factory/uaos-light-engine-v1/generated/v4-full-product-expansion-20260708_070754/BACKUP_BEFORE_V4/generated/v3-hybrid-sync-pro-20260707_205236/BACKUP_BEFORE_V3/generated/one-light-test-results-v1.4.2.json","517","2026-07-07T09:26:14"
"one-light-test-results-v1.4.2.json","E:\keyboard-manager-clean\uaos-ai-factory\uaos-light-engine-v1\generated\one-light-test-results-v1.4.2.json","file:///E:/keyboard-manager-clean/uaos-ai-factory/uaos-light-engine-v1/generated/one-light-test-results-v1.4.2.json","517","2026-07-07T09:26:14"
"one-light-test-results-v1.4.2.json","E:\keyboard-manager-clean\uaos-ai-factory\uaos-light-engine-v15-music-sense-20260707_100118\BACKUP_BEFORE_V15\generated\one-light-test-results-v1.4.2.json","file:///E:/keyboard-manager-clean/uaos-ai-factory/uaos-light-engine-v15-music-sense-20260707_100118/BACKUP_BEFORE_V15/generated/one-light-test-results-v1.4.2.json","517","2026-07-07T09:26:14"
"one-light-test-results-v1.4.2.json","E:\keyboard-manager-clean\uaos-ai-factory\uaos-light-engine-v15-music-sense-20260707_095953\BACKUP_BEFORE_V15\generated\one-light-test-results-v1.4.2.json","file:///E:/keyboard-manager-clean/uaos-ai-factory/uaos-light-engine-v15-music-sense-20260707_095953/BACKUP_BEFORE_V15/generated/one-light-test-results-v1.4.2.json","517","2026-07-07T09:26:14"
"one-light-test-results-v1.4.2.json","E:\keyboard-manager-clean\uaos-ai-factory\uaos-light-engine-v1\generated\v3-hybrid-sync-pro-20260707_205236\BACKUP_BEFORE_V3\generated\one-light-test-results-v1.4.2.json","file:///E:/keyboard-manager-clean/uaos-ai-factory/uaos-light-engine-v1/generated/v3-hybrid-sync-pro-20260707_205236/BACKUP_BEFORE_V3/generated/one-light-test-results-v1.4.2.json","517","2026-07-07T09:26:14"
"one-light-test-results-v1.4.2.json","E:\keyboard-manager-clean\uaos-ai-factory\uaos-light-engine-v1\generated\v3-hybrid-sync-pro-20260707_205236\BACKUP_BEFORE_V3\generated\v3-hybrid-sync-pro-20260707_205236\BACKUP_BEFORE_V3\generated\one-light-test-results-v1.4.2.json","file:///E:/keyboard-manager-clean/uaos-ai-factory/uaos-light-engine-v1/generated/v3-hybrid-sync-pro-20260707_205236/BACKUP_BEFORE_V3/generated/v3-hybrid-sync-pro-20260707_205236/BACKUP_BEFORE_V3/generated/one-light-test-results-v1.4.2.json","517","2026-07-07T09:26:14"
"package.json","E:\keyboard-manager-clean\uaos-ai-factory\uaos-light-engine-v15-music-sense-20260707_100118\BACKUP_BEFORE_V15\package.json","file:///E:/keyboard-manager-clean/uaos-ai-factory/uaos-light-engine-v15-music-sense-20260707_100118/BACKUP_BEFORE_V15/package.json","375","2026-07-07T08:48:41"
"package.json","E:\keyboard-manager-clean\uaos-ai-factory\uaos-light-engine-v15-music-sense-20260707_095953\BACKUP_BEFORE_V15\package.json","file:///E:/keyboard-manager-clean/uaos-ai-factory/uaos-light-engine-v15-music-sense-20260707_095953/BACKUP_BEFORE_V15/package.json","375","2026-07-07T08:48:41"
"UAOS_V1716_GOLDEN_SET_FACTORY_VALIDATION.json","E:\keyboard-manager-clean\uaos-ai-factory\uaos-v1716-golden-set-factory\validation\UAOS_V1716_GOLDEN_SET_FACTORY_VALIDATION.json","file:///E:/keyboard-manager-clean/uaos-ai-factory/uaos-v1716-golden-set-factory/validation/UAOS_V1716_GOLDEN_SET_FACTORY_VALIDATION.json","1169","2026-07-07T07:36:57"
"UAOS_GOLDEN_MIXER_DRAFT.json","E:\keyboard-manager-clean\uaos-ai-factory\uaos-v1716-golden-set-factory\output\UAOS_GOLDEN_SET_001_DRAFT\mixer\UAOS_GOLDEN_MIXER_DRAFT.json","file:///E:/keyboard-manager-clean/uaos-ai-factory/uaos-v1716-golden-set-factory/output/UAOS_GOLDEN_SET_001_DRAFT/mixer/UAOS_GOLDEN_MIXER_DRAFT.json","2613","2026-07-07T07:35:27"
"UAOS_GOLDEN_SET_001_DRAFT_MANIFEST.json","E:\keyboard-manager-clean\uaos-ai-factory\uaos-v1716-golden-set-factory\output\UAOS_GOLDEN_SET_001_DRAFT\manifest\UAOS_GOLDEN_SET_001_DRAFT_MANIFEST.json","file:///E:/keyboard-manager-clean/uaos-ai-factory/uaos-v1716-golden-set-factory/output/UAOS_GOLDEN_SET_001_DRAFT/manifest/UAOS_GOLDEN_SET_001_DRAFT_MANIFEST.json","511","2026-07-07T07:35:27"
"UAOS_GOLDEN_DSB_DRAFT.json","E:\keyboard-manager-clean\uaos-ai-factory\uaos-v1716-golden-set-factory\output\UAOS_GOLDEN_SET_001_DRAFT\dsb\UAOS_GOLDEN_DSB_DRAFT.json","file:///E:/keyboard-manager-clean/uaos-ai-factory/uaos-v1716-golden-set-factory/output/UAOS_GOLDEN_SET_001_DRAFT/dsb/UAOS_GOLDEN_DSB_DRAFT.json","664","2026-07-07T07:35:27"
"UAOS_COMMERCIAL_LIBRARY_SKUS_DRAFT.json","E:\keyboard-manager-clean\uaos-ai-factory\uaos-v1716-golden-set-factory\sections\04_commercial_library_factory\UAOS_COMMERCIAL_LIBRARY_SKUS_DRAFT.json","file:///E:/keyboard-manager-clean/uaos-ai-factory/uaos-v1716-golden-set-factory/sections/04_commercial_library_factory/UAOS_COMMERCIAL_LIBRARY_SKUS_DRAFT.json","1163","2026-07-07T07:35:27"
"UAOS_OWNER_SOUND_TEST_CHECKLIST.json","E:\keyboard-manager-clean\uaos-ai-factory\uaos-v1716-golden-set-factory\sections\03_owner_sound_test_loop\UAOS_OWNER_SOUND_TEST_CHECKLIST.json","file:///E:/keyboard-manager-clean/uaos-ai-factory/uaos-v1716-golden-set-factory/sections/03_owner_sound_test_loop/UAOS_OWNER_SOUND_TEST_CHECKLIST.json","9296","2026-07-07T07:35:27"
"UAOS_GOLDEN_PROGRAMS_DRAFT.json","E:\keyboard-manager-clean\uaos-ai-factory\uaos-v1716-golden-set-factory\output\UAOS_GOLDEN_SET_001_DRAFT\programs\UAOS_GOLDEN_PROGRAMS_DRAFT.json","file:///E:/keyboard-manager-clean/uaos-ai-factory/uaos-v1716-golden-set-factory/output/UAOS_GOLDEN_SET_001_DRAFT/programs/UAOS_GOLDEN_PROGRAMS_DRAFT.json","7424","2026-07-07T07:35:27"
"UAOS_CURRENT_OWNER_LIBRARY_WRITER.json","E:\keyboard-manager-clean\uaos-ai-factory\UAOS_CURRENT_OWNER_LIBRARY_WRITER.json","file:///E:/keyboard-manager-clean/uaos-ai-factory/UAOS_CURRENT_OWNER_LIBRARY_WRITER.json","1235","2026-07-07T07:13:36"
"UAOS_V1715_OWNER_LIBRARY_WRITER_VALIDATION.json","E:\keyboard-manager-clean\uaos-ai-factory\uaos-v1715-real-owner-library-writer-up\validation\UAOS_V1715_OWNER_LIBRARY_WRITER_VALIDATION.json","file:///E:/keyboard-manager-clean/uaos-ai-factory/uaos-v1715-real-owner-library-writer-up/validation/UAOS_V1715_OWNER_LIBRARY_WRITER_VALIDATION.json","2446","2026-07-07T07:13:36"
"UAOS_OWNER_TEST_SET_001_LOAD_ORDER.json","E:\keyboard-manager-clean\uaos-ai-factory\uaos-v1715-real-owner-library-writer-up\output\UAOS_OWNER_TEST_SET_001\load-order\UAOS_OWNER_TEST_SET_001_LOAD_ORDER.json","file:///E:/keyboard-manager-clean/uaos-ai-factory/uaos-v1715-real-owner-library-writer-up/output/UAOS_OWNER_TEST_SET_001/load-order/UAOS_OWNER_TEST_SET_001_LOAD_ORDER.json","2101","2026-07-07T07:13:30"
"UAOS_OWNER_TEST_SET_001_KEYMAP_DRAFT.json","E:\keyboard-manager-clean\uaos-ai-factory\uaos-v1715-real-owner-library-writer-up\output\UAOS_OWNER_TEST_SET_001\keymaps\UAOS_OWNER_TEST_SET_001_KEYMAP_DRAFT.json","file:///E:/keyboard-manager-clean/uaos-ai-factory/uaos-v1715-real-owner-library-writer-up/output/UAOS_OWNER_TEST_SET_001/keymaps/UAOS_OWNER_TEST_SET_001_KEYMAP_DRAFT.json","10137","2026-07-07T07:13:30"
"UAOS_OWNER_TEST_SET_001_DSB_DRAFT.json","E:\keyboard-manager-clean\uaos-ai-factory\uaos-v1715-real-owner-library-writer-up\output\UAOS_OWNER_TEST_SET_001\dsb\UAOS_OWNER_TEST_SET_001_DSB_DRAFT.json","file:///E:/keyboard-manager-clean/uaos-ai-factory/uaos-v1715-real-owner-library-writer-up/output/UAOS_OWNER_TEST_SET_001/dsb/UAOS_OWNER_TEST_SET_001_DSB_DRAFT.json","19095","2026-07-07T07:13:30"
"UAOS_OWNER_TEST_SET_001_MIXER_DRAFT.json","E:\keyboard-manager-clean\uaos-ai-factory\uaos-v1715-real-owner-library-writer-up\output\UAOS_OWNER_TEST_SET_001\mixer\UAOS_OWNER_TEST_SET_001_MIXER_DRAFT.json","file:///E:/keyboard-manager-clean/uaos-ai-factory/uaos-v1715-real-owner-library-writer-up/output/UAOS_OWNER_TEST_SET_001/mixer/UAOS_OWNER_TEST_SET_001_MIXER_DRAFT.json","9405","2026-07-07T07:13:30"
"UAOS_OWNER_TEST_SET_001_PROGRAM_DRAFT.json","E:\keyboard-manager-clean\uaos-ai-factory\uaos-v1715-real-owner-library-writer-up\output\UAOS_OWNER_TEST_SET_001\programs\UAOS_OWNER_TEST_SET_001_PROGRAM_DRAFT.json","file:///E:/keyboard-manager-clean/uaos-ai-factory/uaos-v1715-real-owner-library-writer-up/output/UAOS_OWNER_TEST_SET_001/programs/UAOS_OWNER_TEST_SET_001_PROGRAM_DRAFT.json","598","2026-07-07T07:13:30"
"UAOS_OWNER_TEST_SET_001_MANIFEST.json","E:\keyboard-manager-clean\uaos-ai-factory\uaos-v1715-real-owner-library-writer-up\output\UAOS_OWNER_TEST_SET_001\manifest\UAOS_OWNER_TEST_SET_001_MANIFEST.json","file:///E:/keyboard-manager-clean/uaos-ai-factory/uaos-v1715-real-owner-library-writer-up/output/UAOS_OWNER_TEST_SET_001/manifest/UAOS_OWNER_TEST_SET_001_MANIFEST.json","2450","2026-07-07T07:13:30"
"UAOS_OWNER_TEST_SET_001_SAMPLE_MANIFEST.json","E:\keyboard-manager-clean\uaos-ai-factory\uaos-v1715-real-owner-library-writer-up\output\UAOS_OWNER_TEST_SET_001\manifest\UAOS_OWNER_TEST_SET_001_SAMPLE_MANIFEST.json","file:///E:/keyboard-manager-clean/uaos-ai-factory/uaos-v1715-real-owner-library-writer-up/output/UAOS_OWNER_TEST_SET_001/manifest/UAOS_OWNER_TEST_SET_001_SAMPLE_MANIFEST.json","12061","2026-07-07T07:13:30"
"UAOS_V1711_VALIDATION.json","E:\keyboard-manager-clean\uaos-ai-factory\uaos-v1711-owner-experimental-codewriter\validation\UAOS_V1711_VALIDATION.json","file:///E:/keyboard-manager-clean/uaos-ai-factory/uaos-v1711-owner-experimental-codewriter/validation/UAOS_V1711_VALIDATION.json","2633","2026-07-07T07:02:32"
"CODEWRITER_PATCH_PLAN.json","E:\keyboard-manager-clean\uaos-ai-factory\uaos-v1711-owner-experimental-codewriter\codewriter\CODEWRITER_PATCH_PLAN.json","file:///E:/keyboard-manager-clean/uaos-ai-factory/uaos-v1711-owner-experimental-codewriter/codewriter/CODEWRITER_PATCH_PLAN.json","2231","2026-07-07T07:02:31"
"UAOS_V1711_MANIFEST.json","E:\keyboard-manager-clean\uaos-ai-factory\uaos-v1711-owner-experimental-codewriter\data\UAOS_V1711_MANIFEST.json","file:///E:/keyboard-manager-clean/uaos-ai-factory/uaos-v1711-owner-experimental-codewriter/data/UAOS_V1711_MANIFEST.json","3463","2026-07-07T07:02:31"
"UAOS_V1711_OWNER_EXPERIMENTAL_REVIEW_QUEUE.json","E:\keyboard-manager-clean\uaos-ai-factory\uaos-v1711-owner-experimental-codewriter\data\UAOS_V1711_OWNER_EXPERIMENTAL_REVIEW_QUEUE.json","file:///E:/keyboard-manager-clean/uaos-ai-factory/uaos-v1711-owner-experimental-codewriter/data/UAOS_V1711_OWNER_EXPERIMENTAL_REVIEW_QUEUE.json","370484","2026-07-07T07:02:31"
"UAOS_V1711_SAFETY_LEDGER.json","E:\keyboard-manager-clean\uaos-ai-factory\uaos-v1711-owner-experimental-codewriter\data\UAOS_V1711_SAFETY_LEDGER.json","file:///E:/keyboard-manager-clean/uaos-ai-factory/uaos-v1711-owner-experimental-codewriter/data/UAOS_V1711_SAFETY_LEDGER.json","2247","2026-07-07T07:02:31"
"UAOS_V1714_OWNER_TEST_VALIDATION.json","E:\keyboard-manager-clean\uaos-ai-factory\uaos-v1714-owner-test-ui-finalizer\validation\UAOS_V1714_OWNER_TEST_VALIDATION.json","file:///E:/keyboard-manager-clean/uaos-ai-factory/uaos-v1714-owner-test-ui-finalizer/validation/UAOS_V1714_OWNER_TEST_VALIDATION.json","1749","2026-07-07T05:44:15"
"UAOS_CURRENT_OWNER_TEST.json","E:\keyboard-manager-clean\uaos-ai-factory\UAOS_CURRENT_OWNER_TEST.json","file:///E:/keyboard-manager-clean/uaos-ai-factory/UAOS_CURRENT_OWNER_TEST.json","1579","2026-07-07T05:44:15"
"UAOS_V1714_OWNER_TEST_CHECKLIST.json","E:\keyboard-manager-clean\uaos-ai-factory\uaos-v1714-owner-test-ui-finalizer\data\UAOS_V1714_OWNER_TEST_CHECKLIST.json","file:///E:/keyboard-manager-clean/uaos-ai-factory/uaos-v1714-owner-test-ui-finalizer/data/UAOS_V1714_OWNER_TEST_CHECKLIST.json","1104","2026-07-07T05:44:13"
"UAOS_V1714_OWNER_TEST_MANIFEST.json","E:\keyboard-manager-clean\uaos-ai-factory\uaos-v1714-owner-test-ui-finalizer\data\UAOS_V1714_OWNER_TEST_MANIFEST.json","file:///E:/keyboard-manager-clean/uaos-ai-factory/uaos-v1714-owner-test-ui-finalizer/data/UAOS_V1714_OWNER_TEST_MANIFEST.json","2121","2026-07-07T05:44:13"
"UAOS_V1713_FINAL_VALIDATION.json","E:\keyboard-manager-clean\uaos-ai-factory\uaos-v1713-final-writer\validation\UAOS_V1713_FINAL_VALIDATION.json","file:///E:/keyboard-manager-clean/uaos-ai-factory/uaos-v1713-final-writer/validation/UAOS_V1713_FINAL_VALIDATION.json","2293","2026-07-06T23:06:44"
"UAOS_CURRENT_FINAL.json","E:\keyboard-manager-clean\uaos-ai-factory\UAOS_CURRENT_FINAL.json","file:///E:/keyboard-manager-clean/uaos-ai-factory/UAOS_CURRENT_FINAL.json","1716","2026-07-06T23:06:44"
"UAOS_V1713_FINAL_WRITER_MANIFEST.json","E:\keyboard-manager-clean\uaos-ai-factory\uaos-v1713-final-writer\data\UAOS_V1713_FINAL_WRITER_MANIFEST.json","file:///E:/keyboard-manager-clean/uaos-ai-factory/uaos-v1713-final-writer/data/UAOS_V1713_FINAL_WRITER_MANIFEST.json","1901","2026-07-06T23:06:42"
"UAOS_V1713_FINAL_OWNER_LEDGER.json","E:\keyboard-manager-clean\uaos-ai-factory\uaos-v1713-final-writer\data\UAOS_V1713_FINAL_OWNER_LEDGER.json","file:///E:/keyboard-manager-clean/uaos-ai-factory/uaos-v1713-final-writer/data/UAOS_V1713_FINAL_OWNER_LEDGER.json","317153","2026-07-06T23:06:42"
"UAOS_V1712_MANIFEST.json","E:\keyboard-manager-clean\uaos-ai-factory\uaos-v1712-owner-experimental-codewriter\data\UAOS_V1712_MANIFEST.json","file:///E:/keyboard-manager-clean/uaos-ai-factory/uaos-v1712-owner-experimental-codewriter/data/UAOS_V1712_MANIFEST.json","3177","2026-07-06T20:25:46"
"UAOS_V1712_VALIDATION.json","E:\keyboard-manager-clean\uaos-ai-factory\uaos-v1712-owner-experimental-codewriter\validation\UAOS_V1712_VALIDATION.json","file:///E:/keyboard-manager-clean/uaos-ai-factory/uaos-v1712-owner-experimental-codewriter/validation/UAOS_V1712_VALIDATION.json","2839","2026-07-06T20:25:46"
"UAOS_V1712_SAFETY_LEDGER.json","E:\keyboard-manager-clean\uaos-ai-factory\uaos-v1712-owner-experimental-codewriter\data\UAOS_V1712_SAFETY_LEDGER.json","file:///E:/keyboard-manager-clean/uaos-ai-factory/uaos-v1712-owner-experimental-codewriter/data/UAOS_V1712_SAFETY_LEDGER.json","2327","2026-07-06T20:25:45"
"UAOS_V1712_OWNER_EXPERIMENTAL_REVIEW_QUEUE.json","E:\keyboard-manager-clean\uaos-ai-factory\uaos-v1712-owner-experimental-codewriter\data\UAOS_V1712_OWNER_EXPERIMENTAL_REVIEW_QUEUE.json","file:///E:/keyboard-manager-clean/uaos-ai-factory/uaos-v1712-owner-experimental-codewriter/data/UAOS_V1712_OWNER_EXPERIMENTAL_REVIEW_QUEUE.json","372314","2026-07-06T20:25:45"
"CODEWRITER_PATCH_PLAN.json","E:\keyboard-manager-clean\uaos-ai-factory\uaos-v1712-owner-experimental-codewriter\codewriter\CODEWRITER_PATCH_PLAN.json","file:///E:/keyboard-manager-clean/uaos-ai-factory/uaos-v1712-owner-experimental-codewriter/codewriter/CODEWRITER_PATCH_PLAN.json","2331","2026-07-06T20:25:45"
"UAOS_V1710_FINAL_SAFETY_EVIDENCE.json","E:\keyboard-manager-clean\uaos-ai-factory\uaos-v1708-v1710-final-safe-owner-completion\evidence\UAOS_V1710_FINAL_SAFETY_EVIDENCE.json","file:///E:/keyboard-manager-clean/uaos-ai-factory/uaos-v1708-v1710-final-safe-owner-completion/evidence/UAOS_V1710_FINAL_SAFETY_EVIDENCE.json","1113","2026-07-06T19:25:12"
"UAOS_V1705_FINAL_AUDIT.json","E:\keyboard-manager-clean\uaos-ai-factory\uaos-v1705-virtual-new-set-inventory-builder\reports\UAOS_V1705_FINAL_AUDIT.json","file:///E:/keyboard-manager-clean/uaos-ai-factory/uaos-v1705-virtual-new-set-inventory-builder/reports/UAOS_V1705_FINAL_AUDIT.json","1045","2026-07-06T18:14:28"
"UAOS_V1705_VIRTUAL_SET_RESULT.json","E:\keyboard-manager-clean\uaos-ai-factory\uaos-v1705-virtual-new-set-inventory-builder\reports\UAOS_V1705_VIRTUAL_SET_RESULT.json","file:///E:/keyboard-manager-clean/uaos-ai-factory/uaos-v1705-virtual-new-set-inventory-builder/reports/UAOS_V1705_VIRTUAL_SET_RESULT.json","7304","2026-07-06T18:14:26"
"UAOS_VIRTUAL_SET_STRUCTURE.json","E:\keyboard-manager-clean\uaos-ai-factory\uaos-v1705-virtual-new-set-inventory-builder\package\contents\virtual-set\04_VIRTUAL_SET_STRUCTURE\UAOS_VIRTUAL_SET_STRUCTURE.json","file:///E:/keyboard-manager-clean/uaos-ai-factory/uaos-v1705-virtual-new-set-inventory-builder/package/contents/virtual-set/04_VIRTUAL_SET_STRUCTURE/UAOS_VIRTUAL_SET_STRUCTURE.json","7964","2026-07-06T18:14:26"
"UAOS_SOURCE_FILE_INVENTORY.json","E:\keyboard-manager-clean\uaos-ai-factory\uaos-v1705-virtual-new-set-inventory-builder\package\contents\virtual-set\02_SOURCE_INVENTORY\UAOS_SOURCE_FILE_INVENTORY.json","file:///E:/keyboard-manager-clean/uaos-ai-factory/uaos-v1705-virtual-new-set-inventory-builder/package/contents/virtual-set/02_SOURCE_INVENTORY/UAOS_SOURCE_FILE_INVENTORY.json","179357","2026-07-06T18:14:26"
"UAOS_EXTENSION_SUMMARY.json","E:\keyboard-manager-clean\uaos-ai-factory\uaos-v1705-virtual-new-set-inventory-builder\package\contents\virtual-set\03_EXTENSION_SUMMARY\UAOS_EXTENSION_SUMMARY.json","file:///E:/keyboard-manager-clean/uaos-ai-factory/uaos-v1705-virtual-new-set-inventory-builder/package/contents/virtual-set/03_EXTENSION_SUMMARY/UAOS_EXTENSION_SUMMARY.json","5263","2026-07-06T18:14:26"
"UAOS_EXTENSION_SUMMARY.json","E:\keyboard-manager-clean\uaos-ai-factory\uaos-v1705-virtual-new-set-inventory-builder\virtual-set-output\UAOS_VIRTUAL_NEW_SET_KORG_PA3X_RECOVERY_BACKUP_20260619-150450_20260706_181425\03_EXTENSION_SUMMARY\UAOS_EXTENSION_SUMMARY.json","file:///E:/keyboard-manager-clean/uaos-ai-factory/uaos-v1705-virtual-new-set-inventory-builder/virtual-set-output/UAOS_VIRTUAL_NEW_SET_KORG_PA3X_RECOVERY_BACKUP_20260619-150450_20260706_181425/03_EXTENSION_SUMMARY/UAOS_EXTENSION_SUMMARY.json","5263","2026-07-06T18:14:26"
"UAOS_VIRTUAL_SET_STRUCTURE.json","E:\keyboard-manager-clean\uaos-ai-factory\uaos-v1705-virtual-new-set-inventory-builder\virtual-set-output\UAOS_VIRTUAL_NEW_SET_KORG_PA3X_RECOVERY_BACKUP_20260619-150450_20260706_181425\04_VIRTUAL_SET_STRUCTURE\UAOS_VIRTUAL_SET_STRUCTURE.json","file:///E:/keyboard-manager-clean/uaos-ai-factory/uaos-v1705-virtual-new-set-inventory-builder/virtual-set-output/UAOS_VIRTUAL_NEW_SET_KORG_PA3X_RECOVERY_BACKUP_20260619-150450_20260706_181425/04_VIRTUAL_SET_STRUCTURE/UAOS_VIRTUAL_SET_STRUCTURE.json","7964","2026-07-06T18:14:26"
"UAOS_SOURCE_FILE_INVENTORY.json","E:\keyboard-manager-clean\uaos-ai-factory\uaos-v1705-virtual-new-set-inventory-builder\virtual-set-output\UAOS_VIRTUAL_NEW_SET_KORG_PA3X_RECOVERY_BACKUP_20260619-150450_20260706_181425\02_SOURCE_INVENTORY\UAOS_SOURCE_FILE_INVENTORY.json","file:///E:/keyboard-manager-clean/uaos-ai-factory/uaos-v1705-virtual-new-set-inventory-builder/virtual-set-output/UAOS_VIRTUAL_NEW_SET_KORG_PA3X_RECOVERY_BACKUP_20260619-150450_20260706_181425/02_SOURCE_INVENTORY/UAOS_SOURCE_FILE_INVENTORY.json","179357","2026-07-06T18:14:26"
"UAOS_BLOCKED_FILE_INVENTORY.json","E:\keyboard-manager-clean\uaos-ai-factory\uaos-v1705-virtual-new-set-inventory-builder\virtual-set-output\UAOS_VIRTUAL_NEW_SET_KORG_PA3X_RECOVERY_BACKUP_20260619-150450_20260706_181425\02_SOURCE_INVENTORY\UAOS_BLOCKED_FILE_INVENTORY.json","file:///E:/keyboard-manager-clean/uaos-ai-factory/uaos-v1705-virtual-new-set-inventory-builder/virtual-set-output/UAOS_VIRTUAL_NEW_SET_KORG_PA3X_RECOVERY_BACKUP_20260619-150450_20260706_181425/02_SOURCE_INVENTORY/UAOS_BLOCKED_FILE_INVENTORY.json","146696","2026-07-06T18:14:26"
"UAOS_SOURCE_DIRECTORY_INVENTORY.json","E:\keyboard-manager-clean\uaos-ai-factory\uaos-v1705-virtual-new-set-inventory-builder\virtual-set-output\UAOS_VIRTUAL_NEW_SET_KORG_PA3X_RECOVERY_BACKUP_20260619-150450_20260706_181425\02_SOURCE_INVENTORY\UAOS_SOURCE_DIRECTORY_INVENTORY.json","file:///E:/keyboard-manager-clean/uaos-ai-factory/uaos-v1705-virtual-new-set-inventory-builder/virtual-set-output/UAOS_VIRTUAL_NEW_SET_KORG_PA3X_RECOVERY_BACKUP_20260619-150450_20260706_181425/02_SOURCE_INVENTORY/UAOS_SOURCE_DIRECTORY_INVENTORY.json","8727","2026-07-06T18:14:26"
"UAOS_V1705_VIRTUAL_SET_RESULT.json","E:\keyboard-manager-clean\uaos-ai-factory\uaos-v1705-virtual-new-set-inventory-builder\package\contents\reports\UAOS_V1705_VIRTUAL_SET_RESULT.json","file:///E:/keyboard-manager-clean/uaos-ai-factory/uaos-v1705-virtual-new-set-inventory-builder/package/contents/reports/UAOS_V1705_VIRTUAL_SET_RESULT.json","7304","2026-07-06T18:14:26"
"UAOS_BLOCKED_FILE_INVENTORY.json","E:\keyboard-manager-clean\uaos-ai-factory\uaos-v1705-virtual-new-set-inventory-builder\package\contents\virtual-set\02_SOURCE_INVENTORY\UAOS_BLOCKED_FILE_INVENTORY.json","file:///E:/keyboard-manager-clean/uaos-ai-factory/uaos-v1705-virtual-new-set-inventory-builder/package/contents/virtual-set/02_SOURCE_INVENTORY/UAOS_BLOCKED_FILE_INVENTORY.json","146696","2026-07-06T18:14:26"
"UAOS_SOURCE_DIRECTORY_INVENTORY.json","E:\keyboard-manager-clean\uaos-ai-factory\uaos-v1705-virtual-new-set-inventory-builder\package\contents\virtual-set\02_SOURCE_INVENTORY\UAOS_SOURCE_DIRECTORY_INVENTORY.json","file:///E:/keyboard-manager-clean/uaos-ai-factory/uaos-v1705-virtual-new-set-inventory-builder/package/contents/virtual-set/02_SOURCE_INVENTORY/UAOS_SOURCE_DIRECTORY_INVENTORY.json","8727","2026-07-06T18:14:26"
"UAOS_V1704B_SAFE_LOCAL_WRITER_FINAL_AUDIT.json","E:\keyboard-manager-clean\uaos-ai-factory\uaos-v1704-safe-local-writer-new-set-builder\reports\UAOS_V1704B_SAFE_LOCAL_WRITER_FINAL_AUDIT.json","file:///E:/keyboard-manager-clean/uaos-ai-factory/uaos-v1704-safe-local-writer-new-set-builder/reports/UAOS_V1704B_SAFE_LOCAL_WRITER_FINAL_AUDIT.json","1023","2026-07-06T17:42:13"
"UAOS_V1704B_SAFE_LOCAL_WRITER_RESULT.json","E:\keyboard-manager-clean\uaos-ai-factory\uaos-v1704-safe-local-writer-new-set-builder\reports\UAOS_V1704B_SAFE_LOCAL_WRITER_RESULT.json","file:///E:/keyboard-manager-clean/uaos-ai-factory/uaos-v1704-safe-local-writer-new-set-builder/reports/UAOS_V1704B_SAFE_LOCAL_WRITER_RESULT.json","2393","2026-07-06T17:42:12"
"UAOS_NEW_LOCAL_SET_MANIFEST.json","E:\keyboard-manager-clean\uaos-ai-factory\uaos-v1704-safe-local-writer-new-set-builder\writer-output\UAOS_NEW_LOCAL_SET_KORG_PA3X_RECOVERY_BACKUP_20260619-150450_20260706_174211\03_MANIFEST\UAOS_NEW_LOCAL_SET_MANIFEST.json","file:///E:/keyboard-manager-clean/uaos-ai-factory/uaos-v1704-safe-local-writer-new-set-builder/writer-output/UAOS_NEW_LOCAL_SET_KORG_PA3X_RECOVERY_BACKUP_20260619-150450_20260706_174211/03_MANIFEST/UAOS_NEW_LOCAL_SET_MANIFEST.json","118892","2026-07-06T17:42:11"
"UAOS_BLOCKED_FILES_INDEX.json","E:\keyboard-manager-clean\uaos-ai-factory\uaos-v1704-safe-local-writer-new-set-builder\writer-output\UAOS_NEW_LOCAL_SET_KORG_PA3X_RECOVERY_BACKUP_20260619-150450_20260706_174211\02_BLOCKED_FILES_INDEX\UAOS_BLOCKED_FILES_INDEX.json","file:///E:/keyboard-manager-clean/uaos-ai-factory/uaos-v1704-safe-local-writer-new-set-builder/writer-output/UAOS_NEW_LOCAL_SET_KORG_PA3X_RECOVERY_BACKUP_20260619-150450_20260706_174211/02_BLOCKED_FILES_INDEX/UAOS_BLOCKED_FILES_INDEX.json","117350","2026-07-06T17:42:11"
"UAOS_V1703_CONSOLE_DOM_REPAIR_RESULTS.json","E:\keyboard-manager-clean\uaos-ai-factory\uaos-v1501-v1700-final-owner-website-test-programs\final-package\contents\reports\UAOS_V1703_CONSOLE_DOM_REPAIR_RESULTS.json","file:///E:/keyboard-manager-clean/uaos-ai-factory/uaos-v1501-v1700-final-owner-website-test-programs/final-package/contents/reports/UAOS_V1703_CONSOLE_DOM_REPAIR_RESULTS.json","908","2026-07-06T16:44:57"
"UAOS_V1703_CONSOLE_DOM_REPAIR_RESULTS.json","E:\keyboard-manager-clean\uaos-ai-factory\uaos-v1501-v1700-final-owner-website-test-programs\reports\UAOS_V1703_CONSOLE_DOM_REPAIR_RESULTS.json","file:///E:/keyboard-manager-clean/uaos-ai-factory/uaos-v1501-v1700-final-owner-website-test-programs/reports/UAOS_V1703_CONSOLE_DOM_REPAIR_RESULTS.json","908","2026-07-06T16:44:57"
"UAOS_V1501_V1700_TEST_PROGRAM_RESULTS.json","E:\keyboard-manager-clean\uaos-ai-factory\uaos-v1501-v1700-final-owner-website-test-programs\final-package\contents\reports\UAOS_V1501_V1700_TEST_PROGRAM_RESULTS.json","file:///E:/keyboard-manager-clean/uaos-ai-factory/uaos-v1501-v1700-final-owner-website-test-programs/final-package/contents/reports/UAOS_V1501_V1700_TEST_PROGRAM_RESULTS.json","875","2026-07-06T16:44:56"
"UAOS_V1501_V1700_TEST_PROGRAM_RESULTS.json","E:\keyboard-manager-clean\uaos-ai-factory\uaos-v1501-v1700-final-owner-website-test-programs\reports\UAOS_V1501_V1700_TEST_PROGRAM_RESULTS.json","file:///E:/keyboard-manager-clean/uaos-ai-factory/uaos-v1501-v1700-final-owner-website-test-programs/reports/UAOS_V1501_V1700_TEST_PROGRAM_RESULTS.json","875","2026-07-06T16:44:56"
"UAOS_V1702_FINAL_PASS_REPAIR_RESULTS.json","E:\keyboard-manager-clean\uaos-ai-factory\uaos-v1501-v1700-final-owner-website-test-programs\final-package\contents\reports\UAOS_V1702_FINAL_PASS_REPAIR_RESULTS.json","file:///E:/keyboard-manager-clean/uaos-ai-factory/uaos-v1501-v1700-final-owner-website-test-programs/final-package/contents/reports/UAOS_V1702_FINAL_PASS_REPAIR_RESULTS.json","1321","2026-07-06T15:39:16"
"UAOS_V1702_FINAL_PASS_REPAIR_RESULTS.json","E:\keyboard-manager-clean\uaos-ai-factory\uaos-v1501-v1700-final-owner-website-test-programs\reports\UAOS_V1702_FINAL_PASS_REPAIR_RESULTS.json","file:///E:/keyboard-manager-clean/uaos-ai-factory/uaos-v1501-v1700-final-owner-website-test-programs/reports/UAOS_V1702_FINAL_PASS_REPAIR_RESULTS.json","1321","2026-07-06T15:39:16"
"UAOS_V1701_FINAL_SITE_POLISH_PATCH_RESULTS.json","E:\keyboard-manager-clean\uaos-ai-factory\uaos-v1501-v1700-final-owner-website-test-programs\reports\UAOS_V1701_FINAL_SITE_POLISH_PATCH_RESULTS.json","file:///E:/keyboard-manager-clean/uaos-ai-factory/uaos-v1501-v1700-final-owner-website-test-programs/reports/UAOS_V1701_FINAL_SITE_POLISH_PATCH_RESULTS.json","931","2026-07-06T15:10:08"
"UAOS_V1701_FINAL_SITE_POLISH_PATCH_RESULTS.json","E:\keyboard-manager-clean\uaos-ai-factory\uaos-v1501-v1700-final-owner-website-test-programs\final-package\contents\reports\UAOS_V1701_FINAL_SITE_POLISH_PATCH_RESULTS.json","file:///E:/keyboard-manager-clean/uaos-ai-factory/uaos-v1501-v1700-final-owner-website-test-programs/final-package/contents/reports/UAOS_V1701_FINAL_SITE_POLISH_PATCH_RESULTS.json","931","2026-07-06T15:10:08"
"UAOS_V1501_V1700_INTERNAL_TEST_RESULTS.json","E:\keyboard-manager-clean\uaos-ai-factory\uaos-v1501-v1700-final-owner-website-test-programs\reports\UAOS_V1501_V1700_INTERNAL_TEST_RESULTS.json","file:///E:/keyboard-manager-clean/uaos-ai-factory/uaos-v1501-v1700-final-owner-website-test-programs/reports/UAOS_V1501_V1700_INTERNAL_TEST_RESULTS.json","819","2026-07-06T14:53:42"
"UAOS_V1501_V1700_INTERNAL_TEST_RESULTS.json","E:\keyboard-manager-clean\uaos-ai-factory\uaos-v1501-v1700-final-owner-website-test-programs\final-package\contents\reports\UAOS_V1501_V1700_INTERNAL_TEST_RESULTS.json","file:///E:/keyboard-manager-clean/uaos-ai-factory/uaos-v1501-v1700-final-owner-website-test-programs/final-package/contents/reports/UAOS_V1501_V1700_INTERNAL_TEST_RESULTS.json","819","2026-07-06T14:53:42"
"site-manifest.json","E:\keyboard-manager-clean\uaos-ai-factory\uaos-v1501-v1700-final-owner-website-test-programs\final-owner-site\data\site-manifest.json","file:///E:/keyboard-manager-clean/uaos-ai-factory/uaos-v1501-v1700-final-owner-website-test-programs/final-owner-site/data/site-manifest.json","937","2026-07-06T14:53:41"
"previous-checkpoint-import.json","E:\keyboard-manager-clean\uaos-ai-factory\uaos-v1501-v1700-final-owner-website-test-programs\previous-checkpoint-import.json","file:///E:/keyboard-manager-clean/uaos-ai-factory/uaos-v1501-v1700-final-owner-website-test-programs/previous-checkpoint-import.json","3638","2026-07-06T14:53:41"
"site-manifest.json","E:\keyboard-manager-clean\uaos-ai-factory\uaos-v1501-v1700-final-owner-website-test-programs\final-package\contents\final-owner-site\data\site-manifest.json","file:///E:/keyboard-manager-clean/uaos-ai-factory/uaos-v1501-v1700-final-owner-website-test-programs/final-package/contents/final-owner-site/data/site-manifest.json","937","2026-07-06T14:53:41"
"previous-checkpoint-import.json","E:\keyboard-manager-clean\uaos-ai-factory\uaos-v1501-v1700-final-owner-website-test-programs\final-package\contents\previous-checkpoint-import.json","file:///E:/keyboard-manager-clean/uaos-ai-factory/uaos-v1501-v1700-final-owner-website-test-programs/final-package/contents/previous-checkpoint-import.json","3638","2026-07-06T14:53:41"
"UAOS_V1301_V1500_PACKAGE_INSPECTOR.json","E:\keyboard-manager-clean\uaos-ai-factory\uaos-v1301-v1500-external-reviewer-intake-rc-freeze\10_package_inspector\UAOS_V1301_V1500_PACKAGE_INSPECTOR.json","file:///E:/keyboard-manager-clean/uaos-ai-factory/uaos-v1301-v1500-external-reviewer-intake-rc-freeze/10_package_inspector/UAOS_V1301_V1500_PACKAGE_INSPECTOR.json","1209","2026-07-06T14:34:17"
"UAOS_V1301_V1500_PACKAGE_INSPECTOR.json","E:\keyboard-manager-clean\uaos-ai-factory\uaos-v1301-v1500-external-reviewer-intake-rc-freeze\14_final_package\UAOS_V1301_V1500_EXTERNAL_REVIEWER_INTAKE_RC_FREEZE_PACKAGE_CONTENTS\10_package_inspector\UAOS_V1301_V1500_PACKAGE_INSPECTOR.json","file:///E:/keyboard-manager-clean/uaos-ai-factory/uaos-v1301-v1500-external-reviewer-intake-rc-freeze/14_final_package/UAOS_V1301_V1500_EXTERNAL_REVIEWER_INTAKE_RC_FREEZE_PACKAGE_CONTENTS/10_package_inspector/UAOS_V1301_V1500_PACKAGE_INSPECTOR.json","1209","2026-07-06T14:34:17"
"UAOS_V1301_V1500_VALIDATOR_SUMMARY.json","E:\keyboard-manager-clean\uaos-ai-factory\uaos-v1301-v1500-external-reviewer-intake-rc-freeze\14_final_package\UAOS_V1301_V1500_EXTERNAL_REVIEWER_INTAKE_RC_FREEZE_PACKAGE_CONTENTS\09_validator_v4\UAOS_V1301_V1500_VALIDATOR_SUMMARY.json","file:///E:/keyboard-manager-clean/uaos-ai-factory/uaos-v1301-v1500-external-reviewer-intake-rc-freeze/14_final_package/UAOS_V1301_V1500_EXTERNAL_REVIEWER_INTAKE_RC_FREEZE_PACKAGE_CONTENTS/09_validator_v4/UAOS_V1301_V1500_VALIDATOR_SUMMARY.json","616","2026-07-06T14:34:16"
"UAOS_V1301_V1500_LOCAL_QA_MATRIX.json","E:\keyboard-manager-clean\uaos-ai-factory\uaos-v1301-v1500-external-reviewer-intake-rc-freeze\11_local_qa_matrix\UAOS_V1301_V1500_LOCAL_QA_MATRIX.json","file:///E:/keyboard-manager-clean/uaos-ai-factory/uaos-v1301-v1500-external-reviewer-intake-rc-freeze/11_local_qa_matrix/UAOS_V1301_V1500_LOCAL_QA_MATRIX.json","1233","2026-07-06T14:34:16"
"UAOS_V1301_V1500_LOCAL_QA_MATRIX.json","E:\keyboard-manager-clean\uaos-ai-factory\uaos-v1301-v1500-external-reviewer-intake-rc-freeze\14_final_package\UAOS_V1301_V1500_EXTERNAL_REVIEWER_INTAKE_RC_FREEZE_PACKAGE_CONTENTS\11_local_qa_matrix\UAOS_V1301_V1500_LOCAL_QA_MATRIX.json","file:///E:/keyboard-manager-clean/uaos-ai-factory/uaos-v1301-v1500-external-reviewer-intake-rc-freeze/14_final_package/UAOS_V1301_V1500_EXTERNAL_REVIEWER_INTAKE_RC_FREEZE_PACKAGE_CONTENTS/11_local_qa_matrix/UAOS_V1301_V1500_LOCAL_QA_MATRIX.json","1233","2026-07-06T14:34:16"
"UAOS_V1301_V1500_VALIDATOR_SUMMARY.json","E:\keyboard-manager-clean\uaos-ai-factory\uaos-v1301-v1500-external-reviewer-intake-rc-freeze\09_validator_v4\UAOS_V1301_V1500_VALIDATOR_SUMMARY.json","file:///E:/keyboard-manager-clean/uaos-ai-factory/uaos-v1301-v1500-external-reviewer-intake-rc-freeze/09_validator_v4/UAOS_V1301_V1500_VALIDATOR_SUMMARY.json","616","2026-07-06T14:34:16"
"UAOS_V1301_V1500_REVIEWER_QUESTIONNAIRE.json","E:\keyboard-manager-clean\uaos-ai-factory\uaos-v1301-v1500-external-reviewer-intake-rc-freeze\08_reviewer_questionnaire\UAOS_V1301_V1500_REVIEWER_QUESTIONNAIRE.json","file:///E:/keyboard-manager-clean/uaos-ai-factory/uaos-v1301-v1500-external-reviewer-intake-rc-freeze/08_reviewer_questionnaire/UAOS_V1301_V1500_REVIEWER_QUESTIONNAIRE.json","1701","2026-07-06T14:34:04"
"UAOS_EXTERNAL_REVIEWER_INTAKE.json","E:\keyboard-manager-clean\uaos-ai-factory\uaos-v1301-v1500-external-reviewer-intake-rc-freeze\02_external_reviewer_intake\UAOS_EXTERNAL_REVIEWER_INTAKE.json","file:///E:/keyboard-manager-clean/uaos-ai-factory/uaos-v1301-v1500-external-reviewer-intake-rc-freeze/02_external_reviewer_intake/UAOS_EXTERNAL_REVIEWER_INTAKE.json","1223","2026-07-06T14:34:04"
"UAOS_V1301_V1500_CHECKPOINT_IMPORT.json","E:\keyboard-manager-clean\uaos-ai-factory\uaos-v1301-v1500-external-reviewer-intake-rc-freeze\01_checkpoint_import\UAOS_V1301_V1500_CHECKPOINT_IMPORT.json","file:///E:/keyboard-manager-clean/uaos-ai-factory/uaos-v1301-v1500-external-reviewer-intake-rc-freeze/01_checkpoint_import/UAOS_V1301_V1500_CHECKPOINT_IMPORT.json","3791","2026-07-06T14:34:04"
"UAOS_FEEDBACK_SIMULATION.json","E:\keyboard-manager-clean\uaos-ai-factory\uaos-v1301-v1500-external-reviewer-intake-rc-freeze\03_feedback_simulation\UAOS_FEEDBACK_SIMULATION.json","file:///E:/keyboard-manager-clean/uaos-ai-factory/uaos-v1301-v1500-external-reviewer-intake-rc-freeze/03_feedback_simulation/UAOS_FEEDBACK_SIMULATION.json","1866","2026-07-06T14:34:04"
"UAOS_V1301_V1500_TRACEABILITY_MATRIX.json","E:\keyboard-manager-clean\uaos-ai-factory\uaos-v1301-v1500-external-reviewer-intake-rc-freeze\07_traceability_matrix\UAOS_V1301_V1500_TRACEABILITY_MATRIX.json","file:///E:/keyboard-manager-clean/uaos-ai-factory/uaos-v1301-v1500-external-reviewer-intake-rc-freeze/07_traceability_matrix/UAOS_V1301_V1500_TRACEABILITY_MATRIX.json","2479","2026-07-06T14:34:04"
"UAOS_RC_FREEZE_HARDENING.json","E:\keyboard-manager-clean\uaos-ai-factory\uaos-v1301-v1500-external-reviewer-intake-rc-freeze\04_rc_freeze_hardening\UAOS_RC_FREEZE_HARDENING.json","file:///E:/keyboard-manager-clean/uaos-ai-factory/uaos-v1301-v1500-external-reviewer-intake-rc-freeze/04_rc_freeze_hardening/UAOS_RC_FREEZE_HARDENING.json","945","2026-07-06T14:34:04"
"UAOS_V1301_V1500_TRACEABILITY_MATRIX.json","E:\keyboard-manager-clean\uaos-ai-factory\uaos-v1301-v1500-external-reviewer-intake-rc-freeze\14_final_package\UAOS_V1301_V1500_EXTERNAL_REVIEWER_INTAKE_RC_FREEZE_PACKAGE_CONTENTS\07_traceability_matrix\UAOS_V1301_V1500_TRACEABILITY_MATRIX.json","file:///E:/keyboard-manager-clean/uaos-ai-factory/uaos-v1301-v1500-external-reviewer-intake-rc-freeze/14_final_package/UAOS_V1301_V1500_EXTERNAL_REVIEWER_INTAKE_RC_FREEZE_PACKAGE_CONTENTS/07_traceability_matrix/UAOS_V1301_V1500_TRACEABILITY_MATRIX.json","2479","2026-07-06T14:34:04"
"UAOS_EXTERNAL_REVIEWER_INTAKE.json","E:\keyboard-manager-clean\uaos-ai-factory\uaos-v1301-v1500-external-reviewer-intake-rc-freeze\14_final_package\UAOS_V1301_V1500_EXTERNAL_REVIEWER_INTAKE_RC_FREEZE_PACKAGE_CONTENTS\02_external_reviewer_intake\UAOS_EXTERNAL_REVIEWER_INTAKE.json","file:///E:/keyboard-manager-clean/uaos-ai-factory/uaos-v1301-v1500-external-reviewer-intake-rc-freeze/14_final_package/UAOS_V1301_V1500_EXTERNAL_REVIEWER_INTAKE_RC_FREEZE_PACKAGE_CONTENTS/02_external_reviewer_intake/UAOS_EXTERNAL_REVIEWER_INTAKE.json","1223","2026-07-06T14:34:04"
"UAOS_V1301_V1500_SAFETY_EVIDENCE.json","E:\keyboard-manager-clean\uaos-ai-factory\uaos-v1301-v1500-external-reviewer-intake-rc-freeze\14_final_package\UAOS_V1301_V1500_EXTERNAL_REVIEWER_INTAKE_RC_FREEZE_PACKAGE_CONTENTS\12_safety_evidence\UAOS_V1301_V1500_SAFETY_EVIDENCE.json","file:///E:/keyboard-manager-clean/uaos-ai-factory/uaos-v1301-v1500-external-reviewer-intake-rc-freeze/14_final_package/UAOS_V1301_V1500_EXTERNAL_REVIEWER_INTAKE_RC_FREEZE_PACKAGE_CONTENTS/12_safety_evidence/UAOS_V1301_V1500_SAFETY_EVIDENCE.json","262","2026-07-06T14:34:04"
"UAOS_V1301_V1500_REVIEWER_QUESTIONNAIRE.json","E:\keyboard-manager-clean\uaos-ai-factory\uaos-v1301-v1500-external-reviewer-intake-rc-freeze\14_final_package\UAOS_V1301_V1500_EXTERNAL_REVIEWER_INTAKE_RC_FREEZE_PACKAGE_CONTENTS\08_reviewer_questionnaire\UAOS_V1301_V1500_REVIEWER_QUESTIONNAIRE.json","file:///E:/keyboard-manager-clean/uaos-ai-factory/uaos-v1301-v1500-external-reviewer-intake-rc-freeze/14_final_package/UAOS_V1301_V1500_EXTERNAL_REVIEWER_INTAKE_RC_FREEZE_PACKAGE_CONTENTS/08_reviewer_questionnaire/UAOS_V1301_V1500_REVIEWER_QUESTIONNAIRE.json","1701","2026-07-06T14:34:04"
"UAOS_V1301_V1500_CHECKPOINT_IMPORT.json","E:\keyboard-manager-clean\uaos-ai-factory\uaos-v1301-v1500-external-reviewer-intake-rc-freeze\14_final_package\UAOS_V1301_V1500_EXTERNAL_REVIEWER_INTAKE_RC_FREEZE_PACKAGE_CONTENTS\01_checkpoint_import\UAOS_V1301_V1500_CHECKPOINT_IMPORT.json","file:///E:/keyboard-manager-clean/uaos-ai-factory/uaos-v1301-v1500-external-reviewer-intake-rc-freeze/14_final_package/UAOS_V1301_V1500_EXTERNAL_REVIEWER_INTAKE_RC_FREEZE_PACKAGE_CONTENTS/01_checkpoint_import/UAOS_V1301_V1500_CHECKPOINT_IMPORT.json","3791","2026-07-06T14:34:04"
"UAOS_V1301_V1500_SAFETY_EVIDENCE.json","E:\keyboard-manager-clean\uaos-ai-factory\uaos-v1301-v1500-external-reviewer-intake-rc-freeze\12_safety_evidence\UAOS_V1301_V1500_SAFETY_EVIDENCE.json","file:///E:/keyboard-manager-clean/uaos-ai-factory/uaos-v1301-v1500-external-reviewer-intake-rc-freeze/12_safety_evidence/UAOS_V1301_V1500_SAFETY_EVIDENCE.json","262","2026-07-06T14:34:04"
"UAOS_RC_FREEZE_HARDENING.json","E:\keyboard-manager-clean\uaos-ai-factory\uaos-v1301-v1500-external-reviewer-intake-rc-freeze\14_final_package\UAOS_V1301_V1500_EXTERNAL_REVIEWER_INTAKE_RC_FREEZE_PACKAGE_CONTENTS\04_rc_freeze_hardening\UAOS_RC_FREEZE_HARDENING.json","file:///E:/keyboard-manager-clean/uaos-ai-factory/uaos-v1301-v1500-external-reviewer-intake-rc-freeze/14_final_package/UAOS_V1301_V1500_EXTERNAL_REVIEWER_INTAKE_RC_FREEZE_PACKAGE_CONTENTS/04_rc_freeze_hardening/UAOS_RC_FREEZE_HARDENING.json","945","2026-07-06T14:34:04"
"UAOS_FEEDBACK_SIMULATION.json","E:\keyboard-manager-clean\uaos-ai-factory\uaos-v1301-v1500-external-reviewer-intake-rc-freeze\14_final_package\UAOS_V1301_V1500_EXTERNAL_REVIEWER_INTAKE_RC_FREEZE_PACKAGE_CONTENTS\03_feedback_simulation\UAOS_FEEDBACK_SIMULATION.json","file:///E:/keyboard-manager-clean/uaos-ai-factory/uaos-v1301-v1500-external-reviewer-intake-rc-freeze/14_final_package/UAOS_V1301_V1500_EXTERNAL_REVIEWER_INTAKE_RC_FREEZE_PACKAGE_CONTENTS/03_feedback_simulation/UAOS_FEEDBACK_SIMULATION.json","1866","2026-07-06T14:34:04"
"UAOS_V1101_V1300_PACKAGE_INSPECTOR.json","E:\keyboard-manager-clean\uaos-ai-factory\uaos-v1101-v1300-reviewer-demo-rc\13_final_package\UAOS_V1101_V1300_REVIEWER_DEMO_RC_PACKAGE_CONTENTS\09_package_inspector\UAOS_V1101_V1300_PACKAGE_INSPECTOR.json","file:///E:/keyboard-manager-clean/uaos-ai-factory/uaos-v1101-v1300-reviewer-demo-rc/13_final_package/UAOS_V1101_V1300_REVIEWER_DEMO_RC_PACKAGE_CONTENTS/09_package_inspector/UAOS_V1101_V1300_PACKAGE_INSPECTOR.json","1209","2026-07-06T14:24:49"
"UAOS_V1101_V1300_PACKAGE_INSPECTOR.json","E:\keyboard-manager-clean\uaos-ai-factory\uaos-v1101-v1300-reviewer-demo-rc\09_package_inspector\UAOS_V1101_V1300_PACKAGE_INSPECTOR.json","file:///E:/keyboard-manager-clean/uaos-ai-factory/uaos-v1101-v1300-reviewer-demo-rc/09_package_inspector/UAOS_V1101_V1300_PACKAGE_INSPECTOR.json","1209","2026-07-06T14:24:49"
"UAOS_V1101_V1300_LOCAL_QA_MATRIX.json","E:\keyboard-manager-clean\uaos-ai-factory\uaos-v1101-v1300-reviewer-demo-rc\13_final_package\UAOS_V1101_V1300_REVIEWER_DEMO_RC_PACKAGE_CONTENTS\10_local_qa_matrix\UAOS_V1101_V1300_LOCAL_QA_MATRIX.json","file:///E:/keyboard-manager-clean/uaos-ai-factory/uaos-v1101-v1300-reviewer-demo-rc/13_final_package/UAOS_V1101_V1300_REVIEWER_DEMO_RC_PACKAGE_CONTENTS/10_local_qa_matrix/UAOS_V1101_V1300_LOCAL_QA_MATRIX.json","1181","2026-07-06T14:24:47"
"UAOS_V1101_V1300_LOCAL_QA_MATRIX.json","E:\keyboard-manager-clean\uaos-ai-factory\uaos-v1101-v1300-reviewer-demo-rc\10_local_qa_matrix\UAOS_V1101_V1300_LOCAL_QA_MATRIX.json","file:///E:/keyboard-manager-clean/uaos-ai-factory/uaos-v1101-v1300-reviewer-demo-rc/10_local_qa_matrix/UAOS_V1101_V1300_LOCAL_QA_MATRIX.json","1181","2026-07-06T14:24:47"
"UAOS_V1101_V1300_VALIDATOR_SUMMARY.json","E:\keyboard-manager-clean\uaos-ai-factory\uaos-v1101-v1300-reviewer-demo-rc\08_validator_v3\UAOS_V1101_V1300_VALIDATOR_SUMMARY.json","file:///E:/keyboard-manager-clean/uaos-ai-factory/uaos-v1101-v1300-reviewer-demo-rc/08_validator_v3/UAOS_V1101_V1300_VALIDATOR_SUMMARY.json","616","2026-07-06T14:24:47"
"UAOS_V1101_V1300_VALIDATOR_SUMMARY.json","E:\keyboard-manager-clean\uaos-ai-factory\uaos-v1101-v1300-reviewer-demo-rc\13_final_package\UAOS_V1101_V1300_REVIEWER_DEMO_RC_PACKAGE_CONTENTS\08_validator_v3\UAOS_V1101_V1300_VALIDATOR_SUMMARY.json","file:///E:/keyboard-manager-clean/uaos-ai-factory/uaos-v1101-v1300-reviewer-demo-rc/13_final_package/UAOS_V1101_V1300_REVIEWER_DEMO_RC_PACKAGE_CONTENTS/08_validator_v3/UAOS_V1101_V1300_VALIDATOR_SUMMARY.json","616","2026-07-06T14:24:47"
"UAOS_DOC_FREEZE_MANIFEST.json","E:\keyboard-manager-clean\uaos-ai-factory\uaos-v1101-v1300-reviewer-demo-rc\02_documentation_freeze\UAOS_DOC_FREEZE_MANIFEST.json","file:///E:/keyboard-manager-clean/uaos-ai-factory/uaos-v1101-v1300-reviewer-demo-rc/02_documentation_freeze/UAOS_DOC_FREEZE_MANIFEST.json","927","2026-07-06T14:24:38"
"UAOS_V1101_V1300_SAFETY_EVIDENCE.json","E:\keyboard-manager-clean\uaos-ai-factory\uaos-v1101-v1300-reviewer-demo-rc\11_safety_evidence\UAOS_V1101_V1300_SAFETY_EVIDENCE.json","file:///E:/keyboard-manager-clean/uaos-ai-factory/uaos-v1101-v1300-reviewer-demo-rc/11_safety_evidence/UAOS_V1101_V1300_SAFETY_EVIDENCE.json","262","2026-07-06T14:24:38"
"UAOS_V1101_V1300_MASTER_EVIDENCE_INDEX.json","E:\keyboard-manager-clean\uaos-ai-factory\uaos-v1101-v1300-reviewer-demo-rc\06_master_evidence_index\UAOS_V1101_V1300_MASTER_EVIDENCE_INDEX.json","file:///E:/keyboard-manager-clean/uaos-ai-factory/uaos-v1101-v1300-reviewer-demo-rc/06_master_evidence_index/UAOS_V1101_V1300_MASTER_EVIDENCE_INDEX.json","1791","2026-07-06T14:24:38"
"UAOS_V1101_V1300_CHECKPOINT_IMPORT.json","E:\keyboard-manager-clean\uaos-ai-factory\uaos-v1101-v1300-reviewer-demo-rc\13_final_package\UAOS_V1101_V1300_REVIEWER_DEMO_RC_PACKAGE_CONTENTS\01_checkpoint_import\UAOS_V1101_V1300_CHECKPOINT_IMPORT.json","file:///E:/keyboard-manager-clean/uaos-ai-factory/uaos-v1101-v1300-reviewer-demo-rc/13_final_package/UAOS_V1101_V1300_REVIEWER_DEMO_RC_PACKAGE_CONTENTS/01_checkpoint_import/UAOS_V1101_V1300_CHECKPOINT_IMPORT.json","3423","2026-07-06T14:24:38"
"UAOS_V1101_V1300_MASTER_EVIDENCE_INDEX.json","E:\keyboard-manager-clean\uaos-ai-factory\uaos-v1101-v1300-reviewer-demo-rc\13_final_package\UAOS_V1101_V1300_REVIEWER_DEMO_RC_PACKAGE_CONTENTS\06_master_evidence_index\UAOS_V1101_V1300_MASTER_EVIDENCE_INDEX.json","file:///E:/keyboard-manager-clean/uaos-ai-factory/uaos-v1101-v1300-reviewer-demo-rc/13_final_package/UAOS_V1101_V1300_REVIEWER_DEMO_RC_PACKAGE_CONTENTS/06_master_evidence_index/UAOS_V1101_V1300_MASTER_EVIDENCE_INDEX.json","1791","2026-07-06T14:24:38"
"UAOS_V1101_V1300_SAFETY_EVIDENCE.json","E:\keyboard-manager-clean\uaos-ai-factory\uaos-v1101-v1300-reviewer-demo-rc\13_final_package\UAOS_V1101_V1300_REVIEWER_DEMO_RC_PACKAGE_CONTENTS\11_safety_evidence\UAOS_V1101_V1300_SAFETY_EVIDENCE.json","file:///E:/keyboard-manager-clean/uaos-ai-factory/uaos-v1101-v1300-reviewer-demo-rc/13_final_package/UAOS_V1101_V1300_REVIEWER_DEMO_RC_PACKAGE_CONTENTS/11_safety_evidence/UAOS_V1101_V1300_SAFETY_EVIDENCE.json","262","2026-07-06T14:24:38"
"UAOS_DOC_FREEZE_MANIFEST.json","E:\keyboard-manager-clean\uaos-ai-factory\uaos-v1101-v1300-reviewer-demo-rc\13_final_package\UAOS_V1101_V1300_REVIEWER_DEMO_RC_PACKAGE_CONTENTS\02_documentation_freeze\UAOS_DOC_FREEZE_MANIFEST.json","file:///E:/keyboard-manager-clean/uaos-ai-factory/uaos-v1101-v1300-reviewer-demo-rc/13_final_package/UAOS_V1101_V1300_REVIEWER_DEMO_RC_PACKAGE_CONTENTS/02_documentation_freeze/UAOS_DOC_FREEZE_MANIFEST.json","927","2026-07-06T14:24:38"
"UAOS_V1101_V1300_CHECKPOINT_IMPORT.json","E:\keyboard-manager-clean\uaos-ai-factory\uaos-v1101-v1300-reviewer-demo-rc\01_checkpoint_import\UAOS_V1101_V1300_CHECKPOINT_IMPORT.json","file:///E:/keyboard-manager-clean/uaos-ai-factory/uaos-v1101-v1300-reviewer-demo-rc/01_checkpoint_import/UAOS_V1101_V1300_CHECKPOINT_IMPORT.json","3423","2026-07-06T14:24:38"
"UAOS_V901_V1100_PACKAGE_INSPECTOR.json","E:\keyboard-manager-clean\uaos-ai-factory\uaos-v901-v1100-product-ux-offline-demo\10_package_inspector\UAOS_V901_V1100_PACKAGE_INSPECTOR.json","file:///E:/keyboard-manager-clean/uaos-ai-factory/uaos-v901-v1100-product-ux-offline-demo/10_package_inspector/UAOS_V901_V1100_PACKAGE_INSPECTOR.json","1209","2026-07-06T13:54:53"
"UAOS_V901_V1100_PACKAGE_INSPECTOR.json","E:\keyboard-manager-clean\uaos-ai-factory\uaos-v901-v1100-product-ux-offline-demo\14_final_package\UAOS_V901_V1100_PRODUCT_UX_OFFLINE_DEMO_PACKAGE_CONTENTS\10_package_inspector\UAOS_V901_V1100_PACKAGE_INSPECTOR.json","file:///E:/keyboard-manager-clean/uaos-ai-factory/uaos-v901-v1100-product-ux-offline-demo/14_final_package/UAOS_V901_V1100_PRODUCT_UX_OFFLINE_DEMO_PACKAGE_CONTENTS/10_package_inspector/UAOS_V901_V1100_PACKAGE_INSPECTOR.json","1209","2026-07-06T13:54:53"
"UAOS_V901_V1100_LOCAL_QA_MATRIX.json","E:\keyboard-manager-clean\uaos-ai-factory\uaos-v901-v1100-product-ux-offline-demo\11_local_qa_matrix\UAOS_V901_V1100_LOCAL_QA_MATRIX.json","file:///E:/keyboard-manager-clean/uaos-ai-factory/uaos-v901-v1100-product-ux-offline-demo/11_local_qa_matrix/UAOS_V901_V1100_LOCAL_QA_MATRIX.json","1087","2026-07-06T13:54:52"
"UAOS_V901_V1100_VALIDATOR_SUMMARY.json","E:\keyboard-manager-clean\uaos-ai-factory\uaos-v901-v1100-product-ux-offline-demo\09_validator_v2\UAOS_V901_V1100_VALIDATOR_SUMMARY.json","file:///E:/keyboard-manager-clean/uaos-ai-factory/uaos-v901-v1100-product-ux-offline-demo/09_validator_v2/UAOS_V901_V1100_VALIDATOR_SUMMARY.json","616","2026-07-06T13:54:52"
"UAOS_V901_V1100_VALIDATOR_SUMMARY.json","E:\keyboard-manager-clean\uaos-ai-factory\uaos-v901-v1100-product-ux-offline-demo\14_final_package\UAOS_V901_V1100_PRODUCT_UX_OFFLINE_DEMO_PACKAGE_CONTENTS\09_validator_v2\UAOS_V901_V1100_VALIDATOR_SUMMARY.json","file:///E:/keyboard-manager-clean/uaos-ai-factory/uaos-v901-v1100-product-ux-offline-demo/14_final_package/UAOS_V901_V1100_PRODUCT_UX_OFFLINE_DEMO_PACKAGE_CONTENTS/09_validator_v2/UAOS_V901_V1100_VALIDATOR_SUMMARY.json","616","2026-07-06T13:54:52"
"UAOS_V901_V1100_LOCAL_QA_MATRIX.json","E:\keyboard-manager-clean\uaos-ai-factory\uaos-v901-v1100-product-ux-offline-demo\14_final_package\UAOS_V901_V1100_PRODUCT_UX_OFFLINE_DEMO_PACKAGE_CONTENTS\11_local_qa_matrix\UAOS_V901_V1100_LOCAL_QA_MATRIX.json","file:///E:/keyboard-manager-clean/uaos-ai-factory/uaos-v901-v1100-product-ux-offline-demo/14_final_package/UAOS_V901_V1100_PRODUCT_UX_OFFLINE_DEMO_PACKAGE_CONTENTS/11_local_qa_matrix/UAOS_V901_V1100_LOCAL_QA_MATRIX.json","1087","2026-07-06T13:54:52"
"UAOS_MASTER_EVIDENCE_INDEX.json","E:\keyboard-manager-clean\uaos-ai-factory\uaos-v901-v1100-product-ux-offline-demo\06_evidence_consolidation\UAOS_MASTER_EVIDENCE_INDEX.json","file:///E:/keyboard-manager-clean/uaos-ai-factory/uaos-v901-v1100-product-ux-offline-demo/06_evidence_consolidation/UAOS_MASTER_EVIDENCE_INDEX.json","1591","2026-07-06T13:54:41"
"UAOS_V901_V1100_SAFETY_EVIDENCE.json","E:\keyboard-manager-clean\uaos-ai-factory\uaos-v901-v1100-product-ux-offline-demo\14_final_package\UAOS_V901_V1100_PRODUCT_UX_OFFLINE_DEMO_PACKAGE_CONTENTS\12_safety_evidence\UAOS_V901_V1100_SAFETY_EVIDENCE.json","file:///E:/keyboard-manager-clean/uaos-ai-factory/uaos-v901-v1100-product-ux-offline-demo/14_final_package/UAOS_V901_V1100_PRODUCT_UX_OFFLINE_DEMO_PACKAGE_CONTENTS/12_safety_evidence/UAOS_V901_V1100_SAFETY_EVIDENCE.json","262","2026-07-06T13:54:41"
"UAOS_DEMO_STATE.json","E:\keyboard-manager-clean\uaos-ai-factory\uaos-v901-v1100-product-ux-offline-demo\14_final_package\UAOS_V901_V1100_PRODUCT_UX_OFFLINE_DEMO_PACKAGE_CONTENTS\08_demo_assets\UAOS_DEMO_STATE.json","file:///E:/keyboard-manager-clean/uaos-ai-factory/uaos-v901-v1100-product-ux-offline-demo/14_final_package/UAOS_V901_V1100_PRODUCT_UX_OFFLINE_DEMO_PACKAGE_CONTENTS/08_demo_assets/UAOS_DEMO_STATE.json","1429","2026-07-06T13:54:41"
"UAOS_V901_V1100_PREVIOUS_CHECKPOINT_IMPORT.json","E:\keyboard-manager-clean\uaos-ai-factory\uaos-v901-v1100-product-ux-offline-demo\02_previous_checkpoint_import\UAOS_V901_V1100_PREVIOUS_CHECKPOINT_IMPORT.json","file:///E:/keyboard-manager-clean/uaos-ai-factory/uaos-v901-v1100-product-ux-offline-demo/02_previous_checkpoint_import/UAOS_V901_V1100_PREVIOUS_CHECKPOINT_IMPORT.json","2647","2026-07-06T13:54:41"
"UAOS_V901_V1100_AGENT_PLAN.json","E:\keyboard-manager-clean\uaos-ai-factory\uaos-v901-v1100-product-ux-offline-demo\01_agent_plan\UAOS_V901_V1100_AGENT_PLAN.json","file:///E:/keyboard-manager-clean/uaos-ai-factory/uaos-v901-v1100-product-ux-offline-demo/01_agent_plan/UAOS_V901_V1100_AGENT_PLAN.json","1121","2026-07-06T13:54:41"
"UAOS_V901_V1100_PREVIOUS_CHECKPOINT_IMPORT.json","E:\keyboard-manager-clean\uaos-ai-factory\uaos-v901-v1100-product-ux-offline-demo\14_final_package\UAOS_V901_V1100_PRODUCT_UX_OFFLINE_DEMO_PACKAGE_CONTENTS\02_previous_checkpoint_import\UAOS_V901_V1100_PREVIOUS_CHECKPOINT_IMPORT.json","file:///E:/keyboard-manager-clean/uaos-ai-factory/uaos-v901-v1100-product-ux-offline-demo/14_final_package/UAOS_V901_V1100_PRODUCT_UX_OFFLINE_DEMO_PACKAGE_CONTENTS/02_previous_checkpoint_import/UAOS_V901_V1100_PREVIOUS_CHECKPOINT_IMPORT.json","2647","2026-07-06T13:54:41"
"UAOS_PRODUCT_UX_POLISH_PLAN.json","E:\keyboard-manager-clean\uaos-ai-factory\uaos-v901-v1100-product-ux-offline-demo\14_final_package\UAOS_V901_V1100_PRODUCT_UX_OFFLINE_DEMO_PACKAGE_CONTENTS\03_product_ux_polish\UAOS_PRODUCT_UX_POLISH_PLAN.json","file:///E:/keyboard-manager-clean/uaos-ai-factory/uaos-v901-v1100-product-ux-offline-demo/14_final_package/UAOS_V901_V1100_PRODUCT_UX_OFFLINE_DEMO_PACKAGE_CONTENTS/03_product_ux_polish/UAOS_PRODUCT_UX_POLISH_PLAN.json","885","2026-07-06T13:54:41"
"UAOS_MASTER_EVIDENCE_INDEX.json","E:\keyboard-manager-clean\uaos-ai-factory\uaos-v901-v1100-product-ux-offline-demo\14_final_package\UAOS_V901_V1100_PRODUCT_UX_OFFLINE_DEMO_PACKAGE_CONTENTS\06_evidence_consolidation\UAOS_MASTER_EVIDENCE_INDEX.json","file:///E:/keyboard-manager-clean/uaos-ai-factory/uaos-v901-v1100-product-ux-offline-demo/14_final_package/UAOS_V901_V1100_PRODUCT_UX_OFFLINE_DEMO_PACKAGE_CONTENTS/06_evidence_consolidation/UAOS_MASTER_EVIDENCE_INDEX.json","1591","2026-07-06T13:54:41"
"UAOS_DEMO_STATE.json","E:\keyboard-manager-clean\uaos-ai-factory\uaos-v901-v1100-product-ux-offline-demo\08_demo_assets\UAOS_DEMO_STATE.json","file:///E:/keyboard-manager-clean/uaos-ai-factory/uaos-v901-v1100-product-ux-offline-demo/08_demo_assets/UAOS_DEMO_STATE.json","1429","2026-07-06T13:54:41"
"UAOS_V901_V1100_SAFETY_EVIDENCE.json","E:\keyboard-manager-clean\uaos-ai-factory\uaos-v901-v1100-product-ux-offline-demo\12_safety_evidence\UAOS_V901_V1100_SAFETY_EVIDENCE.json","file:///E:/keyboard-manager-clean/uaos-ai-factory/uaos-v901-v1100-product-ux-offline-demo/12_safety_evidence/UAOS_V901_V1100_SAFETY_EVIDENCE.json","262","2026-07-06T13:54:41"
"UAOS_V901_V1100_AGENT_PLAN.json","E:\keyboard-manager-clean\uaos-ai-factory\uaos-v901-v1100-product-ux-offline-demo\14_final_package\UAOS_V901_V1100_PRODUCT_UX_OFFLINE_DEMO_PACKAGE_CONTENTS\01_agent_plan\UAOS_V901_V1100_AGENT_PLAN.json","file:///E:/keyboard-manager-clean/uaos-ai-factory/uaos-v901-v1100-product-ux-offline-demo/14_final_package/UAOS_V901_V1100_PRODUCT_UX_OFFLINE_DEMO_PACKAGE_CONTENTS/01_agent_plan/UAOS_V901_V1100_AGENT_PLAN.json","1121","2026-07-06T13:54:41"
"UAOS_PRODUCT_UX_POLISH_PLAN.json","E:\keyboard-manager-clean\uaos-ai-factory\uaos-v901-v1100-product-ux-offline-demo\03_product_ux_polish\UAOS_PRODUCT_UX_POLISH_PLAN.json","file:///E:/keyboard-manager-clean/uaos-ai-factory/uaos-v901-v1100-product-ux-offline-demo/03_product_ux_polish/UAOS_PRODUCT_UX_POLISH_PLAN.json","885","2026-07-06T13:54:41"
"UAOS_V701_V900_LOCAL_QA_MATRIX.json","E:\keyboard-manager-clean\uaos-ai-factory\uaos-v701-v900-stabilization-local-qa\13_final_package\UAOS_V701_V900_STABILIZATION_PACKAGE_CONTENTS\10_local_qa_matrix\UAOS_V701_V900_LOCAL_QA_MATRIX.json","file:///E:/keyboard-manager-clean/uaos-ai-factory/uaos-v701-v900-stabilization-local-qa/13_final_package/UAOS_V701_V900_STABILIZATION_PACKAGE_CONTENTS/10_local_qa_matrix/UAOS_V701_V900_LOCAL_QA_MATRIX.json","937","2026-07-06T13:28:58"
