"name","path","file_uri","size_bytes","updated"
"UAOS_COMMERCIAL_ACTIVATION_READINESS_DASHBOARD.html","E:\keyboard-manager-clean\uaos-ai-factory\uaos-v2167-v2216-big-launch-train-09-commercial-activation-readiness\10-dashboards\UAOS_COMMERCIAL_ACTIVATION_READINESS_DASHBOARD.html","file:///E:/keyboard-manager-clean/uaos-ai-factory/uaos-v2167-v2216-big-launch-train-09-commercial-activation-readiness/10-dashboards/UAOS_COMMERCIAL_ACTIVATION_READINESS_DASHBOARD.html","1131","2026-07-08T09:58:55"
"buy-request.html","E:\keyboard-manager-clean\uaos-ai-factory\uaos-v2117-v2166-big-launch-train-08-public-candidate-assembly\04-buy-request-candidate\buy-request.html","file:///E:/keyboard-manager-clean/uaos-ai-factory/uaos-v2117-v2166-big-launch-train-08-public-candidate-assembly/04-buy-request-candidate/buy-request.html","642","2026-07-08T09:50:46"
"datenschutz.html","E:\keyboard-manager-clean\uaos-ai-factory\uaos-v2117-v2166-big-launch-train-08-public-candidate-assembly\05-legal-page-draft-slots\datenschutz.html","file:///E:/keyboard-manager-clean/uaos-ai-factory/uaos-v2117-v2166-big-launch-train-08-public-candidate-assembly/05-legal-page-draft-slots/datenschutz.html","241","2026-07-08T09:50:46"
"impressum.html","E:\keyboard-manager-clean\uaos-ai-factory\uaos-v2117-v2166-big-launch-train-08-public-candidate-assembly\05-legal-page-draft-slots\impressum.html","file:///E:/keyboard-manager-clean/uaos-ai-factory/uaos-v2117-v2166-big-launch-train-08-public-candidate-assembly/05-legal-page-draft-slots/impressum.html","250","2026-07-08T09:50:46"
"index.html","E:\keyboard-manager-clean\uaos-ai-factory\uaos-v2117-v2166-big-launch-train-08-public-candidate-assembly\01-site-candidate\index.html","file:///E:/keyboard-manager-clean/uaos-ai-factory/uaos-v2117-v2166-big-launch-train-08-public-candidate-assembly/01-site-candidate/index.html","2011","2026-07-08T09:50:46"
"products.html","E:\keyboard-manager-clean\uaos-ai-factory\uaos-v2117-v2166-big-launch-train-08-public-candidate-assembly\01-site-candidate\products.html","file:///E:/keyboard-manager-clean/uaos-ai-factory/uaos-v2117-v2166-big-launch-train-08-public-candidate-assembly/01-site-candidate/products.html","612","2026-07-08T09:50:46"
"pricing.html","E:\keyboard-manager-clean\uaos-ai-factory\uaos-v2117-v2166-big-launch-train-08-public-candidate-assembly\03-pricing-candidate\pricing.html","file:///E:/keyboard-manager-clean/uaos-ai-factory/uaos-v2117-v2166-big-launch-train-08-public-candidate-assembly/03-pricing-candidate/pricing.html","527","2026-07-08T09:50:46"
"safety-notice.html","E:\keyboard-manager-clean\uaos-ai-factory\uaos-v2117-v2166-big-launch-train-08-public-candidate-assembly\07-customer-trust-pages\safety-notice.html","file:///E:/keyboard-manager-clean/uaos-ai-factory/uaos-v2117-v2166-big-launch-train-08-public-candidate-assembly/07-customer-trust-pages/safety-notice.html","411","2026-07-08T09:50:46"
"UAOS_PUBLIC_CANDIDATE_ASSEMBLY_DASHBOARD.html","E:\keyboard-manager-clean\uaos-ai-factory\uaos-v2117-v2166-big-launch-train-08-public-candidate-assembly\10-dashboards\UAOS_PUBLIC_CANDIDATE_ASSEMBLY_DASHBOARD.html","file:///E:/keyboard-manager-clean/uaos-ai-factory/uaos-v2117-v2166-big-launch-train-08-public-candidate-assembly/10-dashboards/UAOS_PUBLIC_CANDIDATE_ASSEMBLY_DASHBOARD.html","697","2026-07-08T09:50:46"
"agb.html","E:\keyboard-manager-clean\uaos-ai-factory\uaos-v2117-v2166-big-launch-train-08-public-candidate-assembly\05-legal-page-draft-slots\agb.html","file:///E:/keyboard-manager-clean/uaos-ai-factory/uaos-v2117-v2166-big-launch-train-08-public-candidate-assembly/05-legal-page-draft-slots/agb.html","208","2026-07-08T09:50:46"
"customer-trust.html","E:\keyboard-manager-clean\uaos-ai-factory\uaos-v2117-v2166-big-launch-train-08-public-candidate-assembly\07-customer-trust-pages\customer-trust.html","file:///E:/keyboard-manager-clean/uaos-ai-factory/uaos-v2117-v2166-big-launch-train-08-public-candidate-assembly/07-customer-trust-pages/customer-trust.html","325","2026-07-08T09:50:46"
"widerruf.html","E:\keyboard-manager-clean\uaos-ai-factory\uaos-v2117-v2166-big-launch-train-08-public-candidate-assembly\05-legal-page-draft-slots\widerruf.html","file:///E:/keyboard-manager-clean/uaos-ai-factory/uaos-v2117-v2166-big-launch-train-08-public-candidate-assembly/05-legal-page-draft-slots/widerruf.html","232","2026-07-08T09:50:46"
"support.html","E:\keyboard-manager-clean\uaos-ai-factory\uaos-v2117-v2166-big-launch-train-08-public-candidate-assembly\06-support-contact-candidate\support.html","file:///E:/keyboard-manager-clean/uaos-ai-factory/uaos-v2117-v2166-big-launch-train-08-public-candidate-assembly/06-support-contact-candidate/support.html","278","2026-07-08T09:50:46"
"UAOS_LAUNCH_SUPER_PORTAL.html","E:\keyboard-manager-clean\uaos-ai-factory\uaos-v2067-v2116-big-launch-train-07-launch-super-portal\10-dashboards\UAOS_LAUNCH_SUPER_PORTAL.html","file:///E:/keyboard-manager-clean/uaos-ai-factory/uaos-v2067-v2116-big-launch-train-07-launch-super-portal/10-dashboards/UAOS_LAUNCH_SUPER_PORTAL.html","59359","2026-07-08T09:47:53"
"UAOS_V2067_V2116_MASTER_DASHBOARD.html","E:\keyboard-manager-clean\uaos-ai-factory\uaos-v2067-v2116-big-launch-train-07-launch-super-portal\10-dashboards\UAOS_V2067_V2116_MASTER_DASHBOARD.html","file:///E:/keyboard-manager-clean/uaos-ai-factory/uaos-v2067-v2116-big-launch-train-07-launch-super-portal/10-dashboards/UAOS_V2067_V2116_MASTER_DASHBOARD.html","530","2026-07-08T09:47:53"
"index.html","E:\keyboard-manager-clean\uaos-ai-factory\uaos-light-engine-v1\src\ui\v5\index.html","file:///E:/keyboard-manager-clean/uaos-ai-factory/uaos-light-engine-v1/src/ui/v5/index.html","2707","2026-07-08T09:43:12"
"UAOS_V2017_V2066_FINAL_COMMAND_CENTER.html","E:\keyboard-manager-clean\uaos-ai-factory\uaos-v2017-v2066-big-launch-train-06-final-command-center\11-dashboards\UAOS_V2017_V2066_FINAL_COMMAND_CENTER.html","file:///E:/keyboard-manager-clean/uaos-ai-factory/uaos-v2017-v2066-big-launch-train-06-final-command-center/11-dashboards/UAOS_V2017_V2066_FINAL_COMMAND_CENTER.html","1379","2026-07-08T08:12:53"
"UAOS_V2017_V2066_MASTER_DASHBOARD.html","E:\keyboard-manager-clean\uaos-ai-factory\uaos-v2017-v2066-big-launch-train-06-final-command-center\11-dashboards\UAOS_V2017_V2066_MASTER_DASHBOARD.html","file:///E:/keyboard-manager-clean/uaos-ai-factory/uaos-v2017-v2066-big-launch-train-06-final-command-center/11-dashboards/UAOS_V2017_V2066_MASTER_DASHBOARD.html","656","2026-07-08T08:12:53"
"UAOS_OPENING_DAY_DASHBOARD.html","E:\keyboard-manager-clean\uaos-ai-factory\uaos-v1967-v2016-big-launch-train-05-freeze-qa-rehearsal\03-opening-day-dashboard\UAOS_OPENING_DAY_DASHBOARD.html","file:///E:/keyboard-manager-clean/uaos-ai-factory/uaos-v1967-v2016-big-launch-train-05-freeze-qa-rehearsal/03-opening-day-dashboard/UAOS_OPENING_DAY_DASHBOARD.html","1441","2026-07-08T08:05:06"
"UAOS_V1967_V2016_MASTER_DASHBOARD.html","E:\keyboard-manager-clean\uaos-ai-factory\uaos-v1967-v2016-big-launch-train-05-freeze-qa-rehearsal\11-dashboards\UAOS_V1967_V2016_MASTER_DASHBOARD.html","file:///E:/keyboard-manager-clean/uaos-ai-factory/uaos-v1967-v2016-big-launch-train-05-freeze-qa-rehearsal/11-dashboards/UAOS_V1967_V2016_MASTER_DASHBOARD.html","603","2026-07-08T08:05:06"
"UAOS_V1917_V1966_MASTER_DASHBOARD.html","E:\keyboard-manager-clean\uaos-ai-factory\uaos-v1917-v1966-big-launch-train-04-libraries-offers-delivery\10-dashboards\UAOS_V1917_V1966_MASTER_DASHBOARD.html","file:///E:/keyboard-manager-clean/uaos-ai-factory/uaos-v1917-v1966-big-launch-train-04-libraries-offers-delivery/10-dashboards/UAOS_V1917_V1966_MASTER_DASHBOARD.html","586","2026-07-08T08:00:51"
"UAOS_V1867_V1916_MASTER_DASHBOARD.html","E:\keyboard-manager-clean\uaos-ai-factory\uaos-v1867-v1916-big-launch-train-03-legal-orders-support\10-dashboards\UAOS_V1867_V1916_MASTER_DASHBOARD.html","file:///E:/keyboard-manager-clean/uaos-ai-factory/uaos-v1867-v1916-big-launch-train-03-legal-orders-support/10-dashboards/UAOS_V1867_V1916_MASTER_DASHBOARD.html","570","2026-07-08T07:46:49"
"buy-request.html","E:\keyboard-manager-clean\uaos-ai-factory\uaos-v1817-v1866-big-launch-train-02-website-sales-products\01-sales-pages\buy-request.html","file:///E:/keyboard-manager-clean/uaos-ai-factory/uaos-v1817-v1866-big-launch-train-02-website-sales-products/01-sales-pages/buy-request.html","649","2026-07-08T07:44:38"
"index.html","E:\keyboard-manager-clean\uaos-ai-factory\uaos-v1817-v1866-big-launch-train-02-website-sales-products\00-website\index.html","file:///E:/keyboard-manager-clean/uaos-ai-factory/uaos-v1817-v1866-big-launch-train-02-website-sales-products/00-website/index.html","1499","2026-07-08T07:44:38"
"pricing.html","E:\keyboard-manager-clean\uaos-ai-factory\uaos-v1817-v1866-big-launch-train-02-website-sales-products\01-sales-pages\pricing.html","file:///E:/keyboard-manager-clean/uaos-ai-factory/uaos-v1817-v1866-big-launch-train-02-website-sales-products/01-sales-pages/pricing.html","598","2026-07-08T07:44:38"
"UAOS_V1817_V1866_MASTER_DASHBOARD.html","E:\keyboard-manager-clean\uaos-ai-factory\uaos-v1817-v1866-big-launch-train-02-website-sales-products\10-dashboards\UAOS_V1817_V1866_MASTER_DASHBOARD.html","file:///E:/keyboard-manager-clean/uaos-ai-factory/uaos-v1817-v1866-big-launch-train-02-website-sales-products/10-dashboards/UAOS_V1817_V1866_MASTER_DASHBOARD.html","515","2026-07-08T07:44:38"
"library-catalog.html","E:\keyboard-manager-clean\uaos-ai-factory\uaos-v1817-v1866-big-launch-train-02-website-sales-products\03-library-catalog-pages\library-catalog.html","file:///E:/keyboard-manager-clean/uaos-ai-factory/uaos-v1817-v1866-big-launch-train-02-website-sales-products/03-library-catalog-pages/library-catalog.html","276","2026-07-08T07:44:38"
"UAOS_V1767_V1816_MASTER_PORTAL.html","E:\keyboard-manager-clean\uaos-ai-factory\uaos-v1767-v1816-big-launch-train-01\02-master-portal\UAOS_V1767_V1816_MASTER_PORTAL.html","file:///E:/keyboard-manager-clean/uaos-ai-factory/uaos-v1767-v1816-big-launch-train-01/02-master-portal/UAOS_V1767_V1816_MASTER_PORTAL.html","1460","2026-07-08T07:40:58"
"UAOS_V1767_V1816_MASTER_DASHBOARD.html","E:\keyboard-manager-clean\uaos-ai-factory\uaos-v1767-v1816-big-launch-train-01\08-dashboards\UAOS_V1767_V1816_MASTER_DASHBOARD.html","file:///E:/keyboard-manager-clean/uaos-ai-factory/uaos-v1767-v1816-big-launch-train-01/08-dashboards/UAOS_V1767_V1816_MASTER_DASHBOARD.html","473","2026-07-08T07:40:58"
"UAOS_V1758_LOCAL_SHOWROOM_INDEX.html","E:\keyboard-manager-clean\uaos-ai-factory\uaos-v1757-v1766-safe-library-factory-mega-04\v1758-local-showroom-index\UAOS_V1758_LOCAL_SHOWROOM_INDEX.html","file:///E:/keyboard-manager-clean/uaos-ai-factory/uaos-v1757-v1766-safe-library-factory-mega-04/v1758-local-showroom-index/UAOS_V1758_LOCAL_SHOWROOM_INDEX.html","355","2026-07-08T07:24:13"
"UAOS_V1757_V1766_MASTER_DASHBOARD.html","E:\keyboard-manager-clean\uaos-ai-factory\uaos-v1757-v1766-safe-library-factory-mega-04\dashboards\UAOS_V1757_V1766_MASTER_DASHBOARD.html","file:///E:/keyboard-manager-clean/uaos-ai-factory/uaos-v1757-v1766-safe-library-factory-mega-04/dashboards/UAOS_V1757_V1766_MASTER_DASHBOARD.html","427","2026-07-08T07:24:13"
"UAOS_V1762_FINAL_CTO_DASHBOARD.html","E:\keyboard-manager-clean\uaos-ai-factory\uaos-v1757-v1766-safe-library-factory-mega-04\v1762-final-cto-dashboard\UAOS_V1762_FINAL_CTO_DASHBOARD.html","file:///E:/keyboard-manager-clean/uaos-ai-factory/uaos-v1757-v1766-safe-library-factory-mega-04/v1762-final-cto-dashboard/UAOS_V1762_FINAL_CTO_DASHBOARD.html","443","2026-07-08T07:24:13"
"UAOS_V1747_V1756_MASTER_DASHBOARD.html","E:\keyboard-manager-clean\uaos-ai-factory\uaos-v1747-v1756-safe-library-factory-mega-03\dashboards\UAOS_V1747_V1756_MASTER_DASHBOARD.html","file:///E:/keyboard-manager-clean/uaos-ai-factory/uaos-v1747-v1756-safe-library-factory-mega-03/dashboards/UAOS_V1747_V1756_MASTER_DASHBOARD.html","443","2026-07-08T07:16:45"
"UAOS_V1748_OWNER_EXPORT_VIEWER.html","E:\keyboard-manager-clean\uaos-ai-factory\uaos-v1747-v1756-safe-library-factory-mega-03\v1748-owner-export-viewer\UAOS_V1748_OWNER_EXPORT_VIEWER.html","file:///E:/keyboard-manager-clean/uaos-ai-factory/uaos-v1747-v1756-safe-library-factory-mega-03/v1748-owner-export-viewer/UAOS_V1748_OWNER_EXPORT_VIEWER.html","251","2026-07-08T07:16:45"
"UAOS_V1747_LOCAL_DEMO_HUB_POLISH.html","E:\keyboard-manager-clean\uaos-ai-factory\uaos-v1747-v1756-safe-library-factory-mega-03\v1747-local-demo-hub-polish\UAOS_V1747_LOCAL_DEMO_HUB_POLISH.html","file:///E:/keyboard-manager-clean/uaos-ai-factory/uaos-v1747-v1756-safe-library-factory-mega-03/v1747-local-demo-hub-polish/UAOS_V1747_LOCAL_DEMO_HUB_POLISH.html","336","2026-07-08T07:16:45"
"index.html","E:\keyboard-manager-clean\uaos-ai-factory\uaos-light-engine-v1\generated\v5-simple-app-20260708_094311\backup-before-v5\ui-v4\index.html","file:///E:/keyboard-manager-clean/uaos-ai-factory/uaos-light-engine-v1/generated/v5-simple-app-20260708_094311/backup-before-v5/ui-v4/index.html","3279","2026-07-08T07:07:55"
"index.html","E:\keyboard-manager-clean\uaos-ai-factory\uaos-light-engine-v1\src\ui\v4\index.html","file:///E:/keyboard-manager-clean/uaos-ai-factory/uaos-light-engine-v1/src/ui/v4/index.html","3279","2026-07-08T07:07:55"
"UAOS_V1739_EVIDENCE_GAP_DASHBOARD.html","E:\keyboard-manager-clean\uaos-ai-factory\uaos-v1737-v1746-safe-library-factory-mega-02\v1739-evidence-gap-dashboard\UAOS_V1739_EVIDENCE_GAP_DASHBOARD.html","file:///E:/keyboard-manager-clean/uaos-ai-factory/uaos-v1737-v1746-safe-library-factory-mega-02/v1739-evidence-gap-dashboard/UAOS_V1739_EVIDENCE_GAP_DASHBOARD.html","366","2026-07-08T06:50:48"
"UAOS_V1737_V1746_MASTER_DASHBOARD.html","E:\keyboard-manager-clean\uaos-ai-factory\uaos-v1737-v1746-safe-library-factory-mega-02\dashboards\UAOS_V1737_V1746_MASTER_DASHBOARD.html","file:///E:/keyboard-manager-clean/uaos-ai-factory/uaos-v1737-v1746-safe-library-factory-mega-02/dashboards/UAOS_V1737_V1746_MASTER_DASHBOARD.html","415","2026-07-08T06:50:48"
"UAOS_V1727_V1736_MASTER_DASHBOARD.html","E:\keyboard-manager-clean\uaos-ai-factory\uaos-v1727-v1736-safe-library-factory-mega-01\dashboards\UAOS_V1727_V1736_MASTER_DASHBOARD.html","file:///E:/keyboard-manager-clean/uaos-ai-factory/uaos-v1727-v1736-safe-library-factory-mega-01/dashboards/UAOS_V1727_V1736_MASTER_DASHBOARD.html","361","2026-07-08T06:26:59"
"UAOS_V1735_LOCAL_DEMO_HUB.html","E:\keyboard-manager-clean\uaos-ai-factory\uaos-v1727-v1736-safe-library-factory-mega-01\v1735-local-demo-hub\UAOS_V1735_LOCAL_DEMO_HUB.html","file:///E:/keyboard-manager-clean/uaos-ai-factory/uaos-v1727-v1736-safe-library-factory-mega-01/v1735-local-demo-hub/UAOS_V1735_LOCAL_DEMO_HUB.html","256","2026-07-08T06:26:59"
"UAOS_V1726_OWNER_DECISION_DASHBOARD.html","E:\keyboard-manager-clean\uaos-ai-factory\uaos-v1726-catalog-review-dashboard-owner-decision-workflow\dashboards\UAOS_V1726_OWNER_DECISION_DASHBOARD.html","file:///E:/keyboard-manager-clean/uaos-ai-factory/uaos-v1726-catalog-review-dashboard-owner-decision-workflow/dashboards/UAOS_V1726_OWNER_DECISION_DASHBOARD.html","1138","2026-07-08T06:03:10"
"UAOS_V1725_MASTER_DASHBOARD.html","E:\keyboard-manager-clean\uaos-ai-factory\uaos-v1725-safe-library-product-factory-without-parser\dashboards\UAOS_V1725_MASTER_DASHBOARD.html","file:///E:/keyboard-manager-clean/uaos-ai-factory/uaos-v1725-safe-library-product-factory-without-parser/dashboards/UAOS_V1725_MASTER_DASHBOARD.html","342","2026-07-08T05:34:17"
"UAOS_V1724C_MASTER_DASHBOARD.html","E:\keyboard-manager-clean\uaos-ai-factory\uaos-v1724c-multi-agent-parallel-project-factory\dashboards\UAOS_V1724C_MASTER_DASHBOARD.html","file:///E:/keyboard-manager-clean/uaos-ai-factory/uaos-v1724c-multi-agent-parallel-project-factory/dashboards/UAOS_V1724C_MASTER_DASHBOARD.html","358","2026-07-08T05:22:54"
"UAOS_V1723B_PCM_TIER_DIAGNOSIS_PORTAL.html","E:\keyboard-manager-clean\uaos-ai-factory\uaos-v1723b-readonly-pcm-tier-diagnosis-owner-override-gate\workspace\UAOS_V1723B_PCM_TIER_DIAGNOSIS_PORTAL.html","file:///E:/keyboard-manager-clean/uaos-ai-factory/uaos-v1723b-readonly-pcm-tier-diagnosis-owner-override-gate/workspace/UAOS_V1723B_PCM_TIER_DIAGNOSIS_PORTAL.html","2572","2026-07-07T21:57:50"
"UAOS_V1723_PCM_PARSER_FEASIBILITY_PORTAL.html","E:\keyboard-manager-clean\uaos-ai-factory\uaos-v1723-readonly-pcm-parser-feasibility-map\workspace\UAOS_V1723_PCM_PARSER_FEASIBILITY_PORTAL.html","file:///E:/keyboard-manager-clean/uaos-ai-factory/uaos-v1723-readonly-pcm-parser-feasibility-map/workspace/UAOS_V1723_PCM_PARSER_FEASIBILITY_PORTAL.html","2202","2026-07-07T21:06:24"
"UAOS_V1722_PCM_GROUP_REVIEW_PORTAL.html","E:\keyboard-manager-clean\uaos-ai-factory\uaos-v1722-readonly-pcm-group-review\workspace\UAOS_V1722_PCM_GROUP_REVIEW_PORTAL.html","file:///E:/keyboard-manager-clean/uaos-ai-factory/uaos-v1722-readonly-pcm-group-review/workspace/UAOS_V1722_PCM_GROUP_REVIEW_PORTAL.html","2336","2026-07-07T20:17:55"
"UAOS_V1721_KMP_PCM_RELATION_REVIEW_PORTAL.html","E:\keyboard-manager-clean\uaos-ai-factory\uaos-v1721-readonly-kmp-pcm-relation-review\workspace\UAOS_V1721_KMP_PCM_RELATION_REVIEW_PORTAL.html","file:///E:/keyboard-manager-clean/uaos-ai-factory/uaos-v1721-readonly-kmp-pcm-relation-review/workspace/UAOS_V1721_KMP_PCM_RELATION_REVIEW_PORTAL.html","2241","2026-07-07T19:08:42"
"UAOS_V1720_READONLY_KMP_STRUCTURE_INSPECTOR_PORTAL.html","E:\keyboard-manager-clean\uaos-ai-factory\uaos-v1720-readonly-kmp-structure-inspector\workspace\UAOS_V1720_READONLY_KMP_STRUCTURE_INSPECTOR_PORTAL.html","file:///E:/keyboard-manager-clean/uaos-ai-factory/uaos-v1720-readonly-kmp-structure-inspector/workspace/UAOS_V1720_READONLY_KMP_STRUCTURE_INSPECTOR_PORTAL.html","2296","2026-07-07T18:53:47"
"UAOS_V1719_KMP_KSF_SAMPLE_MAP_RESEARCH_PORTAL.html","E:\keyboard-manager-clean\uaos-ai-factory\uaos-v1719-kmp-ksf-sample-map-research\workspace\UAOS_V1719_KMP_KSF_SAMPLE_MAP_RESEARCH_PORTAL.html","file:///E:/keyboard-manager-clean/uaos-ai-factory/uaos-v1719-kmp-ksf-sample-map-research/workspace/UAOS_V1719_KMP_KSF_SAMPLE_MAP_RESEARCH_PORTAL.html","2285","2026-07-07T17:23:03"
"UAOS_V1718_REAL_SET_EXTRACTABILITY_CLASSIFIER_PORTAL.html","E:\keyboard-manager-clean\uaos-ai-factory\uaos-v1718-real-set-extractability-classifier\workspace\UAOS_V1718_REAL_SET_EXTRACTABILITY_CLASSIFIER_PORTAL.html","file:///E:/keyboard-manager-clean/uaos-ai-factory/uaos-v1718-real-set-extractability-classifier/workspace/UAOS_V1718_REAL_SET_EXTRACTABILITY_CLASSIFIER_PORTAL.html","2101","2026-07-07T16:25:41"
"index.html","E:\keyboard-manager-clean\uaos-ai-factory\uaos-light-engine-v1\src\ui\index.html","file:///E:/keyboard-manager-clean/uaos-ai-factory/uaos-light-engine-v1/src/ui/index.html","12492","2026-07-07T14:50:39"
"index.html","E:\keyboard-manager-clean\uaos-ai-factory\uaos-light-engine-v1\generated\v4-full-product-expansion-20260708_070754\BACKUP_BEFORE_V4\src\ui\index.html","file:///E:/keyboard-manager-clean/uaos-ai-factory/uaos-light-engine-v1/generated/v4-full-product-expansion-20260708_070754/BACKUP_BEFORE_V4/src/ui/index.html","12492","2026-07-07T14:50:39"
"index.html","E:\keyboard-manager-clean\uaos-ai-factory\uaos-light-engine-v1\generated\v3-hybrid-sync-pro-20260707_205236\BACKUP_BEFORE_V3\generated\v3-hybrid-sync-pro-20260707_205236\BACKUP_BEFORE_V3\src\ui\index.html","file:///E:/keyboard-manager-clean/uaos-ai-factory/uaos-light-engine-v1/generated/v3-hybrid-sync-pro-20260707_205236/BACKUP_BEFORE_V3/generated/v3-hybrid-sync-pro-20260707_205236/BACKUP_BEFORE_V3/src/ui/index.html","12492","2026-07-07T14:50:39"
"index.html","E:\keyboard-manager-clean\uaos-ai-factory\uaos-light-engine-v1\generated\v3-hybrid-sync-pro-20260707_205236\BACKUP_BEFORE_V3\src\ui\index.html","file:///E:/keyboard-manager-clean/uaos-ai-factory/uaos-light-engine-v1/generated/v3-hybrid-sync-pro-20260707_205236/BACKUP_BEFORE_V3/src/ui/index.html","12492","2026-07-07T14:50:39"
"index.html","E:\keyboard-manager-clean\uaos-ai-factory\uaos-light-engine-v1\generated\v4-full-product-expansion-20260708_070754\BACKUP_BEFORE_V4\generated\v3-hybrid-sync-pro-20260707_205236\BACKUP_BEFORE_V3\src\ui\index.html","file:///E:/keyboard-manager-clean/uaos-ai-factory/uaos-light-engine-v1/generated/v4-full-product-expansion-20260708_070754/BACKUP_BEFORE_V4/generated/v3-hybrid-sync-pro-20260707_205236/BACKUP_BEFORE_V3/src/ui/index.html","12492","2026-07-07T14:50:39"
"index.html","E:\keyboard-manager-clean\uaos-ai-factory\uaos-light-engine-v1\generated\v4-full-product-expansion-20260708_070754\BACKUP_BEFORE_V4\generated\v4-full-product-expansion-20260708_070754\BACKUP_BEFORE_V4\src\ui\index.html","file:///E:/keyboard-manager-clean/uaos-ai-factory/uaos-light-engine-v1/generated/v4-full-product-expansion-20260708_070754/BACKUP_BEFORE_V4/generated/v4-full-product-expansion-20260708_070754/BACKUP_BEFORE_V4/src/ui/index.html","12492","2026-07-07T14:50:39"
"index.html","E:\keyboard-manager-clean\uaos-ai-factory\uaos-light-engine-v23-ui-mic-fix-20260707_145039\BACKUP_BEFORE_V23\src\ui\index.html","file:///E:/keyboard-manager-clean/uaos-ai-factory/uaos-light-engine-v23-ui-mic-fix-20260707_145039/BACKUP_BEFORE_V23/src/ui/index.html","12492","2026-07-07T14:41:35"
"UAOS_V1717_OPEN_LIBRARY_INTAKE_PORTAL.html","E:\keyboard-manager-clean\uaos-ai-factory\uaos-v1717-open-library-intake\workspace\UAOS_V1717_OPEN_LIBRARY_INTAKE_PORTAL.html","file:///E:/keyboard-manager-clean/uaos-ai-factory/uaos-v1717-open-library-intake/workspace/UAOS_V1717_OPEN_LIBRARY_INTAKE_PORTAL.html","2066","2026-07-07T14:21:25"
"index.html","E:\keyboard-manager-clean\uaos-ai-factory\uaos-light-engine-v23-ui-mic-fix-20260707_144135\BACKUP_BEFORE_V23\src\ui\index.html","file:///E:/keyboard-manager-clean/uaos-ai-factory/uaos-light-engine-v23-ui-mic-fix-20260707_144135/BACKUP_BEFORE_V23/src/ui/index.html","5984","2026-07-07T14:01:50"
"index.html","E:\keyboard-manager-clean\uaos-ai-factory\uaos-light-engine-v22-zone-map-20260707_140150\BACKUP_BEFORE_V22\src\ui\index.html","file:///E:/keyboard-manager-clean/uaos-ai-factory/uaos-light-engine-v22-zone-map-20260707_140150/BACKUP_BEFORE_V22/src/ui/index.html","6055","2026-07-07T10:01:18"
"index.html","E:\keyboard-manager-clean\uaos-ai-factory\uaos-light-engine-v15-music-sense-20260707_100118\BACKUP_BEFORE_V15\src\ui\index.html","file:///E:/keyboard-manager-clean/uaos-ai-factory/uaos-light-engine-v15-music-sense-20260707_100118/BACKUP_BEFORE_V15/src/ui/index.html","4461","2026-07-07T08:48:41"
"index.html","E:\keyboard-manager-clean\uaos-ai-factory\uaos-light-engine-v15-music-sense-20260707_095953\BACKUP_BEFORE_V15\src\ui\index.html","file:///E:/keyboard-manager-clean/uaos-ai-factory/uaos-light-engine-v15-music-sense-20260707_095953/BACKUP_BEFORE_V15/src/ui/index.html","4461","2026-07-07T08:48:41"
"UAOS_V1716_GOLDEN_SET_FACTORY_PORTAL.html","E:\keyboard-manager-clean\uaos-ai-factory\uaos-v1716-golden-set-factory\workspace\UAOS_V1716_GOLDEN_SET_FACTORY_PORTAL.html","file:///E:/keyboard-manager-clean/uaos-ai-factory/uaos-v1716-golden-set-factory/workspace/UAOS_V1716_GOLDEN_SET_FACTORY_PORTAL.html","5686","2026-07-07T07:35:27"
"UAOS_V1715_OWNER_LIBRARY_WRITER_UP_PORTAL.html","E:\keyboard-manager-clean\uaos-ai-factory\uaos-v1715-real-owner-library-writer-up\workspace\UAOS_V1715_OWNER_LIBRARY_WRITER_UP_PORTAL.html","file:///E:/keyboard-manager-clean/uaos-ai-factory/uaos-v1715-real-owner-library-writer-up/workspace/UAOS_V1715_OWNER_LIBRARY_WRITER_UP_PORTAL.html","4597","2026-07-07T07:13:30"
"UAOS_V1711_OWNER_EXPERIMENTAL_WORKSPACE.html","E:\keyboard-manager-clean\uaos-ai-factory\uaos-v1711-owner-experimental-codewriter\workspace\UAOS_V1711_OWNER_EXPERIMENTAL_WORKSPACE.html","file:///E:/keyboard-manager-clean/uaos-ai-factory/uaos-v1711-owner-experimental-codewriter/workspace/UAOS_V1711_OWNER_EXPERIMENTAL_WORKSPACE.html","389769","2026-07-07T07:02:31"
"UAOS_V1711_OWNER_SITE_LINK_BLOCK.html","E:\keyboard-manager-clean\uaos-ai-factory\uaos-v1711-owner-experimental-codewriter\owner-site-integration\UAOS_V1711_OWNER_SITE_LINK_BLOCK.html","file:///E:/keyboard-manager-clean/uaos-ai-factory/uaos-v1711-owner-experimental-codewriter/owner-site-integration/UAOS_V1711_OWNER_SITE_LINK_BLOCK.html","1275","2026-07-07T07:02:31"
"UAOS_V1714_OWNER_TEST_FINAL_PORTAL.html","E:\keyboard-manager-clean\uaos-ai-factory\uaos-v1714-owner-test-ui-finalizer\workspace\UAOS_V1714_OWNER_TEST_FINAL_PORTAL.html","file:///E:/keyboard-manager-clean/uaos-ai-factory/uaos-v1714-owner-test-ui-finalizer/workspace/UAOS_V1714_OWNER_TEST_FINAL_PORTAL.html","5889","2026-07-07T05:44:13"
"UAOS_V1713_FINAL_WRITER_PORTAL.html","E:\keyboard-manager-clean\uaos-ai-factory\uaos-v1713-final-writer\workspace\UAOS_V1713_FINAL_WRITER_PORTAL.html","file:///E:/keyboard-manager-clean/uaos-ai-factory/uaos-v1713-final-writer/workspace/UAOS_V1713_FINAL_WRITER_PORTAL.html","53249","2026-07-06T23:06:42"
"UAOS_V1712_OWNER_EXPERIMENTAL_WORKSPACE.html","E:\keyboard-manager-clean\uaos-ai-factory\uaos-v1712-owner-experimental-codewriter\workspace\UAOS_V1712_OWNER_EXPERIMENTAL_WORKSPACE.html","file:///E:/keyboard-manager-clean/uaos-ai-factory/uaos-v1712-owner-experimental-codewriter/workspace/UAOS_V1712_OWNER_EXPERIMENTAL_WORKSPACE.html","391953","2026-07-06T20:25:45"
"UAOS_V1712_OWNER_SITE_LINK_BLOCK.html","E:\keyboard-manager-clean\uaos-ai-factory\uaos-v1712-owner-experimental-codewriter\owner-site-integration\UAOS_V1712_OWNER_SITE_LINK_BLOCK.html","file:///E:/keyboard-manager-clean/uaos-ai-factory/uaos-v1712-owner-experimental-codewriter/owner-site-integration/UAOS_V1712_OWNER_SITE_LINK_BLOCK.html","1267","2026-07-06T20:25:45"
"UAOS_VIRTUAL_SET_PREVIEW.html","E:\keyboard-manager-clean\uaos-ai-factory\uaos-v1705-virtual-new-set-inventory-builder\package\contents\virtual-set\07_PREVIEW\UAOS_VIRTUAL_SET_PREVIEW.html","file:///E:/keyboard-manager-clean/uaos-ai-factory/uaos-v1705-virtual-new-set-inventory-builder/package/contents/virtual-set/07_PREVIEW/UAOS_VIRTUAL_SET_PREVIEW.html","1006","2026-07-06T18:14:26"
"UAOS_VIRTUAL_NEW_SET_MENU.html","E:\keyboard-manager-clean\uaos-ai-factory\uaos-v1705-virtual-new-set-inventory-builder\virtual-set-output\UAOS_VIRTUAL_NEW_SET_KORG_PA3X_RECOVERY_BACKUP_20260619-150450_20260706_181425\00_MENU\UAOS_VIRTUAL_NEW_SET_MENU.html","file:///E:/keyboard-manager-clean/uaos-ai-factory/uaos-v1705-virtual-new-set-inventory-builder/virtual-set-output/UAOS_VIRTUAL_NEW_SET_KORG_PA3X_RECOVERY_BACKUP_20260619-150450_20260706_181425/00_MENU/UAOS_VIRTUAL_NEW_SET_MENU.html","41192","2026-07-06T18:14:26"
"UAOS_VIRTUAL_SET_PREVIEW.html","E:\keyboard-manager-clean\uaos-ai-factory\uaos-v1705-virtual-new-set-inventory-builder\virtual-set-output\UAOS_VIRTUAL_NEW_SET_KORG_PA3X_RECOVERY_BACKUP_20260619-150450_20260706_181425\07_PREVIEW\UAOS_VIRTUAL_SET_PREVIEW.html","file:///E:/keyboard-manager-clean/uaos-ai-factory/uaos-v1705-virtual-new-set-inventory-builder/virtual-set-output/UAOS_VIRTUAL_NEW_SET_KORG_PA3X_RECOVERY_BACKUP_20260619-150450_20260706_181425/07_PREVIEW/UAOS_VIRTUAL_SET_PREVIEW.html","1006","2026-07-06T18:14:26"
"UAOS_VIRTUAL_NEW_SET_MENU.html","E:\keyboard-manager-clean\uaos-ai-factory\uaos-v1705-virtual-new-set-inventory-builder\package\contents\virtual-set\00_MENU\UAOS_VIRTUAL_NEW_SET_MENU.html","file:///E:/keyboard-manager-clean/uaos-ai-factory/uaos-v1705-virtual-new-set-inventory-builder/package/contents/virtual-set/00_MENU/UAOS_VIRTUAL_NEW_SET_MENU.html","41192","2026-07-06T18:14:26"
"UAOS_V1705_VIRTUAL_SET_DASHBOARD.html","E:\keyboard-manager-clean\uaos-ai-factory\uaos-v1705-virtual-new-set-inventory-builder\dashboard\UAOS_V1705_VIRTUAL_SET_DASHBOARD.html","file:///E:/keyboard-manager-clean/uaos-ai-factory/uaos-v1705-virtual-new-set-inventory-builder/dashboard/UAOS_V1705_VIRTUAL_SET_DASHBOARD.html","2975","2026-07-06T18:14:26"
"UAOS_V1705_VIRTUAL_SET_DASHBOARD.html","E:\keyboard-manager-clean\uaos-ai-factory\uaos-v1705-virtual-new-set-inventory-builder\package\contents\dashboard\UAOS_V1705_VIRTUAL_SET_DASHBOARD.html","file:///E:/keyboard-manager-clean/uaos-ai-factory/uaos-v1705-virtual-new-set-inventory-builder/package/contents/dashboard/UAOS_V1705_VIRTUAL_SET_DASHBOARD.html","2975","2026-07-06T18:14:26"
"UAOS_LOCAL_SET_PREVIEW.html","E:\keyboard-manager-clean\uaos-ai-factory\uaos-v1704-safe-local-writer-new-set-builder\writer-output\UAOS_NEW_LOCAL_SET_KORG_PA3X_RECOVERY_BACKUP_20260619-150450_20260706_174211\06_PREVIEW\UAOS_LOCAL_SET_PREVIEW.html","file:///E:/keyboard-manager-clean/uaos-ai-factory/uaos-v1704-safe-local-writer-new-set-builder/writer-output/UAOS_NEW_LOCAL_SET_KORG_PA3X_RECOVERY_BACKUP_20260619-150450_20260706_174211/06_PREVIEW/UAOS_LOCAL_SET_PREVIEW.html","743","2026-07-06T17:42:12"
"UAOS_V1704B_SAFE_LOCAL_WRITER_DASHBOARD.html","E:\keyboard-manager-clean\uaos-ai-factory\uaos-v1704-safe-local-writer-new-set-builder\dashboard\UAOS_V1704B_SAFE_LOCAL_WRITER_DASHBOARD.html","file:///E:/keyboard-manager-clean/uaos-ai-factory/uaos-v1704-safe-local-writer-new-set-builder/dashboard/UAOS_V1704B_SAFE_LOCAL_WRITER_DASHBOARD.html","1959","2026-07-06T17:42:12"
"UAOS_NEW_LOCAL_SET_MENU.html","E:\keyboard-manager-clean\uaos-ai-factory\uaos-v1704-safe-local-writer-new-set-builder\writer-output\UAOS_NEW_LOCAL_SET_KORG_PA3X_RECOVERY_BACKUP_20260619-150450_20260706_174211\00_MENU\UAOS_NEW_LOCAL_SET_MENU.html","file:///E:/keyboard-manager-clean/uaos-ai-factory/uaos-v1704-safe-local-writer-new-set-builder/writer-output/UAOS_NEW_LOCAL_SET_KORG_PA3X_RECOVERY_BACKUP_20260619-150450_20260706_174211/00_MENU/UAOS_NEW_LOCAL_SET_MENU.html","2272","2026-07-06T17:42:12"
"index.html","E:\keyboard-manager-clean\uaos-ai-factory\uaos-v1501-v1700-final-owner-website-test-programs\final-owner-site\index.html","file:///E:/keyboard-manager-clean/uaos-ai-factory/uaos-v1501-v1700-final-owner-website-test-programs/final-owner-site/index.html","4475","2026-07-06T16:44:53"
"index.html","E:\keyboard-manager-clean\uaos-ai-factory\uaos-v1501-v1700-final-owner-website-test-programs\final-package\contents\final-owner-site\index.html","file:///E:/keyboard-manager-clean/uaos-ai-factory/uaos-v1501-v1700-final-owner-website-test-programs/final-package/contents/final-owner-site/index.html","4475","2026-07-06T16:44:53"
"UAOS_V1301_V1500_PACKAGE_INSPECTOR.html","E:\keyboard-manager-clean\uaos-ai-factory\uaos-v1301-v1500-external-reviewer-intake-rc-freeze\14_final_package\UAOS_V1301_V1500_EXTERNAL_REVIEWER_INTAKE_RC_FREEZE_PACKAGE_CONTENTS\10_package_inspector\UAOS_V1301_V1500_PACKAGE_INSPECTOR.html","file:///E:/keyboard-manager-clean/uaos-ai-factory/uaos-v1301-v1500-external-reviewer-intake-rc-freeze/14_final_package/UAOS_V1301_V1500_EXTERNAL_REVIEWER_INTAKE_RC_FREEZE_PACKAGE_CONTENTS/10_package_inspector/UAOS_V1301_V1500_PACKAGE_INSPECTOR.html","251","2026-07-06T14:34:17"
"UAOS_V1301_V1500_PACKAGE_INSPECTOR.html","E:\keyboard-manager-clean\uaos-ai-factory\uaos-v1301-v1500-external-reviewer-intake-rc-freeze\10_package_inspector\UAOS_V1301_V1500_PACKAGE_INSPECTOR.html","file:///E:/keyboard-manager-clean/uaos-ai-factory/uaos-v1301-v1500-external-reviewer-intake-rc-freeze/10_package_inspector/UAOS_V1301_V1500_PACKAGE_INSPECTOR.html","251","2026-07-06T14:34:17"
"UAOS_V1301_V1500_EXTERNAL_REVIEW_DASHBOARD.html","E:\keyboard-manager-clean\uaos-ai-factory\uaos-v1301-v1500-external-reviewer-intake-rc-freeze\14_final_package\UAOS_V1301_V1500_EXTERNAL_REVIEWER_INTAKE_RC_FREEZE_PACKAGE_CONTENTS\06_dashboard_v4\UAOS_V1301_V1500_EXTERNAL_REVIEW_DASHBOARD.html","file:///E:/keyboard-manager-clean/uaos-ai-factory/uaos-v1301-v1500-external-reviewer-intake-rc-freeze/14_final_package/UAOS_V1301_V1500_EXTERNAL_REVIEWER_INTAKE_RC_FREEZE_PACKAGE_CONTENTS/06_dashboard_v4/UAOS_V1301_V1500_EXTERNAL_REVIEW_DASHBOARD.html","1877","2026-07-06T14:34:16"
"UAOS_V1301_V1500_LOCAL_QA_MATRIX.html","E:\keyboard-manager-clean\uaos-ai-factory\uaos-v1301-v1500-external-reviewer-intake-rc-freeze\14_final_package\UAOS_V1301_V1500_EXTERNAL_REVIEWER_INTAKE_RC_FREEZE_PACKAGE_CONTENTS\11_local_qa_matrix\UAOS_V1301_V1500_LOCAL_QA_MATRIX.html","file:///E:/keyboard-manager-clean/uaos-ai-factory/uaos-v1301-v1500-external-reviewer-intake-rc-freeze/14_final_package/UAOS_V1301_V1500_EXTERNAL_REVIEWER_INTAKE_RC_FREEZE_PACKAGE_CONTENTS/11_local_qa_matrix/UAOS_V1301_V1500_LOCAL_QA_MATRIX.html","1074","2026-07-06T14:34:16"
"UAOS_V1301_V1500_VALIDATOR_SUMMARY.html","E:\keyboard-manager-clean\uaos-ai-factory\uaos-v1301-v1500-external-reviewer-intake-rc-freeze\14_final_package\UAOS_V1301_V1500_EXTERNAL_REVIEWER_INTAKE_RC_FREEZE_PACKAGE_CONTENTS\09_validator_v4\UAOS_V1301_V1500_VALIDATOR_SUMMARY.html","file:///E:/keyboard-manager-clean/uaos-ai-factory/uaos-v1301-v1500-external-reviewer-intake-rc-freeze/14_final_package/UAOS_V1301_V1500_EXTERNAL_REVIEWER_INTAKE_RC_FREEZE_PACKAGE_CONTENTS/09_validator_v4/UAOS_V1301_V1500_VALIDATOR_SUMMARY.html","228","2026-07-06T14:34:16"
"UAOS_V1301_V1500_EXTERNAL_REVIEW_DASHBOARD.html","E:\keyboard-manager-clean\uaos-ai-factory\uaos-v1301-v1500-external-reviewer-intake-rc-freeze\06_dashboard_v4\UAOS_V1301_V1500_EXTERNAL_REVIEW_DASHBOARD.html","file:///E:/keyboard-manager-clean/uaos-ai-factory/uaos-v1301-v1500-external-reviewer-intake-rc-freeze/06_dashboard_v4/UAOS_V1301_V1500_EXTERNAL_REVIEW_DASHBOARD.html","1877","2026-07-06T14:34:16"
"UAOS_V1301_V1500_VALIDATOR_SUMMARY.html","E:\keyboard-manager-clean\uaos-ai-factory\uaos-v1301-v1500-external-reviewer-intake-rc-freeze\09_validator_v4\UAOS_V1301_V1500_VALIDATOR_SUMMARY.html","file:///E:/keyboard-manager-clean/uaos-ai-factory/uaos-v1301-v1500-external-reviewer-intake-rc-freeze/09_validator_v4/UAOS_V1301_V1500_VALIDATOR_SUMMARY.html","228","2026-07-06T14:34:16"
"UAOS_V1301_V1500_LOCAL_QA_MATRIX.html","E:\keyboard-manager-clean\uaos-ai-factory\uaos-v1301-v1500-external-reviewer-intake-rc-freeze\11_local_qa_matrix\UAOS_V1301_V1500_LOCAL_QA_MATRIX.html","file:///E:/keyboard-manager-clean/uaos-ai-factory/uaos-v1301-v1500-external-reviewer-intake-rc-freeze/11_local_qa_matrix/UAOS_V1301_V1500_LOCAL_QA_MATRIX.html","1074","2026-07-06T14:34:16"
"UAOS_OWNER_SETUP_V9_HOME.html","E:\keyboard-manager-clean\uaos-ai-factory\uaos-v1301-v1500-external-reviewer-intake-rc-freeze\14_final_package\UAOS_V1301_V1500_EXTERNAL_REVIEWER_INTAKE_RC_FREEZE_PACKAGE_CONTENTS\05_owner_setup_v9\UAOS_OWNER_SETUP_V9_HOME.html","file:///E:/keyboard-manager-clean/uaos-ai-factory/uaos-v1301-v1500-external-reviewer-intake-rc-freeze/14_final_package/UAOS_V1301_V1500_EXTERNAL_REVIEWER_INTAKE_RC_FREEZE_PACKAGE_CONTENTS/05_owner_setup_v9/UAOS_OWNER_SETUP_V9_HOME.html","1981","2026-07-06T14:34:04"
"UAOS_FEEDBACK_SIMULATION.html","E:\keyboard-manager-clean\uaos-ai-factory\uaos-v1301-v1500-external-reviewer-intake-rc-freeze\14_final_package\UAOS_V1301_V1500_EXTERNAL_REVIEWER_INTAKE_RC_FREEZE_PACKAGE_CONTENTS\03_feedback_simulation\UAOS_FEEDBACK_SIMULATION.html","file:///E:/keyboard-manager-clean/uaos-ai-factory/uaos-v1301-v1500-external-reviewer-intake-rc-freeze/14_final_package/UAOS_V1301_V1500_EXTERNAL_REVIEWER_INTAKE_RC_FREEZE_PACKAGE_CONTENTS/03_feedback_simulation/UAOS_FEEDBACK_SIMULATION.html","435","2026-07-06T14:34:04"
"UAOS_RC_FREEZE_HARDENING.html","E:\keyboard-manager-clean\uaos-ai-factory\uaos-v1301-v1500-external-reviewer-intake-rc-freeze\14_final_package\UAOS_V1301_V1500_EXTERNAL_REVIEWER_INTAKE_RC_FREEZE_PACKAGE_CONTENTS\04_rc_freeze_hardening\UAOS_RC_FREEZE_HARDENING.html","file:///E:/keyboard-manager-clean/uaos-ai-factory/uaos-v1301-v1500-external-reviewer-intake-rc-freeze/14_final_package/UAOS_V1301_V1500_EXTERNAL_REVIEWER_INTAKE_RC_FREEZE_PACKAGE_CONTENTS/04_rc_freeze_hardening/UAOS_RC_FREEZE_HARDENING.html","386","2026-07-06T14:34:04"
"UAOS_FEEDBACK_SIMULATION.html","E:\keyboard-manager-clean\uaos-ai-factory\uaos-v1301-v1500-external-reviewer-intake-rc-freeze\03_feedback_simulation\UAOS_FEEDBACK_SIMULATION.html","file:///E:/keyboard-manager-clean/uaos-ai-factory/uaos-v1301-v1500-external-reviewer-intake-rc-freeze/03_feedback_simulation/UAOS_FEEDBACK_SIMULATION.html","435","2026-07-06T14:34:04"
"UAOS_V1301_V1500_SAFETY_EVIDENCE.html","E:\keyboard-manager-clean\uaos-ai-factory\uaos-v1301-v1500-external-reviewer-intake-rc-freeze\12_safety_evidence\UAOS_V1301_V1500_SAFETY_EVIDENCE.html","file:///E:/keyboard-manager-clean/uaos-ai-factory/uaos-v1301-v1500-external-reviewer-intake-rc-freeze/12_safety_evidence/UAOS_V1301_V1500_SAFETY_EVIDENCE.html","379","2026-07-06T14:34:04"
"UAOS_EXTERNAL_REVIEWER_INTAKE.html","E:\keyboard-manager-clean\uaos-ai-factory\uaos-v1301-v1500-external-reviewer-intake-rc-freeze\14_final_package\UAOS_V1301_V1500_EXTERNAL_REVIEWER_INTAKE_RC_FREEZE_PACKAGE_CONTENTS\02_external_reviewer_intake\UAOS_EXTERNAL_REVIEWER_INTAKE.html","file:///E:/keyboard-manager-clean/uaos-ai-factory/uaos-v1301-v1500-external-reviewer-intake-rc-freeze/14_final_package/UAOS_V1301_V1500_EXTERNAL_REVIEWER_INTAKE_RC_FREEZE_PACKAGE_CONTENTS/02_external_reviewer_intake/UAOS_EXTERNAL_REVIEWER_INTAKE.html","485","2026-07-06T14:34:04"
"UAOS_RC_FREEZE_HARDENING.html","E:\keyboard-manager-clean\uaos-ai-factory\uaos-v1301-v1500-external-reviewer-intake-rc-freeze\04_rc_freeze_hardening\UAOS_RC_FREEZE_HARDENING.html","file:///E:/keyboard-manager-clean/uaos-ai-factory/uaos-v1301-v1500-external-reviewer-intake-rc-freeze/04_rc_freeze_hardening/UAOS_RC_FREEZE_HARDENING.html","386","2026-07-06T14:34:04"
"UAOS_V1301_V1500_TRACEABILITY_MATRIX.html","E:\keyboard-manager-clean\uaos-ai-factory\uaos-v1301-v1500-external-reviewer-intake-rc-freeze\07_traceability_matrix\UAOS_V1301_V1500_TRACEABILITY_MATRIX.html","file:///E:/keyboard-manager-clean/uaos-ai-factory/uaos-v1301-v1500-external-reviewer-intake-rc-freeze/07_traceability_matrix/UAOS_V1301_V1500_TRACEABILITY_MATRIX.html","1112","2026-07-06T14:34:04"
"UAOS_V1301_V1500_SAFETY_EVIDENCE.html","E:\keyboard-manager-clean\uaos-ai-factory\uaos-v1301-v1500-external-reviewer-intake-rc-freeze\14_final_package\UAOS_V1301_V1500_EXTERNAL_REVIEWER_INTAKE_RC_FREEZE_PACKAGE_CONTENTS\12_safety_evidence\UAOS_V1301_V1500_SAFETY_EVIDENCE.html","file:///E:/keyboard-manager-clean/uaos-ai-factory/uaos-v1301-v1500-external-reviewer-intake-rc-freeze/14_final_package/UAOS_V1301_V1500_EXTERNAL_REVIEWER_INTAKE_RC_FREEZE_PACKAGE_CONTENTS/12_safety_evidence/UAOS_V1301_V1500_SAFETY_EVIDENCE.html","379","2026-07-06T14:34:04"
"UAOS_V1301_V1500_REVIEWER_QUESTIONNAIRE.html","E:\keyboard-manager-clean\uaos-ai-factory\uaos-v1301-v1500-external-reviewer-intake-rc-freeze\08_reviewer_questionnaire\UAOS_V1301_V1500_REVIEWER_QUESTIONNAIRE.html","file:///E:/keyboard-manager-clean/uaos-ai-factory/uaos-v1301-v1500-external-reviewer-intake-rc-freeze/08_reviewer_questionnaire/UAOS_V1301_V1500_REVIEWER_QUESTIONNAIRE.html","665","2026-07-06T14:34:04"
"UAOS_V1301_V1500_TRACEABILITY_MATRIX.html","E:\keyboard-manager-clean\uaos-ai-factory\uaos-v1301-v1500-external-reviewer-intake-rc-freeze\14_final_package\UAOS_V1301_V1500_EXTERNAL_REVIEWER_INTAKE_RC_FREEZE_PACKAGE_CONTENTS\07_traceability_matrix\UAOS_V1301_V1500_TRACEABILITY_MATRIX.html","file:///E:/keyboard-manager-clean/uaos-ai-factory/uaos-v1301-v1500-external-reviewer-intake-rc-freeze/14_final_package/UAOS_V1301_V1500_EXTERNAL_REVIEWER_INTAKE_RC_FREEZE_PACKAGE_CONTENTS/07_traceability_matrix/UAOS_V1301_V1500_TRACEABILITY_MATRIX.html","1112","2026-07-06T14:34:04"
"UAOS_V1301_V1500_REVIEWER_QUESTIONNAIRE.html","E:\keyboard-manager-clean\uaos-ai-factory\uaos-v1301-v1500-external-reviewer-intake-rc-freeze\14_final_package\UAOS_V1301_V1500_EXTERNAL_REVIEWER_INTAKE_RC_FREEZE_PACKAGE_CONTENTS\08_reviewer_questionnaire\UAOS_V1301_V1500_REVIEWER_QUESTIONNAIRE.html","file:///E:/keyboard-manager-clean/uaos-ai-factory/uaos-v1301-v1500-external-reviewer-intake-rc-freeze/14_final_package/UAOS_V1301_V1500_EXTERNAL_REVIEWER_INTAKE_RC_FREEZE_PACKAGE_CONTENTS/08_reviewer_questionnaire/UAOS_V1301_V1500_REVIEWER_QUESTIONNAIRE.html","665","2026-07-06T14:34:04"
"UAOS_OWNER_SETUP_V9_HOME.html","E:\keyboard-manager-clean\uaos-ai-factory\uaos-v1301-v1500-external-reviewer-intake-rc-freeze\05_owner_setup_v9\UAOS_OWNER_SETUP_V9_HOME.html","file:///E:/keyboard-manager-clean/uaos-ai-factory/uaos-v1301-v1500-external-reviewer-intake-rc-freeze/05_owner_setup_v9/UAOS_OWNER_SETUP_V9_HOME.html","1981","2026-07-06T14:34:04"
"UAOS_EXTERNAL_REVIEWER_INTAKE.html","E:\keyboard-manager-clean\uaos-ai-factory\uaos-v1301-v1500-external-reviewer-intake-rc-freeze\02_external_reviewer_intake\UAOS_EXTERNAL_REVIEWER_INTAKE.html","file:///E:/keyboard-manager-clean/uaos-ai-factory/uaos-v1301-v1500-external-reviewer-intake-rc-freeze/02_external_reviewer_intake/UAOS_EXTERNAL_REVIEWER_INTAKE.html","485","2026-07-06T14:34:04"
"UAOS_V1101_V1300_PACKAGE_INSPECTOR.html","E:\keyboard-manager-clean\uaos-ai-factory\uaos-v1101-v1300-reviewer-demo-rc\13_final_package\UAOS_V1101_V1300_REVIEWER_DEMO_RC_PACKAGE_CONTENTS\09_package_inspector\UAOS_V1101_V1300_PACKAGE_INSPECTOR.html","file:///E:/keyboard-manager-clean/uaos-ai-factory/uaos-v1101-v1300-reviewer-demo-rc/13_final_package/UAOS_V1101_V1300_REVIEWER_DEMO_RC_PACKAGE_CONTENTS/09_package_inspector/UAOS_V1101_V1300_PACKAGE_INSPECTOR.html","251","2026-07-06T14:24:49"
"UAOS_V1101_V1300_PACKAGE_INSPECTOR.html","E:\keyboard-manager-clean\uaos-ai-factory\uaos-v1101-v1300-reviewer-demo-rc\09_package_inspector\UAOS_V1101_V1300_PACKAGE_INSPECTOR.html","file:///E:/keyboard-manager-clean/uaos-ai-factory/uaos-v1101-v1300-reviewer-demo-rc/09_package_inspector/UAOS_V1101_V1300_PACKAGE_INSPECTOR.html","251","2026-07-06T14:24:49"
"UAOS_V1101_V1300_VALIDATOR_SUMMARY.html","E:\keyboard-manager-clean\uaos-ai-factory\uaos-v1101-v1300-reviewer-demo-rc\08_validator_v3\UAOS_V1101_V1300_VALIDATOR_SUMMARY.html","file:///E:/keyboard-manager-clean/uaos-ai-factory/uaos-v1101-v1300-reviewer-demo-rc/08_validator_v3/UAOS_V1101_V1300_VALIDATOR_SUMMARY.html","228","2026-07-06T14:24:47"
"UAOS_V1101_V1300_REVIEWER_DEMO_DASHBOARD.html","E:\keyboard-manager-clean\uaos-ai-factory\uaos-v1101-v1300-reviewer-demo-rc\13_final_package\UAOS_V1101_V1300_REVIEWER_DEMO_RC_PACKAGE_CONTENTS\05_dashboard_v3\UAOS_V1101_V1300_REVIEWER_DEMO_DASHBOARD.html","file:///E:/keyboard-manager-clean/uaos-ai-factory/uaos-v1101-v1300-reviewer-demo-rc/13_final_package/UAOS_V1101_V1300_REVIEWER_DEMO_RC_PACKAGE_CONTENTS/05_dashboard_v3/UAOS_V1101_V1300_REVIEWER_DEMO_DASHBOARD.html","1743","2026-07-06T14:24:47"
"UAOS_V1101_V1300_LOCAL_QA_MATRIX.html","E:\keyboard-manager-clean\uaos-ai-factory\uaos-v1101-v1300-reviewer-demo-rc\10_local_qa_matrix\UAOS_V1101_V1300_LOCAL_QA_MATRIX.html","file:///E:/keyboard-manager-clean/uaos-ai-factory/uaos-v1101-v1300-reviewer-demo-rc/10_local_qa_matrix/UAOS_V1101_V1300_LOCAL_QA_MATRIX.html","1013","2026-07-06T14:24:47"
"UAOS_V1101_V1300_LOCAL_QA_MATRIX.html","E:\keyboard-manager-clean\uaos-ai-factory\uaos-v1101-v1300-reviewer-demo-rc\13_final_package\UAOS_V1101_V1300_REVIEWER_DEMO_RC_PACKAGE_CONTENTS\10_local_qa_matrix\UAOS_V1101_V1300_LOCAL_QA_MATRIX.html","file:///E:/keyboard-manager-clean/uaos-ai-factory/uaos-v1101-v1300-reviewer-demo-rc/13_final_package/UAOS_V1101_V1300_REVIEWER_DEMO_RC_PACKAGE_CONTENTS/10_local_qa_matrix/UAOS_V1101_V1300_LOCAL_QA_MATRIX.html","1013","2026-07-06T14:24:47"
"UAOS_V1101_V1300_REVIEWER_DEMO_DASHBOARD.html","E:\keyboard-manager-clean\uaos-ai-factory\uaos-v1101-v1300-reviewer-demo-rc\05_dashboard_v3\UAOS_V1101_V1300_REVIEWER_DEMO_DASHBOARD.html","file:///E:/keyboard-manager-clean/uaos-ai-factory/uaos-v1101-v1300-reviewer-demo-rc/05_dashboard_v3/UAOS_V1101_V1300_REVIEWER_DEMO_DASHBOARD.html","1743","2026-07-06T14:24:47"
"UAOS_V1101_V1300_VALIDATOR_SUMMARY.html","E:\keyboard-manager-clean\uaos-ai-factory\uaos-v1101-v1300-reviewer-demo-rc\13_final_package\UAOS_V1101_V1300_REVIEWER_DEMO_RC_PACKAGE_CONTENTS\08_validator_v3\UAOS_V1101_V1300_VALIDATOR_SUMMARY.html","file:///E:/keyboard-manager-clean/uaos-ai-factory/uaos-v1101-v1300-reviewer-demo-rc/13_final_package/UAOS_V1101_V1300_REVIEWER_DEMO_RC_PACKAGE_CONTENTS/08_validator_v3/UAOS_V1101_V1300_VALIDATOR_SUMMARY.html","228","2026-07-06T14:24:47"
"UAOS_V1101_V1300_SAFETY_EVIDENCE.html","E:\keyboard-manager-clean\uaos-ai-factory\uaos-v1101-v1300-reviewer-demo-rc\13_final_package\UAOS_V1101_V1300_REVIEWER_DEMO_RC_PACKAGE_CONTENTS\11_safety_evidence\UAOS_V1101_V1300_SAFETY_EVIDENCE.html","file:///E:/keyboard-manager-clean/uaos-ai-factory/uaos-v1101-v1300-reviewer-demo-rc/13_final_package/UAOS_V1101_V1300_REVIEWER_DEMO_RC_PACKAGE_CONTENTS/11_safety_evidence/UAOS_V1101_V1300_SAFETY_EVIDENCE.html","379","2026-07-06T14:24:38"
"UAOS_V1101_V1300_MASTER_EVIDENCE_INDEX.html","E:\keyboard-manager-clean\uaos-ai-factory\uaos-v1101-v1300-reviewer-demo-rc\13_final_package\UAOS_V1101_V1300_REVIEWER_DEMO_RC_PACKAGE_CONTENTS\06_master_evidence_index\UAOS_V1101_V1300_MASTER_EVIDENCE_INDEX.html","file:///E:/keyboard-manager-clean/uaos-ai-factory/uaos-v1101-v1300-reviewer-demo-rc/13_final_package/UAOS_V1101_V1300_REVIEWER_DEMO_RC_PACKAGE_CONTENTS/06_master_evidence_index/UAOS_V1101_V1300_MASTER_EVIDENCE_INDEX.html","478","2026-07-06T14:24:38"
"UAOS_V1101_V1300_DEMO_WALKTHROUGH.html","E:\keyboard-manager-clean\uaos-ai-factory\uaos-v1101-v1300-reviewer-demo-rc\13_final_package\UAOS_V1101_V1300_REVIEWER_DEMO_RC_PACKAGE_CONTENTS\07_demo_walkthrough\UAOS_V1101_V1300_DEMO_WALKTHROUGH.html","file:///E:/keyboard-manager-clean/uaos-ai-factory/uaos-v1101-v1300-reviewer-demo-rc/13_final_package/UAOS_V1101_V1300_REVIEWER_DEMO_RC_PACKAGE_CONTENTS/07_demo_walkthrough/UAOS_V1101_V1300_DEMO_WALKTHROUGH.html","478","2026-07-06T14:24:38"
"UAOS_V1101_V1300_MASTER_EVIDENCE_INDEX.html","E:\keyboard-manager-clean\uaos-ai-factory\uaos-v1101-v1300-reviewer-demo-rc\06_master_evidence_index\UAOS_V1101_V1300_MASTER_EVIDENCE_INDEX.html","file:///E:/keyboard-manager-clean/uaos-ai-factory/uaos-v1101-v1300-reviewer-demo-rc/06_master_evidence_index/UAOS_V1101_V1300_MASTER_EVIDENCE_INDEX.html","478","2026-07-06T14:24:38"
"UAOS_OWNER_SETUP_V8_HOME.html","E:\keyboard-manager-clean\uaos-ai-factory\uaos-v1101-v1300-reviewer-demo-rc\04_owner_setup_v8\UAOS_OWNER_SETUP_V8_HOME.html","file:///E:/keyboard-manager-clean/uaos-ai-factory/uaos-v1101-v1300-reviewer-demo-rc/04_owner_setup_v8/UAOS_OWNER_SETUP_V8_HOME.html","1817","2026-07-06T14:24:38"
"UAOS_REVIEWER_DEMO_RC_INDEX.html","E:\keyboard-manager-clean\uaos-ai-factory\uaos-v1101-v1300-reviewer-demo-rc\03_reviewer_demo_rc\UAOS_REVIEWER_DEMO_RC_INDEX.html","file:///E:/keyboard-manager-clean/uaos-ai-factory/uaos-v1101-v1300-reviewer-demo-rc/03_reviewer_demo_rc/UAOS_REVIEWER_DEMO_RC_INDEX.html","1458","2026-07-06T14:24:38"
"UAOS_V1101_V1300_DEMO_WALKTHROUGH.html","E:\keyboard-manager-clean\uaos-ai-factory\uaos-v1101-v1300-reviewer-demo-rc\07_demo_walkthrough\UAOS_V1101_V1300_DEMO_WALKTHROUGH.html","file:///E:/keyboard-manager-clean/uaos-ai-factory/uaos-v1101-v1300-reviewer-demo-rc/07_demo_walkthrough/UAOS_V1101_V1300_DEMO_WALKTHROUGH.html","478","2026-07-06T14:24:38"
"UAOS_OWNER_SETUP_V8_HOME.html","E:\keyboard-manager-clean\uaos-ai-factory\uaos-v1101-v1300-reviewer-demo-rc\13_final_package\UAOS_V1101_V1300_REVIEWER_DEMO_RC_PACKAGE_CONTENTS\04_owner_setup_v8\UAOS_OWNER_SETUP_V8_HOME.html","file:///E:/keyboard-manager-clean/uaos-ai-factory/uaos-v1101-v1300-reviewer-demo-rc/13_final_package/UAOS_V1101_V1300_REVIEWER_DEMO_RC_PACKAGE_CONTENTS/04_owner_setup_v8/UAOS_OWNER_SETUP_V8_HOME.html","1817","2026-07-06T14:24:38"
"UAOS_REVIEWER_DEMO_RC_INDEX.html","E:\keyboard-manager-clean\uaos-ai-factory\uaos-v1101-v1300-reviewer-demo-rc\13_final_package\UAOS_V1101_V1300_REVIEWER_DEMO_RC_PACKAGE_CONTENTS\03_reviewer_demo_rc\UAOS_REVIEWER_DEMO_RC_INDEX.html","file:///E:/keyboard-manager-clean/uaos-ai-factory/uaos-v1101-v1300-reviewer-demo-rc/13_final_package/UAOS_V1101_V1300_REVIEWER_DEMO_RC_PACKAGE_CONTENTS/03_reviewer_demo_rc/UAOS_REVIEWER_DEMO_RC_INDEX.html","1458","2026-07-06T14:24:38"
"UAOS_V1101_V1300_SAFETY_EVIDENCE.html","E:\keyboard-manager-clean\uaos-ai-factory\uaos-v1101-v1300-reviewer-demo-rc\11_safety_evidence\UAOS_V1101_V1300_SAFETY_EVIDENCE.html","file:///E:/keyboard-manager-clean/uaos-ai-factory/uaos-v1101-v1300-reviewer-demo-rc/11_safety_evidence/UAOS_V1101_V1300_SAFETY_EVIDENCE.html","379","2026-07-06T14:24:38"
"UAOS_V901_V1100_PACKAGE_INSPECTOR.html","E:\keyboard-manager-clean\uaos-ai-factory\uaos-v901-v1100-product-ux-offline-demo\14_final_package\UAOS_V901_V1100_PRODUCT_UX_OFFLINE_DEMO_PACKAGE_CONTENTS\10_package_inspector\UAOS_V901_V1100_PACKAGE_INSPECTOR.html","file:///E:/keyboard-manager-clean/uaos-ai-factory/uaos-v901-v1100-product-ux-offline-demo/14_final_package/UAOS_V901_V1100_PRODUCT_UX_OFFLINE_DEMO_PACKAGE_CONTENTS/10_package_inspector/UAOS_V901_V1100_PACKAGE_INSPECTOR.html","252","2026-07-06T13:54:53"
"UAOS_V901_V1100_PACKAGE_INSPECTOR.html","E:\keyboard-manager-clean\uaos-ai-factory\uaos-v901-v1100-product-ux-offline-demo\10_package_inspector\UAOS_V901_V1100_PACKAGE_INSPECTOR.html","file:///E:/keyboard-manager-clean/uaos-ai-factory/uaos-v901-v1100-product-ux-offline-demo/10_package_inspector/UAOS_V901_V1100_PACKAGE_INSPECTOR.html","252","2026-07-06T13:54:53"
"UAOS_V901_V1100_LOCAL_QA_MATRIX.html","E:\keyboard-manager-clean\uaos-ai-factory\uaos-v901-v1100-product-ux-offline-demo\11_local_qa_matrix\UAOS_V901_V1100_LOCAL_QA_MATRIX.html","file:///E:/keyboard-manager-clean/uaos-ai-factory/uaos-v901-v1100-product-ux-offline-demo/11_local_qa_matrix/UAOS_V901_V1100_LOCAL_QA_MATRIX.html","900","2026-07-06T13:54:52"
"UAOS_V901_V1100_LOCAL_QA_MATRIX.html","E:\keyboard-manager-clean\uaos-ai-factory\uaos-v901-v1100-product-ux-offline-demo\14_final_package\UAOS_V901_V1100_PRODUCT_UX_OFFLINE_DEMO_PACKAGE_CONTENTS\11_local_qa_matrix\UAOS_V901_V1100_LOCAL_QA_MATRIX.html","file:///E:/keyboard-manager-clean/uaos-ai-factory/uaos-v901-v1100-product-ux-offline-demo/14_final_package/UAOS_V901_V1100_PRODUCT_UX_OFFLINE_DEMO_PACKAGE_CONTENTS/11_local_qa_matrix/UAOS_V901_V1100_LOCAL_QA_MATRIX.html","900","2026-07-06T13:54:52"
"UAOS_V901_V1100_VALIDATOR_SUMMARY.html","E:\keyboard-manager-clean\uaos-ai-factory\uaos-v901-v1100-product-ux-offline-demo\09_validator_v2\UAOS_V901_V1100_VALIDATOR_SUMMARY.html","file:///E:/keyboard-manager-clean/uaos-ai-factory/uaos-v901-v1100-product-ux-offline-demo/09_validator_v2/UAOS_V901_V1100_VALIDATOR_SUMMARY.html","226","2026-07-06T13:54:52"
"UAOS_V901_V1100_VALIDATOR_SUMMARY.html","E:\keyboard-manager-clean\uaos-ai-factory\uaos-v901-v1100-product-ux-offline-demo\14_final_package\UAOS_V901_V1100_PRODUCT_UX_OFFLINE_DEMO_PACKAGE_CONTENTS\09_validator_v2\UAOS_V901_V1100_VALIDATOR_SUMMARY.html","file:///E:/keyboard-manager-clean/uaos-ai-factory/uaos-v901-v1100-product-ux-offline-demo/14_final_package/UAOS_V901_V1100_PRODUCT_UX_OFFLINE_DEMO_PACKAGE_CONTENTS/09_validator_v2/UAOS_V901_V1100_VALIDATOR_SUMMARY.html","226","2026-07-06T13:54:52"
"UAOS_V901_V1100_PRODUCT_UX_DASHBOARD.html","E:\keyboard-manager-clean\uaos-ai-factory\uaos-v901-v1100-product-ux-offline-demo\14_final_package\UAOS_V901_V1100_PRODUCT_UX_OFFLINE_DEMO_PACKAGE_CONTENTS\05_dashboard_v2\UAOS_V901_V1100_PRODUCT_UX_DASHBOARD.html","file:///E:/keyboard-manager-clean/uaos-ai-factory/uaos-v901-v1100-product-ux-offline-demo/14_final_package/UAOS_V901_V1100_PRODUCT_UX_OFFLINE_DEMO_PACKAGE_CONTENTS/05_dashboard_v2/UAOS_V901_V1100_PRODUCT_UX_DASHBOARD.html","1621","2026-07-06T13:54:52"
"UAOS_V901_V1100_PRODUCT_UX_DASHBOARD.html","E:\keyboard-manager-clean\uaos-ai-factory\uaos-v901-v1100-product-ux-offline-demo\05_dashboard_v2\UAOS_V901_V1100_PRODUCT_UX_DASHBOARD.html","file:///E:/keyboard-manager-clean/uaos-ai-factory/uaos-v901-v1100-product-ux-offline-demo/05_dashboard_v2/UAOS_V901_V1100_PRODUCT_UX_DASHBOARD.html","1621","2026-07-06T13:54:52"
"UAOS_OFFLINE_DEMO_INDEX.html","E:\keyboard-manager-clean\uaos-ai-factory\uaos-v901-v1100-product-ux-offline-demo\07_offline_demo_pack\UAOS_OFFLINE_DEMO_INDEX.html","file:///E:/keyboard-manager-clean/uaos-ai-factory/uaos-v901-v1100-product-ux-offline-demo/07_offline_demo_pack/UAOS_OFFLINE_DEMO_INDEX.html","1145","2026-07-06T13:54:41"
"UAOS_DEMO_ASSET_INDEX.html","E:\keyboard-manager-clean\uaos-ai-factory\uaos-v901-v1100-product-ux-offline-demo\08_demo_assets\UAOS_DEMO_ASSET_INDEX.html","file:///E:/keyboard-manager-clean/uaos-ai-factory/uaos-v901-v1100-product-ux-offline-demo/08_demo_assets/UAOS_DEMO_ASSET_INDEX.html","345","2026-07-06T13:54:41"
"UAOS_MASTER_EVIDENCE_INDEX.html","E:\keyboard-manager-clean\uaos-ai-factory\uaos-v901-v1100-product-ux-offline-demo\06_evidence_consolidation\UAOS_MASTER_EVIDENCE_INDEX.html","file:///E:/keyboard-manager-clean/uaos-ai-factory/uaos-v901-v1100-product-ux-offline-demo/06_evidence_consolidation/UAOS_MASTER_EVIDENCE_INDEX.html","419","2026-07-06T13:54:41"
"UAOS_OWNER_SETUP_V7_HOME.html","E:\keyboard-manager-clean\uaos-ai-factory\uaos-v901-v1100-product-ux-offline-demo\04_owner_setup_v7\UAOS_OWNER_SETUP_V7_HOME.html","file:///E:/keyboard-manager-clean/uaos-ai-factory/uaos-v901-v1100-product-ux-offline-demo/04_owner_setup_v7/UAOS_OWNER_SETUP_V7_HOME.html","1680","2026-07-06T13:54:41"
"UAOS_DEMO_ASSET_INDEX.html","E:\keyboard-manager-clean\uaos-ai-factory\uaos-v901-v1100-product-ux-offline-demo\14_final_package\UAOS_V901_V1100_PRODUCT_UX_OFFLINE_DEMO_PACKAGE_CONTENTS\08_demo_assets\UAOS_DEMO_ASSET_INDEX.html","file:///E:/keyboard-manager-clean/uaos-ai-factory/uaos-v901-v1100-product-ux-offline-demo/14_final_package/UAOS_V901_V1100_PRODUCT_UX_OFFLINE_DEMO_PACKAGE_CONTENTS/08_demo_assets/UAOS_DEMO_ASSET_INDEX.html","345","2026-07-06T13:54:41"
"UAOS_MASTER_EVIDENCE_INDEX.html","E:\keyboard-manager-clean\uaos-ai-factory\uaos-v901-v1100-product-ux-offline-demo\14_final_package\UAOS_V901_V1100_PRODUCT_UX_OFFLINE_DEMO_PACKAGE_CONTENTS\06_evidence_consolidation\UAOS_MASTER_EVIDENCE_INDEX.html","file:///E:/keyboard-manager-clean/uaos-ai-factory/uaos-v901-v1100-product-ux-offline-demo/14_final_package/UAOS_V901_V1100_PRODUCT_UX_OFFLINE_DEMO_PACKAGE_CONTENTS/06_evidence_consolidation/UAOS_MASTER_EVIDENCE_INDEX.html","419","2026-07-06T13:54:41"
"UAOS_OFFLINE_DEMO_INDEX.html","E:\keyboard-manager-clean\uaos-ai-factory\uaos-v901-v1100-product-ux-offline-demo\14_final_package\UAOS_V901_V1100_PRODUCT_UX_OFFLINE_DEMO_PACKAGE_CONTENTS\07_offline_demo_pack\UAOS_OFFLINE_DEMO_INDEX.html","file:///E:/keyboard-manager-clean/uaos-ai-factory/uaos-v901-v1100-product-ux-offline-demo/14_final_package/UAOS_V901_V1100_PRODUCT_UX_OFFLINE_DEMO_PACKAGE_CONTENTS/07_offline_demo_pack/UAOS_OFFLINE_DEMO_INDEX.html","1145","2026-07-06T13:54:41"
"UAOS_V901_V1100_SAFETY_EVIDENCE.html","E:\keyboard-manager-clean\uaos-ai-factory\uaos-v901-v1100-product-ux-offline-demo\14_final_package\UAOS_V901_V1100_PRODUCT_UX_OFFLINE_DEMO_PACKAGE_CONTENTS\12_safety_evidence\UAOS_V901_V1100_SAFETY_EVIDENCE.html","file:///E:/keyboard-manager-clean/uaos-ai-factory/uaos-v901-v1100-product-ux-offline-demo/14_final_package/UAOS_V901_V1100_PRODUCT_UX_OFFLINE_DEMO_PACKAGE_CONTENTS/12_safety_evidence/UAOS_V901_V1100_SAFETY_EVIDENCE.html","378","2026-07-06T13:54:41"
"UAOS_V901_V1100_SAFETY_EVIDENCE.html","E:\keyboard-manager-clean\uaos-ai-factory\uaos-v901-v1100-product-ux-offline-demo\12_safety_evidence\UAOS_V901_V1100_SAFETY_EVIDENCE.html","file:///E:/keyboard-manager-clean/uaos-ai-factory/uaos-v901-v1100-product-ux-offline-demo/12_safety_evidence/UAOS_V901_V1100_SAFETY_EVIDENCE.html","378","2026-07-06T13:54:41"
"UAOS_OWNER_SETUP_V7_HOME.html","E:\keyboard-manager-clean\uaos-ai-factory\uaos-v901-v1100-product-ux-offline-demo\14_final_package\UAOS_V901_V1100_PRODUCT_UX_OFFLINE_DEMO_PACKAGE_CONTENTS\04_owner_setup_v7\UAOS_OWNER_SETUP_V7_HOME.html","file:///E:/keyboard-manager-clean/uaos-ai-factory/uaos-v901-v1100-product-ux-offline-demo/14_final_package/UAOS_V901_V1100_PRODUCT_UX_OFFLINE_DEMO_PACKAGE_CONTENTS/04_owner_setup_v7/UAOS_OWNER_SETUP_V7_HOME.html","1680","2026-07-06T13:54:41"
"UAOS_V701_V900_STABILIZATION_DASHBOARD.html","E:\keyboard-manager-clean\uaos-ai-factory\uaos-v701-v900-stabilization-local-qa\05_dashboard_stabilization\UAOS_V701_V900_STABILIZATION_DASHBOARD.html","file:///E:/keyboard-manager-clean/uaos-ai-factory/uaos-v701-v900-stabilization-local-qa/05_dashboard_stabilization/UAOS_V701_V900_STABILIZATION_DASHBOARD.html","1221","2026-07-06T13:28:58"
"UAOS_V701_V900_STABILIZATION_DASHBOARD.html","E:\keyboard-manager-clean\uaos-ai-factory\uaos-v701-v900-stabilization-local-qa\13_final_package\UAOS_V701_V900_STABILIZATION_PACKAGE_CONTENTS\05_dashboard_stabilization\UAOS_V701_V900_STABILIZATION_DASHBOARD.html","file:///E:/keyboard-manager-clean/uaos-ai-factory/uaos-v701-v900-stabilization-local-qa/13_final_package/UAOS_V701_V900_STABILIZATION_PACKAGE_CONTENTS/05_dashboard_stabilization/UAOS_V701_V900_STABILIZATION_DASHBOARD.html","1221","2026-07-06T13:28:58"
"UAOS_V701_V900_LOCAL_QA_MATRIX.html","E:\keyboard-manager-clean\uaos-ai-factory\uaos-v701-v900-stabilization-local-qa\13_final_package\UAOS_V701_V900_STABILIZATION_PACKAGE_CONTENTS\10_local_qa_matrix\UAOS_V701_V900_LOCAL_QA_MATRIX.html","file:///E:/keyboard-manager-clean/uaos-ai-factory/uaos-v701-v900-stabilization-local-qa/13_final_package/UAOS_V701_V900_STABILIZATION_PACKAGE_CONTENTS/10_local_qa_matrix/UAOS_V701_V900_LOCAL_QA_MATRIX.html","722","2026-07-06T13:28:58"
"UAOS_V701_V900_LOCAL_QA_MATRIX.html","E:\keyboard-manager-clean\uaos-ai-factory\uaos-v701-v900-stabilization-local-qa\10_local_qa_matrix\UAOS_V701_V900_LOCAL_QA_MATRIX.html","file:///E:/keyboard-manager-clean/uaos-ai-factory/uaos-v701-v900-stabilization-local-qa/10_local_qa_matrix/UAOS_V701_V900_LOCAL_QA_MATRIX.html","722","2026-07-06T13:28:58"
"UAOS_V701_V900_VALIDATOR_SUMMARY.html","E:\keyboard-manager-clean\uaos-ai-factory\uaos-v701-v900-stabilization-local-qa\13_final_package\UAOS_V701_V900_STABILIZATION_PACKAGE_CONTENTS\03_validator_hardening\UAOS_V701_V900_VALIDATOR_SUMMARY.html","file:///E:/keyboard-manager-clean/uaos-ai-factory/uaos-v701-v900-stabilization-local-qa/13_final_package/UAOS_V701_V900_STABILIZATION_PACKAGE_CONTENTS/03_validator_hardening/UAOS_V701_V900_VALIDATOR_SUMMARY.html","225","2026-07-06T13:28:57"
"UAOS_V701_V900_VALIDATOR_SUMMARY.html","E:\keyboard-manager-clean\uaos-ai-factory\uaos-v701-v900-stabilization-local-qa\03_validator_hardening\UAOS_V701_V900_VALIDATOR_SUMMARY.html","file:///E:/keyboard-manager-clean/uaos-ai-factory/uaos-v701-v900-stabilization-local-qa/03_validator_hardening/UAOS_V701_V900_VALIDATOR_SUMMARY.html","225","2026-07-06T13:28:57"
"UAOS_V701_V900_SAFETY_EVIDENCE.html","E:\keyboard-manager-clean\uaos-ai-factory\uaos-v701-v900-stabilization-local-qa\11_safety_evidence\UAOS_V701_V900_SAFETY_EVIDENCE.html","file:///E:/keyboard-manager-clean/uaos-ai-factory/uaos-v701-v900-stabilization-local-qa/11_safety_evidence/UAOS_V701_V900_SAFETY_EVIDENCE.html","377","2026-07-06T13:28:53"
"UAOS_OWNER_SETUP_V6_HOME.html","E:\keyboard-manager-clean\uaos-ai-factory\uaos-v701-v900-stabilization-local-qa\04_owner_ui_stabilization\UAOS_OWNER_SETUP_V6_HOME.html","file:///E:/keyboard-manager-clean/uaos-ai-factory/uaos-v701-v900-stabilization-local-qa/04_owner_ui_stabilization/UAOS_OWNER_SETUP_V6_HOME.html","920","2026-07-06T13:28:53"
"UAOS_V701_V900_SAFETY_EVIDENCE.html","E:\keyboard-manager-clean\uaos-ai-factory\uaos-v701-v900-stabilization-local-qa\13_final_package\UAOS_V701_V900_STABILIZATION_PACKAGE_CONTENTS\11_safety_evidence\UAOS_V701_V900_SAFETY_EVIDENCE.html","file:///E:/keyboard-manager-clean/uaos-ai-factory/uaos-v701-v900-stabilization-local-qa/13_final_package/UAOS_V701_V900_STABILIZATION_PACKAGE_CONTENTS/11_safety_evidence/UAOS_V701_V900_SAFETY_EVIDENCE.html","377","2026-07-06T13:28:53"
"UAOS_OWNER_SETUP_V6_HOME.html","E:\keyboard-manager-clean\uaos-ai-factory\uaos-v701-v900-stabilization-local-qa\13_final_package\UAOS_V701_V900_STABILIZATION_PACKAGE_CONTENTS\04_owner_ui_stabilization\UAOS_OWNER_SETUP_V6_HOME.html","file:///E:/keyboard-manager-clean/uaos-ai-factory/uaos-v701-v900-stabilization-local-qa/13_final_package/UAOS_V701_V900_STABILIZATION_PACKAGE_CONTENTS/04_owner_ui_stabilization/UAOS_OWNER_SETUP_V6_HOME.html","920","2026-07-06T13:28:53"
"UAOS_FINAL_OWNER_SETUP_V5_DASHBOARD.html","E:\keyboard-manager-clean\uaos-ai-factory\google-studio-full-executor-v461-v700\11_final_package\UAOS_FINAL_OWNER_SETUP_V5_PACKAGE_CONTENTS\08_dashboards\UAOS_FINAL_OWNER_SETUP_V5_DASHBOARD.html","file:///E:/keyboard-manager-clean/uaos-ai-factory/google-studio-full-executor-v461-v700/11_final_package/UAOS_FINAL_OWNER_SETUP_V5_PACKAGE_CONTENTS/08_dashboards/UAOS_FINAL_OWNER_SETUP_V5_DASHBOARD.html","445","2026-07-06T12:22:52"
"UAOS_MASTER_SAFETY_EVIDENCE_DASHBOARD.html","E:\keyboard-manager-clean\uaos-ai-factory\google-studio-full-executor-v461-v700\11_final_package\UAOS_FINAL_OWNER_SETUP_V5_PACKAGE_CONTENTS\08_dashboards\UAOS_MASTER_SAFETY_EVIDENCE_DASHBOARD.html","file:///E:/keyboard-manager-clean/uaos-ai-factory/google-studio-full-executor-v461-v700/11_final_package/UAOS_FINAL_OWNER_SETUP_V5_PACKAGE_CONTENTS/08_dashboards/UAOS_MASTER_SAFETY_EVIDENCE_DASHBOARD.html","472","2026-07-06T12:22:52"
"UAOS_WRITER_TRACK_STATUS_DASHBOARD.html","E:\keyboard-manager-clean\uaos-ai-factory\google-studio-full-executor-v461-v700\11_final_package\UAOS_FINAL_OWNER_SETUP_V5_PACKAGE_CONTENTS\08_dashboards\UAOS_WRITER_TRACK_STATUS_DASHBOARD.html","file:///E:/keyboard-manager-clean/uaos-ai-factory/google-studio-full-executor-v461-v700/11_final_package/UAOS_FINAL_OWNER_SETUP_V5_PACKAGE_CONTENTS/08_dashboards/UAOS_WRITER_TRACK_STATUS_DASHBOARD.html","487","2026-07-06T12:22:52"
"UAOS_GOOGLE_STUDIO_FULL_EXECUTOR_DASHBOARD.html","E:\keyboard-manager-clean\uaos-ai-factory\google-studio-full-executor-v461-v700\11_final_package\UAOS_FINAL_OWNER_SETUP_V5_PACKAGE_CONTENTS\08_dashboards\UAOS_GOOGLE_STUDIO_FULL_EXECUTOR_DASHBOARD.html","file:///E:/keyboard-manager-clean/uaos-ai-factory/google-studio-full-executor-v461-v700/11_final_package/UAOS_FINAL_OWNER_SETUP_V5_PACKAGE_CONTENTS/08_dashboards/UAOS_GOOGLE_STUDIO_FULL_EXECUTOR_DASHBOARD.html","729","2026-07-06T12:22:52"
"UAOS_FINAL_OWNER_SETUP_V5_HOME.html","E:\keyboard-manager-clean\uaos-ai-factory\google-studio-full-executor-v461-v700\11_final_package\UAOS_FINAL_OWNER_SETUP_V5_PACKAGE_CONTENTS\04_final_owner_setup_v5\UAOS_FINAL_OWNER_SETUP_V5_HOME.html","file:///E:/keyboard-manager-clean/uaos-ai-factory/google-studio-full-executor-v461-v700/11_final_package/UAOS_FINAL_OWNER_SETUP_V5_PACKAGE_CONTENTS/04_final_owner_setup_v5/UAOS_FINAL_OWNER_SETUP_V5_HOME.html","1406","2026-07-06T12:22:52"
"UAOS_FINAL_OWNER_SETUP_V5_HOME.html","E:\keyboard-manager-clean\uaos-ai-factory\google-studio-full-executor-v461-v700\04_final_owner_setup_v5\UAOS_FINAL_OWNER_SETUP_V5_HOME.html","file:///E:/keyboard-manager-clean/uaos-ai-factory/google-studio-full-executor-v461-v700/04_final_owner_setup_v5/UAOS_FINAL_OWNER_SETUP_V5_HOME.html","1406","2026-07-06T12:22:52"
"UAOS_FINAL_OWNER_SETUP_V5_SAFETY_CENTER.html","E:\keyboard-manager-clean\uaos-ai-factory\google-studio-full-executor-v461-v700\04_final_owner_setup_v5\UAOS_FINAL_OWNER_SETUP_V5_SAFETY_CENTER.html","file:///E:/keyboard-manager-clean/uaos-ai-factory/google-studio-full-executor-v461-v700/04_final_owner_setup_v5/UAOS_FINAL_OWNER_SETUP_V5_SAFETY_CENTER.html","496","2026-07-06T12:22:52"
"UAOS_FINAL_OWNER_SETUP_V5_SAFETY_CENTER.html","E:\keyboard-manager-clean\uaos-ai-factory\google-studio-full-executor-v461-v700\11_final_package\UAOS_FINAL_OWNER_SETUP_V5_PACKAGE_CONTENTS\04_final_owner_setup_v5\UAOS_FINAL_OWNER_SETUP_V5_SAFETY_CENTER.html","file:///E:/keyboard-manager-clean/uaos-ai-factory/google-studio-full-executor-v461-v700/11_final_package/UAOS_FINAL_OWNER_SETUP_V5_PACKAGE_CONTENTS/04_final_owner_setup_v5/UAOS_FINAL_OWNER_SETUP_V5_SAFETY_CENTER.html","496","2026-07-06T12:22:52"
"UAOS_FINAL_OWNER_SETUP_V5_DECISION_CENTER.html","E:\keyboard-manager-clean\uaos-ai-factory\google-studio-full-executor-v461-v700\04_final_owner_setup_v5\UAOS_FINAL_OWNER_SETUP_V5_DECISION_CENTER.html","file:///E:/keyboard-manager-clean/uaos-ai-factory/google-studio-full-executor-v461-v700/04_final_owner_setup_v5/UAOS_FINAL_OWNER_SETUP_V5_DECISION_CENTER.html","864","2026-07-06T12:22:52"
"UAOS_FINAL_OWNER_SETUP_V5_DASHBOARD.html","E:\keyboard-manager-clean\uaos-ai-factory\google-studio-full-executor-v461-v700\08_dashboards\UAOS_FINAL_OWNER_SETUP_V5_DASHBOARD.html","file:///E:/keyboard-manager-clean/uaos-ai-factory/google-studio-full-executor-v461-v700/08_dashboards/UAOS_FINAL_OWNER_SETUP_V5_DASHBOARD.html","445","2026-07-06T12:22:52"
"UAOS_WRITER_TRACK_STATUS_DASHBOARD.html","E:\keyboard-manager-clean\uaos-ai-factory\google-studio-full-executor-v461-v700\08_dashboards\UAOS_WRITER_TRACK_STATUS_DASHBOARD.html","file:///E:/keyboard-manager-clean/uaos-ai-factory/google-studio-full-executor-v461-v700/08_dashboards/UAOS_WRITER_TRACK_STATUS_DASHBOARD.html","487","2026-07-06T12:22:52"
"UAOS_FINAL_OWNER_SETUP_V5_DECISION_CENTER.html","E:\keyboard-manager-clean\uaos-ai-factory\google-studio-full-executor-v461-v700\11_final_package\UAOS_FINAL_OWNER_SETUP_V5_PACKAGE_CONTENTS\04_final_owner_setup_v5\UAOS_FINAL_OWNER_SETUP_V5_DECISION_CENTER.html","file:///E:/keyboard-manager-clean/uaos-ai-factory/google-studio-full-executor-v461-v700/11_final_package/UAOS_FINAL_OWNER_SETUP_V5_PACKAGE_CONTENTS/04_final_owner_setup_v5/UAOS_FINAL_OWNER_SETUP_V5_DECISION_CENTER.html","864","2026-07-06T12:22:52"
"UAOS_GOOGLE_STUDIO_FULL_EXECUTOR_DASHBOARD.html","E:\keyboard-manager-clean\uaos-ai-factory\google-studio-full-executor-v461-v700\08_dashboards\UAOS_GOOGLE_STUDIO_FULL_EXECUTOR_DASHBOARD.html","file:///E:/keyboard-manager-clean/uaos-ai-factory/google-studio-full-executor-v461-v700/08_dashboards/UAOS_GOOGLE_STUDIO_FULL_EXECUTOR_DASHBOARD.html","729","2026-07-06T12:22:52"
"UAOS_MASTER_SAFETY_EVIDENCE_DASHBOARD.html","E:\keyboard-manager-clean\uaos-ai-factory\google-studio-full-executor-v461-v700\08_dashboards\UAOS_MASTER_SAFETY_EVIDENCE_DASHBOARD.html","file:///E:/keyboard-manager-clean/uaos-ai-factory/google-studio-full-executor-v461-v700/08_dashboards/UAOS_MASTER_SAFETY_EVIDENCE_DASHBOARD.html","472","2026-07-06T12:22:52"
"UAOS_V523_STYLE_COMPARE_V2.html","E:\keyboard-manager-clean\uaos-ai-factory\mega-final-pipeline-v461-v560\03_executed_batches\v521_v540_style_rc_factory_expansion_v2\UAOS_V523_STYLE_COMPARE_V2.html","file:///E:/keyboard-manager-clean/uaos-ai-factory/mega-final-pipeline-v461-v560/03_executed_batches/v521_v540_style_rc_factory_expansion_v2/UAOS_V523_STYLE_COMPARE_V2.html","880","2026-07-06T11:12:22"
"UAOS_V524_OWNER_STYLE_SELECTOR_V2.html","E:\keyboard-manager-clean\uaos-ai-factory\mega-final-pipeline-v461-v560\03_executed_batches\v521_v540_style_rc_factory_expansion_v2\UAOS_V524_OWNER_STYLE_SELECTOR_V2.html","file:///E:/keyboard-manager-clean/uaos-ai-factory/mega-final-pipeline-v461-v560/03_executed_batches/v521_v540_style_rc_factory_expansion_v2/UAOS_V524_OWNER_STYLE_SELECTOR_V2.html","906","2026-07-06T11:12:22"
"UAOS_V506_OWNER_HARDENING_DASHBOARD.html","E:\keyboard-manager-clean\uaos-ai-factory\mega-final-pipeline-v461-v560\03_executed_batches\v501_v520_dummy_sandbox_hardening_v2\UAOS_V506_OWNER_HARDENING_DASHBOARD.html","file:///E:/keyboard-manager-clean/uaos-ai-factory/mega-final-pipeline-v461-v560/03_executed_batches/v501_v520_dummy_sandbox_hardening_v2/UAOS_V506_OWNER_HARDENING_DASHBOARD.html","903","2026-07-06T11:12:22"
"BATCH_DASHBOARD.html","E:\keyboard-manager-clean\uaos-ai-factory\mega-final-pipeline-v461-v560\03_executed_batches\v521_v540_style_rc_factory_expansion_v2\BATCH_DASHBOARD.html","file:///E:/keyboard-manager-clean/uaos-ai-factory/mega-final-pipeline-v461-v560/03_executed_batches/v521_v540_style_rc_factory_expansion_v2/BATCH_DASHBOARD.html","2158","2026-07-06T11:12:22"
"UAOS_MEGA_FINAL_PIPELINE_V461_V560_DASHBOARD.html","E:\keyboard-manager-clean\uaos-ai-factory\mega-final-pipeline-v461-v560\06_dashboards\UAOS_MEGA_FINAL_PIPELINE_V461_V560_DASHBOARD.html","file:///E:/keyboard-manager-clean/uaos-ai-factory/mega-final-pipeline-v461-v560/06_dashboards/UAOS_MEGA_FINAL_PIPELINE_V461_V560_DASHBOARD.html","2194","2026-07-06T11:12:22"
"UAOS_OWNER_FINAL_SETUP_V4_DASHBOARD.html","E:\keyboard-manager-clean\uaos-ai-factory\mega-final-pipeline-v461-v560\06_dashboards\UAOS_OWNER_FINAL_SETUP_V4_DASHBOARD.html","file:///E:/keyboard-manager-clean/uaos-ai-factory/mega-final-pipeline-v461-v560/06_dashboards/UAOS_OWNER_FINAL_SETUP_V4_DASHBOARD.html","2176","2026-07-06T11:12:22"
"BATCH_DASHBOARD.html","E:\keyboard-manager-clean\uaos-ai-factory\mega-final-pipeline-v461-v560\03_executed_batches\v541_v560_final_owner_setup_v4\BATCH_DASHBOARD.html","file:///E:/keyboard-manager-clean/uaos-ai-factory/mega-final-pipeline-v461-v560/03_executed_batches/v541_v560_final_owner_setup_v4/BATCH_DASHBOARD.html","2324","2026-07-06T11:12:22"
"UAOS_V541_OWNER_APP_INDEX_V4.html","E:\keyboard-manager-clean\uaos-ai-factory\mega-final-pipeline-v461-v560\03_executed_batches\v541_v560_final_owner_setup_v4\UAOS_V541_OWNER_APP_INDEX_V4.html","file:///E:/keyboard-manager-clean/uaos-ai-factory/mega-final-pipeline-v461-v560/03_executed_batches/v541_v560_final_owner_setup_v4/UAOS_V541_OWNER_APP_INDEX_V4.html","1013","2026-07-06T11:12:22"
"BATCH_DASHBOARD.html","E:\keyboard-manager-clean\uaos-ai-factory\mega-final-pipeline-v461-v560\03_executed_batches\v501_v520_dummy_sandbox_hardening_v2\BATCH_DASHBOARD.html","file:///E:/keyboard-manager-clean/uaos-ai-factory/mega-final-pipeline-v461-v560/03_executed_batches/v501_v520_dummy_sandbox_hardening_v2/BATCH_DASHBOARD.html","2358","2026-07-06T11:12:22"
"WRITER_TRACK_STATUS.html","E:\keyboard-manager-clean\uaos-ai-factory\mega-final-pipeline-v461-v560\09_final_package\UAOS_FINAL_OWNER_SETUP_V4_PACKAGE_CONTENTS\WRITER_TRACK_STATUS.html","file:///E:/keyboard-manager-clean/uaos-ai-factory/mega-final-pipeline-v461-v560/09_final_package/UAOS_FINAL_OWNER_SETUP_V4_PACKAGE_CONTENTS/WRITER_TRACK_STATUS.html","949","2026-07-06T11:12:22"
"UAOS_WRITER_TRACK_STATUS_DASHBOARD.html","E:\keyboard-manager-clean\uaos-ai-factory\mega-final-pipeline-v461-v560\06_dashboards\UAOS_WRITER_TRACK_STATUS_DASHBOARD.html","file:///E:/keyboard-manager-clean/uaos-ai-factory/mega-final-pipeline-v461-v560/06_dashboards/UAOS_WRITER_TRACK_STATUS_DASHBOARD.html","1052","2026-07-06T11:12:22"
"UAOS_MASTER_LOCAL_PROGRAM_HUB.html","E:\keyboard-manager-clean\uaos-ai-factory\metadata-project-generator\master-local-program-hub\hub\UAOS_MASTER_LOCAL_PROGRAM_HUB.html","file:///E:/keyboard-manager-clean/uaos-ai-factory/metadata-project-generator/master-local-program-hub/hub/UAOS_MASTER_LOCAL_PROGRAM_HUB.html","22531","2026-07-06T11:12:22"
"BATCH_DASHBOARD.html","E:\keyboard-manager-clean\uaos-ai-factory\mega-final-pipeline-v461-v560\03_executed_batches\v481_v500_parser_feedback_prep\BATCH_DASHBOARD.html","file:///E:/keyboard-manager-clean/uaos-ai-factory/mega-final-pipeline-v461-v560/03_executed_batches/v481_v500_parser_feedback_prep/BATCH_DASHBOARD.html","2141","2026-07-06T11:12:22"
"BATCH_DASHBOARD.html","E:\keyboard-manager-clean\uaos-ai-factory\mega-final-pipeline-v461-v560\03_executed_batches\v461_v480_feedback_intake\BATCH_DASHBOARD.html","file:///E:/keyboard-manager-clean/uaos-ai-factory/mega-final-pipeline-v461-v560/03_executed_batches/v461_v480_feedback_intake/BATCH_DASHBOARD.html","2246","2026-07-06T11:12:22"
"UAOS_EXTERNAL_PARSER_REVIEW_V441_V460_DASHBOARD.html","E:\keyboard-manager-clean\uaos-ai-factory\parser-external-review-v441-v460\dashboards\UAOS_EXTERNAL_PARSER_REVIEW_V441_V460_DASHBOARD.html","file:///E:/keyboard-manager-clean/uaos-ai-factory/parser-external-review-v441-v460/dashboards/UAOS_EXTERNAL_PARSER_REVIEW_V441_V460_DASHBOARD.html","2235","2026-07-06T10:50:42"
"UAOS_PARSER_RESEARCH_CONTINUATION_V421_V440_DASHBOARD.html","E:\keyboard-manager-clean\uaos-ai-factory\parser-research-continuation-v421-v440\dashboards\UAOS_PARSER_RESEARCH_CONTINUATION_V421_V440_DASHBOARD.html","file:///E:/keyboard-manager-clean/uaos-ai-factory/parser-research-continuation-v421-v440/dashboards/UAOS_PARSER_RESEARCH_CONTINUATION_V421_V440_DASHBOARD.html","2145","2026-07-06T10:40:46"
"UAOS_PARSER_RESEARCH_CONTINUATION_OWNER_DASHBOARD.html","E:\keyboard-manager-clean\uaos-ai-factory\parser-research-continuation-v401-v420\dashboards\UAOS_PARSER_RESEARCH_CONTINUATION_OWNER_DASHBOARD.html","file:///E:/keyboard-manager-clean/uaos-ai-factory/parser-research-continuation-v401-v420/dashboards/UAOS_PARSER_RESEARCH_CONTINUATION_OWNER_DASHBOARD.html","1514","2026-07-06T10:01:56"
"UAOS_PARSER_RESEARCH_CONTINUATION_V401_V420_DASHBOARD.html","E:\keyboard-manager-clean\uaos-ai-factory\parser-research-continuation-v401-v420\dashboards\UAOS_PARSER_RESEARCH_CONTINUATION_V401_V420_DASHBOARD.html","file:///E:/keyboard-manager-clean/uaos-ai-factory/parser-research-continuation-v401-v420/dashboards/UAOS_PARSER_RESEARCH_CONTINUATION_V401_V420_DASHBOARD.html","1502","2026-07-06T10:01:56"
"DASHBOARD_INDEX.html","E:\keyboard-manager-clean\uaos-ai-factory\final-owner-setup-v3-v381-v400\v394_local_package_zip\contents\DASHBOARD_INDEX.html","file:///E:/keyboard-manager-clean/uaos-ai-factory/final-owner-setup-v3-v381-v400/v394_local_package_zip/contents/DASHBOARD_INDEX.html","2449","2026-07-06T07:26:55"
"UAOS_V398_FINAL_TECHNICAL_DASHBOARD.html","E:\keyboard-manager-clean\uaos-ai-factory\final-owner-setup-v3-v381-v400\v398_final_technical_dashboard\UAOS_V398_FINAL_TECHNICAL_DASHBOARD.html","file:///E:/keyboard-manager-clean/uaos-ai-factory/final-owner-setup-v3-v381-v400/v398_final_technical_dashboard/UAOS_V398_FINAL_TECHNICAL_DASHBOARD.html","2145","2026-07-06T07:26:55"
"OWNER_APP_INDEX.html","E:\keyboard-manager-clean\uaos-ai-factory\final-owner-setup-v3-v381-v400\v394_local_package_zip\contents\OWNER_APP_INDEX.html","file:///E:/keyboard-manager-clean/uaos-ai-factory/final-owner-setup-v3-v381-v400/v394_local_package_zip/contents/OWNER_APP_INDEX.html","2785","2026-07-06T07:26:55"
"UAOS_V397_FINAL_OWNER_DASHBOARD.html","E:\keyboard-manager-clean\uaos-ai-factory\final-owner-setup-v3-v381-v400\v397_final_owner_dashboard\UAOS_V397_FINAL_OWNER_DASHBOARD.html","file:///E:/keyboard-manager-clean/uaos-ai-factory/final-owner-setup-v3-v381-v400/v397_final_owner_dashboard/UAOS_V397_FINAL_OWNER_DASHBOARD.html","2016","2026-07-06T07:26:55"
"OWNER_DECISION_CENTER.html","E:\keyboard-manager-clean\uaos-ai-factory\final-owner-setup-v3-v381-v400\v394_local_package_zip\contents\OWNER_DECISION_CENTER.html","file:///E:/keyboard-manager-clean/uaos-ai-factory/final-owner-setup-v3-v381-v400/v394_local_package_zip/contents/OWNER_DECISION_CENTER.html","1968","2026-07-06T07:26:55"
"UAOS_FINAL_OWNER_SETUP_V3_V381_V400_DASHBOARD.html","E:\keyboard-manager-clean\uaos-ai-factory\final-owner-setup-v3-v381-v400\dashboards\UAOS_FINAL_OWNER_SETUP_V3_V381_V400_DASHBOARD.html","file:///E:/keyboard-manager-clean/uaos-ai-factory/final-owner-setup-v3-v381-v400/dashboards/UAOS_FINAL_OWNER_SETUP_V3_V381_V400_DASHBOARD.html","2028","2026-07-06T07:26:55"
"UAOS_FINAL_OWNER_SETUP_V3_OWNER_DASHBOARD.html","E:\keyboard-manager-clean\uaos-ai-factory\final-owner-setup-v3-v381-v400\dashboards\UAOS_FINAL_OWNER_SETUP_V3_OWNER_DASHBOARD.html","file:///E:/keyboard-manager-clean/uaos-ai-factory/final-owner-setup-v3-v381-v400/dashboards/UAOS_FINAL_OWNER_SETUP_V3_OWNER_DASHBOARD.html","2040","2026-07-06T07:26:55"
"UAOS_V391_SAFETY_EVIDENCE_CENTER.html","E:\keyboard-manager-clean\uaos-ai-factory\final-owner-setup-v3-v381-v400\v391_safety_evidence_center\UAOS_V391_SAFETY_EVIDENCE_CENTER.html","file:///E:/keyboard-manager-clean/uaos-ai-factory/final-owner-setup-v3-v381-v400/v391_safety_evidence_center/UAOS_V391_SAFETY_EVIDENCE_CENTER.html","1977","2026-07-06T07:26:55"
"UAOS_V390_OWNER_DECISION_CENTER.html","E:\keyboard-manager-clean\uaos-ai-factory\final-owner-setup-v3-v381-v400\v390_owner_decision_center\UAOS_V390_OWNER_DECISION_CENTER.html","file:///E:/keyboard-manager-clean/uaos-ai-factory/final-owner-setup-v3-v381-v400/v390_owner_decision_center/UAOS_V390_OWNER_DECISION_CENTER.html","1968","2026-07-06T07:26:55"
"UAOS_V385_DASHBOARD_INDEX.html","E:\keyboard-manager-clean\uaos-ai-factory\final-owner-setup-v3-v381-v400\v385_dashboard_index\UAOS_V385_DASHBOARD_INDEX.html","file:///E:/keyboard-manager-clean/uaos-ai-factory/final-owner-setup-v3-v381-v400/v385_dashboard_index/UAOS_V385_DASHBOARD_INDEX.html","2449","2026-07-06T07:26:55"
"UAOS_V383_OWNER_APP_INDEX_V3.html","E:\keyboard-manager-clean\uaos-ai-factory\final-owner-setup-v3-v381-v400\v383_owner_app_index_v3\UAOS_V383_OWNER_APP_INDEX_V3.html","file:///E:/keyboard-manager-clean/uaos-ai-factory/final-owner-setup-v3-v381-v400/v383_owner_app_index_v3/UAOS_V383_OWNER_APP_INDEX_V3.html","2785","2026-07-06T07:26:55"
"UAOS_PARSER_RESEARCH_FACTORY_V361_V380_DASHBOARD.html","E:\keyboard-manager-clean\uaos-ai-factory\parser-research-factory-v361-v380\dashboards\UAOS_PARSER_RESEARCH_FACTORY_V361_V380_DASHBOARD.html","file:///E:/keyboard-manager-clean/uaos-ai-factory/parser-research-factory-v361-v380/dashboards/UAOS_PARSER_RESEARCH_FACTORY_V361_V380_DASHBOARD.html","2536","2026-07-06T07:18:17"
"UAOS_PARSER_RESEARCH_OWNER_DASHBOARD.html","E:\keyboard-manager-clean\uaos-ai-factory\parser-research-factory-v361-v380\dashboards\UAOS_PARSER_RESEARCH_OWNER_DASHBOARD.html","file:///E:/keyboard-manager-clean/uaos-ai-factory/parser-research-factory-v361-v380/dashboards/UAOS_PARSER_RESEARCH_OWNER_DASHBOARD.html","2532","2026-07-06T07:18:17"
"UAOS_V375_OWNER_RESEARCH_DASHBOARD.html","E:\keyboard-manager-clean\uaos-ai-factory\parser-research-factory-v361-v380\v375_owner_research_dashboard\UAOS_V375_OWNER_RESEARCH_DASHBOARD.html","file:///E:/keyboard-manager-clean/uaos-ai-factory/parser-research-factory-v361-v380/v375_owner_research_dashboard/UAOS_V375_OWNER_RESEARCH_DASHBOARD.html","1620","2026-07-06T07:18:17"
"UAOS_STYLE_RC_FACTORY_OWNER_DASHBOARD.html","E:\keyboard-manager-clean\uaos-ai-factory\style-rc-factory-v341-v360\dashboards\UAOS_STYLE_RC_FACTORY_OWNER_DASHBOARD.html","file:///E:/keyboard-manager-clean/uaos-ai-factory/style-rc-factory-v341-v360/dashboards/UAOS_STYLE_RC_FACTORY_OWNER_DASHBOARD.html","270","2026-07-06T07:07:24"
"UAOS_STYLE_RC_FACTORY_V341_V360_DASHBOARD.html","E:\keyboard-manager-clean\uaos-ai-factory\style-rc-factory-v341-v360\dashboards\UAOS_STYLE_RC_FACTORY_V341_V360_DASHBOARD.html","file:///E:/keyboard-manager-clean/uaos-ai-factory/style-rc-factory-v341-v360/dashboards/UAOS_STYLE_RC_FACTORY_V341_V360_DASHBOARD.html","713","2026-07-06T07:07:24"
"UAOS_V349_STYLE_COMPARE_TOOL.html","E:\keyboard-manager-clean\uaos-ai-factory\style-rc-factory-v341-v360\v349_style_compare_tool\UAOS_V349_STYLE_COMPARE_TOOL.html","file:///E:/keyboard-manager-clean/uaos-ai-factory/style-rc-factory-v341-v360/v349_style_compare_tool/UAOS_V349_STYLE_COMPARE_TOOL.html","233","2026-07-06T07:06:29"
"UAOS_V359_STYLE_RC_FACTORY_OWNER_DASHBOARD.html","E:\keyboard-manager-clean\uaos-ai-factory\style-rc-factory-v341-v360\v359_batch_owner_dashboard\UAOS_V359_STYLE_RC_FACTORY_OWNER_DASHBOARD.html","file:///E:/keyboard-manager-clean/uaos-ai-factory/style-rc-factory-v341-v360/v359_batch_owner_dashboard/UAOS_V359_STYLE_RC_FACTORY_OWNER_DASHBOARD.html","270","2026-07-06T07:06:29"
"UAOS_V351_OWNER_STYLE_SELECTOR.html","E:\keyboard-manager-clean\uaos-ai-factory\style-rc-factory-v341-v360\v352_style_rc_package_zip\contents\review\UAOS_V351_OWNER_STYLE_SELECTOR.html","file:///E:/keyboard-manager-clean/uaos-ai-factory/style-rc-factory-v341-v360/v352_style_rc_package_zip/contents/review/UAOS_V351_OWNER_STYLE_SELECTOR.html","236","2026-07-06T07:06:29"
"UAOS_V349_STYLE_COMPARE_TOOL.html","E:\keyboard-manager-clean\uaos-ai-factory\style-rc-factory-v341-v360\v352_style_rc_package_zip\contents\review\UAOS_V349_STYLE_COMPARE_TOOL.html","file:///E:/keyboard-manager-clean/uaos-ai-factory/style-rc-factory-v341-v360/v352_style_rc_package_zip/contents/review/UAOS_V349_STYLE_COMPARE_TOOL.html","233","2026-07-06T07:06:29"
"UAOS_V351_OWNER_STYLE_SELECTOR.html","E:\keyboard-manager-clean\uaos-ai-factory\style-rc-factory-v341-v360\v351_owner_style_selector\UAOS_V351_OWNER_STYLE_SELECTOR.html","file:///E:/keyboard-manager-clean/uaos-ai-factory/style-rc-factory-v341-v360/v351_owner_style_selector/UAOS_V351_OWNER_STYLE_SELECTOR.html","236","2026-07-06T07:06:29"
"UAOS_EXTERNAL_REVIEW_OWNER_DASHBOARD.html","E:\keyboard-manager-clean\uaos-ai-factory\external-review-package-v321-v340\dashboards\UAOS_EXTERNAL_REVIEW_OWNER_DASHBOARD.html","file:///E:/keyboard-manager-clean/uaos-ai-factory/external-review-package-v321-v340/dashboards/UAOS_EXTERNAL_REVIEW_OWNER_DASHBOARD.html","685","2026-07-06T06:36:48"
"UAOS_EXTERNAL_REVIEW_PACKAGE_V321_V340_DASHBOARD.html","E:\keyboard-manager-clean\uaos-ai-factory\external-review-package-v321-v340\dashboards\UAOS_EXTERNAL_REVIEW_PACKAGE_V321_V340_DASHBOARD.html","file:///E:/keyboard-manager-clean/uaos-ai-factory/external-review-package-v321-v340/dashboards/UAOS_EXTERNAL_REVIEW_PACKAGE_V321_V340_DASHBOARD.html","709","2026-07-06T06:36:48"
"UAOS_V339_BATCH_OWNER_DASHBOARD.html","E:\keyboard-manager-clean\uaos-ai-factory\external-review-package-v321-v340\v339_batch_owner_dashboard\UAOS_V339_BATCH_OWNER_DASHBOARD.html","file:///E:/keyboard-manager-clean/uaos-ai-factory/external-review-package-v321-v340/v339_batch_owner_dashboard/UAOS_V339_BATCH_OWNER_DASHBOARD.html","695","2026-07-06T06:35:56"
"UAOS_V332_EXTERNAL_REVIEWER_DASHBOARD.html","E:\keyboard-manager-clean\uaos-ai-factory\external-review-package-v321-v340\v332_reviewer_dashboard\UAOS_V332_EXTERNAL_REVIEWER_DASHBOARD.html","file:///E:/keyboard-manager-clean/uaos-ai-factory/external-review-package-v321-v340/v332_reviewer_dashboard/UAOS_V332_EXTERNAL_REVIEWER_DASHBOARD.html","687","2026-07-06T06:35:55"
"UAOS_V332_EXTERNAL_REVIEWER_DASHBOARD.html","E:\keyboard-manager-clean\uaos-ai-factory\external-review-package-v321-v340\v331_external_review_zip\contents\v332_reviewer_dashboard\UAOS_V332_EXTERNAL_REVIEWER_DASHBOARD.html","file:///E:/keyboard-manager-clean/uaos-ai-factory/external-review-package-v321-v340/v331_external_review_zip/contents/v332_reviewer_dashboard/UAOS_V332_EXTERNAL_REVIEWER_DASHBOARD.html","687","2026-07-06T06:35:55"
"UAOS_DUMMY_WRITER_HARDENING_OWNER_DASHBOARD.html","E:\keyboard-manager-clean\uaos-ai-factory\dummy-writer-hardening-v301-v320\dashboards\UAOS_DUMMY_WRITER_HARDENING_OWNER_DASHBOARD.html","file:///E:/keyboard-manager-clean/uaos-ai-factory/dummy-writer-hardening-v301-v320/dashboards/UAOS_DUMMY_WRITER_HARDENING_OWNER_DASHBOARD.html","838","2026-07-06T06:18:40"
"UAOS_DUMMY_WRITER_HARDENING_V301_V320_DASHBOARD.html","E:\keyboard-manager-clean\uaos-ai-factory\dummy-writer-hardening-v301-v320\dashboards\UAOS_DUMMY_WRITER_HARDENING_V301_V320_DASHBOARD.html","file:///E:/keyboard-manager-clean/uaos-ai-factory/dummy-writer-hardening-v301-v320/dashboards/UAOS_DUMMY_WRITER_HARDENING_V301_V320_DASHBOARD.html","826","2026-07-06T06:18:40"
"UAOS_V316_OWNER_HARDENING_DASHBOARD.html","E:\keyboard-manager-clean\uaos-ai-factory\dummy-writer-hardening-v301-v320\v316_owner_hardening_dashboard\UAOS_V316_OWNER_HARDENING_DASHBOARD.html","file:///E:/keyboard-manager-clean/uaos-ai-factory/dummy-writer-hardening-v301-v320/v316_owner_hardening_dashboard/UAOS_V316_OWNER_HARDENING_DASHBOARD.html","275","2026-07-06T06:17:48"
"UAOS_SAFETY_GATE_DASHBOARD_TEMPLATE.html","E:\keyboard-manager-clean\uaos-ai-factory\night-super-agent-v301-v400\07_dashboard_templates\UAOS_SAFETY_GATE_DASHBOARD_TEMPLATE.html","file:///E:/keyboard-manager-clean/uaos-ai-factory/night-super-agent-v301-v400/07_dashboard_templates/UAOS_SAFETY_GATE_DASHBOARD_TEMPLATE.html","286","2026-07-06T01:21:47"
"UAOS_OWNER_DASHBOARD_TEMPLATE.html","E:\keyboard-manager-clean\uaos-ai-factory\night-super-agent-v301-v400\07_dashboard_templates\UAOS_OWNER_DASHBOARD_TEMPLATE.html","file:///E:/keyboard-manager-clean/uaos-ai-factory/night-super-agent-v301-v400/07_dashboard_templates/UAOS_OWNER_DASHBOARD_TEMPLATE.html","274","2026-07-06T01:21:47"
"UAOS_TECHNICAL_DASHBOARD_TEMPLATE.html","E:\keyboard-manager-clean\uaos-ai-factory\night-super-agent-v301-v400\07_dashboard_templates\UAOS_TECHNICAL_DASHBOARD_TEMPLATE.html","file:///E:/keyboard-manager-clean/uaos-ai-factory/night-super-agent-v301-v400/07_dashboard_templates/UAOS_TECHNICAL_DASHBOARD_TEMPLATE.html","282","2026-07-06T01:21:47"
"UAOS_REVIEWER_DASHBOARD_TEMPLATE.html","E:\keyboard-manager-clean\uaos-ai-factory\night-super-agent-v301-v400\07_dashboard_templates\UAOS_REVIEWER_DASHBOARD_TEMPLATE.html","file:///E:/keyboard-manager-clean/uaos-ai-factory/night-super-agent-v301-v400/07_dashboard_templates/UAOS_REVIEWER_DASHBOARD_TEMPLATE.html","280","2026-07-06T01:21:47"
"UAOS_V301_V400_PIPELINE_DASHBOARD.html","E:\keyboard-manager-clean\uaos-ai-factory\night-super-agent-v301-v400\13_dashboards\UAOS_V301_V400_PIPELINE_DASHBOARD.html","file:///E:/keyboard-manager-clean/uaos-ai-factory/night-super-agent-v301-v400/13_dashboards/UAOS_V301_V400_PIPELINE_DASHBOARD.html","751","2026-07-06T01:21:47"
"UAOS_NIGHT_SUPER_AGENT_V301_V400_DASHBOARD.html","E:\keyboard-manager-clean\uaos-ai-factory\night-super-agent-v301-v400\13_dashboards\UAOS_NIGHT_SUPER_AGENT_V301_V400_DASHBOARD.html","file:///E:/keyboard-manager-clean/uaos-ai-factory/night-super-agent-v301-v400/13_dashboards/UAOS_NIGHT_SUPER_AGENT_V301_V400_DASHBOARD.html","769","2026-07-06T01:21:47"
"UAOS_V301_V400_AGENT_DASHBOARD.html","E:\keyboard-manager-clean\uaos-ai-factory\night-super-agent-v301-v400\13_dashboards\UAOS_V301_V400_AGENT_DASHBOARD.html","file:///E:/keyboard-manager-clean/uaos-ai-factory/night-super-agent-v301-v400/13_dashboards/UAOS_V301_V400_AGENT_DASHBOARD.html","745","2026-07-06T01:21:47"
"UAOS_BATCH_DASHBOARD_TEMPLATE.html","E:\keyboard-manager-clean\uaos-ai-factory\night-super-agent-v301-v400\07_dashboard_templates\UAOS_BATCH_DASHBOARD_TEMPLATE.html","file:///E:/keyboard-manager-clean/uaos-ai-factory/night-super-agent-v301-v400/07_dashboard_templates/UAOS_BATCH_DASHBOARD_TEMPLATE.html","274","2026-07-06T01:21:47"
"UAOS_DUMMY_WRITER_HARDENING_DASHBOARD.html","E:\keyboard-manager-clean\uaos-ai-factory\dummy-writer-external-review-v281-v300\dashboards\UAOS_DUMMY_WRITER_HARDENING_DASHBOARD.html","file:///E:/keyboard-manager-clean/uaos-ai-factory/dummy-writer-external-review-v281-v300/dashboards/UAOS_DUMMY_WRITER_HARDENING_DASHBOARD.html","909","2026-07-06T01:17:46"
"UAOS_DUMMY_WRITER_EXTERNAL_REVIEW_DASHBOARD.html","E:\keyboard-manager-clean\uaos-ai-factory\dummy-writer-external-review-v281-v300\dashboards\UAOS_DUMMY_WRITER_EXTERNAL_REVIEW_DASHBOARD.html","file:///E:/keyboard-manager-clean/uaos-ai-factory/dummy-writer-external-review-v281-v300/dashboards/UAOS_DUMMY_WRITER_EXTERNAL_REVIEW_DASHBOARD.html","911","2026-07-06T01:17:46"
"UAOS_DUMMY_WRITER_SANDBOX_DASHBOARD.html","E:\keyboard-manager-clean\uaos-ai-factory\writer-sandbox-dummy-implementation-v261-v280\dashboards\UAOS_DUMMY_WRITER_SANDBOX_DASHBOARD.html","file:///E:/keyboard-manager-clean/uaos-ai-factory/writer-sandbox-dummy-implementation-v261-v280/dashboards/UAOS_DUMMY_WRITER_SANDBOX_DASHBOARD.html","566","2026-07-06T01:02:47"
"UAOS_WRITER_SANDBOX_PLANNING_DASHBOARD.html","E:\keyboard-manager-clean\uaos-ai-factory\writer-sandbox-planning-v241-v260\dashboards\UAOS_WRITER_SANDBOX_PLANNING_DASHBOARD.html","file:///E:/keyboard-manager-clean/uaos-ai-factory/writer-sandbox-planning-v241-v260/dashboards/UAOS_WRITER_SANDBOX_PLANNING_DASHBOARD.html","606","2026-07-06T00:50:39"
"UAOS_WRITER_SANDBOX_DESIGN_DASHBOARD.html","E:\keyboard-manager-clean\uaos-ai-factory\writer-sandbox-design-v221-v240\dashboards\UAOS_WRITER_SANDBOX_DESIGN_DASHBOARD.html","file:///E:/keyboard-manager-clean/uaos-ai-factory/writer-sandbox-design-v221-v240/dashboards/UAOS_WRITER_SANDBOX_DESIGN_DASHBOARD.html","602","2026-07-06T00:34:15"
"UAOS_PARSER_CONFIDENCE_DASHBOARD.html","E:\keyboard-manager-clean\uaos-ai-factory\real-writer-workbench-v191-v220\dashboards\UAOS_PARSER_CONFIDENCE_DASHBOARD.html","file:///E:/keyboard-manager-clean/uaos-ai-factory/real-writer-workbench-v191-v220/dashboards/UAOS_PARSER_CONFIDENCE_DASHBOARD.html","633","2026-07-06T00:14:26"
"UAOS_REAL_WRITER_WORKBENCH_DASHBOARD.html","E:\keyboard-manager-clean\uaos-ai-factory\real-writer-workbench-v191-v220\dashboards\UAOS_REAL_WRITER_WORKBENCH_DASHBOARD.html","file:///E:/keyboard-manager-clean/uaos-ai-factory/real-writer-workbench-v191-v220/dashboards/UAOS_REAL_WRITER_WORKBENCH_DASHBOARD.html","633","2026-07-06T00:14:26"
"UAOS_BATCH_V181_V190_RANK1_DEEP_REFINEMENT_OPEN_HERE.html","E:\keyboard-manager-clean\uaos-ai-factory\rank1-deep-parser-refinement-v181-v190\batch-v181-v190-rank1-deep-parser-refinement\UAOS_BATCH_V181_V190_RANK1_DEEP_REFINEMENT_OPEN_HERE.html","file:///E:/keyboard-manager-clean/uaos-ai-factory/rank1-deep-parser-refinement-v181-v190/batch-v181-v190-rank1-deep-parser-refinement/UAOS_BATCH_V181_V190_RANK1_DEEP_REFINEMENT_OPEN_HERE.html","595","2026-07-05T23:53:39"
"UAOS_RANK1_DEEP_PARSER_REFINEMENT_DASHBOARD.html","E:\keyboard-manager-clean\uaos-ai-factory\rank1-deep-parser-refinement-v181-v190\dashboards\UAOS_RANK1_DEEP_PARSER_REFINEMENT_DASHBOARD.html","file:///E:/keyboard-manager-clean/uaos-ai-factory/rank1-deep-parser-refinement-v181-v190/dashboards/UAOS_RANK1_DEEP_PARSER_REFINEMENT_DASHBOARD.html","595","2026-07-05T23:53:39"
"UAOS_BATCH_V171_V180_PARSER_REFINEMENT_OPEN_HERE.html","E:\keyboard-manager-clean\uaos-ai-factory\parser-refinement-v171-v180\batch-v171-v180-parser-refinement\UAOS_BATCH_V171_V180_PARSER_REFINEMENT_OPEN_HERE.html","file:///E:/keyboard-manager-clean/uaos-ai-factory/parser-refinement-v171-v180/batch-v171-v180-parser-refinement/UAOS_BATCH_V171_V180_PARSER_REFINEMENT_OPEN_HERE.html","550","2026-07-05T23:42:05"
"UAOS_PARSER_REFINEMENT_V171_V180_DASHBOARD.html","E:\keyboard-manager-clean\uaos-ai-factory\parser-refinement-v171-v180\dashboards\UAOS_PARSER_REFINEMENT_V171_V180_DASHBOARD.html","file:///E:/keyboard-manager-clean/uaos-ai-factory/parser-refinement-v171-v180/dashboards/UAOS_PARSER_REFINEMENT_V171_V180_DASHBOARD.html","550","2026-07-05T23:42:05"
"UAOS_V179_PARSER_REFINEMENT_DASHBOARD.html","E:\keyboard-manager-clean\uaos-ai-factory\parser-refinement-v171-v180\v179_owner_research_dashboard\UAOS_V179_PARSER_REFINEMENT_DASHBOARD.html","file:///E:/keyboard-manager-clean/uaos-ai-factory/parser-refinement-v171-v180/v179_owner_research_dashboard/UAOS_V179_PARSER_REFINEMENT_DASHBOARD.html","550","2026-07-05T23:42:05"
"UAOS_RANK1_FIXTURE_READONLY_SCAN_DASHBOARD.html","E:\keyboard-manager-clean\uaos-ai-factory\fixture-rank1-readonly-scan-v161-v170\08_dashboards\UAOS_RANK1_FIXTURE_READONLY_SCAN_DASHBOARD.html","file:///E:/keyboard-manager-clean/uaos-ai-factory/fixture-rank1-readonly-scan-v161-v170/08_dashboards/UAOS_RANK1_FIXTURE_READONLY_SCAN_DASHBOARD.html","651","2026-07-05T23:34:57"
"UAOS_FIXTURE_SMART_NARROWING_DASHBOARD.html","E:\keyboard-manager-clean\uaos-ai-factory\fixture-smart-narrowing-v161-v170\dashboards\UAOS_FIXTURE_SMART_NARROWING_DASHBOARD.html","file:///E:/keyboard-manager-clean/uaos-ai-factory/fixture-smart-narrowing-v161-v170/dashboards/UAOS_FIXTURE_SMART_NARROWING_DASHBOARD.html","2314","2026-07-05T23:18:55"
"UAOS_FIXTURE_AUTO_DISCOVERY_DASHBOARD.html","E:\keyboard-manager-clean\uaos-ai-factory\fixture-auto-discovery-v161-v170\06_dashboards\UAOS_FIXTURE_AUTO_DISCOVERY_DASHBOARD.html","file:///E:/keyboard-manager-clean/uaos-ai-factory/fixture-auto-discovery-v161-v170/06_dashboards/UAOS_FIXTURE_AUTO_DISCOVERY_DASHBOARD.html","5778","2026-07-05T23:13:03"
"UAOS_FIXTURE_RESEARCH_V161_V170_DASHBOARD.html","E:\keyboard-manager-clean\uaos-ai-factory\fixture-research-v161-v170\dashboards\UAOS_FIXTURE_RESEARCH_V161_V170_DASHBOARD.html","file:///E:/keyboard-manager-clean/uaos-ai-factory/fixture-research-v161-v170/dashboards/UAOS_FIXTURE_RESEARCH_V161_V170_DASHBOARD.html","387","2026-07-05T22:57:51"
"UAOS_BATCH_V161_V170_FIXTURE_RESEARCH_OPEN_HERE.html","E:\keyboard-manager-clean\uaos-ai-factory\fixture-research-v161-v170\batch-v161-v170-fixture-research\UAOS_BATCH_V161_V170_FIXTURE_RESEARCH_OPEN_HERE.html","file:///E:/keyboard-manager-clean/uaos-ai-factory/fixture-research-v161-v170/batch-v161-v170-fixture-research/UAOS_BATCH_V161_V170_FIXTURE_RESEARCH_OPEN_HERE.html","387","2026-07-05T22:57:51"
"UAOS_V166_FIXTURE_RESEARCH_DASHBOARD.html","E:\keyboard-manager-clean\uaos-ai-factory\fixture-research-v161-v170\v166_fixture_research_dashboard\UAOS_V166_FIXTURE_RESEARCH_DASHBOARD.html","file:///E:/keyboard-manager-clean/uaos-ai-factory/fixture-research-v161-v170/v166_fixture_research_dashboard/UAOS_V166_FIXTURE_RESEARCH_DASHBOARD.html","753","2026-07-05T22:57:51"
"UAOS_BATCH_V161_V170_FIXTURE_RESEARCH_OWNER_DASHBOARD.html","E:\keyboard-manager-clean\uaos-ai-factory\fixture-research-v161-v170\batch-v161-v170-fixture-research\UAOS_BATCH_V161_V170_FIXTURE_RESEARCH_OWNER_DASHBOARD.html","file:///E:/keyboard-manager-clean/uaos-ai-factory/fixture-research-v161-v170/batch-v161-v170-fixture-research/UAOS_BATCH_V161_V170_FIXTURE_RESEARCH_OWNER_DASHBOARD.html","387","2026-07-05T22:57:51"
"UAOS_REAL_WRITER_ROADMAP_DASHBOARD.html","E:\keyboard-manager-clean\uaos-ai-factory\real-writer-roadmap-owner-gate\dashboards\UAOS_REAL_WRITER_ROADMAP_DASHBOARD.html","file:///E:/keyboard-manager-clean/uaos-ai-factory/real-writer-roadmap-owner-gate/dashboards/UAOS_REAL_WRITER_ROADMAP_DASHBOARD.html","1504","2026-07-05T22:51:41"
"UAOS_OWNER_TEST_UI_CLEANUP_DASHBOARD.html","E:\keyboard-manager-clean\uaos-ai-factory\owner-test-ui-cleanup-evidence\dashboards\UAOS_OWNER_TEST_UI_CLEANUP_DASHBOARD.html","file:///E:/keyboard-manager-clean/uaos-ai-factory/owner-test-ui-cleanup-evidence/dashboards/UAOS_OWNER_TEST_UI_CLEANUP_DASHBOARD.html","1097","2026-07-05T22:49:37"
"UAOS_OWNER_TEST_URL_FINALIZE_DASHBOARD.html","E:\keyboard-manager-clean\uaos-ai-factory\owner-test-url-finalize\dashboards\UAOS_OWNER_TEST_URL_FINALIZE_DASHBOARD.html","file:///E:/keyboard-manager-clean/uaos-ai-factory/owner-test-url-finalize/dashboards/UAOS_OWNER_TEST_URL_FINALIZE_DASHBOARD.html","1332","2026-07-05T22:22:35"
"UAOS_OWNER_TEST_LAUNCHER_REPAIR_DASHBOARD.html","E:\keyboard-manager-clean\uaos-ai-factory\owner-test-launcher-repair\dashboards\UAOS_OWNER_TEST_LAUNCHER_REPAIR_DASHBOARD.html","file:///E:/keyboard-manager-clean/uaos-ai-factory/owner-test-launcher-repair/dashboards/UAOS_OWNER_TEST_LAUNCHER_REPAIR_DASHBOARD.html","1305","2026-07-05T18:10:36"
"UAOS_OWNER_TEST_FLOW_DASHBOARD.html","E:\keyboard-manager-clean\uaos-ai-factory\owner-test-setup-automation\02_owner_flow\UAOS_OWNER_TEST_FLOW_DASHBOARD.html","file:///E:/keyboard-manager-clean/uaos-ai-factory/owner-test-setup-automation/02_owner_flow/UAOS_OWNER_TEST_FLOW_DASHBOARD.html","1730","2026-07-05T13:44:20"
"UAOS_OWNER_TEST_SETUP_AUTOMATION_DASHBOARD.html","E:\keyboard-manager-clean\uaos-ai-factory\owner-test-setup-automation\06_dashboards\UAOS_OWNER_TEST_SETUP_AUTOMATION_DASHBOARD.html","file:///E:/keyboard-manager-clean/uaos-ai-factory/owner-test-setup-automation/06_dashboards/UAOS_OWNER_TEST_SETUP_AUTOMATION_DASHBOARD.html","1470","2026-07-05T13:44:20"
"UAOS_VERCEL_DEPLOY_STATUS_VERIFY_DASHBOARD.html","E:\keyboard-manager-clean\uaos-ai-factory\vercel-deploy-status-verify\dashboards\UAOS_VERCEL_DEPLOY_STATUS_VERIFY_DASHBOARD.html","file:///E:/keyboard-manager-clean/uaos-ai-factory/vercel-deploy-status-verify/dashboards/UAOS_VERCEL_DEPLOY_STATUS_VERIFY_DASHBOARD.html","1306","2026-07-05T13:33:46"
"UAOS_VERCEL_DEPLOY_RETRY_SLIM_DASHBOARD.html","E:\keyboard-manager-clean\uaos-ai-factory\vercel-deploy-retry-slim\dashboards\UAOS_VERCEL_DEPLOY_RETRY_SLIM_DASHBOARD.html","file:///E:/keyboard-manager-clean/uaos-ai-factory/vercel-deploy-retry-slim/dashboards/UAOS_VERCEL_DEPLOY_RETRY_SLIM_DASHBOARD.html","1240","2026-07-05T12:57:56"
"UAOS_VERCEL_SLIM_DEPLOY_PREP_DASHBOARD.html","E:\keyboard-manager-clean\uaos-ai-factory\vercel-slim-deploy-prep\dashboards\UAOS_VERCEL_SLIM_DEPLOY_PREP_DASHBOARD.html","file:///E:/keyboard-manager-clean/uaos-ai-factory/vercel-slim-deploy-prep/dashboards/UAOS_VERCEL_SLIM_DEPLOY_PREP_DASHBOARD.html","1363","2026-07-05T11:26:08"
"UAOS_VERCEL_DEPLOY_RETRY_LINKED_DASHBOARD.html","E:\keyboard-manager-clean\uaos-ai-factory\vercel-deploy-retry-linked\dashboards\UAOS_VERCEL_DEPLOY_RETRY_LINKED_DASHBOARD.html","file:///E:/keyboard-manager-clean/uaos-ai-factory/vercel-deploy-retry-linked/dashboards/UAOS_VERCEL_DEPLOY_RETRY_LINKED_DASHBOARD.html","1090","2026-07-05T10:52:01"
"UAOS_VERCEL_DEPLOY_LINK_REPAIR_DASHBOARD.html","E:\keyboard-manager-clean\uaos-ai-factory\vercel-deploy-link-repair\dashboards\UAOS_VERCEL_DEPLOY_LINK_REPAIR_DASHBOARD.html","file:///E:/keyboard-manager-clean/uaos-ai-factory/vercel-deploy-link-repair/dashboards/UAOS_VERCEL_DEPLOY_LINK_REPAIR_DASHBOARD.html","1027","2026-07-05T10:37:51"
"UAOS_DEPLOY_ONLY_DASHBOARD.html","E:\keyboard-manager-clean\uaos-ai-factory\deploy-only-release\dashboards\UAOS_DEPLOY_ONLY_DASHBOARD.html","file:///E:/keyboard-manager-clean/uaos-ai-factory/deploy-only-release/dashboards/UAOS_DEPLOY_ONLY_DASHBOARD.html","1051","2026-07-05T10:32:44"
"UAOS_GIT_PUSH_ONLY_DASHBOARD.html","E:\keyboard-manager-clean\uaos-ai-factory\git-push-only-release\dashboards\UAOS_GIT_PUSH_ONLY_DASHBOARD.html","file:///E:/keyboard-manager-clean/uaos-ai-factory/git-push-only-release/dashboards/UAOS_GIT_PUSH_ONLY_DASHBOARD.html","1053","2026-07-05T10:23:41"
"UAOS_PUSH_DEPLOY_APPROVAL_GATE_DASHBOARD.html","E:\keyboard-manager-clean\uaos-ai-factory\push-deploy-approval-gate\dashboards\UAOS_PUSH_DEPLOY_APPROVAL_GATE_DASHBOARD.html","file:///E:/keyboard-manager-clean/uaos-ai-factory/push-deploy-approval-gate/dashboards/UAOS_PUSH_DEPLOY_APPROVAL_GATE_DASHBOARD.html","1116","2026-07-05T10:11:43"
"UAOS_STYLE_RC_LOCAL_BROWSER_QA_DASHBOARD.html","E:\keyboard-manager-clean\uaos-ai-factory\style-rc-local-browser-qa\dashboards\UAOS_STYLE_RC_LOCAL_BROWSER_QA_DASHBOARD.html","file:///E:/keyboard-manager-clean/uaos-ai-factory/style-rc-local-browser-qa/dashboards/UAOS_STYLE_RC_LOCAL_BROWSER_QA_DASHBOARD.html","1265","2026-07-05T10:02:53"
"UAOS_STYLE_RC_DEEP_UI_INTEGRATION_DASHBOARD.html","E:\keyboard-manager-clean\uaos-ai-factory\style-rc-deep-ui-integration\dashboards\UAOS_STYLE_RC_DEEP_UI_INTEGRATION_DASHBOARD.html","file:///E:/keyboard-manager-clean/uaos-ai-factory/style-rc-deep-ui-integration/dashboards/UAOS_STYLE_RC_DEEP_UI_INTEGRATION_DASHBOARD.html","1183","2026-07-05T09:50:23"
"UAOS_OWNER_TEST_RESULT_CAPTURE_DASHBOARD.html","E:\keyboard-manager-clean\uaos-ai-factory\owner-test-result-capture\dashboards\UAOS_OWNER_TEST_RESULT_CAPTURE_DASHBOARD.html","file:///E:/keyboard-manager-clean/uaos-ai-factory/owner-test-result-capture/dashboards/UAOS_OWNER_TEST_RESULT_CAPTURE_DASHBOARD.html","1122","2026-07-05T09:46:38"
"UAOS_OWNER_HANDS_ON_TEST_DASHBOARD.html","E:\keyboard-manager-clean\uaos-ai-factory\owner-hands-on-test-pass\dashboards\UAOS_OWNER_HANDS_ON_TEST_DASHBOARD.html","file:///E:/keyboard-manager-clean/uaos-ai-factory/owner-hands-on-test-pass/dashboards/UAOS_OWNER_HANDS_ON_TEST_DASHBOARD.html","1211","2026-07-05T09:42:54"
"UAOS_LOCAL_BROWSER_WALKTHROUGH_DASHBOARD.html","E:\keyboard-manager-clean\uaos-ai-factory\react-local-browser-walkthrough\dashboards\UAOS_LOCAL_BROWSER_WALKTHROUGH_DASHBOARD.html","file:///E:/keyboard-manager-clean/uaos-ai-factory/react-local-browser-walkthrough/dashboards/UAOS_LOCAL_BROWSER_WALKTHROUGH_DASHBOARD.html","1259","2026-07-05T09:34:46"
"UAOS_OWNER_UI_REVIEW_POLISH_DASHBOARD.html","E:\keyboard-manager-clean\uaos-ai-factory\react-owner-ui-review-polish\dashboards\UAOS_OWNER_UI_REVIEW_POLISH_DASHBOARD.html","file:///E:/keyboard-manager-clean/uaos-ai-factory/react-owner-ui-review-polish/dashboards/UAOS_OWNER_UI_REVIEW_POLISH_DASHBOARD.html","1101","2026-07-05T09:26:04"
"UAOS_REACT_APP_INTEGRATION_DASHBOARD.html","E:\keyboard-manager-clean\uaos-ai-factory\react-app-integration-relaxed-mode\dashboards\UAOS_REACT_APP_INTEGRATION_DASHBOARD.html","file:///E:/keyboard-manager-clean/uaos-ai-factory/react-app-integration-relaxed-mode/dashboards/UAOS_REACT_APP_INTEGRATION_DASHBOARD.html","1845","2026-07-05T09:15:29"
"UAOS_RELAXED_PRODUCT_MODE_DASHBOARD.html","E:\keyboard-manager-clean\uaos-ai-factory\dashboards\UAOS_RELAXED_PRODUCT_MODE_DASHBOARD.html","file:///E:/keyboard-manager-clean/uaos-ai-factory/dashboards/UAOS_RELAXED_PRODUCT_MODE_DASHBOARD.html","945","2026-07-05T09:05:44"
"UAOS_MASTER_EXECUTIVE_DASHBOARD.html","E:\keyboard-manager-clean\uaos-ai-factory\metadata-project-generator\master-local-program-hub\dashboards\UAOS_MASTER_EXECUTIVE_DASHBOARD.html","file:///E:/keyboard-manager-clean/uaos-ai-factory/metadata-project-generator/master-local-program-hub/dashboards/UAOS_MASTER_EXECUTIVE_DASHBOARD.html","11972","2026-07-05T08:54:51"
"UAOS_AGENT_DEPARTMENT_DASHBOARD.html","E:\keyboard-manager-clean\uaos-ai-factory\super-agent-launcher-v151-v200\07_dashboards\UAOS_AGENT_DEPARTMENT_DASHBOARD.html","file:///E:/keyboard-manager-clean/uaos-ai-factory/super-agent-launcher-v151-v200/07_dashboards/UAOS_AGENT_DEPARTMENT_DASHBOARD.html","1601","2026-07-05T08:44:54"
"UAOS_V151_V200_PIPELINE_DASHBOARD.html","E:\keyboard-manager-clean\uaos-ai-factory\super-agent-launcher-v151-v200\07_dashboards\UAOS_V151_V200_PIPELINE_DASHBOARD.html","file:///E:/keyboard-manager-clean/uaos-ai-factory/super-agent-launcher-v151-v200/07_dashboards/UAOS_V151_V200_PIPELINE_DASHBOARD.html","4546","2026-07-05T08:44:54"
"UAOS_INTEGRATOR_QUEUE_DASHBOARD.html","E:\keyboard-manager-clean\uaos-ai-factory\super-agent-launcher-v151-v200\07_dashboards\UAOS_INTEGRATOR_QUEUE_DASHBOARD.html","file:///E:/keyboard-manager-clean/uaos-ai-factory/super-agent-launcher-v151-v200/07_dashboards/UAOS_INTEGRATOR_QUEUE_DASHBOARD.html","1053","2026-07-05T08:44:54"
"UAOS_SUPER_AGENT_LAUNCHER_DASHBOARD.html","E:\keyboard-manager-clean\uaos-ai-factory\super-agent-launcher-v151-v200\07_dashboards\UAOS_SUPER_AGENT_LAUNCHER_DASHBOARD.html","file:///E:/keyboard-manager-clean/uaos-ai-factory/super-agent-launcher-v151-v200/07_dashboards/UAOS_SUPER_AGENT_LAUNCHER_DASHBOARD.html","1251","2026-07-05T08:44:54"
"UAOS_READONLY_PARSER_SCAFFOLD_DASHBOARD.html","E:\keyboard-manager-clean\uaos-ai-factory\korg-readonly-parser-scaffold\dashboards\UAOS_READONLY_PARSER_SCAFFOLD_DASHBOARD.html","file:///E:/keyboard-manager-clean/uaos-ai-factory/korg-readonly-parser-scaffold/dashboards/UAOS_READONLY_PARSER_SCAFFOLD_DASHBOARD.html","1126","2026-07-05T08:40:09"
"UAOS_V159_READONLY_PARSER_DASHBOARD.html","E:\keyboard-manager-clean\uaos-ai-factory\korg-readonly-parser-scaffold\v159_parser_dashboard\UAOS_V159_READONLY_PARSER_DASHBOARD.html","file:///E:/keyboard-manager-clean/uaos-ai-factory/korg-readonly-parser-scaffold/v159_parser_dashboard/UAOS_V159_READONLY_PARSER_DASHBOARD.html","1118","2026-07-05T08:40:09"
"UAOS_BATCH_V151_V160_READONLY_PARSER_OPEN_HERE.html","E:\keyboard-manager-clean\uaos-ai-factory\korg-readonly-parser-scaffold\batch-v151-v160-readonly-parser-scaffold\UAOS_BATCH_V151_V160_READONLY_PARSER_OPEN_HERE.html","file:///E:/keyboard-manager-clean/uaos-ai-factory/korg-readonly-parser-scaffold/batch-v151-v160-readonly-parser-scaffold/UAOS_BATCH_V151_V160_READONLY_PARSER_OPEN_HERE.html","1138","2026-07-05T08:40:09"
"UAOS_BATCH_V151_V160_READONLY_PARSER_OWNER_DASHBOARD.html","E:\keyboard-manager-clean\uaos-ai-factory\korg-readonly-parser-scaffold\batch-v151-v160-readonly-parser-scaffold\UAOS_BATCH_V151_V160_READONLY_PARSER_OWNER_DASHBOARD.html","file:///E:/keyboard-manager-clean/uaos-ai-factory/korg-readonly-parser-scaffold/batch-v151-v160-readonly-parser-scaffold/UAOS_BATCH_V151_V160_READONLY_PARSER_OWNER_DASHBOARD.html","1118","2026-07-05T08:40:09"
"UAOS_BATCH_V141_V150_KORG_READONLY_RESEARCH_OWNER_DASHBOARD.html","E:\keyboard-manager-clean\uaos-ai-factory\korg-readonly-research-gate\batch-v141-v150-korg-readonly-research\UAOS_BATCH_V141_V150_KORG_READONLY_RESEARCH_OWNER_DASHBOARD.html","file:///E:/keyboard-manager-clean/uaos-ai-factory/korg-readonly-research-gate/batch-v141-v150-korg-readonly-research/UAOS_BATCH_V141_V150_KORG_READONLY_RESEARCH_OWNER_DASHBOARD.html","1150","2026-07-05T08:33:54"
"UAOS_BATCH_V141_V150_KORG_READONLY_RESEARCH_OPEN_HERE.html","E:\keyboard-manager-clean\uaos-ai-factory\korg-readonly-research-gate\batch-v141-v150-korg-readonly-research\UAOS_BATCH_V141_V150_KORG_READONLY_RESEARCH_OPEN_HERE.html","file:///E:/keyboard-manager-clean/uaos-ai-factory/korg-readonly-research-gate/batch-v141-v150-korg-readonly-research/UAOS_BATCH_V141_V150_KORG_READONLY_RESEARCH_OPEN_HERE.html","1166","2026-07-05T08:33:54"
"UAOS_V149_KORG_READONLY_RESEARCH_DASHBOARD.html","E:\keyboard-manager-clean\uaos-ai-factory\korg-readonly-research-gate\v149_research_dashboard\UAOS_V149_KORG_READONLY_RESEARCH_DASHBOARD.html","file:///E:/keyboard-manager-clean/uaos-ai-factory/korg-readonly-research-gate/v149_research_dashboard/UAOS_V149_KORG_READONLY_RESEARCH_DASHBOARD.html","1164","2026-07-05T08:33:54"
"UAOS_KORG_READONLY_RESEARCH_GATE_DASHBOARD.html","E:\keyboard-manager-clean\uaos-ai-factory\korg-readonly-research-gate\dashboards\UAOS_KORG_READONLY_RESEARCH_GATE_DASHBOARD.html","file:///E:/keyboard-manager-clean/uaos-ai-factory/korg-readonly-research-gate/dashboards/UAOS_KORG_READONLY_RESEARCH_GATE_DASHBOARD.html","1164","2026-07-05T08:33:54"
"UAOS_V134_STYLE_RC_TEST_CENTER.html","E:\keyboard-manager-clean\uaos-ai-factory\style-package-rc\v134_rc_test_center\UAOS_V134_STYLE_RC_TEST_CENTER.html","file:///E:/keyboard-manager-clean/uaos-ai-factory/style-package-rc/v134_rc_test_center/UAOS_V134_STYLE_RC_TEST_CENTER.html","1665","2026-07-05T08:28:19"
"UAOS_BATCH_V131_V140_STYLE_PACKAGE_RC_OPEN_HERE.html","E:\keyboard-manager-clean\uaos-ai-factory\style-package-rc\batch-v131-v140-style-package-rc\UAOS_BATCH_V131_V140_STYLE_PACKAGE_RC_OPEN_HERE.html","file:///E:/keyboard-manager-clean/uaos-ai-factory/style-package-rc/batch-v131-v140-style-package-rc/UAOS_BATCH_V131_V140_STYLE_PACKAGE_RC_OPEN_HERE.html","1508","2026-07-05T08:28:19"
"UAOS_BATCH_V131_V140_STYLE_PACKAGE_RC_OWNER_DASHBOARD.html","E:\keyboard-manager-clean\uaos-ai-factory\style-package-rc\batch-v131-v140-style-package-rc\UAOS_BATCH_V131_V140_STYLE_PACKAGE_RC_OWNER_DASHBOARD.html","file:///E:/keyboard-manager-clean/uaos-ai-factory/style-package-rc/batch-v131-v140-style-package-rc/UAOS_BATCH_V131_V140_STYLE_PACKAGE_RC_OWNER_DASHBOARD.html","1506","2026-07-05T08:28:19"
"UAOS_V134_STYLE_RC_TEST_CENTER.html","E:\keyboard-manager-clean\uaos-ai-factory\style-package-rc\v135_rc_package_zip\contents\UAOS_V134_STYLE_RC_TEST_CENTER.html","file:///E:/keyboard-manager-clean/uaos-ai-factory/style-package-rc/v135_rc_package_zip/contents/UAOS_V134_STYLE_RC_TEST_CENTER.html","1665","2026-07-05T08:28:19"
"UAOS_STYLE_PACKAGE_RC_DASHBOARD.html","E:\keyboard-manager-clean\uaos-ai-factory\style-package-rc\dashboards\UAOS_STYLE_PACKAGE_RC_DASHBOARD.html","file:///E:/keyboard-manager-clean/uaos-ai-factory/style-package-rc/dashboards/UAOS_STYLE_PACKAGE_RC_DASHBOARD.html","1496","2026-07-05T08:28:19"
"UAOS_FINAL_OWNER_DASHBOARD.html","E:\keyboard-manager-clean\uaos-ai-factory\UAOS_FINAL_LOCAL_OWNER_PROGRAM_V2\09_dashboards\UAOS_FINAL_OWNER_DASHBOARD.html","file:///E:/keyboard-manager-clean/uaos-ai-factory/UAOS_FINAL_LOCAL_OWNER_PROGRAM_V2/09_dashboards/UAOS_FINAL_OWNER_DASHBOARD.html","3051","2026-07-05T08:28:19"
"UAOS_STYLE_RC_CENTER.html","E:\keyboard-manager-clean\uaos-ai-factory\UAOS_FINAL_LOCAL_OWNER_PROGRAM_V2\16_style_rc\UAOS_STYLE_RC_CENTER.html","file:///E:/keyboard-manager-clean/uaos-ai-factory/UAOS_FINAL_LOCAL_OWNER_PROGRAM_V2/16_style_rc/UAOS_STYLE_RC_CENTER.html","1774","2026-07-05T08:28:19"
"UAOS_FINAL_LOCAL_PROGRAM_V2_HOME.html","E:\keyboard-manager-clean\uaos-ai-factory\UAOS_FINAL_LOCAL_OWNER_PROGRAM_V2\01_program\UAOS_FINAL_LOCAL_PROGRAM_V2_HOME.html","file:///E:/keyboard-manager-clean/uaos-ai-factory/UAOS_FINAL_LOCAL_OWNER_PROGRAM_V2/01_program/UAOS_FINAL_LOCAL_PROGRAM_V2_HOME.html","4386","2026-07-05T08:28:19"
"OPEN_UAOS_FINAL_LOCAL_PROGRAM_V2.html","E:\keyboard-manager-clean\uaos-ai-factory\UAOS_FINAL_LOCAL_OWNER_PROGRAM_V2\00_OPEN_ME\OPEN_UAOS_FINAL_LOCAL_PROGRAM_V2.html","file:///E:/keyboard-manager-clean/uaos-ai-factory/UAOS_FINAL_LOCAL_OWNER_PROGRAM_V2/00_OPEN_ME/OPEN_UAOS_FINAL_LOCAL_PROGRAM_V2.html","3430","2026-07-05T08:28:19"
"UAOS_V129_STYLE_MIDI_SYNC_PREVIEW.html","E:\keyboard-manager-clean\uaos-ai-factory\style-midi-sync-track\v129_sync_preview\UAOS_V129_STYLE_MIDI_SYNC_PREVIEW.html","file:///E:/keyboard-manager-clean/uaos-ai-factory/style-midi-sync-track/v129_sync_preview/UAOS_V129_STYLE_MIDI_SYNC_PREVIEW.html","1087","2026-07-05T08:23:15"
"UAOS_STYLE_MIDI_SYNC_DASHBOARD.html","E:\keyboard-manager-clean\uaos-ai-factory\style-midi-sync-track\dashboards\UAOS_STYLE_MIDI_SYNC_DASHBOARD.html","file:///E:/keyboard-manager-clean/uaos-ai-factory/style-midi-sync-track/dashboards/UAOS_STYLE_MIDI_SYNC_DASHBOARD.html","1081","2026-07-05T08:23:15"
"UAOS_BATCH_V121_V130_STYLE_MIDI_SYNC_OWNER_DASHBOARD.html","E:\keyboard-manager-clean\uaos-ai-factory\style-midi-sync-track\batch-v121-v130-style-midi-sync\UAOS_BATCH_V121_V130_STYLE_MIDI_SYNC_OWNER_DASHBOARD.html","file:///E:/keyboard-manager-clean/uaos-ai-factory/style-midi-sync-track/batch-v121-v130-style-midi-sync/UAOS_BATCH_V121_V130_STYLE_MIDI_SYNC_OWNER_DASHBOARD.html","1093","2026-07-05T08:23:15"
"UAOS_BATCH_V121_V130_STYLE_MIDI_SYNC_OPEN_HERE.html","E:\keyboard-manager-clean\uaos-ai-factory\style-midi-sync-track\batch-v121-v130-style-midi-sync\UAOS_BATCH_V121_V130_STYLE_MIDI_SYNC_OPEN_HERE.html","file:///E:/keyboard-manager-clean/uaos-ai-factory/style-midi-sync-track/batch-v121-v130-style-midi-sync/UAOS_BATCH_V121_V130_STYLE_MIDI_SYNC_OPEN_HERE.html","1093","2026-07-05T08:23:15"
"UAOS_STYLE_PACKAGE_V2_DASHBOARD.html","E:\keyboard-manager-clean\uaos-ai-factory\style-export-track-v2\dashboards\UAOS_STYLE_PACKAGE_V2_DASHBOARD.html","file:///E:/keyboard-manager-clean/uaos-ai-factory/style-export-track-v2/dashboards/UAOS_STYLE_PACKAGE_V2_DASHBOARD.html","1152","2026-07-05T08:17:21"
"UAOS_BATCH_V111_V120_STYLE_PACKAGE_V2_OWNER_DASHBOARD.html","E:\keyboard-manager-clean\uaos-ai-factory\style-export-track-v2\batch-v111-v120-style-package-v2\UAOS_BATCH_V111_V120_STYLE_PACKAGE_V2_OWNER_DASHBOARD.html","file:///E:/keyboard-manager-clean/uaos-ai-factory/style-export-track-v2/batch-v111-v120-style-package-v2/UAOS_BATCH_V111_V120_STYLE_PACKAGE_V2_OWNER_DASHBOARD.html","1162","2026-07-05T08:17:21"
"UAOS_BATCH_V111_V120_STYLE_PACKAGE_V2_OPEN_HERE.html","E:\keyboard-manager-clean\uaos-ai-factory\style-export-track-v2\batch-v111-v120-style-package-v2\UAOS_BATCH_V111_V120_STYLE_PACKAGE_V2_OPEN_HERE.html","file:///E:/keyboard-manager-clean/uaos-ai-factory/style-export-track-v2/batch-v111-v120-style-package-v2/UAOS_BATCH_V111_V120_STYLE_PACKAGE_V2_OPEN_HERE.html","1164","2026-07-05T08:17:21"
"UAOS_V119_STYLE_PACKAGE_V2_PREVIEW.html","E:\keyboard-manager-clean\uaos-ai-factory\style-export-track-v2\v119_style_package_v2_preview\UAOS_V119_STYLE_PACKAGE_V2_PREVIEW.html","file:///E:/keyboard-manager-clean/uaos-ai-factory/style-export-track-v2/v119_style_package_v2_preview/UAOS_V119_STYLE_PACKAGE_V2_PREVIEW.html","1158","2026-07-05T08:17:21"
"UAOS_V106_STYLE_PREVIEW_DASHBOARD.html","E:\keyboard-manager-clean\uaos-ai-factory\style-export-track\v106_style_preview\UAOS_V106_STYLE_PREVIEW_DASHBOARD.html","file:///E:/keyboard-manager-clean/uaos-ai-factory/style-export-track/v106_style_preview/UAOS_V106_STYLE_PREVIEW_DASHBOARD.html","1121","2026-07-05T08:12:47"
"UAOS_STYLE_EXPORT_FOUNDATION_DASHBOARD.html","E:\keyboard-manager-clean\uaos-ai-factory\style-export-track\dashboards\UAOS_STYLE_EXPORT_FOUNDATION_DASHBOARD.html","file:///E:/keyboard-manager-clean/uaos-ai-factory/style-export-track/dashboards/UAOS_STYLE_EXPORT_FOUNDATION_DASHBOARD.html","1131","2026-07-05T08:12:47"
"UAOS_BATCH_V101_V110_STYLE_EXPORT_FOUNDATION_OWNER_DASHBOARD.html","E:\keyboard-manager-clean\uaos-ai-factory\style-export-track\batch-v101-v110-style-export-foundation\UAOS_BATCH_V101_V110_STYLE_EXPORT_FOUNDATION_OWNER_DASHBOARD.html","file:///E:/keyboard-manager-clean/uaos-ai-factory/style-export-track/batch-v101-v110-style-export-foundation/UAOS_BATCH_V101_V110_STYLE_EXPORT_FOUNDATION_OWNER_DASHBOARD.html","1127","2026-07-05T08:12:47"
"UAOS_BATCH_V101_V110_STYLE_EXPORT_FOUNDATION_OPEN_HERE.html","E:\keyboard-manager-clean\uaos-ai-factory\style-export-track\batch-v101-v110-style-export-foundation\UAOS_BATCH_V101_V110_STYLE_EXPORT_FOUNDATION_OPEN_HERE.html","file:///E:/keyboard-manager-clean/uaos-ai-factory/style-export-track/batch-v101-v110-style-export-foundation/UAOS_BATCH_V101_V110_STYLE_EXPORT_FOUNDATION_OPEN_HERE.html","1143","2026-07-05T08:12:47"
"UAOS_FINAL_OWNER_DASHBOARD.html","E:\keyboard-manager-clean\uaos-ai-factory\UAOS_FINAL_LOCAL_OWNER_PROGRAM_V2\_package\UAOS_FINAL_LOCAL_OWNER_PROGRAM_V2_PACKAGE_CONTENTS\09_dashboards\UAOS_FINAL_OWNER_DASHBOARD.html","file:///E:/keyboard-manager-clean/uaos-ai-factory/UAOS_FINAL_LOCAL_OWNER_PROGRAM_V2/_package/UAOS_FINAL_LOCAL_OWNER_PROGRAM_V2_PACKAGE_CONTENTS/09_dashboards/UAOS_FINAL_OWNER_DASHBOARD.html","2859","2026-07-05T08:01:19"
"UAOS_FINAL_LIBRARY_DASHBOARD.html","E:\keyboard-manager-clean\uaos-ai-factory\UAOS_FINAL_LOCAL_OWNER_PROGRAM_V2\_package\UAOS_FINAL_LOCAL_OWNER_PROGRAM_V2_PACKAGE_CONTENTS\09_dashboards\UAOS_FINAL_LIBRARY_DASHBOARD.html","file:///E:/keyboard-manager-clean/uaos-ai-factory/UAOS_FINAL_LOCAL_OWNER_PROGRAM_V2/_package/UAOS_FINAL_LOCAL_OWNER_PROGRAM_V2_PACKAGE_CONTENTS/09_dashboards/UAOS_FINAL_LIBRARY_DASHBOARD.html","2863","2026-07-05T08:01:19"
"UAOS_FINAL_TECHNICAL_DASHBOARD.html","E:\keyboard-manager-clean\uaos-ai-factory\UAOS_FINAL_LOCAL_OWNER_PROGRAM_V2\_package\UAOS_FINAL_LOCAL_OWNER_PROGRAM_V2_PACKAGE_CONTENTS\09_dashboards\UAOS_FINAL_TECHNICAL_DASHBOARD.html","file:///E:/keyboard-manager-clean/uaos-ai-factory/UAOS_FINAL_LOCAL_OWNER_PROGRAM_V2/_package/UAOS_FINAL_LOCAL_OWNER_PROGRAM_V2_PACKAGE_CONTENTS/09_dashboards/UAOS_FINAL_TECHNICAL_DASHBOARD.html","2867","2026-07-05T08:01:19"
"UAOS_FINAL_PRIORITY_LIBRARY_DASHBOARD.html","E:\keyboard-manager-clean\uaos-ai-factory\UAOS_FINAL_LOCAL_OWNER_PROGRAM_V2\_package\UAOS_FINAL_LOCAL_OWNER_PROGRAM_V2_PACKAGE_CONTENTS\09_dashboards\UAOS_FINAL_PRIORITY_LIBRARY_DASHBOARD.html","file:///E:/keyboard-manager-clean/uaos-ai-factory/UAOS_FINAL_LOCAL_OWNER_PROGRAM_V2/_package/UAOS_FINAL_LOCAL_OWNER_PROGRAM_V2_PACKAGE_CONTENTS/09_dashboards/UAOS_FINAL_PRIORITY_LIBRARY_DASHBOARD.html","2881","2026-07-05T08:01:19"
"UAOS_FINAL_EXPORT_DASHBOARD.html","E:\keyboard-manager-clean\uaos-ai-factory\UAOS_FINAL_LOCAL_OWNER_PROGRAM_V2\_package\UAOS_FINAL_LOCAL_OWNER_PROGRAM_V2_PACKAGE_CONTENTS\09_dashboards\UAOS_FINAL_EXPORT_DASHBOARD.html","file:///E:/keyboard-manager-clean/uaos-ai-factory/UAOS_FINAL_LOCAL_OWNER_PROGRAM_V2/_package/UAOS_FINAL_LOCAL_OWNER_PROGRAM_V2_PACKAGE_CONTENTS/09_dashboards/UAOS_FINAL_EXPORT_DASHBOARD.html","2861","2026-07-05T08:01:19"
"UAOS_SOUND_LIBRARY_CENTER.html","E:\keyboard-manager-clean\uaos-ai-factory\UAOS_FINAL_LOCAL_OWNER_PROGRAM_V2\_package\UAOS_FINAL_LOCAL_OWNER_PROGRAM_V2_PACKAGE_CONTENTS\06_sound_library\UAOS_SOUND_LIBRARY_CENTER.html","file:///E:/keyboard-manager-clean/uaos-ai-factory/UAOS_FINAL_LOCAL_OWNER_PROGRAM_V2/_package/UAOS_FINAL_LOCAL_OWNER_PROGRAM_V2_PACKAGE_CONTENTS/06_sound_library/UAOS_SOUND_LIBRARY_CENTER.html","1761","2026-07-05T08:01:19"
