"review_id","row_number","extension","file_name","relative_path","source_top_folder","source_folder","bytes","classification","risk_tier","blocked_reason","safe_copy_allowed","safe_copy_allowed_text","writer_ready","writer_mode","owner_decision","allowed_decisions","proposed_next_action","reviewer_notes","source_file_open_enabled","source_file_copy_enabled","source_origin_mode","source_origin_path"
"V1711-R0001","1",".bkp","NewName.BKP","NewName.BKP","_ROOT","_ROOT","256680542","BLOCKED_FORBIDDEN_FILE_EXTENSION","RED","Keyboard/proprietary or high-risk extension. Copy/write/export remains blocked.","False","NO","False","OWNER_EXPERIMENTAL_CODEWRITER_METADATA_ONLY","PENDING_REVIEW","PENDING_REVIEW;KEEP_BLOCKED;DOCUMENT_ONLY;REQUEST_SEPARATE_APPROVAL_PHASE","OWNER_REVIEW_METADATA_ONLY","","False","False","DIRECT_METADATA_SCAN","C:\Users\ssare\Desktop\KORG_PA3X_RECOVERY_BACKUP_20260619-150450"
"V1711-R0002","2",".mxp","MXPRESET.MXP","NEWNAME.SET\GLOBAL\MXPRESET.MXP","NEWNAME.SET","NEWNAME.SET\GLOBAL","1943","BLOCKED_INSIDE_FORBIDDEN_SOURCE_FOLDER","RED","Source path is inside a keyboard .SET-style folder. Metadata review only.","False","NO","False","OWNER_EXPERIMENTAL_CODEWRITER_METADATA_ONLY","PENDING_REVIEW","PENDING_REVIEW;KEEP_BLOCKED;DOCUMENT_ONLY;REQUEST_SEPARATE_APPROVAL_PHASE","OWNER_REVIEW_METADATA_ONLY","","False","False","DIRECT_METADATA_SCAN","C:\Users\ssare\Desktop\KORG_PA3X_RECOVERY_BACKUP_20260619-150450"
"V1711-R0003","3",".gbl","SETUP.GBL","NEWNAME.SET\GLOBAL\SETUP.GBL","NEWNAME.SET","NEWNAME.SET\GLOBAL","3381","BLOCKED_INSIDE_FORBIDDEN_SOURCE_FOLDER","RED","Source path is inside a keyboard .SET-style folder. Metadata review only.","False","NO","False","OWNER_EXPERIMENTAL_CODEWRITER_METADATA_ONLY","PENDING_REVIEW","PENDING_REVIEW;KEEP_BLOCKED;DOCUMENT_ONLY;REQUEST_SEPARATE_APPROVAL_PHASE","OWNER_REVIEW_METADATA_ONLY","","False","False","DIRECT_METADATA_SCAN","C:\Users\ssare\Desktop\KORG_PA3X_RECOVERY_BACKUP_20260619-150450"
"V1711-R0004","4",".voc","VPPRESET.VOC","NEWNAME.SET\GLOBAL\VPPRESET.VOC","NEWNAME.SET","NEWNAME.SET\GLOBAL","34304","BLOCKED_INSIDE_FORBIDDEN_SOURCE_FOLDER","RED","Source path is inside a keyboard .SET-style folder. Metadata review only.","False","NO","False","OWNER_EXPERIMENTAL_CODEWRITER_METADATA_ONLY","PENDING_REVIEW","PENDING_REVIEW;KEEP_BLOCKED;DOCUMENT_ONLY;REQUEST_SEPARATE_APPROVAL_PHASE","OWNER_REVIEW_METADATA_ONLY","","False","False","DIRECT_METADATA_SCAN","C:\Users\ssare\Desktop\KORG_PA3X_RECOVERY_BACKUP_20260619-150450"
"V1711-R0005","5",".kmp","RAM.KMP","NEWNAME.SET\MULTISMP\RAM.KMP","NEWNAME.SET","NEWNAME.SET\MULTISMP","235247","BLOCKED_INSIDE_FORBIDDEN_SOURCE_FOLDER","RED","Source path is inside a keyboard .SET-style folder. Metadata review only.","False","NO","False","OWNER_EXPERIMENTAL_CODEWRITER_METADATA_ONLY","PENDING_REVIEW","PENDING_REVIEW;KEEP_BLOCKED;DOCUMENT_ONLY;REQUEST_SEPARATE_APPROVAL_PHASE","OWNER_REVIEW_METADATA_ONLY","","False","False","DIRECT_METADATA_SCAN","C:\Users\ssare\Desktop\KORG_PA3X_RECOVERY_BACKUP_20260619-150450"
"V1711-R0006","6",".pad","USER01.PAD","NEWNAME.SET\PAD\USER01.PAD","NEWNAME.SET","NEWNAME.SET\PAD","17435","BLOCKED_INSIDE_FORBIDDEN_SOURCE_FOLDER","RED","Source path is inside a keyboard .SET-style folder. Metadata review only.","False","NO","False","OWNER_EXPERIMENTAL_CODEWRITER_METADATA_ONLY","PENDING_REVIEW","PENDING_REVIEW;KEEP_BLOCKED;DOCUMENT_ONLY;REQUEST_SEPARATE_APPROVAL_PHASE","OWNER_REVIEW_METADATA_ONLY","","False","False","DIRECT_METADATA_SCAN","C:\Users\ssare\Desktop\KORG_PA3X_RECOVERY_BACKUP_20260619-150450"
"V1711-R0007","7",".pad","USER02.PAD","NEWNAME.SET\PAD\USER02.PAD","NEWNAME.SET","NEWNAME.SET\PAD","4547","BLOCKED_INSIDE_FORBIDDEN_SOURCE_FOLDER","RED","Source path is inside a keyboard .SET-style folder. Metadata review only.","False","NO","False","OWNER_EXPERIMENTAL_CODEWRITER_METADATA_ONLY","PENDING_REVIEW","PENDING_REVIEW;KEEP_BLOCKED;DOCUMENT_ONLY;REQUEST_SEPARATE_APPROVAL_PHASE","OWNER_REVIEW_METADATA_ONLY","","False","False","DIRECT_METADATA_SCAN","C:\Users\ssare\Desktop\KORG_PA3X_RECOVERY_BACKUP_20260619-150450"
"V1711-R0008","8",".pad","USER03.PAD","NEWNAME.SET\PAD\USER03.PAD","NEWNAME.SET","NEWNAME.SET\PAD","15443","BLOCKED_INSIDE_FORBIDDEN_SOURCE_FOLDER","RED","Source path is inside a keyboard .SET-style folder. Metadata review only.","False","NO","False","OWNER_EXPERIMENTAL_CODEWRITER_METADATA_ONLY","PENDING_REVIEW","PENDING_REVIEW;KEEP_BLOCKED;DOCUMENT_ONLY;REQUEST_SEPARATE_APPROVAL_PHASE","OWNER_REVIEW_METADATA_ONLY","","False","False","DIRECT_METADATA_SCAN","C:\Users\ssare\Desktop\KORG_PA3X_RECOVERY_BACKUP_20260619-150450"
"V1711-R0009","9",".pad","USER04.PAD","NEWNAME.SET\PAD\USER04.PAD","NEWNAME.SET","NEWNAME.SET\PAD","3580","BLOCKED_INSIDE_FORBIDDEN_SOURCE_FOLDER","RED","Source path is inside a keyboard .SET-style folder. Metadata review only.","False","NO","False","OWNER_EXPERIMENTAL_CODEWRITER_METADATA_ONLY","PENDING_REVIEW","PENDING_REVIEW;KEEP_BLOCKED;DOCUMENT_ONLY;REQUEST_SEPARATE_APPROVAL_PHASE","OWNER_REVIEW_METADATA_ONLY","","False","False","DIRECT_METADATA_SCAN","C:\Users\ssare\Desktop\KORG_PA3X_RECOVERY_BACKUP_20260619-150450"
"V1711-R0010","10",".pad","USER05.PAD","NEWNAME.SET\PAD\USER05.PAD","NEWNAME.SET","NEWNAME.SET\PAD","3302","BLOCKED_INSIDE_FORBIDDEN_SOURCE_FOLDER","RED","Source path is inside a keyboard .SET-style folder. Metadata review only.","False","NO","False","OWNER_EXPERIMENTAL_CODEWRITER_METADATA_ONLY","PENDING_REVIEW","PENDING_REVIEW;KEEP_BLOCKED;DOCUMENT_ONLY;REQUEST_SEPARATE_APPROVAL_PHASE","OWNER_REVIEW_METADATA_ONLY","","False","False","DIRECT_METADATA_SCAN","C:\Users\ssare\Desktop\KORG_PA3X_RECOVERY_BACKUP_20260619-150450"
"V1711-R0011","11",".pad","USER06.PAD","NEWNAME.SET\PAD\USER06.PAD","NEWNAME.SET","NEWNAME.SET\PAD","3648","BLOCKED_INSIDE_FORBIDDEN_SOURCE_FOLDER","RED","Source path is inside a keyboard .SET-style folder. Metadata review only.","False","NO","False","OWNER_EXPERIMENTAL_CODEWRITER_METADATA_ONLY","PENDING_REVIEW","PENDING_REVIEW;KEEP_BLOCKED;DOCUMENT_ONLY;REQUEST_SEPARATE_APPROVAL_PHASE","OWNER_REVIEW_METADATA_ONLY","","False","False","DIRECT_METADATA_SCAN","C:\Users\ssare\Desktop\KORG_PA3X_RECOVERY_BACKUP_20260619-150450"
"V1711-R0012","12",".pad","USER07.PAD","NEWNAME.SET\PAD\USER07.PAD","NEWNAME.SET","NEWNAME.SET\PAD","877","BLOCKED_INSIDE_FORBIDDEN_SOURCE_FOLDER","RED","Source path is inside a keyboard .SET-style folder. Metadata review only.","False","NO","False","OWNER_EXPERIMENTAL_CODEWRITER_METADATA_ONLY","PENDING_REVIEW","PENDING_REVIEW;KEEP_BLOCKED;DOCUMENT_ONLY;REQUEST_SEPARATE_APPROVAL_PHASE","OWNER_REVIEW_METADATA_ONLY","","False","False","DIRECT_METADATA_SCAN","C:\Users\ssare\Desktop\KORG_PA3X_RECOVERY_BACKUP_20260619-150450"
"V1711-R0013","13",".pad","USER08.PAD","NEWNAME.SET\PAD\USER08.PAD","NEWNAME.SET","NEWNAME.SET\PAD","529","BLOCKED_INSIDE_FORBIDDEN_SOURCE_FOLDER","RED","Source path is inside a keyboard .SET-style folder. Metadata review only.","False","NO","False","OWNER_EXPERIMENTAL_CODEWRITER_METADATA_ONLY","PENDING_REVIEW","PENDING_REVIEW;KEEP_BLOCKED;DOCUMENT_ONLY;REQUEST_SEPARATE_APPROVAL_PHASE","OWNER_REVIEW_METADATA_ONLY","","False","False","DIRECT_METADATA_SCAN","C:\Users\ssare\Desktop\KORG_PA3X_RECOVERY_BACKUP_20260619-150450"
"V1711-R0014","14",".pad","USER09.PAD","NEWNAME.SET\PAD\USER09.PAD","NEWNAME.SET","NEWNAME.SET\PAD","666","BLOCKED_INSIDE_FORBIDDEN_SOURCE_FOLDER","RED","Source path is inside a keyboard .SET-style folder. Metadata review only.","False","NO","False","OWNER_EXPERIMENTAL_CODEWRITER_METADATA_ONLY","PENDING_REVIEW","PENDING_REVIEW;KEEP_BLOCKED;DOCUMENT_ONLY;REQUEST_SEPARATE_APPROVAL_PHASE","OWNER_REVIEW_METADATA_ONLY","","False","False","DIRECT_METADATA_SCAN","C:\Users\ssare\Desktop\KORG_PA3X_RECOVERY_BACKUP_20260619-150450"
"V1711-R0015","15",".pad","USER10.PAD","NEWNAME.SET\PAD\USER10.PAD","NEWNAME.SET","NEWNAME.SET\PAD","661","BLOCKED_INSIDE_FORBIDDEN_SOURCE_FOLDER","RED","Source path is inside a keyboard .SET-style folder. Metadata review only.","False","NO","False","OWNER_EXPERIMENTAL_CODEWRITER_METADATA_ONLY","PENDING_REVIEW","PENDING_REVIEW;KEEP_BLOCKED;DOCUMENT_ONLY;REQUEST_SEPARATE_APPROVAL_PHASE","OWNER_REVIEW_METADATA_ONLY","","False","False","DIRECT_METADATA_SCAN","C:\Users\ssare\Desktop\KORG_PA3X_RECOVERY_BACKUP_20260619-150450"
"V1711-R0016","16",".pcm","RAM01.PCM","NEWNAME.SET\PCM\RAM01.PCM","NEWNAME.SET","NEWNAME.SET\PCM","2609467","BLOCKED_INSIDE_FORBIDDEN_SOURCE_FOLDER","RED","Source path is inside a keyboard .SET-style folder. Metadata review only.","False","NO","False","OWNER_EXPERIMENTAL_CODEWRITER_METADATA_ONLY","PENDING_REVIEW","PENDING_REVIEW;KEEP_BLOCKED;DOCUMENT_ONLY;REQUEST_SEPARATE_APPROVAL_PHASE","OWNER_REVIEW_METADATA_ONLY","","False","False","DIRECT_METADATA_SCAN","C:\Users\ssare\Desktop\KORG_PA3X_RECOVERY_BACKUP_20260619-150450"
"V1711-R0017","17",".pcm","RAM02.PCM","NEWNAME.SET\PCM\RAM02.PCM","NEWNAME.SET","NEWNAME.SET\PCM","2761573","BLOCKED_INSIDE_FORBIDDEN_SOURCE_FOLDER","RED","Source path is inside a keyboard .SET-style folder. Metadata review only.","False","NO","False","OWNER_EXPERIMENTAL_CODEWRITER_METADATA_ONLY","PENDING_REVIEW","PENDING_REVIEW;KEEP_BLOCKED;DOCUMENT_ONLY;REQUEST_SEPARATE_APPROVAL_PHASE","OWNER_REVIEW_METADATA_ONLY","","False","False","DIRECT_METADATA_SCAN","C:\Users\ssare\Desktop\KORG_PA3X_RECOVERY_BACKUP_20260619-150450"
"V1711-R0018","18",".pcm","RAM03.PCM","NEWNAME.SET\PCM\RAM03.PCM","NEWNAME.SET","NEWNAME.SET\PCM","1685510","BLOCKED_INSIDE_FORBIDDEN_SOURCE_FOLDER","RED","Source path is inside a keyboard .SET-style folder. Metadata review only.","False","NO","False","OWNER_EXPERIMENTAL_CODEWRITER_METADATA_ONLY","PENDING_REVIEW","PENDING_REVIEW;KEEP_BLOCKED;DOCUMENT_ONLY;REQUEST_SEPARATE_APPROVAL_PHASE","OWNER_REVIEW_METADATA_ONLY","","False","False","DIRECT_METADATA_SCAN","C:\Users\ssare\Desktop\KORG_PA3X_RECOVERY_BACKUP_20260619-150450"
"V1711-R0019","19",".pcm","RAM04.PCM","NEWNAME.SET\PCM\RAM04.PCM","NEWNAME.SET","NEWNAME.SET\PCM","2570418","BLOCKED_INSIDE_FORBIDDEN_SOURCE_FOLDER","RED","Source path is inside a keyboard .SET-style folder. Metadata review only.","False","NO","False","OWNER_EXPERIMENTAL_CODEWRITER_METADATA_ONLY","PENDING_REVIEW","PENDING_REVIEW;KEEP_BLOCKED;DOCUMENT_ONLY;REQUEST_SEPARATE_APPROVAL_PHASE","OWNER_REVIEW_METADATA_ONLY","","False","False","DIRECT_METADATA_SCAN","C:\Users\ssare\Desktop\KORG_PA3X_RECOVERY_BACKUP_20260619-150450"
"V1711-R0020","20",".pcm","RAM05.PCM","NEWNAME.SET\PCM\RAM05.PCM","NEWNAME.SET","NEWNAME.SET\PCM","1894621","BLOCKED_INSIDE_FORBIDDEN_SOURCE_FOLDER","RED","Source path is inside a keyboard .SET-style folder. Metadata review only.","False","NO","False","OWNER_EXPERIMENTAL_CODEWRITER_METADATA_ONLY","PENDING_REVIEW","PENDING_REVIEW;KEEP_BLOCKED;DOCUMENT_ONLY;REQUEST_SEPARATE_APPROVAL_PHASE","OWNER_REVIEW_METADATA_ONLY","","False","False","DIRECT_METADATA_SCAN","C:\Users\ssare\Desktop\KORG_PA3X_RECOVERY_BACKUP_20260619-150450"
"V1711-R0021","21",".pcm","RAM06.PCM","NEWNAME.SET\PCM\RAM06.PCM","NEWNAME.SET","NEWNAME.SET\PCM","3678503","BLOCKED_INSIDE_FORBIDDEN_SOURCE_FOLDER","RED","Source path is inside a keyboard .SET-style folder. Metadata review only.","False","NO","False","OWNER_EXPERIMENTAL_CODEWRITER_METADATA_ONLY","PENDING_REVIEW","PENDING_REVIEW;KEEP_BLOCKED;DOCUMENT_ONLY;REQUEST_SEPARATE_APPROVAL_PHASE","OWNER_REVIEW_METADATA_ONLY","","False","False","DIRECT_METADATA_SCAN","C:\Users\ssare\Desktop\KORG_PA3X_RECOVERY_BACKUP_20260619-150450"
"V1711-R0022","22",".pcm","RAM07.PCM","NEWNAME.SET\PCM\RAM07.PCM","NEWNAME.SET","NEWNAME.SET\PCM","2385716","BLOCKED_INSIDE_FORBIDDEN_SOURCE_FOLDER","RED","Source path is inside a keyboard .SET-style folder. Metadata review only.","False","NO","False","OWNER_EXPERIMENTAL_CODEWRITER_METADATA_ONLY","PENDING_REVIEW","PENDING_REVIEW;KEEP_BLOCKED;DOCUMENT_ONLY;REQUEST_SEPARATE_APPROVAL_PHASE","OWNER_REVIEW_METADATA_ONLY","","False","False","DIRECT_METADATA_SCAN","C:\Users\ssare\Desktop\KORG_PA3X_RECOVERY_BACKUP_20260619-150450"
"V1711-R0023","23",".pcm","RAM08.PCM","NEWNAME.SET\PCM\RAM08.PCM","NEWNAME.SET","NEWNAME.SET\PCM","2343289","BLOCKED_INSIDE_FORBIDDEN_SOURCE_FOLDER","RED","Source path is inside a keyboard .SET-style folder. Metadata review only.","False","NO","False","OWNER_EXPERIMENTAL_CODEWRITER_METADATA_ONLY","PENDING_REVIEW","PENDING_REVIEW;KEEP_BLOCKED;DOCUMENT_ONLY;REQUEST_SEPARATE_APPROVAL_PHASE","OWNER_REVIEW_METADATA_ONLY","","False","False","DIRECT_METADATA_SCAN","C:\Users\ssare\Desktop\KORG_PA3X_RECOVERY_BACKUP_20260619-150450"
"V1711-R0024","24",".pcm","RAM09.PCM","NEWNAME.SET\PCM\RAM09.PCM","NEWNAME.SET","NEWNAME.SET\PCM","2528316","BLOCKED_INSIDE_FORBIDDEN_SOURCE_FOLDER","RED","Source path is inside a keyboard .SET-style folder. Metadata review only.","False","NO","False","OWNER_EXPERIMENTAL_CODEWRITER_METADATA_ONLY","PENDING_REVIEW","PENDING_REVIEW;KEEP_BLOCKED;DOCUMENT_ONLY;REQUEST_SEPARATE_APPROVAL_PHASE","OWNER_REVIEW_METADATA_ONLY","","False","False","DIRECT_METADATA_SCAN","C:\Users\ssare\Desktop\KORG_PA3X_RECOVERY_BACKUP_20260619-150450"
"V1711-R0025","25",".pcm","RAM10.PCM","NEWNAME.SET\PCM\RAM10.PCM","NEWNAME.SET","NEWNAME.SET\PCM","2035946","BLOCKED_INSIDE_FORBIDDEN_SOURCE_FOLDER","RED","Source path is inside a keyboard .SET-style folder. Metadata review only.","False","NO","False","OWNER_EXPERIMENTAL_CODEWRITER_METADATA_ONLY","PENDING_REVIEW","PENDING_REVIEW;KEEP_BLOCKED;DOCUMENT_ONLY;REQUEST_SEPARATE_APPROVAL_PHASE","OWNER_REVIEW_METADATA_ONLY","","False","False","DIRECT_METADATA_SCAN","C:\Users\ssare\Desktop\KORG_PA3X_RECOVERY_BACKUP_20260619-150450"
"V1711-R0026","26",".pcm","RAM11.PCM","NEWNAME.SET\PCM\RAM11.PCM","NEWNAME.SET","NEWNAME.SET\PCM","2192345","BLOCKED_INSIDE_FORBIDDEN_SOURCE_FOLDER","RED","Source path is inside a keyboard .SET-style folder. Metadata review only.","False","NO","False","OWNER_EXPERIMENTAL_CODEWRITER_METADATA_ONLY","PENDING_REVIEW","PENDING_REVIEW;KEEP_BLOCKED;DOCUMENT_ONLY;REQUEST_SEPARATE_APPROVAL_PHASE","OWNER_REVIEW_METADATA_ONLY","","False","False","DIRECT_METADATA_SCAN","C:\Users\ssare\Desktop\KORG_PA3X_RECOVERY_BACKUP_20260619-150450"
"V1711-R0027","27",".pcm","RAM12.PCM","NEWNAME.SET\PCM\RAM12.PCM","NEWNAME.SET","NEWNAME.SET\PCM","2802504","BLOCKED_INSIDE_FORBIDDEN_SOURCE_FOLDER","RED","Source path is inside a keyboard .SET-style folder. Metadata review only.","False","NO","False","OWNER_EXPERIMENTAL_CODEWRITER_METADATA_ONLY","PENDING_REVIEW","PENDING_REVIEW;KEEP_BLOCKED;DOCUMENT_ONLY;REQUEST_SEPARATE_APPROVAL_PHASE","OWNER_REVIEW_METADATA_ONLY","","False","False","DIRECT_METADATA_SCAN","C:\Users\ssare\Desktop\KORG_PA3X_RECOVERY_BACKUP_20260619-150450"
"V1711-R0028","28",".pcm","RAM13.PCM","NEWNAME.SET\PCM\RAM13.PCM","NEWNAME.SET","NEWNAME.SET\PCM","1801345","BLOCKED_INSIDE_FORBIDDEN_SOURCE_FOLDER","RED","Source path is inside a keyboard .SET-style folder. Metadata review only.","False","NO","False","OWNER_EXPERIMENTAL_CODEWRITER_METADATA_ONLY","PENDING_REVIEW","PENDING_REVIEW;KEEP_BLOCKED;DOCUMENT_ONLY;REQUEST_SEPARATE_APPROVAL_PHASE","OWNER_REVIEW_METADATA_ONLY","","False","False","DIRECT_METADATA_SCAN","C:\Users\ssare\Desktop\KORG_PA3X_RECOVERY_BACKUP_20260619-150450"
"V1711-R0029","29",".pcm","RAM14.PCM","NEWNAME.SET\PCM\RAM14.PCM","NEWNAME.SET","NEWNAME.SET\PCM","2211601","BLOCKED_INSIDE_FORBIDDEN_SOURCE_FOLDER","RED","Source path is inside a keyboard .SET-style folder. Metadata review only.","False","NO","False","OWNER_EXPERIMENTAL_CODEWRITER_METADATA_ONLY","PENDING_REVIEW","PENDING_REVIEW;KEEP_BLOCKED;DOCUMENT_ONLY;REQUEST_SEPARATE_APPROVAL_PHASE","OWNER_REVIEW_METADATA_ONLY","","False","False","DIRECT_METADATA_SCAN","C:\Users\ssare\Desktop\KORG_PA3X_RECOVERY_BACKUP_20260619-150450"
"V1711-R0030","30",".pcm","RAM15.PCM","NEWNAME.SET\PCM\RAM15.PCM","NEWNAME.SET","NEWNAME.SET\PCM","3633676","BLOCKED_INSIDE_FORBIDDEN_SOURCE_FOLDER","RED","Source path is inside a keyboard .SET-style folder. Metadata review only.","False","NO","False","OWNER_EXPERIMENTAL_CODEWRITER_METADATA_ONLY","PENDING_REVIEW","PENDING_REVIEW;KEEP_BLOCKED;DOCUMENT_ONLY;REQUEST_SEPARATE_APPROVAL_PHASE","OWNER_REVIEW_METADATA_ONLY","","False","False","DIRECT_METADATA_SCAN","C:\Users\ssare\Desktop\KORG_PA3X_RECOVERY_BACKUP_20260619-150450"
"V1711-R0031","31",".pcm","RAM16.PCM","NEWNAME.SET\PCM\RAM16.PCM","NEWNAME.SET","NEWNAME.SET\PCM","3098360","BLOCKED_INSIDE_FORBIDDEN_SOURCE_FOLDER","RED","Source path is inside a keyboard .SET-style folder. Metadata review only.","False","NO","False","OWNER_EXPERIMENTAL_CODEWRITER_METADATA_ONLY","PENDING_REVIEW","PENDING_REVIEW;KEEP_BLOCKED;DOCUMENT_ONLY;REQUEST_SEPARATE_APPROVAL_PHASE","OWNER_REVIEW_METADATA_ONLY","","False","False","DIRECT_METADATA_SCAN","C:\Users\ssare\Desktop\KORG_PA3X_RECOVERY_BACKUP_20260619-150450"
"V1711-R0032","32",".pcm","RAM17.PCM","NEWNAME.SET\PCM\RAM17.PCM","NEWNAME.SET","NEWNAME.SET\PCM","2876209","BLOCKED_INSIDE_FORBIDDEN_SOURCE_FOLDER","RED","Source path is inside a keyboard .SET-style folder. Metadata review only.","False","NO","False","OWNER_EXPERIMENTAL_CODEWRITER_METADATA_ONLY","PENDING_REVIEW","PENDING_REVIEW;KEEP_BLOCKED;DOCUMENT_ONLY;REQUEST_SEPARATE_APPROVAL_PHASE","OWNER_REVIEW_METADATA_ONLY","","False","False","DIRECT_METADATA_SCAN","C:\Users\ssare\Desktop\KORG_PA3X_RECOVERY_BACKUP_20260619-150450"
"V1711-R0033","33",".pcm","RAM18.PCM","NEWNAME.SET\PCM\RAM18.PCM","NEWNAME.SET","NEWNAME.SET\PCM","1852638","BLOCKED_INSIDE_FORBIDDEN_SOURCE_FOLDER","RED","Source path is inside a keyboard .SET-style folder. Metadata review only.","False","NO","False","OWNER_EXPERIMENTAL_CODEWRITER_METADATA_ONLY","PENDING_REVIEW","PENDING_REVIEW;KEEP_BLOCKED;DOCUMENT_ONLY;REQUEST_SEPARATE_APPROVAL_PHASE","OWNER_REVIEW_METADATA_ONLY","","False","False","DIRECT_METADATA_SCAN","C:\Users\ssare\Desktop\KORG_PA3X_RECOVERY_BACKUP_20260619-150450"
"V1711-R0034","34",".pcm","RAM19.PCM","NEWNAME.SET\PCM\RAM19.PCM","NEWNAME.SET","NEWNAME.SET\PCM","2220968","BLOCKED_INSIDE_FORBIDDEN_SOURCE_FOLDER","RED","Source path is inside a keyboard .SET-style folder. Metadata review only.","False","NO","False","OWNER_EXPERIMENTAL_CODEWRITER_METADATA_ONLY","PENDING_REVIEW","PENDING_REVIEW;KEEP_BLOCKED;DOCUMENT_ONLY;REQUEST_SEPARATE_APPROVAL_PHASE","OWNER_REVIEW_METADATA_ONLY","","False","False","DIRECT_METADATA_SCAN","C:\Users\ssare\Desktop\KORG_PA3X_RECOVERY_BACKUP_20260619-150450"
"V1711-R0035","35",".pcm","RAM20.PCM","NEWNAME.SET\PCM\RAM20.PCM","NEWNAME.SET","NEWNAME.SET\PCM","1722445","BLOCKED_INSIDE_FORBIDDEN_SOURCE_FOLDER","RED","Source path is inside a keyboard .SET-style folder. Metadata review only.","False","NO","False","OWNER_EXPERIMENTAL_CODEWRITER_METADATA_ONLY","PENDING_REVIEW","PENDING_REVIEW;KEEP_BLOCKED;DOCUMENT_ONLY;REQUEST_SEPARATE_APPROVAL_PHASE","OWNER_REVIEW_METADATA_ONLY","","False","False","DIRECT_METADATA_SCAN","C:\Users\ssare\Desktop\KORG_PA3X_RECOVERY_BACKUP_20260619-150450"
"V1711-R0036","36",".pcm","RAM21.PCM","NEWNAME.SET\PCM\RAM21.PCM","NEWNAME.SET","NEWNAME.SET\PCM","2595382","BLOCKED_INSIDE_FORBIDDEN_SOURCE_FOLDER","RED","Source path is inside a keyboard .SET-style folder. Metadata review only.","False","NO","False","OWNER_EXPERIMENTAL_CODEWRITER_METADATA_ONLY","PENDING_REVIEW","PENDING_REVIEW;KEEP_BLOCKED;DOCUMENT_ONLY;REQUEST_SEPARATE_APPROVAL_PHASE","OWNER_REVIEW_METADATA_ONLY","","False","False","DIRECT_METADATA_SCAN","C:\Users\ssare\Desktop\KORG_PA3X_RECOVERY_BACKUP_20260619-150450"
"V1711-R0037","37",".pcm","RAM22.PCM","NEWNAME.SET\PCM\RAM22.PCM","NEWNAME.SET","NEWNAME.SET\PCM","2060104","BLOCKED_INSIDE_FORBIDDEN_SOURCE_FOLDER","RED","Source path is inside a keyboard .SET-style folder. Metadata review only.","False","NO","False","OWNER_EXPERIMENTAL_CODEWRITER_METADATA_ONLY","PENDING_REVIEW","PENDING_REVIEW;KEEP_BLOCKED;DOCUMENT_ONLY;REQUEST_SEPARATE_APPROVAL_PHASE","OWNER_REVIEW_METADATA_ONLY","","False","False","DIRECT_METADATA_SCAN","C:\Users\ssare\Desktop\KORG_PA3X_RECOVERY_BACKUP_20260619-150450"
"V1711-R0038","38",".pcm","RAM23.PCM","NEWNAME.SET\PCM\RAM23.PCM","NEWNAME.SET","NEWNAME.SET\PCM","2531710","BLOCKED_INSIDE_FORBIDDEN_SOURCE_FOLDER","RED","Source path is inside a keyboard .SET-style folder. Metadata review only.","False","NO","False","OWNER_EXPERIMENTAL_CODEWRITER_METADATA_ONLY","PENDING_REVIEW","PENDING_REVIEW;KEEP_BLOCKED;DOCUMENT_ONLY;REQUEST_SEPARATE_APPROVAL_PHASE","OWNER_REVIEW_METADATA_ONLY","","False","False","DIRECT_METADATA_SCAN","C:\Users\ssare\Desktop\KORG_PA3X_RECOVERY_BACKUP_20260619-150450"
"V1711-R0039","39",".pcm","RAM24.PCM","NEWNAME.SET\PCM\RAM24.PCM","NEWNAME.SET","NEWNAME.SET\PCM","2142487","BLOCKED_INSIDE_FORBIDDEN_SOURCE_FOLDER","RED","Source path is inside a keyboard .SET-style folder. Metadata review only.","False","NO","False","OWNER_EXPERIMENTAL_CODEWRITER_METADATA_ONLY","PENDING_REVIEW","PENDING_REVIEW;KEEP_BLOCKED;DOCUMENT_ONLY;REQUEST_SEPARATE_APPROVAL_PHASE","OWNER_REVIEW_METADATA_ONLY","","False","False","DIRECT_METADATA_SCAN","C:\Users\ssare\Desktop\KORG_PA3X_RECOVERY_BACKUP_20260619-150450"
"V1711-R0040","40",".pcm","RAM25.PCM","NEWNAME.SET\PCM\RAM25.PCM","NEWNAME.SET","NEWNAME.SET\PCM","2164534","BLOCKED_INSIDE_FORBIDDEN_SOURCE_FOLDER","RED","Source path is inside a keyboard .SET-style folder. Metadata review only.","False","NO","False","OWNER_EXPERIMENTAL_CODEWRITER_METADATA_ONLY","PENDING_REVIEW","PENDING_REVIEW;KEEP_BLOCKED;DOCUMENT_ONLY;REQUEST_SEPARATE_APPROVAL_PHASE","OWNER_REVIEW_METADATA_ONLY","","False","False","DIRECT_METADATA_SCAN","C:\Users\ssare\Desktop\KORG_PA3X_RECOVERY_BACKUP_20260619-150450"
"V1711-R0041","41",".pcm","RAM26.PCM","NEWNAME.SET\PCM\RAM26.PCM","NEWNAME.SET","NEWNAME.SET\PCM","2565758","BLOCKED_INSIDE_FORBIDDEN_SOURCE_FOLDER","RED","Source path is inside a keyboard .SET-style folder. Metadata review only.","False","NO","False","OWNER_EXPERIMENTAL_CODEWRITER_METADATA_ONLY","PENDING_REVIEW","PENDING_REVIEW;KEEP_BLOCKED;DOCUMENT_ONLY;REQUEST_SEPARATE_APPROVAL_PHASE","OWNER_REVIEW_METADATA_ONLY","","False","False","DIRECT_METADATA_SCAN","C:\Users\ssare\Desktop\KORG_PA3X_RECOVERY_BACKUP_20260619-150450"
"V1711-R0042","42",".pcm","RAM27.PCM","NEWNAME.SET\PCM\RAM27.PCM","NEWNAME.SET","NEWNAME.SET\PCM","2287978","BLOCKED_INSIDE_FORBIDDEN_SOURCE_FOLDER","RED","Source path is inside a keyboard .SET-style folder. Metadata review only.","False","NO","False","OWNER_EXPERIMENTAL_CODEWRITER_METADATA_ONLY","PENDING_REVIEW","PENDING_REVIEW;KEEP_BLOCKED;DOCUMENT_ONLY;REQUEST_SEPARATE_APPROVAL_PHASE","OWNER_REVIEW_METADATA_ONLY","","False","False","DIRECT_METADATA_SCAN","C:\Users\ssare\Desktop\KORG_PA3X_RECOVERY_BACKUP_20260619-150450"
"V1711-R0043","43",".pcm","RAM28.PCM","NEWNAME.SET\PCM\RAM28.PCM","NEWNAME.SET","NEWNAME.SET\PCM","2594508","BLOCKED_INSIDE_FORBIDDEN_SOURCE_FOLDER","RED","Source path is inside a keyboard .SET-style folder. Metadata review only.","False","NO","False","OWNER_EXPERIMENTAL_CODEWRITER_METADATA_ONLY","PENDING_REVIEW","PENDING_REVIEW;KEEP_BLOCKED;DOCUMENT_ONLY;REQUEST_SEPARATE_APPROVAL_PHASE","OWNER_REVIEW_METADATA_ONLY","","False","False","DIRECT_METADATA_SCAN","C:\Users\ssare\Desktop\KORG_PA3X_RECOVERY_BACKUP_20260619-150450"
"V1711-R0044","44",".pcm","RAM29.PCM","NEWNAME.SET\PCM\RAM29.PCM","NEWNAME.SET","NEWNAME.SET\PCM","1785173","BLOCKED_INSIDE_FORBIDDEN_SOURCE_FOLDER","RED","Source path is inside a keyboard .SET-style folder. Metadata review only.","False","NO","False","OWNER_EXPERIMENTAL_CODEWRITER_METADATA_ONLY","PENDING_REVIEW","PENDING_REVIEW;KEEP_BLOCKED;DOCUMENT_ONLY;REQUEST_SEPARATE_APPROVAL_PHASE","OWNER_REVIEW_METADATA_ONLY","","False","False","DIRECT_METADATA_SCAN","C:\Users\ssare\Desktop\KORG_PA3X_RECOVERY_BACKUP_20260619-150450"
"V1711-R0045","45",".pcm","RAM30.PCM","NEWNAME.SET\PCM\RAM30.PCM","NEWNAME.SET","NEWNAME.SET\PCM","2270183","BLOCKED_INSIDE_FORBIDDEN_SOURCE_FOLDER","RED","Source path is inside a keyboard .SET-style folder. Metadata review only.","False","NO","False","OWNER_EXPERIMENTAL_CODEWRITER_METADATA_ONLY","PENDING_REVIEW","PENDING_REVIEW;KEEP_BLOCKED;DOCUMENT_ONLY;REQUEST_SEPARATE_APPROVAL_PHASE","OWNER_REVIEW_METADATA_ONLY","","False","False","DIRECT_METADATA_SCAN","C:\Users\ssare\Desktop\KORG_PA3X_RECOVERY_BACKUP_20260619-150450"
"V1711-R0046","46",".pcm","RAM31.PCM","NEWNAME.SET\PCM\RAM31.PCM","NEWNAME.SET","NEWNAME.SET\PCM","3137802","BLOCKED_INSIDE_FORBIDDEN_SOURCE_FOLDER","RED","Source path is inside a keyboard .SET-style folder. Metadata review only.","False","NO","False","OWNER_EXPERIMENTAL_CODEWRITER_METADATA_ONLY","PENDING_REVIEW","PENDING_REVIEW;KEEP_BLOCKED;DOCUMENT_ONLY;REQUEST_SEPARATE_APPROVAL_PHASE","OWNER_REVIEW_METADATA_ONLY","","False","False","DIRECT_METADATA_SCAN","C:\Users\ssare\Desktop\KORG_PA3X_RECOVERY_BACKUP_20260619-150450"
"V1711-R0047","47",".pcm","RAM32.PCM","NEWNAME.SET\PCM\RAM32.PCM","NEWNAME.SET","NEWNAME.SET\PCM","3074903","BLOCKED_INSIDE_FORBIDDEN_SOURCE_FOLDER","RED","Source path is inside a keyboard .SET-style folder. Metadata review only.","False","NO","False","OWNER_EXPERIMENTAL_CODEWRITER_METADATA_ONLY","PENDING_REVIEW","PENDING_REVIEW;KEEP_BLOCKED;DOCUMENT_ONLY;REQUEST_SEPARATE_APPROVAL_PHASE","OWNER_REVIEW_METADATA_ONLY","","False","False","DIRECT_METADATA_SCAN","C:\Users\ssare\Desktop\KORG_PA3X_RECOVERY_BACKUP_20260619-150450"
"V1711-R0048","48",".pcm","RAM33.PCM","NEWNAME.SET\PCM\RAM33.PCM","NEWNAME.SET","NEWNAME.SET\PCM","2897098","BLOCKED_INSIDE_FORBIDDEN_SOURCE_FOLDER","RED","Source path is inside a keyboard .SET-style folder. Metadata review only.","False","NO","False","OWNER_EXPERIMENTAL_CODEWRITER_METADATA_ONLY","PENDING_REVIEW","PENDING_REVIEW;KEEP_BLOCKED;DOCUMENT_ONLY;REQUEST_SEPARATE_APPROVAL_PHASE","OWNER_REVIEW_METADATA_ONLY","","False","False","DIRECT_METADATA_SCAN","C:\Users\ssare\Desktop\KORG_PA3X_RECOVERY_BACKUP_20260619-150450"
"V1711-R0049","49",".pcm","RAM34.PCM","NEWNAME.SET\PCM\RAM34.PCM","NEWNAME.SET","NEWNAME.SET\PCM","2405864","BLOCKED_INSIDE_FORBIDDEN_SOURCE_FOLDER","RED","Source path is inside a keyboard .SET-style folder. Metadata review only.","False","NO","False","OWNER_EXPERIMENTAL_CODEWRITER_METADATA_ONLY","PENDING_REVIEW","PENDING_REVIEW;KEEP_BLOCKED;DOCUMENT_ONLY;REQUEST_SEPARATE_APPROVAL_PHASE","OWNER_REVIEW_METADATA_ONLY","","False","False","DIRECT_METADATA_SCAN","C:\Users\ssare\Desktop\KORG_PA3X_RECOVERY_BACKUP_20260619-150450"
"V1711-R0050","50",".pcm","RAM35.PCM","NEWNAME.SET\PCM\RAM35.PCM","NEWNAME.SET","NEWNAME.SET\PCM","1940526","BLOCKED_INSIDE_FORBIDDEN_SOURCE_FOLDER","RED","Source path is inside a keyboard .SET-style folder. Metadata review only.","False","NO","False","OWNER_EXPERIMENTAL_CODEWRITER_METADATA_ONLY","PENDING_REVIEW","PENDING_REVIEW;KEEP_BLOCKED;DOCUMENT_ONLY;REQUEST_SEPARATE_APPROVAL_PHASE","OWNER_REVIEW_METADATA_ONLY","","False","False","DIRECT_METADATA_SCAN","C:\Users\ssare\Desktop\KORG_PA3X_RECOVERY_BACKUP_20260619-150450"
"V1711-R0051","51",".pcm","RAM36.PCM","NEWNAME.SET\PCM\RAM36.PCM","NEWNAME.SET","NEWNAME.SET\PCM","2273202","BLOCKED_INSIDE_FORBIDDEN_SOURCE_FOLDER","RED","Source path is inside a keyboard .SET-style folder. Metadata review only.","False","NO","False","OWNER_EXPERIMENTAL_CODEWRITER_METADATA_ONLY","PENDING_REVIEW","PENDING_REVIEW;KEEP_BLOCKED;DOCUMENT_ONLY;REQUEST_SEPARATE_APPROVAL_PHASE","OWNER_REVIEW_METADATA_ONLY","","False","False","DIRECT_METADATA_SCAN","C:\Users\ssare\Desktop\KORG_PA3X_RECOVERY_BACKUP_20260619-150450"
"V1711-R0052","52",".pcm","RAM37.PCM","NEWNAME.SET\PCM\RAM37.PCM","NEWNAME.SET","NEWNAME.SET\PCM","1823568","BLOCKED_INSIDE_FORBIDDEN_SOURCE_FOLDER","RED","Source path is inside a keyboard .SET-style folder. Metadata review only.","False","NO","False","OWNER_EXPERIMENTAL_CODEWRITER_METADATA_ONLY","PENDING_REVIEW","PENDING_REVIEW;KEEP_BLOCKED;DOCUMENT_ONLY;REQUEST_SEPARATE_APPROVAL_PHASE","OWNER_REVIEW_METADATA_ONLY","","False","False","DIRECT_METADATA_SCAN","C:\Users\ssare\Desktop\KORG_PA3X_RECOVERY_BACKUP_20260619-150450"
"V1711-R0053","53",".pcm","RAM38.PCM","NEWNAME.SET\PCM\RAM38.PCM","NEWNAME.SET","NEWNAME.SET\PCM","2826353","BLOCKED_INSIDE_FORBIDDEN_SOURCE_FOLDER","RED","Source path is inside a keyboard .SET-style folder. Metadata review only.","False","NO","False","OWNER_EXPERIMENTAL_CODEWRITER_METADATA_ONLY","PENDING_REVIEW","PENDING_REVIEW;KEEP_BLOCKED;DOCUMENT_ONLY;REQUEST_SEPARATE_APPROVAL_PHASE","OWNER_REVIEW_METADATA_ONLY","","False","False","DIRECT_METADATA_SCAN","C:\Users\ssare\Desktop\KORG_PA3X_RECOVERY_BACKUP_20260619-150450"
"V1711-R0054","54",".pcm","RAM39.PCM","NEWNAME.SET\PCM\RAM39.PCM","NEWNAME.SET","NEWNAME.SET\PCM","1708270","BLOCKED_INSIDE_FORBIDDEN_SOURCE_FOLDER","RED","Source path is inside a keyboard .SET-style folder. Metadata review only.","False","NO","False","OWNER_EXPERIMENTAL_CODEWRITER_METADATA_ONLY","PENDING_REVIEW","PENDING_REVIEW;KEEP_BLOCKED;DOCUMENT_ONLY;REQUEST_SEPARATE_APPROVAL_PHASE","OWNER_REVIEW_METADATA_ONLY","","False","False","DIRECT_METADATA_SCAN","C:\Users\ssare\Desktop\KORG_PA3X_RECOVERY_BACKUP_20260619-150450"
"V1711-R0055","55",".pcm","RAM40.PCM","NEWNAME.SET\PCM\RAM40.PCM","NEWNAME.SET","NEWNAME.SET\PCM","2202160","BLOCKED_INSIDE_FORBIDDEN_SOURCE_FOLDER","RED","Source path is inside a keyboard .SET-style folder. Metadata review only.","False","NO","False","OWNER_EXPERIMENTAL_CODEWRITER_METADATA_ONLY","PENDING_REVIEW","PENDING_REVIEW;KEEP_BLOCKED;DOCUMENT_ONLY;REQUEST_SEPARATE_APPROVAL_PHASE","OWNER_REVIEW_METADATA_ONLY","","False","False","DIRECT_METADATA_SCAN","C:\Users\ssare\Desktop\KORG_PA3X_RECOVERY_BACKUP_20260619-150450"
"V1711-R0056","56",".pcm","RAM41.PCM","NEWNAME.SET\PCM\RAM41.PCM","NEWNAME.SET","NEWNAME.SET\PCM","2326367","BLOCKED_INSIDE_FORBIDDEN_SOURCE_FOLDER","RED","Source path is inside a keyboard .SET-style folder. Metadata review only.","False","NO","False","OWNER_EXPERIMENTAL_CODEWRITER_METADATA_ONLY","PENDING_REVIEW","PENDING_REVIEW;KEEP_BLOCKED;DOCUMENT_ONLY;REQUEST_SEPARATE_APPROVAL_PHASE","OWNER_REVIEW_METADATA_ONLY","","False","False","DIRECT_METADATA_SCAN","C:\Users\ssare\Desktop\KORG_PA3X_RECOVERY_BACKUP_20260619-150450"
"V1711-R0057","57",".pcm","RAM42.PCM","NEWNAME.SET\PCM\RAM42.PCM","NEWNAME.SET","NEWNAME.SET\PCM","3891457","BLOCKED_INSIDE_FORBIDDEN_SOURCE_FOLDER","RED","Source path is inside a keyboard .SET-style folder. Metadata review only.","False","NO","False","OWNER_EXPERIMENTAL_CODEWRITER_METADATA_ONLY","PENDING_REVIEW","PENDING_REVIEW;KEEP_BLOCKED;DOCUMENT_ONLY;REQUEST_SEPARATE_APPROVAL_PHASE","OWNER_REVIEW_METADATA_ONLY","","False","False","DIRECT_METADATA_SCAN","C:\Users\ssare\Desktop\KORG_PA3X_RECOVERY_BACKUP_20260619-150450"
"V1711-R0058","58",".pcm","RAM43.PCM","NEWNAME.SET\PCM\RAM43.PCM","NEWNAME.SET","NEWNAME.SET\PCM","2400009","BLOCKED_INSIDE_FORBIDDEN_SOURCE_FOLDER","RED","Source path is inside a keyboard .SET-style folder. Metadata review only.","False","NO","False","OWNER_EXPERIMENTAL_CODEWRITER_METADATA_ONLY","PENDING_REVIEW","PENDING_REVIEW;KEEP_BLOCKED;DOCUMENT_ONLY;REQUEST_SEPARATE_APPROVAL_PHASE","OWNER_REVIEW_METADATA_ONLY","","False","False","DIRECT_METADATA_SCAN","C:\Users\ssare\Desktop\KORG_PA3X_RECOVERY_BACKUP_20260619-150450"
"V1711-R0059","59",".pcm","RAM44.PCM","NEWNAME.SET\PCM\RAM44.PCM","NEWNAME.SET","NEWNAME.SET\PCM","1897894","BLOCKED_INSIDE_FORBIDDEN_SOURCE_FOLDER","RED","Source path is inside a keyboard .SET-style folder. Metadata review only.","False","NO","False","OWNER_EXPERIMENTAL_CODEWRITER_METADATA_ONLY","PENDING_REVIEW","PENDING_REVIEW;KEEP_BLOCKED;DOCUMENT_ONLY;REQUEST_SEPARATE_APPROVAL_PHASE","OWNER_REVIEW_METADATA_ONLY","","False","False","DIRECT_METADATA_SCAN","C:\Users\ssare\Desktop\KORG_PA3X_RECOVERY_BACKUP_20260619-150450"
"V1711-R0060","60",".pcm","RAM45.PCM","NEWNAME.SET\PCM\RAM45.PCM","NEWNAME.SET","NEWNAME.SET\PCM","2798354","BLOCKED_INSIDE_FORBIDDEN_SOURCE_FOLDER","RED","Source path is inside a keyboard .SET-style folder. Metadata review only.","False","NO","False","OWNER_EXPERIMENTAL_CODEWRITER_METADATA_ONLY","PENDING_REVIEW","PENDING_REVIEW;KEEP_BLOCKED;DOCUMENT_ONLY;REQUEST_SEPARATE_APPROVAL_PHASE","OWNER_REVIEW_METADATA_ONLY","","False","False","DIRECT_METADATA_SCAN","C:\Users\ssare\Desktop\KORG_PA3X_RECOVERY_BACKUP_20260619-150450"
"V1711-R0061","61",".pcm","RAM46.PCM","NEWNAME.SET\PCM\RAM46.PCM","NEWNAME.SET","NEWNAME.SET\PCM","2014208","BLOCKED_INSIDE_FORBIDDEN_SOURCE_FOLDER","RED","Source path is inside a keyboard .SET-style folder. Metadata review only.","False","NO","False","OWNER_EXPERIMENTAL_CODEWRITER_METADATA_ONLY","PENDING_REVIEW","PENDING_REVIEW;KEEP_BLOCKED;DOCUMENT_ONLY;REQUEST_SEPARATE_APPROVAL_PHASE","OWNER_REVIEW_METADATA_ONLY","","False","False","DIRECT_METADATA_SCAN","C:\Users\ssare\Desktop\KORG_PA3X_RECOVERY_BACKUP_20260619-150450"
"V1711-R0062","62",".pcm","RAM47.PCM","NEWNAME.SET\PCM\RAM47.PCM","NEWNAME.SET","NEWNAME.SET\PCM","2376024","BLOCKED_INSIDE_FORBIDDEN_SOURCE_FOLDER","RED","Source path is inside a keyboard .SET-style folder. Metadata review only.","False","NO","False","OWNER_EXPERIMENTAL_CODEWRITER_METADATA_ONLY","PENDING_REVIEW","PENDING_REVIEW;KEEP_BLOCKED;DOCUMENT_ONLY;REQUEST_SEPARATE_APPROVAL_PHASE","OWNER_REVIEW_METADATA_ONLY","","False","False","DIRECT_METADATA_SCAN","C:\Users\ssare\Desktop\KORG_PA3X_RECOVERY_BACKUP_20260619-150450"
"V1711-R0063","63",".pcm","RAM48.PCM","NEWNAME.SET\PCM\RAM48.PCM","NEWNAME.SET","NEWNAME.SET\PCM","2499607","BLOCKED_INSIDE_FORBIDDEN_SOURCE_FOLDER","RED","Source path is inside a keyboard .SET-style folder. Metadata review only.","False","NO","False","OWNER_EXPERIMENTAL_CODEWRITER_METADATA_ONLY","PENDING_REVIEW","PENDING_REVIEW;KEEP_BLOCKED;DOCUMENT_ONLY;REQUEST_SEPARATE_APPROVAL_PHASE","OWNER_REVIEW_METADATA_ONLY","","False","False","DIRECT_METADATA_SCAN","C:\Users\ssare\Desktop\KORG_PA3X_RECOVERY_BACKUP_20260619-150450"
"V1711-R0064","64",".pcm","RAM49.PCM","NEWNAME.SET\PCM\RAM49.PCM","NEWNAME.SET","NEWNAME.SET\PCM","2222014","BLOCKED_INSIDE_FORBIDDEN_SOURCE_FOLDER","RED","Source path is inside a keyboard .SET-style folder. Metadata review only.","False","NO","False","OWNER_EXPERIMENTAL_CODEWRITER_METADATA_ONLY","PENDING_REVIEW","PENDING_REVIEW;KEEP_BLOCKED;DOCUMENT_ONLY;REQUEST_SEPARATE_APPROVAL_PHASE","OWNER_REVIEW_METADATA_ONLY","","False","False","DIRECT_METADATA_SCAN","C:\Users\ssare\Desktop\KORG_PA3X_RECOVERY_BACKUP_20260619-150450"
"V1711-R0065","65",".pcm","RAM50.PCM","NEWNAME.SET\PCM\RAM50.PCM","NEWNAME.SET","NEWNAME.SET\PCM","2718071","BLOCKED_INSIDE_FORBIDDEN_SOURCE_FOLDER","RED","Source path is inside a keyboard .SET-style folder. Metadata review only.","False","NO","False","OWNER_EXPERIMENTAL_CODEWRITER_METADATA_ONLY","PENDING_REVIEW","PENDING_REVIEW;KEEP_BLOCKED;DOCUMENT_ONLY;REQUEST_SEPARATE_APPROVAL_PHASE","OWNER_REVIEW_METADATA_ONLY","","False","False","DIRECT_METADATA_SCAN","C:\Users\ssare\Desktop\KORG_PA3X_RECOVERY_BACKUP_20260619-150450"
"V1711-R0066","66",".pcm","RAM51.PCM","NEWNAME.SET\PCM\RAM51.PCM","NEWNAME.SET","NEWNAME.SET\PCM","2661361","BLOCKED_INSIDE_FORBIDDEN_SOURCE_FOLDER","RED","Source path is inside a keyboard .SET-style folder. Metadata review only.","False","NO","False","OWNER_EXPERIMENTAL_CODEWRITER_METADATA_ONLY","PENDING_REVIEW","PENDING_REVIEW;KEEP_BLOCKED;DOCUMENT_ONLY;REQUEST_SEPARATE_APPROVAL_PHASE","OWNER_REVIEW_METADATA_ONLY","","False","False","DIRECT_METADATA_SCAN","C:\Users\ssare\Desktop\KORG_PA3X_RECOVERY_BACKUP_20260619-150450"
"V1711-R0067","67",".pcm","RAM52.PCM","NEWNAME.SET\PCM\RAM52.PCM","NEWNAME.SET","NEWNAME.SET\PCM","2520392","BLOCKED_INSIDE_FORBIDDEN_SOURCE_FOLDER","RED","Source path is inside a keyboard .SET-style folder. Metadata review only.","False","NO","False","OWNER_EXPERIMENTAL_CODEWRITER_METADATA_ONLY","PENDING_REVIEW","PENDING_REVIEW;KEEP_BLOCKED;DOCUMENT_ONLY;REQUEST_SEPARATE_APPROVAL_PHASE","OWNER_REVIEW_METADATA_ONLY","","False","False","DIRECT_METADATA_SCAN","C:\Users\ssare\Desktop\KORG_PA3X_RECOVERY_BACKUP_20260619-150450"
"V1711-R0068","68",".pcm","RAM53.PCM","NEWNAME.SET\PCM\RAM53.PCM","NEWNAME.SET","NEWNAME.SET\PCM","3180334","BLOCKED_INSIDE_FORBIDDEN_SOURCE_FOLDER","RED","Source path is inside a keyboard .SET-style folder. Metadata review only.","False","NO","False","OWNER_EXPERIMENTAL_CODEWRITER_METADATA_ONLY","PENDING_REVIEW","PENDING_REVIEW;KEEP_BLOCKED;DOCUMENT_ONLY;REQUEST_SEPARATE_APPROVAL_PHASE","OWNER_REVIEW_METADATA_ONLY","","False","False","DIRECT_METADATA_SCAN","C:\Users\ssare\Desktop\KORG_PA3X_RECOVERY_BACKUP_20260619-150450"
"V1711-R0069","69",".pcm","RAM54.PCM","NEWNAME.SET\PCM\RAM54.PCM","NEWNAME.SET","NEWNAME.SET\PCM","2146314","BLOCKED_INSIDE_FORBIDDEN_SOURCE_FOLDER","RED","Source path is inside a keyboard .SET-style folder. Metadata review only.","False","NO","False","OWNER_EXPERIMENTAL_CODEWRITER_METADATA_ONLY","PENDING_REVIEW","PENDING_REVIEW;KEEP_BLOCKED;DOCUMENT_ONLY;REQUEST_SEPARATE_APPROVAL_PHASE","OWNER_REVIEW_METADATA_ONLY","","False","False","DIRECT_METADATA_SCAN","C:\Users\ssare\Desktop\KORG_PA3X_RECOVERY_BACKUP_20260619-150450"
"V1711-R0070","70",".pcm","RAM55.PCM","NEWNAME.SET\PCM\RAM55.PCM","NEWNAME.SET","NEWNAME.SET\PCM","2243332","BLOCKED_INSIDE_FORBIDDEN_SOURCE_FOLDER","RED","Source path is inside a keyboard .SET-style folder. Metadata review only.","False","NO","False","OWNER_EXPERIMENTAL_CODEWRITER_METADATA_ONLY","PENDING_REVIEW","PENDING_REVIEW;KEEP_BLOCKED;DOCUMENT_ONLY;REQUEST_SEPARATE_APPROVAL_PHASE","OWNER_REVIEW_METADATA_ONLY","","False","False","DIRECT_METADATA_SCAN","C:\Users\ssare\Desktop\KORG_PA3X_RECOVERY_BACKUP_20260619-150450"
"V1711-R0071","71",".pcm","RAM56.PCM","NEWNAME.SET\PCM\RAM56.PCM","NEWNAME.SET","NEWNAME.SET\PCM","2131284","BLOCKED_INSIDE_FORBIDDEN_SOURCE_FOLDER","RED","Source path is inside a keyboard .SET-style folder. Metadata review only.","False","NO","False","OWNER_EXPERIMENTAL_CODEWRITER_METADATA_ONLY","PENDING_REVIEW","PENDING_REVIEW;KEEP_BLOCKED;DOCUMENT_ONLY;REQUEST_SEPARATE_APPROVAL_PHASE","OWNER_REVIEW_METADATA_ONLY","","False","False","DIRECT_METADATA_SCAN","C:\Users\ssare\Desktop\KORG_PA3X_RECOVERY_BACKUP_20260619-150450"
"V1711-R0072","72",".pcm","RAM57.PCM","NEWNAME.SET\PCM\RAM57.PCM","NEWNAME.SET","NEWNAME.SET\PCM","3810854","BLOCKED_INSIDE_FORBIDDEN_SOURCE_FOLDER","RED","Source path is inside a keyboard .SET-style folder. Metadata review only.","False","NO","False","OWNER_EXPERIMENTAL_CODEWRITER_METADATA_ONLY","PENDING_REVIEW","PENDING_REVIEW;KEEP_BLOCKED;DOCUMENT_ONLY;REQUEST_SEPARATE_APPROVAL_PHASE","OWNER_REVIEW_METADATA_ONLY","","False","False","DIRECT_METADATA_SCAN","C:\Users\ssare\Desktop\KORG_PA3X_RECOVERY_BACKUP_20260619-150450"
"V1711-R0073","73",".pcm","RAM58.PCM","NEWNAME.SET\PCM\RAM58.PCM","NEWNAME.SET","NEWNAME.SET\PCM","2158382","BLOCKED_INSIDE_FORBIDDEN_SOURCE_FOLDER","RED","Source path is inside a keyboard .SET-style folder. Metadata review only.","False","NO","False","OWNER_EXPERIMENTAL_CODEWRITER_METADATA_ONLY","PENDING_REVIEW","PENDING_REVIEW;KEEP_BLOCKED;DOCUMENT_ONLY;REQUEST_SEPARATE_APPROVAL_PHASE","OWNER_REVIEW_METADATA_ONLY","","False","False","DIRECT_METADATA_SCAN","C:\Users\ssare\Desktop\KORG_PA3X_RECOVERY_BACKUP_20260619-150450"
"V1711-R0074","74",".pcm","RAM59.PCM","NEWNAME.SET\PCM\RAM59.PCM","NEWNAME.SET","NEWNAME.SET\PCM","2029138","BLOCKED_INSIDE_FORBIDDEN_SOURCE_FOLDER","RED","Source path is inside a keyboard .SET-style folder. Metadata review only.","False","NO","False","OWNER_EXPERIMENTAL_CODEWRITER_METADATA_ONLY","PENDING_REVIEW","PENDING_REVIEW;KEEP_BLOCKED;DOCUMENT_ONLY;REQUEST_SEPARATE_APPROVAL_PHASE","OWNER_REVIEW_METADATA_ONLY","","False","False","DIRECT_METADATA_SCAN","C:\Users\ssare\Desktop\KORG_PA3X_RECOVERY_BACKUP_20260619-150450"
"V1711-R0075","75",".pcm","RAM60.PCM","NEWNAME.SET\PCM\RAM60.PCM","NEWNAME.SET","NEWNAME.SET\PCM","2967115","BLOCKED_INSIDE_FORBIDDEN_SOURCE_FOLDER","RED","Source path is inside a keyboard .SET-style folder. Metadata review only.","False","NO","False","OWNER_EXPERIMENTAL_CODEWRITER_METADATA_ONLY","PENDING_REVIEW","PENDING_REVIEW;KEEP_BLOCKED;DOCUMENT_ONLY;REQUEST_SEPARATE_APPROVAL_PHASE","OWNER_REVIEW_METADATA_ONLY","","False","False","DIRECT_METADATA_SCAN","C:\Users\ssare\Desktop\KORG_PA3X_RECOVERY_BACKUP_20260619-150450"
"V1711-R0076","76",".pcm","RAM61.PCM","NEWNAME.SET\PCM\RAM61.PCM","NEWNAME.SET","NEWNAME.SET\PCM","2104894","BLOCKED_INSIDE_FORBIDDEN_SOURCE_FOLDER","RED","Source path is inside a keyboard .SET-style folder. Metadata review only.","False","NO","False","OWNER_EXPERIMENTAL_CODEWRITER_METADATA_ONLY","PENDING_REVIEW","PENDING_REVIEW;KEEP_BLOCKED;DOCUMENT_ONLY;REQUEST_SEPARATE_APPROVAL_PHASE","OWNER_REVIEW_METADATA_ONLY","","False","False","DIRECT_METADATA_SCAN","C:\Users\ssare\Desktop\KORG_PA3X_RECOVERY_BACKUP_20260619-150450"
"V1711-R0077","77",".pcm","RAM62.PCM","NEWNAME.SET\PCM\RAM62.PCM","NEWNAME.SET","NEWNAME.SET\PCM","2926341","BLOCKED_INSIDE_FORBIDDEN_SOURCE_FOLDER","RED","Source path is inside a keyboard .SET-style folder. Metadata review only.","False","NO","False","OWNER_EXPERIMENTAL_CODEWRITER_METADATA_ONLY","PENDING_REVIEW","PENDING_REVIEW;KEEP_BLOCKED;DOCUMENT_ONLY;REQUEST_SEPARATE_APPROVAL_PHASE","OWNER_REVIEW_METADATA_ONLY","","False","False","DIRECT_METADATA_SCAN","C:\Users\ssare\Desktop\KORG_PA3X_RECOVERY_BACKUP_20260619-150450"
"V1711-R0078","78",".pcm","RAM63.PCM","NEWNAME.SET\PCM\RAM63.PCM","NEWNAME.SET","NEWNAME.SET\PCM","2164118","BLOCKED_INSIDE_FORBIDDEN_SOURCE_FOLDER","RED","Source path is inside a keyboard .SET-style folder. Metadata review only.","False","NO","False","OWNER_EXPERIMENTAL_CODEWRITER_METADATA_ONLY","PENDING_REVIEW","PENDING_REVIEW;KEEP_BLOCKED;DOCUMENT_ONLY;REQUEST_SEPARATE_APPROVAL_PHASE","OWNER_REVIEW_METADATA_ONLY","","False","False","DIRECT_METADATA_SCAN","C:\Users\ssare\Desktop\KORG_PA3X_RECOVERY_BACKUP_20260619-150450"
"V1711-R0079","79",".pcm","RAM64.PCM","NEWNAME.SET\PCM\RAM64.PCM","NEWNAME.SET","NEWNAME.SET\PCM","2000496","BLOCKED_INSIDE_FORBIDDEN_SOURCE_FOLDER","RED","Source path is inside a keyboard .SET-style folder. Metadata review only.","False","NO","False","OWNER_EXPERIMENTAL_CODEWRITER_METADATA_ONLY","PENDING_REVIEW","PENDING_REVIEW;KEEP_BLOCKED;DOCUMENT_ONLY;REQUEST_SEPARATE_APPROVAL_PHASE","OWNER_REVIEW_METADATA_ONLY","","False","False","DIRECT_METADATA_SCAN","C:\Users\ssare\Desktop\KORG_PA3X_RECOVERY_BACKUP_20260619-150450"
"V1711-R0080","80",".pcm","RAM65.PCM","NEWNAME.SET\PCM\RAM65.PCM","NEWNAME.SET","NEWNAME.SET\PCM","2099301","BLOCKED_INSIDE_FORBIDDEN_SOURCE_FOLDER","RED","Source path is inside a keyboard .SET-style folder. Metadata review only.","False","NO","False","OWNER_EXPERIMENTAL_CODEWRITER_METADATA_ONLY","PENDING_REVIEW","PENDING_REVIEW;KEEP_BLOCKED;DOCUMENT_ONLY;REQUEST_SEPARATE_APPROVAL_PHASE","OWNER_REVIEW_METADATA_ONLY","","False","False","DIRECT_METADATA_SCAN","C:\Users\ssare\Desktop\KORG_PA3X_RECOVERY_BACKUP_20260619-150450"
"V1711-R0081","81",".pcm","RAM66.PCM","NEWNAME.SET\PCM\RAM66.PCM","NEWNAME.SET","NEWNAME.SET\PCM","2401302","BLOCKED_INSIDE_FORBIDDEN_SOURCE_FOLDER","RED","Source path is inside a keyboard .SET-style folder. Metadata review only.","False","NO","False","OWNER_EXPERIMENTAL_CODEWRITER_METADATA_ONLY","PENDING_REVIEW","PENDING_REVIEW;KEEP_BLOCKED;DOCUMENT_ONLY;REQUEST_SEPARATE_APPROVAL_PHASE","OWNER_REVIEW_METADATA_ONLY","","False","False","DIRECT_METADATA_SCAN","C:\Users\ssare\Desktop\KORG_PA3X_RECOVERY_BACKUP_20260619-150450"
"V1711-R0082","82",".pcm","RAM67.PCM","NEWNAME.SET\PCM\RAM67.PCM","NEWNAME.SET","NEWNAME.SET\PCM","2156897","BLOCKED_INSIDE_FORBIDDEN_SOURCE_FOLDER","RED","Source path is inside a keyboard .SET-style folder. Metadata review only.","False","NO","False","OWNER_EXPERIMENTAL_CODEWRITER_METADATA_ONLY","PENDING_REVIEW","PENDING_REVIEW;KEEP_BLOCKED;DOCUMENT_ONLY;REQUEST_SEPARATE_APPROVAL_PHASE","OWNER_REVIEW_METADATA_ONLY","","False","False","DIRECT_METADATA_SCAN","C:\Users\ssare\Desktop\KORG_PA3X_RECOVERY_BACKUP_20260619-150450"
"V1711-R0083","83",".pcm","RAM68.PCM","NEWNAME.SET\PCM\RAM68.PCM","NEWNAME.SET","NEWNAME.SET\PCM","1782222","BLOCKED_INSIDE_FORBIDDEN_SOURCE_FOLDER","RED","Source path is inside a keyboard .SET-style folder. Metadata review only.","False","NO","False","OWNER_EXPERIMENTAL_CODEWRITER_METADATA_ONLY","PENDING_REVIEW","PENDING_REVIEW;KEEP_BLOCKED;DOCUMENT_ONLY;REQUEST_SEPARATE_APPROVAL_PHASE","OWNER_REVIEW_METADATA_ONLY","","False","False","DIRECT_METADATA_SCAN","C:\Users\ssare\Desktop\KORG_PA3X_RECOVERY_BACKUP_20260619-150450"
"V1711-R0084","84",".pcm","RAM69.PCM","NEWNAME.SET\PCM\RAM69.PCM","NEWNAME.SET","NEWNAME.SET\PCM","1864001","BLOCKED_INSIDE_FORBIDDEN_SOURCE_FOLDER","RED","Source path is inside a keyboard .SET-style folder. Metadata review only.","False","NO","False","OWNER_EXPERIMENTAL_CODEWRITER_METADATA_ONLY","PENDING_REVIEW","PENDING_REVIEW;KEEP_BLOCKED;DOCUMENT_ONLY;REQUEST_SEPARATE_APPROVAL_PHASE","OWNER_REVIEW_METADATA_ONLY","","False","False","DIRECT_METADATA_SCAN","C:\Users\ssare\Desktop\KORG_PA3X_RECOVERY_BACKUP_20260619-150450"
"V1711-R0085","85",".pcm","RAM70.PCM","NEWNAME.SET\PCM\RAM70.PCM","NEWNAME.SET","NEWNAME.SET\PCM","2403658","BLOCKED_INSIDE_FORBIDDEN_SOURCE_FOLDER","RED","Source path is inside a keyboard .SET-style folder. Metadata review only.","False","NO","False","OWNER_EXPERIMENTAL_CODEWRITER_METADATA_ONLY","PENDING_REVIEW","PENDING_REVIEW;KEEP_BLOCKED;DOCUMENT_ONLY;REQUEST_SEPARATE_APPROVAL_PHASE","OWNER_REVIEW_METADATA_ONLY","","False","False","DIRECT_METADATA_SCAN","C:\Users\ssare\Desktop\KORG_PA3X_RECOVERY_BACKUP_20260619-150450"
"V1711-R0086","86",".pcm","RAM71.PCM","NEWNAME.SET\PCM\RAM71.PCM","NEWNAME.SET","NEWNAME.SET\PCM","1988276","BLOCKED_INSIDE_FORBIDDEN_SOURCE_FOLDER","RED","Source path is inside a keyboard .SET-style folder. Metadata review only.","False","NO","False","OWNER_EXPERIMENTAL_CODEWRITER_METADATA_ONLY","PENDING_REVIEW","PENDING_REVIEW;KEEP_BLOCKED;DOCUMENT_ONLY;REQUEST_SEPARATE_APPROVAL_PHASE","OWNER_REVIEW_METADATA_ONLY","","False","False","DIRECT_METADATA_SCAN","C:\Users\ssare\Desktop\KORG_PA3X_RECOVERY_BACKUP_20260619-150450"
"V1711-R0087","87",".pcm","RAM72.PCM","NEWNAME.SET\PCM\RAM72.PCM","NEWNAME.SET","NEWNAME.SET\PCM","3120497","BLOCKED_INSIDE_FORBIDDEN_SOURCE_FOLDER","RED","Source path is inside a keyboard .SET-style folder. Metadata review only.","False","NO","False","OWNER_EXPERIMENTAL_CODEWRITER_METADATA_ONLY","PENDING_REVIEW","PENDING_REVIEW;KEEP_BLOCKED;DOCUMENT_ONLY;REQUEST_SEPARATE_APPROVAL_PHASE","OWNER_REVIEW_METADATA_ONLY","","False","False","DIRECT_METADATA_SCAN","C:\Users\ssare\Desktop\KORG_PA3X_RECOVERY_BACKUP_20260619-150450"
"V1711-R0088","88",".pcm","RAM73.PCM","NEWNAME.SET\PCM\RAM73.PCM","NEWNAME.SET","NEWNAME.SET\PCM","1656312","BLOCKED_INSIDE_FORBIDDEN_SOURCE_FOLDER","RED","Source path is inside a keyboard .SET-style folder. Metadata review only.","False","NO","False","OWNER_EXPERIMENTAL_CODEWRITER_METADATA_ONLY","PENDING_REVIEW","PENDING_REVIEW;KEEP_BLOCKED;DOCUMENT_ONLY;REQUEST_SEPARATE_APPROVAL_PHASE","OWNER_REVIEW_METADATA_ONLY","","False","False","DIRECT_METADATA_SCAN","C:\Users\ssare\Desktop\KORG_PA3X_RECOVERY_BACKUP_20260619-150450"
"V1711-R0089","89",".pcm","RAM74.PCM","NEWNAME.SET\PCM\RAM74.PCM","NEWNAME.SET","NEWNAME.SET\PCM","2290068","BLOCKED_INSIDE_FORBIDDEN_SOURCE_FOLDER","RED","Source path is inside a keyboard .SET-style folder. Metadata review only.","False","NO","False","OWNER_EXPERIMENTAL_CODEWRITER_METADATA_ONLY","PENDING_REVIEW","PENDING_REVIEW;KEEP_BLOCKED;DOCUMENT_ONLY;REQUEST_SEPARATE_APPROVAL_PHASE","OWNER_REVIEW_METADATA_ONLY","","False","False","DIRECT_METADATA_SCAN","C:\Users\ssare\Desktop\KORG_PA3X_RECOVERY_BACKUP_20260619-150450"
"V1711-R0090","90",".pcm","RAM75.PCM","NEWNAME.SET\PCM\RAM75.PCM","NEWNAME.SET","NEWNAME.SET\PCM","2364428","BLOCKED_INSIDE_FORBIDDEN_SOURCE_FOLDER","RED","Source path is inside a keyboard .SET-style folder. Metadata review only.","False","NO","False","OWNER_EXPERIMENTAL_CODEWRITER_METADATA_ONLY","PENDING_REVIEW","PENDING_REVIEW;KEEP_BLOCKED;DOCUMENT_ONLY;REQUEST_SEPARATE_APPROVAL_PHASE","OWNER_REVIEW_METADATA_ONLY","","False","False","DIRECT_METADATA_SCAN","C:\Users\ssare\Desktop\KORG_PA3X_RECOVERY_BACKUP_20260619-150450"
"V1711-R0091","91",".pcm","RAM76.PCM","NEWNAME.SET\PCM\RAM76.PCM","NEWNAME.SET","NEWNAME.SET\PCM","1882532","BLOCKED_INSIDE_FORBIDDEN_SOURCE_FOLDER","RED","Source path is inside a keyboard .SET-style folder. Metadata review only.","False","NO","False","OWNER_EXPERIMENTAL_CODEWRITER_METADATA_ONLY","PENDING_REVIEW","PENDING_REVIEW;KEEP_BLOCKED;DOCUMENT_ONLY;REQUEST_SEPARATE_APPROVAL_PHASE","OWNER_REVIEW_METADATA_ONLY","","False","False","DIRECT_METADATA_SCAN","C:\Users\ssare\Desktop\KORG_PA3X_RECOVERY_BACKUP_20260619-150450"
"V1711-R0092","92",".pcm","RAM77.PCM","NEWNAME.SET\PCM\RAM77.PCM","NEWNAME.SET","NEWNAME.SET\PCM","2258324","BLOCKED_INSIDE_FORBIDDEN_SOURCE_FOLDER","RED","Source path is inside a keyboard .SET-style folder. Metadata review only.","False","NO","False","OWNER_EXPERIMENTAL_CODEWRITER_METADATA_ONLY","PENDING_REVIEW","PENDING_REVIEW;KEEP_BLOCKED;DOCUMENT_ONLY;REQUEST_SEPARATE_APPROVAL_PHASE","OWNER_REVIEW_METADATA_ONLY","","False","False","DIRECT_METADATA_SCAN","C:\Users\ssare\Desktop\KORG_PA3X_RECOVERY_BACKUP_20260619-150450"
"V1711-R0093","93",".pcm","RAM78.PCM","NEWNAME.SET\PCM\RAM78.PCM","NEWNAME.SET","NEWNAME.SET\PCM","1643401","BLOCKED_INSIDE_FORBIDDEN_SOURCE_FOLDER","RED","Source path is inside a keyboard .SET-style folder. Metadata review only.","False","NO","False","OWNER_EXPERIMENTAL_CODEWRITER_METADATA_ONLY","PENDING_REVIEW","PENDING_REVIEW;KEEP_BLOCKED;DOCUMENT_ONLY;REQUEST_SEPARATE_APPROVAL_PHASE","OWNER_REVIEW_METADATA_ONLY","","False","False","DIRECT_METADATA_SCAN","C:\Users\ssare\Desktop\KORG_PA3X_RECOVERY_BACKUP_20260619-150450"
"V1711-R0094","94",".pcm","RAM79.PCM","NEWNAME.SET\PCM\RAM79.PCM","NEWNAME.SET","NEWNAME.SET\PCM","1953674","BLOCKED_INSIDE_FORBIDDEN_SOURCE_FOLDER","RED","Source path is inside a keyboard .SET-style folder. Metadata review only.","False","NO","False","OWNER_EXPERIMENTAL_CODEWRITER_METADATA_ONLY","PENDING_REVIEW","PENDING_REVIEW;KEEP_BLOCKED;DOCUMENT_ONLY;REQUEST_SEPARATE_APPROVAL_PHASE","OWNER_REVIEW_METADATA_ONLY","","False","False","DIRECT_METADATA_SCAN","C:\Users\ssare\Desktop\KORG_PA3X_RECOVERY_BACKUP_20260619-150450"
"V1711-R0095","95",".pcm","RAM80.PCM","NEWNAME.SET\PCM\RAM80.PCM","NEWNAME.SET","NEWNAME.SET\PCM","1821451","BLOCKED_INSIDE_FORBIDDEN_SOURCE_FOLDER","RED","Source path is inside a keyboard .SET-style folder. Metadata review only.","False","NO","False","OWNER_EXPERIMENTAL_CODEWRITER_METADATA_ONLY","PENDING_REVIEW","PENDING_REVIEW;KEEP_BLOCKED;DOCUMENT_ONLY;REQUEST_SEPARATE_APPROVAL_PHASE","OWNER_REVIEW_METADATA_ONLY","","False","False","DIRECT_METADATA_SCAN","C:\Users\ssare\Desktop\KORG_PA3X_RECOVERY_BACKUP_20260619-150450"
"V1711-R0096","96",".pcm","RAM81.PCM","NEWNAME.SET\PCM\RAM81.PCM","NEWNAME.SET","NEWNAME.SET\PCM","2898977","BLOCKED_INSIDE_FORBIDDEN_SOURCE_FOLDER","RED","Source path is inside a keyboard .SET-style folder. Metadata review only.","False","NO","False","OWNER_EXPERIMENTAL_CODEWRITER_METADATA_ONLY","PENDING_REVIEW","PENDING_REVIEW;KEEP_BLOCKED;DOCUMENT_ONLY;REQUEST_SEPARATE_APPROVAL_PHASE","OWNER_REVIEW_METADATA_ONLY","","False","False","DIRECT_METADATA_SCAN","C:\Users\ssare\Desktop\KORG_PA3X_RECOVERY_BACKUP_20260619-150450"
"V1711-R0097","97",".pcm","RAM82.PCM","NEWNAME.SET\PCM\RAM82.PCM","NEWNAME.SET","NEWNAME.SET\PCM","1649618","BLOCKED_INSIDE_FORBIDDEN_SOURCE_FOLDER","RED","Source path is inside a keyboard .SET-style folder. Metadata review only.","False","NO","False","OWNER_EXPERIMENTAL_CODEWRITER_METADATA_ONLY","PENDING_REVIEW","PENDING_REVIEW;KEEP_BLOCKED;DOCUMENT_ONLY;REQUEST_SEPARATE_APPROVAL_PHASE","OWNER_REVIEW_METADATA_ONLY","","False","False","DIRECT_METADATA_SCAN","C:\Users\ssare\Desktop\KORG_PA3X_RECOVERY_BACKUP_20260619-150450"
"V1711-R0098","98",".pcm","RAM83.PCM","NEWNAME.SET\PCM\RAM83.PCM","NEWNAME.SET","NEWNAME.SET\PCM","2059079","BLOCKED_INSIDE_FORBIDDEN_SOURCE_FOLDER","RED","Source path is inside a keyboard .SET-style folder. Metadata review only.","False","NO","False","OWNER_EXPERIMENTAL_CODEWRITER_METADATA_ONLY","PENDING_REVIEW","PENDING_REVIEW;KEEP_BLOCKED;DOCUMENT_ONLY;REQUEST_SEPARATE_APPROVAL_PHASE","OWNER_REVIEW_METADATA_ONLY","","False","False","DIRECT_METADATA_SCAN","C:\Users\ssare\Desktop\KORG_PA3X_RECOVERY_BACKUP_20260619-150450"
"V1711-R0099","99",".pcm","RAM84.PCM","NEWNAME.SET\PCM\RAM84.PCM","NEWNAME.SET","NEWNAME.SET\PCM","2140754","BLOCKED_INSIDE_FORBIDDEN_SOURCE_FOLDER","RED","Source path is inside a keyboard .SET-style folder. Metadata review only.","False","NO","False","OWNER_EXPERIMENTAL_CODEWRITER_METADATA_ONLY","PENDING_REVIEW","PENDING_REVIEW;KEEP_BLOCKED;DOCUMENT_ONLY;REQUEST_SEPARATE_APPROVAL_PHASE","OWNER_REVIEW_METADATA_ONLY","","False","False","DIRECT_METADATA_SCAN","C:\Users\ssare\Desktop\KORG_PA3X_RECOVERY_BACKUP_20260619-150450"
"V1711-R0100","100",".pcm","RAM85.PCM","NEWNAME.SET\PCM\RAM85.PCM","NEWNAME.SET","NEWNAME.SET\PCM","2075814","BLOCKED_INSIDE_FORBIDDEN_SOURCE_FOLDER","RED","Source path is inside a keyboard .SET-style folder. Metadata review only.","False","NO","False","OWNER_EXPERIMENTAL_CODEWRITER_METADATA_ONLY","PENDING_REVIEW","PENDING_REVIEW;KEEP_BLOCKED;DOCUMENT_ONLY;REQUEST_SEPARATE_APPROVAL_PHASE","OWNER_REVIEW_METADATA_ONLY","","False","False","DIRECT_METADATA_SCAN","C:\Users\ssare\Desktop\KORG_PA3X_RECOVERY_BACKUP_20260619-150450"
"V1711-R0101","101",".pcm","RAM86.PCM","NEWNAME.SET\PCM\RAM86.PCM","NEWNAME.SET","NEWNAME.SET\PCM","2596803","BLOCKED_INSIDE_FORBIDDEN_SOURCE_FOLDER","RED","Source path is inside a keyboard .SET-style folder. Metadata review only.","False","NO","False","OWNER_EXPERIMENTAL_CODEWRITER_METADATA_ONLY","PENDING_REVIEW","PENDING_REVIEW;KEEP_BLOCKED;DOCUMENT_ONLY;REQUEST_SEPARATE_APPROVAL_PHASE","OWNER_REVIEW_METADATA_ONLY","","False","False","DIRECT_METADATA_SCAN","C:\Users\ssare\Desktop\KORG_PA3X_RECOVERY_BACKUP_20260619-150450"
"V1711-R0102","102",".pcm","RAM87.PCM","NEWNAME.SET\PCM\RAM87.PCM","NEWNAME.SET","NEWNAME.SET\PCM","3024325","BLOCKED_INSIDE_FORBIDDEN_SOURCE_FOLDER","RED","Source path is inside a keyboard .SET-style folder. Metadata review only.","False","NO","False","OWNER_EXPERIMENTAL_CODEWRITER_METADATA_ONLY","PENDING_REVIEW","PENDING_REVIEW;KEEP_BLOCKED;DOCUMENT_ONLY;REQUEST_SEPARATE_APPROVAL_PHASE","OWNER_REVIEW_METADATA_ONLY","","False","False","DIRECT_METADATA_SCAN","C:\Users\ssare\Desktop\KORG_PA3X_RECOVERY_BACKUP_20260619-150450"
"V1711-R0103","103",".pcm","RAM88.PCM","NEWNAME.SET\PCM\RAM88.PCM","NEWNAME.SET","NEWNAME.SET\PCM","1829250","BLOCKED_INSIDE_FORBIDDEN_SOURCE_FOLDER","RED","Source path is inside a keyboard .SET-style folder. Metadata review only.","False","NO","False","OWNER_EXPERIMENTAL_CODEWRITER_METADATA_ONLY","PENDING_REVIEW","PENDING_REVIEW;KEEP_BLOCKED;DOCUMENT_ONLY;REQUEST_SEPARATE_APPROVAL_PHASE","OWNER_REVIEW_METADATA_ONLY","","False","False","DIRECT_METADATA_SCAN","C:\Users\ssare\Desktop\KORG_PA3X_RECOVERY_BACKUP_20260619-150450"
"V1711-R0104","104",".pcm","RAM89.PCM","NEWNAME.SET\PCM\RAM89.PCM","NEWNAME.SET","NEWNAME.SET\PCM","1956771","BLOCKED_INSIDE_FORBIDDEN_SOURCE_FOLDER","RED","Source path is inside a keyboard .SET-style folder. Metadata review only.","False","NO","False","OWNER_EXPERIMENTAL_CODEWRITER_METADATA_ONLY","PENDING_REVIEW","PENDING_REVIEW;KEEP_BLOCKED;DOCUMENT_ONLY;REQUEST_SEPARATE_APPROVAL_PHASE","OWNER_REVIEW_METADATA_ONLY","","False","False","DIRECT_METADATA_SCAN","C:\Users\ssare\Desktop\KORG_PA3X_RECOVERY_BACKUP_20260619-150450"
"V1711-R0105","105",".pcm","RAM90.PCM","NEWNAME.SET\PCM\RAM90.PCM","NEWNAME.SET","NEWNAME.SET\PCM","3058875","BLOCKED_INSIDE_FORBIDDEN_SOURCE_FOLDER","RED","Source path is inside a keyboard .SET-style folder. Metadata review only.","False","NO","False","OWNER_EXPERIMENTAL_CODEWRITER_METADATA_ONLY","PENDING_REVIEW","PENDING_REVIEW;KEEP_BLOCKED;DOCUMENT_ONLY;REQUEST_SEPARATE_APPROVAL_PHASE","OWNER_REVIEW_METADATA_ONLY","","False","False","DIRECT_METADATA_SCAN","C:\Users\ssare\Desktop\KORG_PA3X_RECOVERY_BACKUP_20260619-150450"
"V1711-R0106","106",".pcm","RAM91.PCM","NEWNAME.SET\PCM\RAM91.PCM","NEWNAME.SET","NEWNAME.SET\PCM","2328815","BLOCKED_INSIDE_FORBIDDEN_SOURCE_FOLDER","RED","Source path is inside a keyboard .SET-style folder. Metadata review only.","False","NO","False","OWNER_EXPERIMENTAL_CODEWRITER_METADATA_ONLY","PENDING_REVIEW","PENDING_REVIEW;KEEP_BLOCKED;DOCUMENT_ONLY;REQUEST_SEPARATE_APPROVAL_PHASE","OWNER_REVIEW_METADATA_ONLY","","False","False","DIRECT_METADATA_SCAN","C:\Users\ssare\Desktop\KORG_PA3X_RECOVERY_BACKUP_20260619-150450"
"V1711-R0107","107",".pcm","RAM92.PCM","NEWNAME.SET\PCM\RAM92.PCM","NEWNAME.SET","NEWNAME.SET\PCM","2197581","BLOCKED_INSIDE_FORBIDDEN_SOURCE_FOLDER","RED","Source path is inside a keyboard .SET-style folder. Metadata review only.","False","NO","False","OWNER_EXPERIMENTAL_CODEWRITER_METADATA_ONLY","PENDING_REVIEW","PENDING_REVIEW;KEEP_BLOCKED;DOCUMENT_ONLY;REQUEST_SEPARATE_APPROVAL_PHASE","OWNER_REVIEW_METADATA_ONLY","","False","False","DIRECT_METADATA_SCAN","C:\Users\ssare\Desktop\KORG_PA3X_RECOVERY_BACKUP_20260619-150450"
"V1711-R0108","108",".pcm","RAM93.PCM","NEWNAME.SET\PCM\RAM93.PCM","NEWNAME.SET","NEWNAME.SET\PCM","2100209","BLOCKED_INSIDE_FORBIDDEN_SOURCE_FOLDER","RED","Source path is inside a keyboard .SET-style folder. Metadata review only.","False","NO","False","OWNER_EXPERIMENTAL_CODEWRITER_METADATA_ONLY","PENDING_REVIEW","PENDING_REVIEW;KEEP_BLOCKED;DOCUMENT_ONLY;REQUEST_SEPARATE_APPROVAL_PHASE","OWNER_REVIEW_METADATA_ONLY","","False","False","DIRECT_METADATA_SCAN","C:\Users\ssare\Desktop\KORG_PA3X_RECOVERY_BACKUP_20260619-150450"
"V1711-R0109","109",".pcm","RAM94.PCM","NEWNAME.SET\PCM\RAM94.PCM","NEWNAME.SET","NEWNAME.SET\PCM","2631154","BLOCKED_INSIDE_FORBIDDEN_SOURCE_FOLDER","RED","Source path is inside a keyboard .SET-style folder. Metadata review only.","False","NO","False","OWNER_EXPERIMENTAL_CODEWRITER_METADATA_ONLY","PENDING_REVIEW","PENDING_REVIEW;KEEP_BLOCKED;DOCUMENT_ONLY;REQUEST_SEPARATE_APPROVAL_PHASE","OWNER_REVIEW_METADATA_ONLY","","False","False","DIRECT_METADATA_SCAN","C:\Users\ssare\Desktop\KORG_PA3X_RECOVERY_BACKUP_20260619-150450"
"V1711-R0110","110",".pcm","RAM95.PCM","NEWNAME.SET\PCM\RAM95.PCM","NEWNAME.SET","NEWNAME.SET\PCM","4251732","BLOCKED_INSIDE_FORBIDDEN_SOURCE_FOLDER","RED","Source path is inside a keyboard .SET-style folder. Metadata review only.","False","NO","False","OWNER_EXPERIMENTAL_CODEWRITER_METADATA_ONLY","PENDING_REVIEW","PENDING_REVIEW;KEEP_BLOCKED;DOCUMENT_ONLY;REQUEST_SEPARATE_APPROVAL_PHASE","OWNER_REVIEW_METADATA_ONLY","","False","False","DIRECT_METADATA_SCAN","C:\Users\ssare\Desktop\KORG_PA3X_RECOVERY_BACKUP_20260619-150450"
"V1711-R0111","111",".pcm","RAM96.PCM","NEWNAME.SET\PCM\RAM96.PCM","NEWNAME.SET","NEWNAME.SET\PCM","3700130","BLOCKED_INSIDE_FORBIDDEN_SOURCE_FOLDER","RED","Source path is inside a keyboard .SET-style folder. Metadata review only.","False","NO","False","OWNER_EXPERIMENTAL_CODEWRITER_METADATA_ONLY","PENDING_REVIEW","PENDING_REVIEW;KEEP_BLOCKED;DOCUMENT_ONLY;REQUEST_SEPARATE_APPROVAL_PHASE","OWNER_REVIEW_METADATA_ONLY","","False","False","DIRECT_METADATA_SCAN","C:\Users\ssare\Desktop\KORG_PA3X_RECOVERY_BACKUP_20260619-150450"
"V1711-R0112","112",".pcm","RAM97.PCM","NEWNAME.SET\PCM\RAM97.PCM","NEWNAME.SET","NEWNAME.SET\PCM","3866196","BLOCKED_INSIDE_FORBIDDEN_SOURCE_FOLDER","RED","Source path is inside a keyboard .SET-style folder. Metadata review only.","False","NO","False","OWNER_EXPERIMENTAL_CODEWRITER_METADATA_ONLY","PENDING_REVIEW","PENDING_REVIEW;KEEP_BLOCKED;DOCUMENT_ONLY;REQUEST_SEPARATE_APPROVAL_PHASE","OWNER_REVIEW_METADATA_ONLY","","False","False","DIRECT_METADATA_SCAN","C:\Users\ssare\Desktop\KORG_PA3X_RECOVERY_BACKUP_20260619-150450"
"V1711-R0113","113",".pcm","RAM98.PCM","NEWNAME.SET\PCM\RAM98.PCM","NEWNAME.SET","NEWNAME.SET\PCM","2860792","BLOCKED_INSIDE_FORBIDDEN_SOURCE_FOLDER","RED","Source path is inside a keyboard .SET-style folder. Metadata review only.","False","NO","False","OWNER_EXPERIMENTAL_CODEWRITER_METADATA_ONLY","PENDING_REVIEW","PENDING_REVIEW;KEEP_BLOCKED;DOCUMENT_ONLY;REQUEST_SEPARATE_APPROVAL_PHASE","OWNER_REVIEW_METADATA_ONLY","","False","False","DIRECT_METADATA_SCAN","C:\Users\ssare\Desktop\KORG_PA3X_RECOVERY_BACKUP_20260619-150450"
"V1711-R0114","114",".pcm","RAM99.PCM","NEWNAME.SET\PCM\RAM99.PCM","NEWNAME.SET","NEWNAME.SET\PCM","2008717","BLOCKED_INSIDE_FORBIDDEN_SOURCE_FOLDER","RED","Source path is inside a keyboard .SET-style folder. Metadata review only.","False","NO","False","OWNER_EXPERIMENTAL_CODEWRITER_METADATA_ONLY","PENDING_REVIEW","PENDING_REVIEW;KEEP_BLOCKED;DOCUMENT_ONLY;REQUEST_SEPARATE_APPROVAL_PHASE","OWNER_REVIEW_METADATA_ONLY","","False","False","DIRECT_METADATA_SCAN","C:\Users\ssare\Desktop\KORG_PA3X_RECOVERY_BACKUP_20260619-150450"
"V1711-R0115","115",".prf","BANK01.PRF","NEWNAME.SET\PERFORM\BANK01.PRF","NEWNAME.SET","NEWNAME.SET\PERFORM","29244","BLOCKED_INSIDE_FORBIDDEN_SOURCE_FOLDER","RED","Source path is inside a keyboard .SET-style folder. Metadata review only.","False","NO","False","OWNER_EXPERIMENTAL_CODEWRITER_METADATA_ONLY","PENDING_REVIEW","PENDING_REVIEW;KEEP_BLOCKED;DOCUMENT_ONLY;REQUEST_SEPARATE_APPROVAL_PHASE","OWNER_REVIEW_METADATA_ONLY","","False","False","DIRECT_METADATA_SCAN","C:\Users\ssare\Desktop\KORG_PA3X_RECOVERY_BACKUP_20260619-150450"
"V1711-R0116","116",".prf","BANK02.PRF","NEWNAME.SET\PERFORM\BANK02.PRF","NEWNAME.SET","NEWNAME.SET\PERFORM","25481","BLOCKED_INSIDE_FORBIDDEN_SOURCE_FOLDER","RED","Source path is inside a keyboard .SET-style folder. Metadata review only.","False","NO","False","OWNER_EXPERIMENTAL_CODEWRITER_METADATA_ONLY","PENDING_REVIEW","PENDING_REVIEW;KEEP_BLOCKED;DOCUMENT_ONLY;REQUEST_SEPARATE_APPROVAL_PHASE","OWNER_REVIEW_METADATA_ONLY","","False","False","DIRECT_METADATA_SCAN","C:\Users\ssare\Desktop\KORG_PA3X_RECOVERY_BACKUP_20260619-150450"
"V1711-R0117","117",".prf","BANK03.PRF","NEWNAME.SET\PERFORM\BANK03.PRF","NEWNAME.SET","NEWNAME.SET\PERFORM","24810","BLOCKED_INSIDE_FORBIDDEN_SOURCE_FOLDER","RED","Source path is inside a keyboard .SET-style folder. Metadata review only.","False","NO","False","OWNER_EXPERIMENTAL_CODEWRITER_METADATA_ONLY","PENDING_REVIEW","PENDING_REVIEW;KEEP_BLOCKED;DOCUMENT_ONLY;REQUEST_SEPARATE_APPROVAL_PHASE","OWNER_REVIEW_METADATA_ONLY","","False","False","DIRECT_METADATA_SCAN","C:\Users\ssare\Desktop\KORG_PA3X_RECOVERY_BACKUP_20260619-150450"
"V1711-R0118","118",".prf","BANK04.PRF","NEWNAME.SET\PERFORM\BANK04.PRF","NEWNAME.SET","NEWNAME.SET\PERFORM","24709","BLOCKED_INSIDE_FORBIDDEN_SOURCE_FOLDER","RED","Source path is inside a keyboard .SET-style folder. Metadata review only.","False","NO","False","OWNER_EXPERIMENTAL_CODEWRITER_METADATA_ONLY","PENDING_REVIEW","PENDING_REVIEW;KEEP_BLOCKED;DOCUMENT_ONLY;REQUEST_SEPARATE_APPROVAL_PHASE","OWNER_REVIEW_METADATA_ONLY","","False","False","DIRECT_METADATA_SCAN","C:\Users\ssare\Desktop\KORG_PA3X_RECOVERY_BACKUP_20260619-150450"
"V1711-R0119","119",".prf","BANK05.PRF","NEWNAME.SET\PERFORM\BANK05.PRF","NEWNAME.SET","NEWNAME.SET\PERFORM","23741","BLOCKED_INSIDE_FORBIDDEN_SOURCE_FOLDER","RED","Source path is inside a keyboard .SET-style folder. Metadata review only.","False","NO","False","OWNER_EXPERIMENTAL_CODEWRITER_METADATA_ONLY","PENDING_REVIEW","PENDING_REVIEW;KEEP_BLOCKED;DOCUMENT_ONLY;REQUEST_SEPARATE_APPROVAL_PHASE","OWNER_REVIEW_METADATA_ONLY","","False","False","DIRECT_METADATA_SCAN","C:\Users\ssare\Desktop\KORG_PA3X_RECOVERY_BACKUP_20260619-150450"
"V1711-R0120","120",".prf","BANK06.PRF","NEWNAME.SET\PERFORM\BANK06.PRF","NEWNAME.SET","NEWNAME.SET\PERFORM","23152","BLOCKED_INSIDE_FORBIDDEN_SOURCE_FOLDER","RED","Source path is inside a keyboard .SET-style folder. Metadata review only.","False","NO","False","OWNER_EXPERIMENTAL_CODEWRITER_METADATA_ONLY","PENDING_REVIEW","PENDING_REVIEW;KEEP_BLOCKED;DOCUMENT_ONLY;REQUEST_SEPARATE_APPROVAL_PHASE","OWNER_REVIEW_METADATA_ONLY","","False","False","DIRECT_METADATA_SCAN","C:\Users\ssare\Desktop\KORG_PA3X_RECOVERY_BACKUP_20260619-150450"
"V1711-R0121","121",".prf","BANK07.PRF","NEWNAME.SET\PERFORM\BANK07.PRF","NEWNAME.SET","NEWNAME.SET\PERFORM","28111","BLOCKED_INSIDE_FORBIDDEN_SOURCE_FOLDER","RED","Source path is inside a keyboard .SET-style folder. Metadata review only.","False","NO","False","OWNER_EXPERIMENTAL_CODEWRITER_METADATA_ONLY","PENDING_REVIEW","PENDING_REVIEW;KEEP_BLOCKED;DOCUMENT_ONLY;REQUEST_SEPARATE_APPROVAL_PHASE","OWNER_REVIEW_METADATA_ONLY","","False","False","DIRECT_METADATA_SCAN","C:\Users\ssare\Desktop\KORG_PA3X_RECOVERY_BACKUP_20260619-150450"
"V1711-R0122","122",".prf","BANK08.PRF","NEWNAME.SET\PERFORM\BANK08.PRF","NEWNAME.SET","NEWNAME.SET\PERFORM","22954","BLOCKED_INSIDE_FORBIDDEN_SOURCE_FOLDER","RED","Source path is inside a keyboard .SET-style folder. Metadata review only.","False","NO","False","OWNER_EXPERIMENTAL_CODEWRITER_METADATA_ONLY","PENDING_REVIEW","PENDING_REVIEW;KEEP_BLOCKED;DOCUMENT_ONLY;REQUEST_SEPARATE_APPROVAL_PHASE","OWNER_REVIEW_METADATA_ONLY","","False","False","DIRECT_METADATA_SCAN","C:\Users\ssare\Desktop\KORG_PA3X_RECOVERY_BACKUP_20260619-150450"
"V1711-R0123","123",".prf","BANK09.PRF","NEWNAME.SET\PERFORM\BANK09.PRF","NEWNAME.SET","NEWNAME.SET\PERFORM","32230","BLOCKED_INSIDE_FORBIDDEN_SOURCE_FOLDER","RED","Source path is inside a keyboard .SET-style folder. Metadata review only.","False","NO","False","OWNER_EXPERIMENTAL_CODEWRITER_METADATA_ONLY","PENDING_REVIEW","PENDING_REVIEW;KEEP_BLOCKED;DOCUMENT_ONLY;REQUEST_SEPARATE_APPROVAL_PHASE","OWNER_REVIEW_METADATA_ONLY","","False","False","DIRECT_METADATA_SCAN","C:\Users\ssare\Desktop\KORG_PA3X_RECOVERY_BACKUP_20260619-150450"
"V1711-R0124","124",".prf","BANK10.PRF","NEWNAME.SET\PERFORM\BANK10.PRF","NEWNAME.SET","NEWNAME.SET\PERFORM","31879","BLOCKED_INSIDE_FORBIDDEN_SOURCE_FOLDER","RED","Source path is inside a keyboard .SET-style folder. Metadata review only.","False","NO","False","OWNER_EXPERIMENTAL_CODEWRITER_METADATA_ONLY","PENDING_REVIEW","PENDING_REVIEW;KEEP_BLOCKED;DOCUMENT_ONLY;REQUEST_SEPARATE_APPROVAL_PHASE","OWNER_REVIEW_METADATA_ONLY","","False","False","DIRECT_METADATA_SCAN","C:\Users\ssare\Desktop\KORG_PA3X_RECOVERY_BACKUP_20260619-150450"
"V1711-R0125","125",".prf","BANK11.PRF","NEWNAME.SET\PERFORM\BANK11.PRF","NEWNAME.SET","NEWNAME.SET\PERFORM","29437","BLOCKED_INSIDE_FORBIDDEN_SOURCE_FOLDER","RED","Source path is inside a keyboard .SET-style folder. Metadata review only.","False","NO","False","OWNER_EXPERIMENTAL_CODEWRITER_METADATA_ONLY","PENDING_REVIEW","PENDING_REVIEW;KEEP_BLOCKED;DOCUMENT_ONLY;REQUEST_SEPARATE_APPROVAL_PHASE","OWNER_REVIEW_METADATA_ONLY","","False","False","DIRECT_METADATA_SCAN","C:\Users\ssare\Desktop\KORG_PA3X_RECOVERY_BACKUP_20260619-150450"
"V1711-R0126","126",".prf","BANK12.PRF","NEWNAME.SET\PERFORM\BANK12.PRF","NEWNAME.SET","NEWNAME.SET\PERFORM","26615","BLOCKED_INSIDE_FORBIDDEN_SOURCE_FOLDER","RED","Source path is inside a keyboard .SET-style folder. Metadata review only.","False","NO","False","OWNER_EXPERIMENTAL_CODEWRITER_METADATA_ONLY","PENDING_REVIEW","PENDING_REVIEW;KEEP_BLOCKED;DOCUMENT_ONLY;REQUEST_SEPARATE_APPROVAL_PHASE","OWNER_REVIEW_METADATA_ONLY","","False","False","DIRECT_METADATA_SCAN","C:\Users\ssare\Desktop\KORG_PA3X_RECOVERY_BACKUP_20260619-150450"
"V1711-R0127","127",".prf","BANK13.PRF","NEWNAME.SET\PERFORM\BANK13.PRF","NEWNAME.SET","NEWNAME.SET\PERFORM","31626","BLOCKED_INSIDE_FORBIDDEN_SOURCE_FOLDER","RED","Source path is inside a keyboard .SET-style folder. Metadata review only.","False","NO","False","OWNER_EXPERIMENTAL_CODEWRITER_METADATA_ONLY","PENDING_REVIEW","PENDING_REVIEW;KEEP_BLOCKED;DOCUMENT_ONLY;REQUEST_SEPARATE_APPROVAL_PHASE","OWNER_REVIEW_METADATA_ONLY","","False","False","DIRECT_METADATA_SCAN","C:\Users\ssare\Desktop\KORG_PA3X_RECOVERY_BACKUP_20260619-150450"
"V1711-R0128","128",".prf","BANK14.PRF","NEWNAME.SET\PERFORM\BANK14.PRF","NEWNAME.SET","NEWNAME.SET\PERFORM","22598","BLOCKED_INSIDE_FORBIDDEN_SOURCE_FOLDER","RED","Source path is inside a keyboard .SET-style folder. Metadata review only.","False","NO","False","OWNER_EXPERIMENTAL_CODEWRITER_METADATA_ONLY","PENDING_REVIEW","PENDING_REVIEW;KEEP_BLOCKED;DOCUMENT_ONLY;REQUEST_SEPARATE_APPROVAL_PHASE","OWNER_REVIEW_METADATA_ONLY","","False","False","DIRECT_METADATA_SCAN","C:\Users\ssare\Desktop\KORG_PA3X_RECOVERY_BACKUP_20260619-150450"
"V1711-R0129","129",".prf","BANK15.PRF","NEWNAME.SET\PERFORM\BANK15.PRF","NEWNAME.SET","NEWNAME.SET\PERFORM","30181","BLOCKED_INSIDE_FORBIDDEN_SOURCE_FOLDER","RED","Source path is inside a keyboard .SET-style folder. Metadata review only.","False","NO","False","OWNER_EXPERIMENTAL_CODEWRITER_METADATA_ONLY","PENDING_REVIEW","PENDING_REVIEW;KEEP_BLOCKED;DOCUMENT_ONLY;REQUEST_SEPARATE_APPROVAL_PHASE","OWNER_REVIEW_METADATA_ONLY","","False","False","DIRECT_METADATA_SCAN","C:\Users\ssare\Desktop\KORG_PA3X_RECOVERY_BACKUP_20260619-150450"
"V1711-R0130","130",".prf","BANK16.PRF","NEWNAME.SET\PERFORM\BANK16.PRF","NEWNAME.SET","NEWNAME.SET\PERFORM","21975","BLOCKED_INSIDE_FORBIDDEN_SOURCE_FOLDER","RED","Source path is inside a keyboard .SET-style folder. Metadata review only.","False","NO","False","OWNER_EXPERIMENTAL_CODEWRITER_METADATA_ONLY","PENDING_REVIEW","PENDING_REVIEW;KEEP_BLOCKED;DOCUMENT_ONLY;REQUEST_SEPARATE_APPROVAL_PHASE","OWNER_REVIEW_METADATA_ONLY","","False","False","DIRECT_METADATA_SCAN","C:\Users\ssare\Desktop\KORG_PA3X_RECOVERY_BACKUP_20260619-150450"
"V1711-R0131","131",".sbl","LISTDB.SBL","NEWNAME.SET\SONGBOOK\LISTDB.SBL","NEWNAME.SET","NEWNAME.SET\SONGBOOK","2915","BLOCKED_INSIDE_FORBIDDEN_SOURCE_FOLDER","RED","Source path is inside a keyboard .SET-style folder. Metadata review only.","False","NO","False","OWNER_EXPERIMENTAL_CODEWRITER_METADATA_ONLY","PENDING_REVIEW","PENDING_REVIEW;KEEP_BLOCKED;DOCUMENT_ONLY;REQUEST_SEPARATE_APPROVAL_PHASE","OWNER_REVIEW_METADATA_ONLY","","False","False","DIRECT_METADATA_SCAN","C:\Users\ssare\Desktop\KORG_PA3X_RECOVERY_BACKUP_20260619-150450"
"V1711-R0132","132",".sbd","BANK01.SBD","NEWNAME.SET\SONGBOOK\SONGDB.SBD\BANK01.SBD","NEWNAME.SET","NEWNAME.SET\SONGBOOK\SONGDB.SBD","46514","BLOCKED_INSIDE_FORBIDDEN_SOURCE_FOLDER","RED","Source path is inside a keyboard .SET-style folder. Metadata review only.","False","NO","False","OWNER_EXPERIMENTAL_CODEWRITER_METADATA_ONLY","PENDING_REVIEW","PENDING_REVIEW;KEEP_BLOCKED;DOCUMENT_ONLY;REQUEST_SEPARATE_APPROVAL_PHASE","OWNER_REVIEW_METADATA_ONLY","","False","False","DIRECT_METADATA_SCAN","C:\Users\ssare\Desktop\KORG_PA3X_RECOVERY_BACKUP_20260619-150450"
"V1711-R0133","133",".sbd","BANK02.SBD","NEWNAME.SET\SONGBOOK\SONGDB.SBD\BANK02.SBD","NEWNAME.SET","NEWNAME.SET\SONGBOOK\SONGDB.SBD","47582","BLOCKED_INSIDE_FORBIDDEN_SOURCE_FOLDER","RED","Source path is inside a keyboard .SET-style folder. Metadata review only.","False","NO","False","OWNER_EXPERIMENTAL_CODEWRITER_METADATA_ONLY","PENDING_REVIEW","PENDING_REVIEW;KEEP_BLOCKED;DOCUMENT_ONLY;REQUEST_SEPARATE_APPROVAL_PHASE","OWNER_REVIEW_METADATA_ONLY","","False","False","DIRECT_METADATA_SCAN","C:\Users\ssare\Desktop\KORG_PA3X_RECOVERY_BACKUP_20260619-150450"
"V1711-R0134","134",".sbd","BANK03.SBD","NEWNAME.SET\SONGBOOK\SONGDB.SBD\BANK03.SBD","NEWNAME.SET","NEWNAME.SET\SONGBOOK\SONGDB.SBD","47913","BLOCKED_INSIDE_FORBIDDEN_SOURCE_FOLDER","RED","Source path is inside a keyboard .SET-style folder. Metadata review only.","False","NO","False","OWNER_EXPERIMENTAL_CODEWRITER_METADATA_ONLY","PENDING_REVIEW","PENDING_REVIEW;KEEP_BLOCKED;DOCUMENT_ONLY;REQUEST_SEPARATE_APPROVAL_PHASE","OWNER_REVIEW_METADATA_ONLY","","False","False","DIRECT_METADATA_SCAN","C:\Users\ssare\Desktop\KORG_PA3X_RECOVERY_BACKUP_20260619-150450"
"V1711-R0135","135",".sbd","BANK04.SBD","NEWNAME.SET\SONGBOOK\SONGDB.SBD\BANK04.SBD","NEWNAME.SET","NEWNAME.SET\SONGBOOK\SONGDB.SBD","47200","BLOCKED_INSIDE_FORBIDDEN_SOURCE_FOLDER","RED","Source path is inside a keyboard .SET-style folder. Metadata review only.","False","NO","False","OWNER_EXPERIMENTAL_CODEWRITER_METADATA_ONLY","PENDING_REVIEW","PENDING_REVIEW;KEEP_BLOCKED;DOCUMENT_ONLY;REQUEST_SEPARATE_APPROVAL_PHASE","OWNER_REVIEW_METADATA_ONLY","","False","False","DIRECT_METADATA_SCAN","C:\Users\ssare\Desktop\KORG_PA3X_RECOVERY_BACKUP_20260619-150450"
"V1711-R0136","136",".sbd","BANK05.SBD","NEWNAME.SET\SONGBOOK\SONGDB.SBD\BANK05.SBD","NEWNAME.SET","NEWNAME.SET\SONGBOOK\SONGDB.SBD","46636","BLOCKED_INSIDE_FORBIDDEN_SOURCE_FOLDER","RED","Source path is inside a keyboard .SET-style folder. Metadata review only.","False","NO","False","OWNER_EXPERIMENTAL_CODEWRITER_METADATA_ONLY","PENDING_REVIEW","PENDING_REVIEW;KEEP_BLOCKED;DOCUMENT_ONLY;REQUEST_SEPARATE_APPROVAL_PHASE","OWNER_REVIEW_METADATA_ONLY","","False","False","DIRECT_METADATA_SCAN","C:\Users\ssare\Desktop\KORG_PA3X_RECOVERY_BACKUP_20260619-150450"
"V1711-R0137","137",".sbd","BANK06.SBD","NEWNAME.SET\SONGBOOK\SONGDB.SBD\BANK06.SBD","NEWNAME.SET","NEWNAME.SET\SONGBOOK\SONGDB.SBD","51534","BLOCKED_INSIDE_FORBIDDEN_SOURCE_FOLDER","RED","Source path is inside a keyboard .SET-style folder. Metadata review only.","False","NO","False","OWNER_EXPERIMENTAL_CODEWRITER_METADATA_ONLY","PENDING_REVIEW","PENDING_REVIEW;KEEP_BLOCKED;DOCUMENT_ONLY;REQUEST_SEPARATE_APPROVAL_PHASE","OWNER_REVIEW_METADATA_ONLY","","False","False","DIRECT_METADATA_SCAN","C:\Users\ssare\Desktop\KORG_PA3X_RECOVERY_BACKUP_20260619-150450"
"V1711-R0138","138",".sbd","BANK07.SBD","NEWNAME.SET\SONGBOOK\SONGDB.SBD\BANK07.SBD","NEWNAME.SET","NEWNAME.SET\SONGBOOK\SONGDB.SBD","2557","BLOCKED_INSIDE_FORBIDDEN_SOURCE_FOLDER","RED","Source path is inside a keyboard .SET-style folder. Metadata review only.","False","NO","False","OWNER_EXPERIMENTAL_CODEWRITER_METADATA_ONLY","PENDING_REVIEW","PENDING_REVIEW;KEEP_BLOCKED;DOCUMENT_ONLY;REQUEST_SEPARATE_APPROVAL_PHASE","OWNER_REVIEW_METADATA_ONLY","","False","False","DIRECT_METADATA_SCAN","C:\Users\ssare\Desktop\KORG_PA3X_RECOVERY_BACKUP_20260619-150450"
"V1711-R0139","139",".pcg","USER01.PCG","NEWNAME.SET\SOUND\USER01.PCG","NEWNAME.SET","NEWNAME.SET\SOUND","42631","BLOCKED_INSIDE_FORBIDDEN_SOURCE_FOLDER","RED","Source path is inside a keyboard .SET-style folder. Metadata review only.","False","NO","False","OWNER_EXPERIMENTAL_CODEWRITER_METADATA_ONLY","PENDING_REVIEW","PENDING_REVIEW;KEEP_BLOCKED;DOCUMENT_ONLY;REQUEST_SEPARATE_APPROVAL_PHASE","OWNER_REVIEW_METADATA_ONLY","","False","False","DIRECT_METADATA_SCAN","C:\Users\ssare\Desktop\KORG_PA3X_RECOVERY_BACKUP_20260619-150450"
"V1711-R0140","140",".pcg","USER02.PCG","NEWNAME.SET\SOUND\USER02.PCG","NEWNAME.SET","NEWNAME.SET\SOUND","42857","BLOCKED_INSIDE_FORBIDDEN_SOURCE_FOLDER","RED","Source path is inside a keyboard .SET-style folder. Metadata review only.","False","NO","False","OWNER_EXPERIMENTAL_CODEWRITER_METADATA_ONLY","PENDING_REVIEW","PENDING_REVIEW;KEEP_BLOCKED;DOCUMENT_ONLY;REQUEST_SEPARATE_APPROVAL_PHASE","OWNER_REVIEW_METADATA_ONLY","","False","False","DIRECT_METADATA_SCAN","C:\Users\ssare\Desktop\KORG_PA3X_RECOVERY_BACKUP_20260619-150450"
"V1711-R0141","141",".pcg","USER03.PCG","NEWNAME.SET\SOUND\USER03.PCG","NEWNAME.SET","NEWNAME.SET\SOUND","24772","BLOCKED_INSIDE_FORBIDDEN_SOURCE_FOLDER","RED","Source path is inside a keyboard .SET-style folder. Metadata review only.","False","NO","False","OWNER_EXPERIMENTAL_CODEWRITER_METADATA_ONLY","PENDING_REVIEW","PENDING_REVIEW;KEEP_BLOCKED;DOCUMENT_ONLY;REQUEST_SEPARATE_APPROVAL_PHASE","OWNER_REVIEW_METADATA_ONLY","","False","False","DIRECT_METADATA_SCAN","C:\Users\ssare\Desktop\KORG_PA3X_RECOVERY_BACKUP_20260619-150450"
"V1711-R0142","142",".pcg","USER04.PCG","NEWNAME.SET\SOUND\USER04.PCG","NEWNAME.SET","NEWNAME.SET\SOUND","12031","BLOCKED_INSIDE_FORBIDDEN_SOURCE_FOLDER","RED","Source path is inside a keyboard .SET-style folder. Metadata review only.","False","NO","False","OWNER_EXPERIMENTAL_CODEWRITER_METADATA_ONLY","PENDING_REVIEW","PENDING_REVIEW;KEEP_BLOCKED;DOCUMENT_ONLY;REQUEST_SEPARATE_APPROVAL_PHASE","OWNER_REVIEW_METADATA_ONLY","","False","False","DIRECT_METADATA_SCAN","C:\Users\ssare\Desktop\KORG_PA3X_RECOVERY_BACKUP_20260619-150450"
"V1711-R0143","143",".pcg","USERDK.PCG","NEWNAME.SET\SOUND\USERDK.PCG","NEWNAME.SET","NEWNAME.SET\SOUND","113296","BLOCKED_INSIDE_FORBIDDEN_SOURCE_FOLDER","RED","Source path is inside a keyboard .SET-style folder. Metadata review only.","False","NO","False","OWNER_EXPERIMENTAL_CODEWRITER_METADATA_ONLY","PENDING_REVIEW","PENDING_REVIEW;KEEP_BLOCKED;DOCUMENT_ONLY;REQUEST_SEPARATE_APPROVAL_PHASE","OWNER_REVIEW_METADATA_ONLY","","False","False","DIRECT_METADATA_SCAN","C:\Users\ssare\Desktop\KORG_PA3X_RECOVERY_BACKUP_20260619-150450"
"V1711-R0144","144",".sty","FAVORITE01.STY","NEWNAME.SET\STYLE\FAVORITE01.STY","NEWNAME.SET","NEWNAME.SET\STYLE","1620562","BLOCKED_INSIDE_FORBIDDEN_SOURCE_FOLDER","RED","Source path is inside a keyboard .SET-style folder. Metadata review only.","False","NO","False","OWNER_EXPERIMENTAL_CODEWRITER_METADATA_ONLY","PENDING_REVIEW","PENDING_REVIEW;KEEP_BLOCKED;DOCUMENT_ONLY;REQUEST_SEPARATE_APPROVAL_PHASE","OWNER_REVIEW_METADATA_ONLY","","False","False","DIRECT_METADATA_SCAN","C:\Users\ssare\Desktop\KORG_PA3X_RECOVERY_BACKUP_20260619-150450"
"V1711-R0145","145",".sty","FAVORITE02.STY","NEWNAME.SET\STYLE\FAVORITE02.STY","NEWNAME.SET","NEWNAME.SET\STYLE","1313446","BLOCKED_INSIDE_FORBIDDEN_SOURCE_FOLDER","RED","Source path is inside a keyboard .SET-style folder. Metadata review only.","False","NO","False","OWNER_EXPERIMENTAL_CODEWRITER_METADATA_ONLY","PENDING_REVIEW","PENDING_REVIEW;KEEP_BLOCKED;DOCUMENT_ONLY;REQUEST_SEPARATE_APPROVAL_PHASE","OWNER_REVIEW_METADATA_ONLY","","False","False","DIRECT_METADATA_SCAN","C:\Users\ssare\Desktop\KORG_PA3X_RECOVERY_BACKUP_20260619-150450"
"V1711-R0146","146",".sty","FAVORITE03.STY","NEWNAME.SET\STYLE\FAVORITE03.STY","NEWNAME.SET","NEWNAME.SET\STYLE","721337","BLOCKED_INSIDE_FORBIDDEN_SOURCE_FOLDER","RED","Source path is inside a keyboard .SET-style folder. Metadata review only.","False","NO","False","OWNER_EXPERIMENTAL_CODEWRITER_METADATA_ONLY","PENDING_REVIEW","PENDING_REVIEW;KEEP_BLOCKED;DOCUMENT_ONLY;REQUEST_SEPARATE_APPROVAL_PHASE","OWNER_REVIEW_METADATA_ONLY","","False","False","DIRECT_METADATA_SCAN","C:\Users\ssare\Desktop\KORG_PA3X_RECOVERY_BACKUP_20260619-150450"
"V1711-R0147","147",".sty","FAVORITE04.STY","NEWNAME.SET\STYLE\FAVORITE04.STY","NEWNAME.SET","NEWNAME.SET\STYLE","1371390","BLOCKED_INSIDE_FORBIDDEN_SOURCE_FOLDER","RED","Source path is inside a keyboard .SET-style folder. Metadata review only.","False","NO","False","OWNER_EXPERIMENTAL_CODEWRITER_METADATA_ONLY","PENDING_REVIEW","PENDING_REVIEW;KEEP_BLOCKED;DOCUMENT_ONLY;REQUEST_SEPARATE_APPROVAL_PHASE","OWNER_REVIEW_METADATA_ONLY","","False","False","DIRECT_METADATA_SCAN","C:\Users\ssare\Desktop\KORG_PA3X_RECOVERY_BACKUP_20260619-150450"
"V1711-R0148","148",".sty","FAVORITE05.STY","NEWNAME.SET\STYLE\FAVORITE05.STY","NEWNAME.SET","NEWNAME.SET\STYLE","2669779","BLOCKED_INSIDE_FORBIDDEN_SOURCE_FOLDER","RED","Source path is inside a keyboard .SET-style folder. Metadata review only.","False","NO","False","OWNER_EXPERIMENTAL_CODEWRITER_METADATA_ONLY","PENDING_REVIEW","PENDING_REVIEW;KEEP_BLOCKED;DOCUMENT_ONLY;REQUEST_SEPARATE_APPROVAL_PHASE","OWNER_REVIEW_METADATA_ONLY","","False","False","DIRECT_METADATA_SCAN","C:\Users\ssare\Desktop\KORG_PA3X_RECOVERY_BACKUP_20260619-150450"
"V1711-R0149","149",".sty","FAVORITE06.STY","NEWNAME.SET\STYLE\FAVORITE06.STY","NEWNAME.SET","NEWNAME.SET\STYLE","1830145","BLOCKED_INSIDE_FORBIDDEN_SOURCE_FOLDER","RED","Source path is inside a keyboard .SET-style folder. Metadata review only.","False","NO","False","OWNER_EXPERIMENTAL_CODEWRITER_METADATA_ONLY","PENDING_REVIEW","PENDING_REVIEW;KEEP_BLOCKED;DOCUMENT_ONLY;REQUEST_SEPARATE_APPROVAL_PHASE","OWNER_REVIEW_METADATA_ONLY","","False","False","DIRECT_METADATA_SCAN","C:\Users\ssare\Desktop\KORG_PA3X_RECOVERY_BACKUP_20260619-150450"
"V1711-R0150","150",".sty","FAVORITE07.STY","NEWNAME.SET\STYLE\FAVORITE07.STY","NEWNAME.SET","NEWNAME.SET\STYLE","1997824","BLOCKED_INSIDE_FORBIDDEN_SOURCE_FOLDER","RED","Source path is inside a keyboard .SET-style folder. Metadata review only.","False","NO","False","OWNER_EXPERIMENTAL_CODEWRITER_METADATA_ONLY","PENDING_REVIEW","PENDING_REVIEW;KEEP_BLOCKED;DOCUMENT_ONLY;REQUEST_SEPARATE_APPROVAL_PHASE","OWNER_REVIEW_METADATA_ONLY","","False","False","DIRECT_METADATA_SCAN","C:\Users\ssare\Desktop\KORG_PA3X_RECOVERY_BACKUP_20260619-150450"
"V1711-R0151","151",".sty","FAVORITE08.STY","NEWNAME.SET\STYLE\FAVORITE08.STY","NEWNAME.SET","NEWNAME.SET\STYLE","1309764","BLOCKED_INSIDE_FORBIDDEN_SOURCE_FOLDER","RED","Source path is inside a keyboard .SET-style folder. Metadata review only.","False","NO","False","OWNER_EXPERIMENTAL_CODEWRITER_METADATA_ONLY","PENDING_REVIEW","PENDING_REVIEW;KEEP_BLOCKED;DOCUMENT_ONLY;REQUEST_SEPARATE_APPROVAL_PHASE","OWNER_REVIEW_METADATA_ONLY","","False","False","DIRECT_METADATA_SCAN","C:\Users\ssare\Desktop\KORG_PA3X_RECOVERY_BACKUP_20260619-150450"
"V1711-R0152","152",".sty","FAVORITE09.STY","NEWNAME.SET\STYLE\FAVORITE09.STY","NEWNAME.SET","NEWNAME.SET\STYLE","1309700","BLOCKED_INSIDE_FORBIDDEN_SOURCE_FOLDER","RED","Source path is inside a keyboard .SET-style folder. Metadata review only.","False","NO","False","OWNER_EXPERIMENTAL_CODEWRITER_METADATA_ONLY","PENDING_REVIEW","PENDING_REVIEW;KEEP_BLOCKED;DOCUMENT_ONLY;REQUEST_SEPARATE_APPROVAL_PHASE","OWNER_REVIEW_METADATA_ONLY","","False","False","DIRECT_METADATA_SCAN","C:\Users\ssare\Desktop\KORG_PA3X_RECOVERY_BACKUP_20260619-150450"
"V1711-R0153","153",".sty","FAVORITE10.STY","NEWNAME.SET\STYLE\FAVORITE10.STY","NEWNAME.SET","NEWNAME.SET\STYLE","1582136","BLOCKED_INSIDE_FORBIDDEN_SOURCE_FOLDER","RED","Source path is inside a keyboard .SET-style folder. Metadata review only.","False","NO","False","OWNER_EXPERIMENTAL_CODEWRITER_METADATA_ONLY","PENDING_REVIEW","PENDING_REVIEW;KEEP_BLOCKED;DOCUMENT_ONLY;REQUEST_SEPARATE_APPROVAL_PHASE","OWNER_REVIEW_METADATA_ONLY","","False","False","DIRECT_METADATA_SCAN","C:\Users\ssare\Desktop\KORG_PA3X_RECOVERY_BACKUP_20260619-150450"
"V1711-R0154","154",".sty","FAVORITE11.STY","NEWNAME.SET\STYLE\FAVORITE11.STY","NEWNAME.SET","NEWNAME.SET\STYLE","959344","BLOCKED_INSIDE_FORBIDDEN_SOURCE_FOLDER","RED","Source path is inside a keyboard .SET-style folder. Metadata review only.","False","NO","False","OWNER_EXPERIMENTAL_CODEWRITER_METADATA_ONLY","PENDING_REVIEW","PENDING_REVIEW;KEEP_BLOCKED;DOCUMENT_ONLY;REQUEST_SEPARATE_APPROVAL_PHASE","OWNER_REVIEW_METADATA_ONLY","","False","False","DIRECT_METADATA_SCAN","C:\Users\ssare\Desktop\KORG_PA3X_RECOVERY_BACKUP_20260619-150450"
"V1711-R0155","155",".sty","FAVORITE12.STY","NEWNAME.SET\STYLE\FAVORITE12.STY","NEWNAME.SET","NEWNAME.SET\STYLE","569741","BLOCKED_INSIDE_FORBIDDEN_SOURCE_FOLDER","RED","Source path is inside a keyboard .SET-style folder. Metadata review only.","False","NO","False","OWNER_EXPERIMENTAL_CODEWRITER_METADATA_ONLY","PENDING_REVIEW","PENDING_REVIEW;KEEP_BLOCKED;DOCUMENT_ONLY;REQUEST_SEPARATE_APPROVAL_PHASE","OWNER_REVIEW_METADATA_ONLY","","False","False","DIRECT_METADATA_SCAN","C:\Users\ssare\Desktop\KORG_PA3X_RECOVERY_BACKUP_20260619-150450"
"V1711-R0156","156",".sty","USER01.STY","NEWNAME.SET\STYLE\USER01.STY","NEWNAME.SET","NEWNAME.SET\STYLE","767611","BLOCKED_INSIDE_FORBIDDEN_SOURCE_FOLDER","RED","Source path is inside a keyboard .SET-style folder. Metadata review only.","False","NO","False","OWNER_EXPERIMENTAL_CODEWRITER_METADATA_ONLY","PENDING_REVIEW","PENDING_REVIEW;KEEP_BLOCKED;DOCUMENT_ONLY;REQUEST_SEPARATE_APPROVAL_PHASE","OWNER_REVIEW_METADATA_ONLY","","False","False","DIRECT_METADATA_SCAN","C:\Users\ssare\Desktop\KORG_PA3X_RECOVERY_BACKUP_20260619-150450"
"V1711-R0157","157",".sty","USER02.STY","NEWNAME.SET\STYLE\USER02.STY","NEWNAME.SET","NEWNAME.SET\STYLE","549046","BLOCKED_INSIDE_FORBIDDEN_SOURCE_FOLDER","RED","Source path is inside a keyboard .SET-style folder. Metadata review only.","False","NO","False","OWNER_EXPERIMENTAL_CODEWRITER_METADATA_ONLY","PENDING_REVIEW","PENDING_REVIEW;KEEP_BLOCKED;DOCUMENT_ONLY;REQUEST_SEPARATE_APPROVAL_PHASE","OWNER_REVIEW_METADATA_ONLY","","False","False","DIRECT_METADATA_SCAN","C:\Users\ssare\Desktop\KORG_PA3X_RECOVERY_BACKUP_20260619-150450"
"V1711-R0158","158",".sty","USER03.STY","NEWNAME.SET\STYLE\USER03.STY","NEWNAME.SET","NEWNAME.SET\STYLE","518250","BLOCKED_INSIDE_FORBIDDEN_SOURCE_FOLDER","RED","Source path is inside a keyboard .SET-style folder. Metadata review only.","False","NO","False","OWNER_EXPERIMENTAL_CODEWRITER_METADATA_ONLY","PENDING_REVIEW","PENDING_REVIEW;KEEP_BLOCKED;DOCUMENT_ONLY;REQUEST_SEPARATE_APPROVAL_PHASE","OWNER_REVIEW_METADATA_ONLY","","False","False","DIRECT_METADATA_SCAN","C:\Users\ssare\Desktop\KORG_PA3X_RECOVERY_BACKUP_20260619-150450"
"V1711-R0159","159",".mxp","MXPRESET.MXP","sar.SET\GLOBAL\MXPRESET.MXP","sar.SET","sar.SET\GLOBAL","1943","BLOCKED_INSIDE_FORBIDDEN_SOURCE_FOLDER","RED","Source path is inside a keyboard .SET-style folder. Metadata review only.","False","NO","False","OWNER_EXPERIMENTAL_CODEWRITER_METADATA_ONLY","PENDING_REVIEW","PENDING_REVIEW;KEEP_BLOCKED;DOCUMENT_ONLY;REQUEST_SEPARATE_APPROVAL_PHASE","OWNER_REVIEW_METADATA_ONLY","","False","False","DIRECT_METADATA_SCAN","C:\Users\ssare\Desktop\KORG_PA3X_RECOVERY_BACKUP_20260619-150450"
"V1711-R0160","160",".gbl","SETUP.GBL","sar.SET\GLOBAL\SETUP.GBL","sar.SET","sar.SET\GLOBAL","3359","BLOCKED_INSIDE_FORBIDDEN_SOURCE_FOLDER","RED","Source path is inside a keyboard .SET-style folder. Metadata review only.","False","NO","False","OWNER_EXPERIMENTAL_CODEWRITER_METADATA_ONLY","PENDING_REVIEW","PENDING_REVIEW;KEEP_BLOCKED;DOCUMENT_ONLY;REQUEST_SEPARATE_APPROVAL_PHASE","OWNER_REVIEW_METADATA_ONLY","","False","False","DIRECT_METADATA_SCAN","C:\Users\ssare\Desktop\KORG_PA3X_RECOVERY_BACKUP_20260619-150450"
"V1711-R0161","161",".voc","VPPRESET.VOC","sar.SET\GLOBAL\VPPRESET.VOC","sar.SET","sar.SET\GLOBAL","34304","BLOCKED_INSIDE_FORBIDDEN_SOURCE_FOLDER","RED","Source path is inside a keyboard .SET-style folder. Metadata review only.","False","NO","False","OWNER_EXPERIMENTAL_CODEWRITER_METADATA_ONLY","PENDING_REVIEW","PENDING_REVIEW;KEEP_BLOCKED;DOCUMENT_ONLY;REQUEST_SEPARATE_APPROVAL_PHASE","OWNER_REVIEW_METADATA_ONLY","","False","False","DIRECT_METADATA_SCAN","C:\Users\ssare\Desktop\KORG_PA3X_RECOVERY_BACKUP_20260619-150450"
"V1711-R0162","162",".kmp","RAM.KMP","sar.SET\MULTISMP\RAM.KMP","sar.SET","sar.SET\MULTISMP","235247","BLOCKED_INSIDE_FORBIDDEN_SOURCE_FOLDER","RED","Source path is inside a keyboard .SET-style folder. Metadata review only.","False","NO","False","OWNER_EXPERIMENTAL_CODEWRITER_METADATA_ONLY","PENDING_REVIEW","PENDING_REVIEW;KEEP_BLOCKED;DOCUMENT_ONLY;REQUEST_SEPARATE_APPROVAL_PHASE","OWNER_REVIEW_METADATA_ONLY","","False","False","DIRECT_METADATA_SCAN","C:\Users\ssare\Desktop\KORG_PA3X_RECOVERY_BACKUP_20260619-150450"
"V1711-R0163","163",".pcm","RAM01.PCM","sar.SET\PCM\RAM01.PCM","sar.SET","sar.SET\PCM","2609467","BLOCKED_INSIDE_FORBIDDEN_SOURCE_FOLDER","RED","Source path is inside a keyboard .SET-style folder. Metadata review only.","False","NO","False","OWNER_EXPERIMENTAL_CODEWRITER_METADATA_ONLY","PENDING_REVIEW","PENDING_REVIEW;KEEP_BLOCKED;DOCUMENT_ONLY;REQUEST_SEPARATE_APPROVAL_PHASE","OWNER_REVIEW_METADATA_ONLY","","False","False","DIRECT_METADATA_SCAN","C:\Users\ssare\Desktop\KORG_PA3X_RECOVERY_BACKUP_20260619-150450"
"V1711-R0164","164",".pcm","RAM02.PCM","sar.SET\PCM\RAM02.PCM","sar.SET","sar.SET\PCM","2761573","BLOCKED_INSIDE_FORBIDDEN_SOURCE_FOLDER","RED","Source path is inside a keyboard .SET-style folder. Metadata review only.","False","NO","False","OWNER_EXPERIMENTAL_CODEWRITER_METADATA_ONLY","PENDING_REVIEW","PENDING_REVIEW;KEEP_BLOCKED;DOCUMENT_ONLY;REQUEST_SEPARATE_APPROVAL_PHASE","OWNER_REVIEW_METADATA_ONLY","","False","False","DIRECT_METADATA_SCAN","C:\Users\ssare\Desktop\KORG_PA3X_RECOVERY_BACKUP_20260619-150450"
"V1711-R0165","165",".pcm","RAM03.PCM","sar.SET\PCM\RAM03.PCM","sar.SET","sar.SET\PCM","1685510","BLOCKED_INSIDE_FORBIDDEN_SOURCE_FOLDER","RED","Source path is inside a keyboard .SET-style folder. Metadata review only.","False","NO","False","OWNER_EXPERIMENTAL_CODEWRITER_METADATA_ONLY","PENDING_REVIEW","PENDING_REVIEW;KEEP_BLOCKED;DOCUMENT_ONLY;REQUEST_SEPARATE_APPROVAL_PHASE","OWNER_REVIEW_METADATA_ONLY","","False","False","DIRECT_METADATA_SCAN","C:\Users\ssare\Desktop\KORG_PA3X_RECOVERY_BACKUP_20260619-150450"
"V1711-R0166","166",".pcm","RAM04.PCM","sar.SET\PCM\RAM04.PCM","sar.SET","sar.SET\PCM","2570418","BLOCKED_INSIDE_FORBIDDEN_SOURCE_FOLDER","RED","Source path is inside a keyboard .SET-style folder. Metadata review only.","False","NO","False","OWNER_EXPERIMENTAL_CODEWRITER_METADATA_ONLY","PENDING_REVIEW","PENDING_REVIEW;KEEP_BLOCKED;DOCUMENT_ONLY;REQUEST_SEPARATE_APPROVAL_PHASE","OWNER_REVIEW_METADATA_ONLY","","False","False","DIRECT_METADATA_SCAN","C:\Users\ssare\Desktop\KORG_PA3X_RECOVERY_BACKUP_20260619-150450"
"V1711-R0167","167",".pcm","RAM05.PCM","sar.SET\PCM\RAM05.PCM","sar.SET","sar.SET\PCM","1894621","BLOCKED_INSIDE_FORBIDDEN_SOURCE_FOLDER","RED","Source path is inside a keyboard .SET-style folder. Metadata review only.","False","NO","False","OWNER_EXPERIMENTAL_CODEWRITER_METADATA_ONLY","PENDING_REVIEW","PENDING_REVIEW;KEEP_BLOCKED;DOCUMENT_ONLY;REQUEST_SEPARATE_APPROVAL_PHASE","OWNER_REVIEW_METADATA_ONLY","","False","False","DIRECT_METADATA_SCAN","C:\Users\ssare\Desktop\KORG_PA3X_RECOVERY_BACKUP_20260619-150450"
"V1711-R0168","168",".pcm","RAM06.PCM","sar.SET\PCM\RAM06.PCM","sar.SET","sar.SET\PCM","3678503","BLOCKED_INSIDE_FORBIDDEN_SOURCE_FOLDER","RED","Source path is inside a keyboard .SET-style folder. Metadata review only.","False","NO","False","OWNER_EXPERIMENTAL_CODEWRITER_METADATA_ONLY","PENDING_REVIEW","PENDING_REVIEW;KEEP_BLOCKED;DOCUMENT_ONLY;REQUEST_SEPARATE_APPROVAL_PHASE","OWNER_REVIEW_METADATA_ONLY","","False","False","DIRECT_METADATA_SCAN","C:\Users\ssare\Desktop\KORG_PA3X_RECOVERY_BACKUP_20260619-150450"
"V1711-R0169","169",".pcm","RAM07.PCM","sar.SET\PCM\RAM07.PCM","sar.SET","sar.SET\PCM","2385716","BLOCKED_INSIDE_FORBIDDEN_SOURCE_FOLDER","RED","Source path is inside a keyboard .SET-style folder. Metadata review only.","False","NO","False","OWNER_EXPERIMENTAL_CODEWRITER_METADATA_ONLY","PENDING_REVIEW","PENDING_REVIEW;KEEP_BLOCKED;DOCUMENT_ONLY;REQUEST_SEPARATE_APPROVAL_PHASE","OWNER_REVIEW_METADATA_ONLY","","False","False","DIRECT_METADATA_SCAN","C:\Users\ssare\Desktop\KORG_PA3X_RECOVERY_BACKUP_20260619-150450"
"V1711-R0170","170",".pcm","RAM08.PCM","sar.SET\PCM\RAM08.PCM","sar.SET","sar.SET\PCM","2343289","BLOCKED_INSIDE_FORBIDDEN_SOURCE_FOLDER","RED","Source path is inside a keyboard .SET-style folder. Metadata review only.","False","NO","False","OWNER_EXPERIMENTAL_CODEWRITER_METADATA_ONLY","PENDING_REVIEW","PENDING_REVIEW;KEEP_BLOCKED;DOCUMENT_ONLY;REQUEST_SEPARATE_APPROVAL_PHASE","OWNER_REVIEW_METADATA_ONLY","","False","False","DIRECT_METADATA_SCAN","C:\Users\ssare\Desktop\KORG_PA3X_RECOVERY_BACKUP_20260619-150450"
"V1711-R0171","171",".pcm","RAM09.PCM","sar.SET\PCM\RAM09.PCM","sar.SET","sar.SET\PCM","2528316","BLOCKED_INSIDE_FORBIDDEN_SOURCE_FOLDER","RED","Source path is inside a keyboard .SET-style folder. Metadata review only.","False","NO","False","OWNER_EXPERIMENTAL_CODEWRITER_METADATA_ONLY","PENDING_REVIEW","PENDING_REVIEW;KEEP_BLOCKED;DOCUMENT_ONLY;REQUEST_SEPARATE_APPROVAL_PHASE","OWNER_REVIEW_METADATA_ONLY","","False","False","DIRECT_METADATA_SCAN","C:\Users\ssare\Desktop\KORG_PA3X_RECOVERY_BACKUP_20260619-150450"
"V1711-R0172","172",".pcm","RAM10.PCM","sar.SET\PCM\RAM10.PCM","sar.SET","sar.SET\PCM","2035946","BLOCKED_INSIDE_FORBIDDEN_SOURCE_FOLDER","RED","Source path is inside a keyboard .SET-style folder. Metadata review only.","False","NO","False","OWNER_EXPERIMENTAL_CODEWRITER_METADATA_ONLY","PENDING_REVIEW","PENDING_REVIEW;KEEP_BLOCKED;DOCUMENT_ONLY;REQUEST_SEPARATE_APPROVAL_PHASE","OWNER_REVIEW_METADATA_ONLY","","False","False","DIRECT_METADATA_SCAN","C:\Users\ssare\Desktop\KORG_PA3X_RECOVERY_BACKUP_20260619-150450"
"V1711-R0173","173",".pcm","RAM11.PCM","sar.SET\PCM\RAM11.PCM","sar.SET","sar.SET\PCM","2192345","BLOCKED_INSIDE_FORBIDDEN_SOURCE_FOLDER","RED","Source path is inside a keyboard .SET-style folder. Metadata review only.","False","NO","False","OWNER_EXPERIMENTAL_CODEWRITER_METADATA_ONLY","PENDING_REVIEW","PENDING_REVIEW;KEEP_BLOCKED;DOCUMENT_ONLY;REQUEST_SEPARATE_APPROVAL_PHASE","OWNER_REVIEW_METADATA_ONLY","","False","False","DIRECT_METADATA_SCAN","C:\Users\ssare\Desktop\KORG_PA3X_RECOVERY_BACKUP_20260619-150450"
"V1711-R0174","174",".pcm","RAM12.PCM","sar.SET\PCM\RAM12.PCM","sar.SET","sar.SET\PCM","2802504","BLOCKED_INSIDE_FORBIDDEN_SOURCE_FOLDER","RED","Source path is inside a keyboard .SET-style folder. Metadata review only.","False","NO","False","OWNER_EXPERIMENTAL_CODEWRITER_METADATA_ONLY","PENDING_REVIEW","PENDING_REVIEW;KEEP_BLOCKED;DOCUMENT_ONLY;REQUEST_SEPARATE_APPROVAL_PHASE","OWNER_REVIEW_METADATA_ONLY","","False","False","DIRECT_METADATA_SCAN","C:\Users\ssare\Desktop\KORG_PA3X_RECOVERY_BACKUP_20260619-150450"
"V1711-R0175","175",".pcm","RAM13.PCM","sar.SET\PCM\RAM13.PCM","sar.SET","sar.SET\PCM","1801345","BLOCKED_INSIDE_FORBIDDEN_SOURCE_FOLDER","RED","Source path is inside a keyboard .SET-style folder. Metadata review only.","False","NO","False","OWNER_EXPERIMENTAL_CODEWRITER_METADATA_ONLY","PENDING_REVIEW","PENDING_REVIEW;KEEP_BLOCKED;DOCUMENT_ONLY;REQUEST_SEPARATE_APPROVAL_PHASE","OWNER_REVIEW_METADATA_ONLY","","False","False","DIRECT_METADATA_SCAN","C:\Users\ssare\Desktop\KORG_PA3X_RECOVERY_BACKUP_20260619-150450"
"V1711-R0176","176",".pcm","RAM14.PCM","sar.SET\PCM\RAM14.PCM","sar.SET","sar.SET\PCM","2211601","BLOCKED_INSIDE_FORBIDDEN_SOURCE_FOLDER","RED","Source path is inside a keyboard .SET-style folder. Metadata review only.","False","NO","False","OWNER_EXPERIMENTAL_CODEWRITER_METADATA_ONLY","PENDING_REVIEW","PENDING_REVIEW;KEEP_BLOCKED;DOCUMENT_ONLY;REQUEST_SEPARATE_APPROVAL_PHASE","OWNER_REVIEW_METADATA_ONLY","","False","False","DIRECT_METADATA_SCAN","C:\Users\ssare\Desktop\KORG_PA3X_RECOVERY_BACKUP_20260619-150450"
"V1711-R0177","177",".pcm","RAM15.PCM","sar.SET\PCM\RAM15.PCM","sar.SET","sar.SET\PCM","3633676","BLOCKED_INSIDE_FORBIDDEN_SOURCE_FOLDER","RED","Source path is inside a keyboard .SET-style folder. Metadata review only.","False","NO","False","OWNER_EXPERIMENTAL_CODEWRITER_METADATA_ONLY","PENDING_REVIEW","PENDING_REVIEW;KEEP_BLOCKED;DOCUMENT_ONLY;REQUEST_SEPARATE_APPROVAL_PHASE","OWNER_REVIEW_METADATA_ONLY","","False","False","DIRECT_METADATA_SCAN","C:\Users\ssare\Desktop\KORG_PA3X_RECOVERY_BACKUP_20260619-150450"
"V1711-R0178","178",".pcm","RAM16.PCM","sar.SET\PCM\RAM16.PCM","sar.SET","sar.SET\PCM","3098360","BLOCKED_INSIDE_FORBIDDEN_SOURCE_FOLDER","RED","Source path is inside a keyboard .SET-style folder. Metadata review only.","False","NO","False","OWNER_EXPERIMENTAL_CODEWRITER_METADATA_ONLY","PENDING_REVIEW","PENDING_REVIEW;KEEP_BLOCKED;DOCUMENT_ONLY;REQUEST_SEPARATE_APPROVAL_PHASE","OWNER_REVIEW_METADATA_ONLY","","False","False","DIRECT_METADATA_SCAN","C:\Users\ssare\Desktop\KORG_PA3X_RECOVERY_BACKUP_20260619-150450"
"V1711-R0179","179",".pcm","RAM17.PCM","sar.SET\PCM\RAM17.PCM","sar.SET","sar.SET\PCM","2876209","BLOCKED_INSIDE_FORBIDDEN_SOURCE_FOLDER","RED","Source path is inside a keyboard .SET-style folder. Metadata review only.","False","NO","False","OWNER_EXPERIMENTAL_CODEWRITER_METADATA_ONLY","PENDING_REVIEW","PENDING_REVIEW;KEEP_BLOCKED;DOCUMENT_ONLY;REQUEST_SEPARATE_APPROVAL_PHASE","OWNER_REVIEW_METADATA_ONLY","","False","False","DIRECT_METADATA_SCAN","C:\Users\ssare\Desktop\KORG_PA3X_RECOVERY_BACKUP_20260619-150450"
"V1711-R0180","180",".pcm","RAM18.PCM","sar.SET\PCM\RAM18.PCM","sar.SET","sar.SET\PCM","1852638","BLOCKED_INSIDE_FORBIDDEN_SOURCE_FOLDER","RED","Source path is inside a keyboard .SET-style folder. Metadata review only.","False","NO","False","OWNER_EXPERIMENTAL_CODEWRITER_METADATA_ONLY","PENDING_REVIEW","PENDING_REVIEW;KEEP_BLOCKED;DOCUMENT_ONLY;REQUEST_SEPARATE_APPROVAL_PHASE","OWNER_REVIEW_METADATA_ONLY","","False","False","DIRECT_METADATA_SCAN","C:\Users\ssare\Desktop\KORG_PA3X_RECOVERY_BACKUP_20260619-150450"
"V1711-R0181","181",".pcm","RAM19.PCM","sar.SET\PCM\RAM19.PCM","sar.SET","sar.SET\PCM","2220968","BLOCKED_INSIDE_FORBIDDEN_SOURCE_FOLDER","RED","Source path is inside a keyboard .SET-style folder. Metadata review only.","False","NO","False","OWNER_EXPERIMENTAL_CODEWRITER_METADATA_ONLY","PENDING_REVIEW","PENDING_REVIEW;KEEP_BLOCKED;DOCUMENT_ONLY;REQUEST_SEPARATE_APPROVAL_PHASE","OWNER_REVIEW_METADATA_ONLY","","False","False","DIRECT_METADATA_SCAN","C:\Users\ssare\Desktop\KORG_PA3X_RECOVERY_BACKUP_20260619-150450"
"V1711-R0182","182",".pcm","RAM20.PCM","sar.SET\PCM\RAM20.PCM","sar.SET","sar.SET\PCM","1722445","BLOCKED_INSIDE_FORBIDDEN_SOURCE_FOLDER","RED","Source path is inside a keyboard .SET-style folder. Metadata review only.","False","NO","False","OWNER_EXPERIMENTAL_CODEWRITER_METADATA_ONLY","PENDING_REVIEW","PENDING_REVIEW;KEEP_BLOCKED;DOCUMENT_ONLY;REQUEST_SEPARATE_APPROVAL_PHASE","OWNER_REVIEW_METADATA_ONLY","","False","False","DIRECT_METADATA_SCAN","C:\Users\ssare\Desktop\KORG_PA3X_RECOVERY_BACKUP_20260619-150450"
"V1711-R0183","183",".pcm","RAM21.PCM","sar.SET\PCM\RAM21.PCM","sar.SET","sar.SET\PCM","2595382","BLOCKED_INSIDE_FORBIDDEN_SOURCE_FOLDER","RED","Source path is inside a keyboard .SET-style folder. Metadata review only.","False","NO","False","OWNER_EXPERIMENTAL_CODEWRITER_METADATA_ONLY","PENDING_REVIEW","PENDING_REVIEW;KEEP_BLOCKED;DOCUMENT_ONLY;REQUEST_SEPARATE_APPROVAL_PHASE","OWNER_REVIEW_METADATA_ONLY","","False","False","DIRECT_METADATA_SCAN","C:\Users\ssare\Desktop\KORG_PA3X_RECOVERY_BACKUP_20260619-150450"
"V1711-R0184","184",".pcm","RAM22.PCM","sar.SET\PCM\RAM22.PCM","sar.SET","sar.SET\PCM","2060104","BLOCKED_INSIDE_FORBIDDEN_SOURCE_FOLDER","RED","Source path is inside a keyboard .SET-style folder. Metadata review only.","False","NO","False","OWNER_EXPERIMENTAL_CODEWRITER_METADATA_ONLY","PENDING_REVIEW","PENDING_REVIEW;KEEP_BLOCKED;DOCUMENT_ONLY;REQUEST_SEPARATE_APPROVAL_PHASE","OWNER_REVIEW_METADATA_ONLY","","False","False","DIRECT_METADATA_SCAN","C:\Users\ssare\Desktop\KORG_PA3X_RECOVERY_BACKUP_20260619-150450"
"V1711-R0185","185",".pcm","RAM23.PCM","sar.SET\PCM\RAM23.PCM","sar.SET","sar.SET\PCM","2531710","BLOCKED_INSIDE_FORBIDDEN_SOURCE_FOLDER","RED","Source path is inside a keyboard .SET-style folder. Metadata review only.","False","NO","False","OWNER_EXPERIMENTAL_CODEWRITER_METADATA_ONLY","PENDING_REVIEW","PENDING_REVIEW;KEEP_BLOCKED;DOCUMENT_ONLY;REQUEST_SEPARATE_APPROVAL_PHASE","OWNER_REVIEW_METADATA_ONLY","","False","False","DIRECT_METADATA_SCAN","C:\Users\ssare\Desktop\KORG_PA3X_RECOVERY_BACKUP_20260619-150450"
"V1711-R0186","186",".pcm","RAM24.PCM","sar.SET\PCM\RAM24.PCM","sar.SET","sar.SET\PCM","2142487","BLOCKED_INSIDE_FORBIDDEN_SOURCE_FOLDER","RED","Source path is inside a keyboard .SET-style folder. Metadata review only.","False","NO","False","OWNER_EXPERIMENTAL_CODEWRITER_METADATA_ONLY","PENDING_REVIEW","PENDING_REVIEW;KEEP_BLOCKED;DOCUMENT_ONLY;REQUEST_SEPARATE_APPROVAL_PHASE","OWNER_REVIEW_METADATA_ONLY","","False","False","DIRECT_METADATA_SCAN","C:\Users\ssare\Desktop\KORG_PA3X_RECOVERY_BACKUP_20260619-150450"
"V1711-R0187","187",".pcm","RAM25.PCM","sar.SET\PCM\RAM25.PCM","sar.SET","sar.SET\PCM","2164534","BLOCKED_INSIDE_FORBIDDEN_SOURCE_FOLDER","RED","Source path is inside a keyboard .SET-style folder. Metadata review only.","False","NO","False","OWNER_EXPERIMENTAL_CODEWRITER_METADATA_ONLY","PENDING_REVIEW","PENDING_REVIEW;KEEP_BLOCKED;DOCUMENT_ONLY;REQUEST_SEPARATE_APPROVAL_PHASE","OWNER_REVIEW_METADATA_ONLY","","False","False","DIRECT_METADATA_SCAN","C:\Users\ssare\Desktop\KORG_PA3X_RECOVERY_BACKUP_20260619-150450"
"V1711-R0188","188",".pcm","RAM26.PCM","sar.SET\PCM\RAM26.PCM","sar.SET","sar.SET\PCM","2565758","BLOCKED_INSIDE_FORBIDDEN_SOURCE_FOLDER","RED","Source path is inside a keyboard .SET-style folder. Metadata review only.","False","NO","False","OWNER_EXPERIMENTAL_CODEWRITER_METADATA_ONLY","PENDING_REVIEW","PENDING_REVIEW;KEEP_BLOCKED;DOCUMENT_ONLY;REQUEST_SEPARATE_APPROVAL_PHASE","OWNER_REVIEW_METADATA_ONLY","","False","False","DIRECT_METADATA_SCAN","C:\Users\ssare\Desktop\KORG_PA3X_RECOVERY_BACKUP_20260619-150450"
"V1711-R0189","189",".pcm","RAM27.PCM","sar.SET\PCM\RAM27.PCM","sar.SET","sar.SET\PCM","2287978","BLOCKED_INSIDE_FORBIDDEN_SOURCE_FOLDER","RED","Source path is inside a keyboard .SET-style folder. Metadata review only.","False","NO","False","OWNER_EXPERIMENTAL_CODEWRITER_METADATA_ONLY","PENDING_REVIEW","PENDING_REVIEW;KEEP_BLOCKED;DOCUMENT_ONLY;REQUEST_SEPARATE_APPROVAL_PHASE","OWNER_REVIEW_METADATA_ONLY","","False","False","DIRECT_METADATA_SCAN","C:\Users\ssare\Desktop\KORG_PA3X_RECOVERY_BACKUP_20260619-150450"
"V1711-R0190","190",".pcm","RAM28.PCM","sar.SET\PCM\RAM28.PCM","sar.SET","sar.SET\PCM","2594508","BLOCKED_INSIDE_FORBIDDEN_SOURCE_FOLDER","RED","Source path is inside a keyboard .SET-style folder. Metadata review only.","False","NO","False","OWNER_EXPERIMENTAL_CODEWRITER_METADATA_ONLY","PENDING_REVIEW","PENDING_REVIEW;KEEP_BLOCKED;DOCUMENT_ONLY;REQUEST_SEPARATE_APPROVAL_PHASE","OWNER_REVIEW_METADATA_ONLY","","False","False","DIRECT_METADATA_SCAN","C:\Users\ssare\Desktop\KORG_PA3X_RECOVERY_BACKUP_20260619-150450"
"V1711-R0191","191",".pcm","RAM29.PCM","sar.SET\PCM\RAM29.PCM","sar.SET","sar.SET\PCM","1785173","BLOCKED_INSIDE_FORBIDDEN_SOURCE_FOLDER","RED","Source path is inside a keyboard .SET-style folder. Metadata review only.","False","NO","False","OWNER_EXPERIMENTAL_CODEWRITER_METADATA_ONLY","PENDING_REVIEW","PENDING_REVIEW;KEEP_BLOCKED;DOCUMENT_ONLY;REQUEST_SEPARATE_APPROVAL_PHASE","OWNER_REVIEW_METADATA_ONLY","","False","False","DIRECT_METADATA_SCAN","C:\Users\ssare\Desktop\KORG_PA3X_RECOVERY_BACKUP_20260619-150450"
"V1711-R0192","192",".pcm","RAM30.PCM","sar.SET\PCM\RAM30.PCM","sar.SET","sar.SET\PCM","2270183","BLOCKED_INSIDE_FORBIDDEN_SOURCE_FOLDER","RED","Source path is inside a keyboard .SET-style folder. Metadata review only.","False","NO","False","OWNER_EXPERIMENTAL_CODEWRITER_METADATA_ONLY","PENDING_REVIEW","PENDING_REVIEW;KEEP_BLOCKED;DOCUMENT_ONLY;REQUEST_SEPARATE_APPROVAL_PHASE","OWNER_REVIEW_METADATA_ONLY","","False","False","DIRECT_METADATA_SCAN","C:\Users\ssare\Desktop\KORG_PA3X_RECOVERY_BACKUP_20260619-150450"
"V1711-R0193","193",".pcm","RAM31.PCM","sar.SET\PCM\RAM31.PCM","sar.SET","sar.SET\PCM","3137802","BLOCKED_INSIDE_FORBIDDEN_SOURCE_FOLDER","RED","Source path is inside a keyboard .SET-style folder. Metadata review only.","False","NO","False","OWNER_EXPERIMENTAL_CODEWRITER_METADATA_ONLY","PENDING_REVIEW","PENDING_REVIEW;KEEP_BLOCKED;DOCUMENT_ONLY;REQUEST_SEPARATE_APPROVAL_PHASE","OWNER_REVIEW_METADATA_ONLY","","False","False","DIRECT_METADATA_SCAN","C:\Users\ssare\Desktop\KORG_PA3X_RECOVERY_BACKUP_20260619-150450"
"V1711-R0194","194",".pcm","RAM32.PCM","sar.SET\PCM\RAM32.PCM","sar.SET","sar.SET\PCM","3074903","BLOCKED_INSIDE_FORBIDDEN_SOURCE_FOLDER","RED","Source path is inside a keyboard .SET-style folder. Metadata review only.","False","NO","False","OWNER_EXPERIMENTAL_CODEWRITER_METADATA_ONLY","PENDING_REVIEW","PENDING_REVIEW;KEEP_BLOCKED;DOCUMENT_ONLY;REQUEST_SEPARATE_APPROVAL_PHASE","OWNER_REVIEW_METADATA_ONLY","","False","False","DIRECT_METADATA_SCAN","C:\Users\ssare\Desktop\KORG_PA3X_RECOVERY_BACKUP_20260619-150450"
"V1711-R0195","195",".pcm","RAM33.PCM","sar.SET\PCM\RAM33.PCM","sar.SET","sar.SET\PCM","2897098","BLOCKED_INSIDE_FORBIDDEN_SOURCE_FOLDER","RED","Source path is inside a keyboard .SET-style folder. Metadata review only.","False","NO","False","OWNER_EXPERIMENTAL_CODEWRITER_METADATA_ONLY","PENDING_REVIEW","PENDING_REVIEW;KEEP_BLOCKED;DOCUMENT_ONLY;REQUEST_SEPARATE_APPROVAL_PHASE","OWNER_REVIEW_METADATA_ONLY","","False","False","DIRECT_METADATA_SCAN","C:\Users\ssare\Desktop\KORG_PA3X_RECOVERY_BACKUP_20260619-150450"
"V1711-R0196","196",".pcm","RAM34.PCM","sar.SET\PCM\RAM34.PCM","sar.SET","sar.SET\PCM","2405864","BLOCKED_INSIDE_FORBIDDEN_SOURCE_FOLDER","RED","Source path is inside a keyboard .SET-style folder. Metadata review only.","False","NO","False","OWNER_EXPERIMENTAL_CODEWRITER_METADATA_ONLY","PENDING_REVIEW","PENDING_REVIEW;KEEP_BLOCKED;DOCUMENT_ONLY;REQUEST_SEPARATE_APPROVAL_PHASE","OWNER_REVIEW_METADATA_ONLY","","False","False","DIRECT_METADATA_SCAN","C:\Users\ssare\Desktop\KORG_PA3X_RECOVERY_BACKUP_20260619-150450"
"V1711-R0197","197",".pcm","RAM35.PCM","sar.SET\PCM\RAM35.PCM","sar.SET","sar.SET\PCM","1940526","BLOCKED_INSIDE_FORBIDDEN_SOURCE_FOLDER","RED","Source path is inside a keyboard .SET-style folder. Metadata review only.","False","NO","False","OWNER_EXPERIMENTAL_CODEWRITER_METADATA_ONLY","PENDING_REVIEW","PENDING_REVIEW;KEEP_BLOCKED;DOCUMENT_ONLY;REQUEST_SEPARATE_APPROVAL_PHASE","OWNER_REVIEW_METADATA_ONLY","","False","False","DIRECT_METADATA_SCAN","C:\Users\ssare\Desktop\KORG_PA3X_RECOVERY_BACKUP_20260619-150450"
"V1711-R0198","198",".pcm","RAM36.PCM","sar.SET\PCM\RAM36.PCM","sar.SET","sar.SET\PCM","2273202","BLOCKED_INSIDE_FORBIDDEN_SOURCE_FOLDER","RED","Source path is inside a keyboard .SET-style folder. Metadata review only.","False","NO","False","OWNER_EXPERIMENTAL_CODEWRITER_METADATA_ONLY","PENDING_REVIEW","PENDING_REVIEW;KEEP_BLOCKED;DOCUMENT_ONLY;REQUEST_SEPARATE_APPROVAL_PHASE","OWNER_REVIEW_METADATA_ONLY","","False","False","DIRECT_METADATA_SCAN","C:\Users\ssare\Desktop\KORG_PA3X_RECOVERY_BACKUP_20260619-150450"
"V1711-R0199","199",".pcm","RAM37.PCM","sar.SET\PCM\RAM37.PCM","sar.SET","sar.SET\PCM","1823568","BLOCKED_INSIDE_FORBIDDEN_SOURCE_FOLDER","RED","Source path is inside a keyboard .SET-style folder. Metadata review only.","False","NO","False","OWNER_EXPERIMENTAL_CODEWRITER_METADATA_ONLY","PENDING_REVIEW","PENDING_REVIEW;KEEP_BLOCKED;DOCUMENT_ONLY;REQUEST_SEPARATE_APPROVAL_PHASE","OWNER_REVIEW_METADATA_ONLY","","False","False","DIRECT_METADATA_SCAN","C:\Users\ssare\Desktop\KORG_PA3X_RECOVERY_BACKUP_20260619-150450"
"V1711-R0200","200",".pcm","RAM38.PCM","sar.SET\PCM\RAM38.PCM","sar.SET","sar.SET\PCM","2826353","BLOCKED_INSIDE_FORBIDDEN_SOURCE_FOLDER","RED","Source path is inside a keyboard .SET-style folder. Metadata review only.","False","NO","False","OWNER_EXPERIMENTAL_CODEWRITER_METADATA_ONLY","PENDING_REVIEW","PENDING_REVIEW;KEEP_BLOCKED;DOCUMENT_ONLY;REQUEST_SEPARATE_APPROVAL_PHASE","OWNER_REVIEW_METADATA_ONLY","","False","False","DIRECT_METADATA_SCAN","C:\Users\ssare\Desktop\KORG_PA3X_RECOVERY_BACKUP_20260619-150450"
"V1711-R0201","201",".pcm","RAM39.PCM","sar.SET\PCM\RAM39.PCM","sar.SET","sar.SET\PCM","1708270","BLOCKED_INSIDE_FORBIDDEN_SOURCE_FOLDER","RED","Source path is inside a keyboard .SET-style folder. Metadata review only.","False","NO","False","OWNER_EXPERIMENTAL_CODEWRITER_METADATA_ONLY","PENDING_REVIEW","PENDING_REVIEW;KEEP_BLOCKED;DOCUMENT_ONLY;REQUEST_SEPARATE_APPROVAL_PHASE","OWNER_REVIEW_METADATA_ONLY","","False","False","DIRECT_METADATA_SCAN","C:\Users\ssare\Desktop\KORG_PA3X_RECOVERY_BACKUP_20260619-150450"
"V1711-R0202","202",".pcm","RAM40.PCM","sar.SET\PCM\RAM40.PCM","sar.SET","sar.SET\PCM","2202160","BLOCKED_INSIDE_FORBIDDEN_SOURCE_FOLDER","RED","Source path is inside a keyboard .SET-style folder. Metadata review only.","False","NO","False","OWNER_EXPERIMENTAL_CODEWRITER_METADATA_ONLY","PENDING_REVIEW","PENDING_REVIEW;KEEP_BLOCKED;DOCUMENT_ONLY;REQUEST_SEPARATE_APPROVAL_PHASE","OWNER_REVIEW_METADATA_ONLY","","False","False","DIRECT_METADATA_SCAN","C:\Users\ssare\Desktop\KORG_PA3X_RECOVERY_BACKUP_20260619-150450"
"V1711-R0203","203",".pcm","RAM41.PCM","sar.SET\PCM\RAM41.PCM","sar.SET","sar.SET\PCM","2326367","BLOCKED_INSIDE_FORBIDDEN_SOURCE_FOLDER","RED","Source path is inside a keyboard .SET-style folder. Metadata review only.","False","NO","False","OWNER_EXPERIMENTAL_CODEWRITER_METADATA_ONLY","PENDING_REVIEW","PENDING_REVIEW;KEEP_BLOCKED;DOCUMENT_ONLY;REQUEST_SEPARATE_APPROVAL_PHASE","OWNER_REVIEW_METADATA_ONLY","","False","False","DIRECT_METADATA_SCAN","C:\Users\ssare\Desktop\KORG_PA3X_RECOVERY_BACKUP_20260619-150450"
"V1711-R0204","204",".pcm","RAM42.PCM","sar.SET\PCM\RAM42.PCM","sar.SET","sar.SET\PCM","3891457","BLOCKED_INSIDE_FORBIDDEN_SOURCE_FOLDER","RED","Source path is inside a keyboard .SET-style folder. Metadata review only.","False","NO","False","OWNER_EXPERIMENTAL_CODEWRITER_METADATA_ONLY","PENDING_REVIEW","PENDING_REVIEW;KEEP_BLOCKED;DOCUMENT_ONLY;REQUEST_SEPARATE_APPROVAL_PHASE","OWNER_REVIEW_METADATA_ONLY","","False","False","DIRECT_METADATA_SCAN","C:\Users\ssare\Desktop\KORG_PA3X_RECOVERY_BACKUP_20260619-150450"
"V1711-R0205","205",".pcm","RAM43.PCM","sar.SET\PCM\RAM43.PCM","sar.SET","sar.SET\PCM","2400009","BLOCKED_INSIDE_FORBIDDEN_SOURCE_FOLDER","RED","Source path is inside a keyboard .SET-style folder. Metadata review only.","False","NO","False","OWNER_EXPERIMENTAL_CODEWRITER_METADATA_ONLY","PENDING_REVIEW","PENDING_REVIEW;KEEP_BLOCKED;DOCUMENT_ONLY;REQUEST_SEPARATE_APPROVAL_PHASE","OWNER_REVIEW_METADATA_ONLY","","False","False","DIRECT_METADATA_SCAN","C:\Users\ssare\Desktop\KORG_PA3X_RECOVERY_BACKUP_20260619-150450"
"V1711-R0206","206",".pcm","RAM44.PCM","sar.SET\PCM\RAM44.PCM","sar.SET","sar.SET\PCM","1897894","BLOCKED_INSIDE_FORBIDDEN_SOURCE_FOLDER","RED","Source path is inside a keyboard .SET-style folder. Metadata review only.","False","NO","False","OWNER_EXPERIMENTAL_CODEWRITER_METADATA_ONLY","PENDING_REVIEW","PENDING_REVIEW;KEEP_BLOCKED;DOCUMENT_ONLY;REQUEST_SEPARATE_APPROVAL_PHASE","OWNER_REVIEW_METADATA_ONLY","","False","False","DIRECT_METADATA_SCAN","C:\Users\ssare\Desktop\KORG_PA3X_RECOVERY_BACKUP_20260619-150450"
"V1711-R0207","207",".pcm","RAM45.PCM","sar.SET\PCM\RAM45.PCM","sar.SET","sar.SET\PCM","2798354","BLOCKED_INSIDE_FORBIDDEN_SOURCE_FOLDER","RED","Source path is inside a keyboard .SET-style folder. Metadata review only.","False","NO","False","OWNER_EXPERIMENTAL_CODEWRITER_METADATA_ONLY","PENDING_REVIEW","PENDING_REVIEW;KEEP_BLOCKED;DOCUMENT_ONLY;REQUEST_SEPARATE_APPROVAL_PHASE","OWNER_REVIEW_METADATA_ONLY","","False","False","DIRECT_METADATA_SCAN","C:\Users\ssare\Desktop\KORG_PA3X_RECOVERY_BACKUP_20260619-150450"
"V1711-R0208","208",".pcm","RAM46.PCM","sar.SET\PCM\RAM46.PCM","sar.SET","sar.SET\PCM","2014208","BLOCKED_INSIDE_FORBIDDEN_SOURCE_FOLDER","RED","Source path is inside a keyboard .SET-style folder. Metadata review only.","False","NO","False","OWNER_EXPERIMENTAL_CODEWRITER_METADATA_ONLY","PENDING_REVIEW","PENDING_REVIEW;KEEP_BLOCKED;DOCUMENT_ONLY;REQUEST_SEPARATE_APPROVAL_PHASE","OWNER_REVIEW_METADATA_ONLY","","False","False","DIRECT_METADATA_SCAN","C:\Users\ssare\Desktop\KORG_PA3X_RECOVERY_BACKUP_20260619-150450"
"V1711-R0209","209",".pcm","RAM47.PCM","sar.SET\PCM\RAM47.PCM","sar.SET","sar.SET\PCM","2376024","BLOCKED_INSIDE_FORBIDDEN_SOURCE_FOLDER","RED","Source path is inside a keyboard .SET-style folder. Metadata review only.","False","NO","False","OWNER_EXPERIMENTAL_CODEWRITER_METADATA_ONLY","PENDING_REVIEW","PENDING_REVIEW;KEEP_BLOCKED;DOCUMENT_ONLY;REQUEST_SEPARATE_APPROVAL_PHASE","OWNER_REVIEW_METADATA_ONLY","","False","False","DIRECT_METADATA_SCAN","C:\Users\ssare\Desktop\KORG_PA3X_RECOVERY_BACKUP_20260619-150450"
"V1711-R0210","210",".pcm","RAM48.PCM","sar.SET\PCM\RAM48.PCM","sar.SET","sar.SET\PCM","2499607","BLOCKED_INSIDE_FORBIDDEN_SOURCE_FOLDER","RED","Source path is inside a keyboard .SET-style folder. Metadata review only.","False","NO","False","OWNER_EXPERIMENTAL_CODEWRITER_METADATA_ONLY","PENDING_REVIEW","PENDING_REVIEW;KEEP_BLOCKED;DOCUMENT_ONLY;REQUEST_SEPARATE_APPROVAL_PHASE","OWNER_REVIEW_METADATA_ONLY","","False","False","DIRECT_METADATA_SCAN","C:\Users\ssare\Desktop\KORG_PA3X_RECOVERY_BACKUP_20260619-150450"
"V1711-R0211","211",".pcm","RAM49.PCM","sar.SET\PCM\RAM49.PCM","sar.SET","sar.SET\PCM","2222014","BLOCKED_INSIDE_FORBIDDEN_SOURCE_FOLDER","RED","Source path is inside a keyboard .SET-style folder. Metadata review only.","False","NO","False","OWNER_EXPERIMENTAL_CODEWRITER_METADATA_ONLY","PENDING_REVIEW","PENDING_REVIEW;KEEP_BLOCKED;DOCUMENT_ONLY;REQUEST_SEPARATE_APPROVAL_PHASE","OWNER_REVIEW_METADATA_ONLY","","False","False","DIRECT_METADATA_SCAN","C:\Users\ssare\Desktop\KORG_PA3X_RECOVERY_BACKUP_20260619-150450"
"V1711-R0212","212",".pcm","RAM50.PCM","sar.SET\PCM\RAM50.PCM","sar.SET","sar.SET\PCM","2718071","BLOCKED_INSIDE_FORBIDDEN_SOURCE_FOLDER","RED","Source path is inside a keyboard .SET-style folder. Metadata review only.","False","NO","False","OWNER_EXPERIMENTAL_CODEWRITER_METADATA_ONLY","PENDING_REVIEW","PENDING_REVIEW;KEEP_BLOCKED;DOCUMENT_ONLY;REQUEST_SEPARATE_APPROVAL_PHASE","OWNER_REVIEW_METADATA_ONLY","","False","False","DIRECT_METADATA_SCAN","C:\Users\ssare\Desktop\KORG_PA3X_RECOVERY_BACKUP_20260619-150450"
"V1711-R0213","213",".pcm","RAM51.PCM","sar.SET\PCM\RAM51.PCM","sar.SET","sar.SET\PCM","2661361","BLOCKED_INSIDE_FORBIDDEN_SOURCE_FOLDER","RED","Source path is inside a keyboard .SET-style folder. Metadata review only.","False","NO","False","OWNER_EXPERIMENTAL_CODEWRITER_METADATA_ONLY","PENDING_REVIEW","PENDING_REVIEW;KEEP_BLOCKED;DOCUMENT_ONLY;REQUEST_SEPARATE_APPROVAL_PHASE","OWNER_REVIEW_METADATA_ONLY","","False","False","DIRECT_METADATA_SCAN","C:\Users\ssare\Desktop\KORG_PA3X_RECOVERY_BACKUP_20260619-150450"
"V1711-R0214","214",".pcm","RAM52.PCM","sar.SET\PCM\RAM52.PCM","sar.SET","sar.SET\PCM","2520392","BLOCKED_INSIDE_FORBIDDEN_SOURCE_FOLDER","RED","Source path is inside a keyboard .SET-style folder. Metadata review only.","False","NO","False","OWNER_EXPERIMENTAL_CODEWRITER_METADATA_ONLY","PENDING_REVIEW","PENDING_REVIEW;KEEP_BLOCKED;DOCUMENT_ONLY;REQUEST_SEPARATE_APPROVAL_PHASE","OWNER_REVIEW_METADATA_ONLY","","False","False","DIRECT_METADATA_SCAN","C:\Users\ssare\Desktop\KORG_PA3X_RECOVERY_BACKUP_20260619-150450"
"V1711-R0215","215",".pcm","RAM53.PCM","sar.SET\PCM\RAM53.PCM","sar.SET","sar.SET\PCM","3180334","BLOCKED_INSIDE_FORBIDDEN_SOURCE_FOLDER","RED","Source path is inside a keyboard .SET-style folder. Metadata review only.","False","NO","False","OWNER_EXPERIMENTAL_CODEWRITER_METADATA_ONLY","PENDING_REVIEW","PENDING_REVIEW;KEEP_BLOCKED;DOCUMENT_ONLY;REQUEST_SEPARATE_APPROVAL_PHASE","OWNER_REVIEW_METADATA_ONLY","","False","False","DIRECT_METADATA_SCAN","C:\Users\ssare\Desktop\KORG_PA3X_RECOVERY_BACKUP_20260619-150450"
"V1711-R0216","216",".pcm","RAM54.PCM","sar.SET\PCM\RAM54.PCM","sar.SET","sar.SET\PCM","2146314","BLOCKED_INSIDE_FORBIDDEN_SOURCE_FOLDER","RED","Source path is inside a keyboard .SET-style folder. Metadata review only.","False","NO","False","OWNER_EXPERIMENTAL_CODEWRITER_METADATA_ONLY","PENDING_REVIEW","PENDING_REVIEW;KEEP_BLOCKED;DOCUMENT_ONLY;REQUEST_SEPARATE_APPROVAL_PHASE","OWNER_REVIEW_METADATA_ONLY","","False","False","DIRECT_METADATA_SCAN","C:\Users\ssare\Desktop\KORG_PA3X_RECOVERY_BACKUP_20260619-150450"
"V1711-R0217","217",".pcm","RAM55.PCM","sar.SET\PCM\RAM55.PCM","sar.SET","sar.SET\PCM","2243332","BLOCKED_INSIDE_FORBIDDEN_SOURCE_FOLDER","RED","Source path is inside a keyboard .SET-style folder. Metadata review only.","False","NO","False","OWNER_EXPERIMENTAL_CODEWRITER_METADATA_ONLY","PENDING_REVIEW","PENDING_REVIEW;KEEP_BLOCKED;DOCUMENT_ONLY;REQUEST_SEPARATE_APPROVAL_PHASE","OWNER_REVIEW_METADATA_ONLY","","False","False","DIRECT_METADATA_SCAN","C:\Users\ssare\Desktop\KORG_PA3X_RECOVERY_BACKUP_20260619-150450"
"V1711-R0218","218",".pcm","RAM56.PCM","sar.SET\PCM\RAM56.PCM","sar.SET","sar.SET\PCM","2131284","BLOCKED_INSIDE_FORBIDDEN_SOURCE_FOLDER","RED","Source path is inside a keyboard .SET-style folder. Metadata review only.","False","NO","False","OWNER_EXPERIMENTAL_CODEWRITER_METADATA_ONLY","PENDING_REVIEW","PENDING_REVIEW;KEEP_BLOCKED;DOCUMENT_ONLY;REQUEST_SEPARATE_APPROVAL_PHASE","OWNER_REVIEW_METADATA_ONLY","","False","False","DIRECT_METADATA_SCAN","C:\Users\ssare\Desktop\KORG_PA3X_RECOVERY_BACKUP_20260619-150450"
"V1711-R0219","219",".pcm","RAM57.PCM","sar.SET\PCM\RAM57.PCM","sar.SET","sar.SET\PCM","3810854","BLOCKED_INSIDE_FORBIDDEN_SOURCE_FOLDER","RED","Source path is inside a keyboard .SET-style folder. Metadata review only.","False","NO","False","OWNER_EXPERIMENTAL_CODEWRITER_METADATA_ONLY","PENDING_REVIEW","PENDING_REVIEW;KEEP_BLOCKED;DOCUMENT_ONLY;REQUEST_SEPARATE_APPROVAL_PHASE","OWNER_REVIEW_METADATA_ONLY","","False","False","DIRECT_METADATA_SCAN","C:\Users\ssare\Desktop\KORG_PA3X_RECOVERY_BACKUP_20260619-150450"
"V1711-R0220","220",".pcm","RAM58.PCM","sar.SET\PCM\RAM58.PCM","sar.SET","sar.SET\PCM","2158382","BLOCKED_INSIDE_FORBIDDEN_SOURCE_FOLDER","RED","Source path is inside a keyboard .SET-style folder. Metadata review only.","False","NO","False","OWNER_EXPERIMENTAL_CODEWRITER_METADATA_ONLY","PENDING_REVIEW","PENDING_REVIEW;KEEP_BLOCKED;DOCUMENT_ONLY;REQUEST_SEPARATE_APPROVAL_PHASE","OWNER_REVIEW_METADATA_ONLY","","False","False","DIRECT_METADATA_SCAN","C:\Users\ssare\Desktop\KORG_PA3X_RECOVERY_BACKUP_20260619-150450"
"V1711-R0221","221",".pcm","RAM59.PCM","sar.SET\PCM\RAM59.PCM","sar.SET","sar.SET\PCM","2029138","BLOCKED_INSIDE_FORBIDDEN_SOURCE_FOLDER","RED","Source path is inside a keyboard .SET-style folder. Metadata review only.","False","NO","False","OWNER_EXPERIMENTAL_CODEWRITER_METADATA_ONLY","PENDING_REVIEW","PENDING_REVIEW;KEEP_BLOCKED;DOCUMENT_ONLY;REQUEST_SEPARATE_APPROVAL_PHASE","OWNER_REVIEW_METADATA_ONLY","","False","False","DIRECT_METADATA_SCAN","C:\Users\ssare\Desktop\KORG_PA3X_RECOVERY_BACKUP_20260619-150450"
"V1711-R0222","222",".pcm","RAM60.PCM","sar.SET\PCM\RAM60.PCM","sar.SET","sar.SET\PCM","2967115","BLOCKED_INSIDE_FORBIDDEN_SOURCE_FOLDER","RED","Source path is inside a keyboard .SET-style folder. Metadata review only.","False","NO","False","OWNER_EXPERIMENTAL_CODEWRITER_METADATA_ONLY","PENDING_REVIEW","PENDING_REVIEW;KEEP_BLOCKED;DOCUMENT_ONLY;REQUEST_SEPARATE_APPROVAL_PHASE","OWNER_REVIEW_METADATA_ONLY","","False","False","DIRECT_METADATA_SCAN","C:\Users\ssare\Desktop\KORG_PA3X_RECOVERY_BACKUP_20260619-150450"
"V1711-R0223","223",".pcm","RAM61.PCM","sar.SET\PCM\RAM61.PCM","sar.SET","sar.SET\PCM","2104894","BLOCKED_INSIDE_FORBIDDEN_SOURCE_FOLDER","RED","Source path is inside a keyboard .SET-style folder. Metadata review only.","False","NO","False","OWNER_EXPERIMENTAL_CODEWRITER_METADATA_ONLY","PENDING_REVIEW","PENDING_REVIEW;KEEP_BLOCKED;DOCUMENT_ONLY;REQUEST_SEPARATE_APPROVAL_PHASE","OWNER_REVIEW_METADATA_ONLY","","False","False","DIRECT_METADATA_SCAN","C:\Users\ssare\Desktop\KORG_PA3X_RECOVERY_BACKUP_20260619-150450"
"V1711-R0224","224",".pcm","RAM62.PCM","sar.SET\PCM\RAM62.PCM","sar.SET","sar.SET\PCM","2926341","BLOCKED_INSIDE_FORBIDDEN_SOURCE_FOLDER","RED","Source path is inside a keyboard .SET-style folder. Metadata review only.","False","NO","False","OWNER_EXPERIMENTAL_CODEWRITER_METADATA_ONLY","PENDING_REVIEW","PENDING_REVIEW;KEEP_BLOCKED;DOCUMENT_ONLY;REQUEST_SEPARATE_APPROVAL_PHASE","OWNER_REVIEW_METADATA_ONLY","","False","False","DIRECT_METADATA_SCAN","C:\Users\ssare\Desktop\KORG_PA3X_RECOVERY_BACKUP_20260619-150450"
"V1711-R0225","225",".pcm","RAM63.PCM","sar.SET\PCM\RAM63.PCM","sar.SET","sar.SET\PCM","2164118","BLOCKED_INSIDE_FORBIDDEN_SOURCE_FOLDER","RED","Source path is inside a keyboard .SET-style folder. Metadata review only.","False","NO","False","OWNER_EXPERIMENTAL_CODEWRITER_METADATA_ONLY","PENDING_REVIEW","PENDING_REVIEW;KEEP_BLOCKED;DOCUMENT_ONLY;REQUEST_SEPARATE_APPROVAL_PHASE","OWNER_REVIEW_METADATA_ONLY","","False","False","DIRECT_METADATA_SCAN","C:\Users\ssare\Desktop\KORG_PA3X_RECOVERY_BACKUP_20260619-150450"
"V1711-R0226","226",".pcm","RAM64.PCM","sar.SET\PCM\RAM64.PCM","sar.SET","sar.SET\PCM","2000496","BLOCKED_INSIDE_FORBIDDEN_SOURCE_FOLDER","RED","Source path is inside a keyboard .SET-style folder. Metadata review only.","False","NO","False","OWNER_EXPERIMENTAL_CODEWRITER_METADATA_ONLY","PENDING_REVIEW","PENDING_REVIEW;KEEP_BLOCKED;DOCUMENT_ONLY;REQUEST_SEPARATE_APPROVAL_PHASE","OWNER_REVIEW_METADATA_ONLY","","False","False","DIRECT_METADATA_SCAN","C:\Users\ssare\Desktop\KORG_PA3X_RECOVERY_BACKUP_20260619-150450"
"V1711-R0227","227",".pcm","RAM65.PCM","sar.SET\PCM\RAM65.PCM","sar.SET","sar.SET\PCM","2099301","BLOCKED_INSIDE_FORBIDDEN_SOURCE_FOLDER","RED","Source path is inside a keyboard .SET-style folder. Metadata review only.","False","NO","False","OWNER_EXPERIMENTAL_CODEWRITER_METADATA_ONLY","PENDING_REVIEW","PENDING_REVIEW;KEEP_BLOCKED;DOCUMENT_ONLY;REQUEST_SEPARATE_APPROVAL_PHASE","OWNER_REVIEW_METADATA_ONLY","","False","False","DIRECT_METADATA_SCAN","C:\Users\ssare\Desktop\KORG_PA3X_RECOVERY_BACKUP_20260619-150450"
"V1711-R0228","228",".pcm","RAM66.PCM","sar.SET\PCM\RAM66.PCM","sar.SET","sar.SET\PCM","2401302","BLOCKED_INSIDE_FORBIDDEN_SOURCE_FOLDER","RED","Source path is inside a keyboard .SET-style folder. Metadata review only.","False","NO","False","OWNER_EXPERIMENTAL_CODEWRITER_METADATA_ONLY","PENDING_REVIEW","PENDING_REVIEW;KEEP_BLOCKED;DOCUMENT_ONLY;REQUEST_SEPARATE_APPROVAL_PHASE","OWNER_REVIEW_METADATA_ONLY","","False","False","DIRECT_METADATA_SCAN","C:\Users\ssare\Desktop\KORG_PA3X_RECOVERY_BACKUP_20260619-150450"
"V1711-R0229","229",".pcm","RAM67.PCM","sar.SET\PCM\RAM67.PCM","sar.SET","sar.SET\PCM","2156897","BLOCKED_INSIDE_FORBIDDEN_SOURCE_FOLDER","RED","Source path is inside a keyboard .SET-style folder. Metadata review only.","False","NO","False","OWNER_EXPERIMENTAL_CODEWRITER_METADATA_ONLY","PENDING_REVIEW","PENDING_REVIEW;KEEP_BLOCKED;DOCUMENT_ONLY;REQUEST_SEPARATE_APPROVAL_PHASE","OWNER_REVIEW_METADATA_ONLY","","False","False","DIRECT_METADATA_SCAN","C:\Users\ssare\Desktop\KORG_PA3X_RECOVERY_BACKUP_20260619-150450"
"V1711-R0230","230",".pcm","RAM68.PCM","sar.SET\PCM\RAM68.PCM","sar.SET","sar.SET\PCM","1782222","BLOCKED_INSIDE_FORBIDDEN_SOURCE_FOLDER","RED","Source path is inside a keyboard .SET-style folder. Metadata review only.","False","NO","False","OWNER_EXPERIMENTAL_CODEWRITER_METADATA_ONLY","PENDING_REVIEW","PENDING_REVIEW;KEEP_BLOCKED;DOCUMENT_ONLY;REQUEST_SEPARATE_APPROVAL_PHASE","OWNER_REVIEW_METADATA_ONLY","","False","False","DIRECT_METADATA_SCAN","C:\Users\ssare\Desktop\KORG_PA3X_RECOVERY_BACKUP_20260619-150450"
"V1711-R0231","231",".pcm","RAM69.PCM","sar.SET\PCM\RAM69.PCM","sar.SET","sar.SET\PCM","1864001","BLOCKED_INSIDE_FORBIDDEN_SOURCE_FOLDER","RED","Source path is inside a keyboard .SET-style folder. Metadata review only.","False","NO","False","OWNER_EXPERIMENTAL_CODEWRITER_METADATA_ONLY","PENDING_REVIEW","PENDING_REVIEW;KEEP_BLOCKED;DOCUMENT_ONLY;REQUEST_SEPARATE_APPROVAL_PHASE","OWNER_REVIEW_METADATA_ONLY","","False","False","DIRECT_METADATA_SCAN","C:\Users\ssare\Desktop\KORG_PA3X_RECOVERY_BACKUP_20260619-150450"
"V1711-R0232","232",".pcm","RAM70.PCM","sar.SET\PCM\RAM70.PCM","sar.SET","sar.SET\PCM","2403658","BLOCKED_INSIDE_FORBIDDEN_SOURCE_FOLDER","RED","Source path is inside a keyboard .SET-style folder. Metadata review only.","False","NO","False","OWNER_EXPERIMENTAL_CODEWRITER_METADATA_ONLY","PENDING_REVIEW","PENDING_REVIEW;KEEP_BLOCKED;DOCUMENT_ONLY;REQUEST_SEPARATE_APPROVAL_PHASE","OWNER_REVIEW_METADATA_ONLY","","False","False","DIRECT_METADATA_SCAN","C:\Users\ssare\Desktop\KORG_PA3X_RECOVERY_BACKUP_20260619-150450"
"V1711-R0233","233",".pcm","RAM71.PCM","sar.SET\PCM\RAM71.PCM","sar.SET","sar.SET\PCM","1988276","BLOCKED_INSIDE_FORBIDDEN_SOURCE_FOLDER","RED","Source path is inside a keyboard .SET-style folder. Metadata review only.","False","NO","False","OWNER_EXPERIMENTAL_CODEWRITER_METADATA_ONLY","PENDING_REVIEW","PENDING_REVIEW;KEEP_BLOCKED;DOCUMENT_ONLY;REQUEST_SEPARATE_APPROVAL_PHASE","OWNER_REVIEW_METADATA_ONLY","","False","False","DIRECT_METADATA_SCAN","C:\Users\ssare\Desktop\KORG_PA3X_RECOVERY_BACKUP_20260619-150450"
"V1711-R0234","234",".pcm","RAM72.PCM","sar.SET\PCM\RAM72.PCM","sar.SET","sar.SET\PCM","3120497","BLOCKED_INSIDE_FORBIDDEN_SOURCE_FOLDER","RED","Source path is inside a keyboard .SET-style folder. Metadata review only.","False","NO","False","OWNER_EXPERIMENTAL_CODEWRITER_METADATA_ONLY","PENDING_REVIEW","PENDING_REVIEW;KEEP_BLOCKED;DOCUMENT_ONLY;REQUEST_SEPARATE_APPROVAL_PHASE","OWNER_REVIEW_METADATA_ONLY","","False","False","DIRECT_METADATA_SCAN","C:\Users\ssare\Desktop\KORG_PA3X_RECOVERY_BACKUP_20260619-150450"
"V1711-R0235","235",".pcm","RAM73.PCM","sar.SET\PCM\RAM73.PCM","sar.SET","sar.SET\PCM","1656312","BLOCKED_INSIDE_FORBIDDEN_SOURCE_FOLDER","RED","Source path is inside a keyboard .SET-style folder. Metadata review only.","False","NO","False","OWNER_EXPERIMENTAL_CODEWRITER_METADATA_ONLY","PENDING_REVIEW","PENDING_REVIEW;KEEP_BLOCKED;DOCUMENT_ONLY;REQUEST_SEPARATE_APPROVAL_PHASE","OWNER_REVIEW_METADATA_ONLY","","False","False","DIRECT_METADATA_SCAN","C:\Users\ssare\Desktop\KORG_PA3X_RECOVERY_BACKUP_20260619-150450"
"V1711-R0236","236",".pcm","RAM74.PCM","sar.SET\PCM\RAM74.PCM","sar.SET","sar.SET\PCM","2290068","BLOCKED_INSIDE_FORBIDDEN_SOURCE_FOLDER","RED","Source path is inside a keyboard .SET-style folder. Metadata review only.","False","NO","False","OWNER_EXPERIMENTAL_CODEWRITER_METADATA_ONLY","PENDING_REVIEW","PENDING_REVIEW;KEEP_BLOCKED;DOCUMENT_ONLY;REQUEST_SEPARATE_APPROVAL_PHASE","OWNER_REVIEW_METADATA_ONLY","","False","False","DIRECT_METADATA_SCAN","C:\Users\ssare\Desktop\KORG_PA3X_RECOVERY_BACKUP_20260619-150450"
"V1711-R0237","237",".pcm","RAM75.PCM","sar.SET\PCM\RAM75.PCM","sar.SET","sar.SET\PCM","2364428","BLOCKED_INSIDE_FORBIDDEN_SOURCE_FOLDER","RED","Source path is inside a keyboard .SET-style folder. Metadata review only.","False","NO","False","OWNER_EXPERIMENTAL_CODEWRITER_METADATA_ONLY","PENDING_REVIEW","PENDING_REVIEW;KEEP_BLOCKED;DOCUMENT_ONLY;REQUEST_SEPARATE_APPROVAL_PHASE","OWNER_REVIEW_METADATA_ONLY","","False","False","DIRECT_METADATA_SCAN","C:\Users\ssare\Desktop\KORG_PA3X_RECOVERY_BACKUP_20260619-150450"
"V1711-R0238","238",".pcm","RAM76.PCM","sar.SET\PCM\RAM76.PCM","sar.SET","sar.SET\PCM","1882532","BLOCKED_INSIDE_FORBIDDEN_SOURCE_FOLDER","RED","Source path is inside a keyboard .SET-style folder. Metadata review only.","False","NO","False","OWNER_EXPERIMENTAL_CODEWRITER_METADATA_ONLY","PENDING_REVIEW","PENDING_REVIEW;KEEP_BLOCKED;DOCUMENT_ONLY;REQUEST_SEPARATE_APPROVAL_PHASE","OWNER_REVIEW_METADATA_ONLY","","False","False","DIRECT_METADATA_SCAN","C:\Users\ssare\Desktop\KORG_PA3X_RECOVERY_BACKUP_20260619-150450"
"V1711-R0239","239",".pcm","RAM77.PCM","sar.SET\PCM\RAM77.PCM","sar.SET","sar.SET\PCM","2258324","BLOCKED_INSIDE_FORBIDDEN_SOURCE_FOLDER","RED","Source path is inside a keyboard .SET-style folder. Metadata review only.","False","NO","False","OWNER_EXPERIMENTAL_CODEWRITER_METADATA_ONLY","PENDING_REVIEW","PENDING_REVIEW;KEEP_BLOCKED;DOCUMENT_ONLY;REQUEST_SEPARATE_APPROVAL_PHASE","OWNER_REVIEW_METADATA_ONLY","","False","False","DIRECT_METADATA_SCAN","C:\Users\ssare\Desktop\KORG_PA3X_RECOVERY_BACKUP_20260619-150450"
"V1711-R0240","240",".pcm","RAM78.PCM","sar.SET\PCM\RAM78.PCM","sar.SET","sar.SET\PCM","1643401","BLOCKED_INSIDE_FORBIDDEN_SOURCE_FOLDER","RED","Source path is inside a keyboard .SET-style folder. Metadata review only.","False","NO","False","OWNER_EXPERIMENTAL_CODEWRITER_METADATA_ONLY","PENDING_REVIEW","PENDING_REVIEW;KEEP_BLOCKED;DOCUMENT_ONLY;REQUEST_SEPARATE_APPROVAL_PHASE","OWNER_REVIEW_METADATA_ONLY","","False","False","DIRECT_METADATA_SCAN","C:\Users\ssare\Desktop\KORG_PA3X_RECOVERY_BACKUP_20260619-150450"
"V1711-R0241","241",".pcm","RAM79.PCM","sar.SET\PCM\RAM79.PCM","sar.SET","sar.SET\PCM","1953674","BLOCKED_INSIDE_FORBIDDEN_SOURCE_FOLDER","RED","Source path is inside a keyboard .SET-style folder. Metadata review only.","False","NO","False","OWNER_EXPERIMENTAL_CODEWRITER_METADATA_ONLY","PENDING_REVIEW","PENDING_REVIEW;KEEP_BLOCKED;DOCUMENT_ONLY;REQUEST_SEPARATE_APPROVAL_PHASE","OWNER_REVIEW_METADATA_ONLY","","False","False","DIRECT_METADATA_SCAN","C:\Users\ssare\Desktop\KORG_PA3X_RECOVERY_BACKUP_20260619-150450"
"V1711-R0242","242",".pcm","RAM80.PCM","sar.SET\PCM\RAM80.PCM","sar.SET","sar.SET\PCM","1821451","BLOCKED_INSIDE_FORBIDDEN_SOURCE_FOLDER","RED","Source path is inside a keyboard .SET-style folder. Metadata review only.","False","NO","False","OWNER_EXPERIMENTAL_CODEWRITER_METADATA_ONLY","PENDING_REVIEW","PENDING_REVIEW;KEEP_BLOCKED;DOCUMENT_ONLY;REQUEST_SEPARATE_APPROVAL_PHASE","OWNER_REVIEW_METADATA_ONLY","","False","False","DIRECT_METADATA_SCAN","C:\Users\ssare\Desktop\KORG_PA3X_RECOVERY_BACKUP_20260619-150450"
"V1711-R0243","243",".pcm","RAM81.PCM","sar.SET\PCM\RAM81.PCM","sar.SET","sar.SET\PCM","2898977","BLOCKED_INSIDE_FORBIDDEN_SOURCE_FOLDER","RED","Source path is inside a keyboard .SET-style folder. Metadata review only.","False","NO","False","OWNER_EXPERIMENTAL_CODEWRITER_METADATA_ONLY","PENDING_REVIEW","PENDING_REVIEW;KEEP_BLOCKED;DOCUMENT_ONLY;REQUEST_SEPARATE_APPROVAL_PHASE","OWNER_REVIEW_METADATA_ONLY","","False","False","DIRECT_METADATA_SCAN","C:\Users\ssare\Desktop\KORG_PA3X_RECOVERY_BACKUP_20260619-150450"
"V1711-R0244","244",".pcm","RAM82.PCM","sar.SET\PCM\RAM82.PCM","sar.SET","sar.SET\PCM","1649618","BLOCKED_INSIDE_FORBIDDEN_SOURCE_FOLDER","RED","Source path is inside a keyboard .SET-style folder. Metadata review only.","False","NO","False","OWNER_EXPERIMENTAL_CODEWRITER_METADATA_ONLY","PENDING_REVIEW","PENDING_REVIEW;KEEP_BLOCKED;DOCUMENT_ONLY;REQUEST_SEPARATE_APPROVAL_PHASE","OWNER_REVIEW_METADATA_ONLY","","False","False","DIRECT_METADATA_SCAN","C:\Users\ssare\Desktop\KORG_PA3X_RECOVERY_BACKUP_20260619-150450"
"V1711-R0245","245",".pcm","RAM83.PCM","sar.SET\PCM\RAM83.PCM","sar.SET","sar.SET\PCM","2059079","BLOCKED_INSIDE_FORBIDDEN_SOURCE_FOLDER","RED","Source path is inside a keyboard .SET-style folder. Metadata review only.","False","NO","False","OWNER_EXPERIMENTAL_CODEWRITER_METADATA_ONLY","PENDING_REVIEW","PENDING_REVIEW;KEEP_BLOCKED;DOCUMENT_ONLY;REQUEST_SEPARATE_APPROVAL_PHASE","OWNER_REVIEW_METADATA_ONLY","","False","False","DIRECT_METADATA_SCAN","C:\Users\ssare\Desktop\KORG_PA3X_RECOVERY_BACKUP_20260619-150450"
"V1711-R0246","246",".pcm","RAM84.PCM","sar.SET\PCM\RAM84.PCM","sar.SET","sar.SET\PCM","2140754","BLOCKED_INSIDE_FORBIDDEN_SOURCE_FOLDER","RED","Source path is inside a keyboard .SET-style folder. Metadata review only.","False","NO","False","OWNER_EXPERIMENTAL_CODEWRITER_METADATA_ONLY","PENDING_REVIEW","PENDING_REVIEW;KEEP_BLOCKED;DOCUMENT_ONLY;REQUEST_SEPARATE_APPROVAL_PHASE","OWNER_REVIEW_METADATA_ONLY","","False","False","DIRECT_METADATA_SCAN","C:\Users\ssare\Desktop\KORG_PA3X_RECOVERY_BACKUP_20260619-150450"
"V1711-R0247","247",".pcm","RAM85.PCM","sar.SET\PCM\RAM85.PCM","sar.SET","sar.SET\PCM","2075814","BLOCKED_INSIDE_FORBIDDEN_SOURCE_FOLDER","RED","Source path is inside a keyboard .SET-style folder. Metadata review only.","False","NO","False","OWNER_EXPERIMENTAL_CODEWRITER_METADATA_ONLY","PENDING_REVIEW","PENDING_REVIEW;KEEP_BLOCKED;DOCUMENT_ONLY;REQUEST_SEPARATE_APPROVAL_PHASE","OWNER_REVIEW_METADATA_ONLY","","False","False","DIRECT_METADATA_SCAN","C:\Users\ssare\Desktop\KORG_PA3X_RECOVERY_BACKUP_20260619-150450"
"V1711-R0248","248",".pcm","RAM86.PCM","sar.SET\PCM\RAM86.PCM","sar.SET","sar.SET\PCM","2596803","BLOCKED_INSIDE_FORBIDDEN_SOURCE_FOLDER","RED","Source path is inside a keyboard .SET-style folder. Metadata review only.","False","NO","False","OWNER_EXPERIMENTAL_CODEWRITER_METADATA_ONLY","PENDING_REVIEW","PENDING_REVIEW;KEEP_BLOCKED;DOCUMENT_ONLY;REQUEST_SEPARATE_APPROVAL_PHASE","OWNER_REVIEW_METADATA_ONLY","","False","False","DIRECT_METADATA_SCAN","C:\Users\ssare\Desktop\KORG_PA3X_RECOVERY_BACKUP_20260619-150450"
"V1711-R0249","249",".pcm","RAM87.PCM","sar.SET\PCM\RAM87.PCM","sar.SET","sar.SET\PCM","3024325","BLOCKED_INSIDE_FORBIDDEN_SOURCE_FOLDER","RED","Source path is inside a keyboard .SET-style folder. Metadata review only.","False","NO","False","OWNER_EXPERIMENTAL_CODEWRITER_METADATA_ONLY","PENDING_REVIEW","PENDING_REVIEW;KEEP_BLOCKED;DOCUMENT_ONLY;REQUEST_SEPARATE_APPROVAL_PHASE","OWNER_REVIEW_METADATA_ONLY","","False","False","DIRECT_METADATA_SCAN","C:\Users\ssare\Desktop\KORG_PA3X_RECOVERY_BACKUP_20260619-150450"
"V1711-R0250","250",".pcm","RAM88.PCM","sar.SET\PCM\RAM88.PCM","sar.SET","sar.SET\PCM","1829250","BLOCKED_INSIDE_FORBIDDEN_SOURCE_FOLDER","RED","Source path is inside a keyboard .SET-style folder. Metadata review only.","False","NO","False","OWNER_EXPERIMENTAL_CODEWRITER_METADATA_ONLY","PENDING_REVIEW","PENDING_REVIEW;KEEP_BLOCKED;DOCUMENT_ONLY;REQUEST_SEPARATE_APPROVAL_PHASE","OWNER_REVIEW_METADATA_ONLY","","False","False","DIRECT_METADATA_SCAN","C:\Users\ssare\Desktop\KORG_PA3X_RECOVERY_BACKUP_20260619-150450"
"V1711-R0251","251",".pcm","RAM89.PCM","sar.SET\PCM\RAM89.PCM","sar.SET","sar.SET\PCM","1956771","BLOCKED_INSIDE_FORBIDDEN_SOURCE_FOLDER","RED","Source path is inside a keyboard .SET-style folder. Metadata review only.","False","NO","False","OWNER_EXPERIMENTAL_CODEWRITER_METADATA_ONLY","PENDING_REVIEW","PENDING_REVIEW;KEEP_BLOCKED;DOCUMENT_ONLY;REQUEST_SEPARATE_APPROVAL_PHASE","OWNER_REVIEW_METADATA_ONLY","","False","False","DIRECT_METADATA_SCAN","C:\Users\ssare\Desktop\KORG_PA3X_RECOVERY_BACKUP_20260619-150450"
"V1711-R0252","252",".pcm","RAM90.PCM","sar.SET\PCM\RAM90.PCM","sar.SET","sar.SET\PCM","3058875","BLOCKED_INSIDE_FORBIDDEN_SOURCE_FOLDER","RED","Source path is inside a keyboard .SET-style folder. Metadata review only.","False","NO","False","OWNER_EXPERIMENTAL_CODEWRITER_METADATA_ONLY","PENDING_REVIEW","PENDING_REVIEW;KEEP_BLOCKED;DOCUMENT_ONLY;REQUEST_SEPARATE_APPROVAL_PHASE","OWNER_REVIEW_METADATA_ONLY","","False","False","DIRECT_METADATA_SCAN","C:\Users\ssare\Desktop\KORG_PA3X_RECOVERY_BACKUP_20260619-150450"
"V1711-R0253","253",".pcm","RAM91.PCM","sar.SET\PCM\RAM91.PCM","sar.SET","sar.SET\PCM","2328815","BLOCKED_INSIDE_FORBIDDEN_SOURCE_FOLDER","RED","Source path is inside a keyboard .SET-style folder. Metadata review only.","False","NO","False","OWNER_EXPERIMENTAL_CODEWRITER_METADATA_ONLY","PENDING_REVIEW","PENDING_REVIEW;KEEP_BLOCKED;DOCUMENT_ONLY;REQUEST_SEPARATE_APPROVAL_PHASE","OWNER_REVIEW_METADATA_ONLY","","False","False","DIRECT_METADATA_SCAN","C:\Users\ssare\Desktop\KORG_PA3X_RECOVERY_BACKUP_20260619-150450"
"V1711-R0254","254",".pcm","RAM92.PCM","sar.SET\PCM\RAM92.PCM","sar.SET","sar.SET\PCM","2197581","BLOCKED_INSIDE_FORBIDDEN_SOURCE_FOLDER","RED","Source path is inside a keyboard .SET-style folder. Metadata review only.","False","NO","False","OWNER_EXPERIMENTAL_CODEWRITER_METADATA_ONLY","PENDING_REVIEW","PENDING_REVIEW;KEEP_BLOCKED;DOCUMENT_ONLY;REQUEST_SEPARATE_APPROVAL_PHASE","OWNER_REVIEW_METADATA_ONLY","","False","False","DIRECT_METADATA_SCAN","C:\Users\ssare\Desktop\KORG_PA3X_RECOVERY_BACKUP_20260619-150450"
"V1711-R0255","255",".pcm","RAM93.PCM","sar.SET\PCM\RAM93.PCM","sar.SET","sar.SET\PCM","2100209","BLOCKED_INSIDE_FORBIDDEN_SOURCE_FOLDER","RED","Source path is inside a keyboard .SET-style folder. Metadata review only.","False","NO","False","OWNER_EXPERIMENTAL_CODEWRITER_METADATA_ONLY","PENDING_REVIEW","PENDING_REVIEW;KEEP_BLOCKED;DOCUMENT_ONLY;REQUEST_SEPARATE_APPROVAL_PHASE","OWNER_REVIEW_METADATA_ONLY","","False","False","DIRECT_METADATA_SCAN","C:\Users\ssare\Desktop\KORG_PA3X_RECOVERY_BACKUP_20260619-150450"
"V1711-R0256","256",".pcm","RAM94.PCM","sar.SET\PCM\RAM94.PCM","sar.SET","sar.SET\PCM","2631154","BLOCKED_INSIDE_FORBIDDEN_SOURCE_FOLDER","RED","Source path is inside a keyboard .SET-style folder. Metadata review only.","False","NO","False","OWNER_EXPERIMENTAL_CODEWRITER_METADATA_ONLY","PENDING_REVIEW","PENDING_REVIEW;KEEP_BLOCKED;DOCUMENT_ONLY;REQUEST_SEPARATE_APPROVAL_PHASE","OWNER_REVIEW_METADATA_ONLY","","False","False","DIRECT_METADATA_SCAN","C:\Users\ssare\Desktop\KORG_PA3X_RECOVERY_BACKUP_20260619-150450"
"V1711-R0257","257",".pcm","RAM95.PCM","sar.SET\PCM\RAM95.PCM","sar.SET","sar.SET\PCM","4251732","BLOCKED_INSIDE_FORBIDDEN_SOURCE_FOLDER","RED","Source path is inside a keyboard .SET-style folder. Metadata review only.","False","NO","False","OWNER_EXPERIMENTAL_CODEWRITER_METADATA_ONLY","PENDING_REVIEW","PENDING_REVIEW;KEEP_BLOCKED;DOCUMENT_ONLY;REQUEST_SEPARATE_APPROVAL_PHASE","OWNER_REVIEW_METADATA_ONLY","","False","False","DIRECT_METADATA_SCAN","C:\Users\ssare\Desktop\KORG_PA3X_RECOVERY_BACKUP_20260619-150450"
"V1711-R0258","258",".pcm","RAM96.PCM","sar.SET\PCM\RAM96.PCM","sar.SET","sar.SET\PCM","3700130","BLOCKED_INSIDE_FORBIDDEN_SOURCE_FOLDER","RED","Source path is inside a keyboard .SET-style folder. Metadata review only.","False","NO","False","OWNER_EXPERIMENTAL_CODEWRITER_METADATA_ONLY","PENDING_REVIEW","PENDING_REVIEW;KEEP_BLOCKED;DOCUMENT_ONLY;REQUEST_SEPARATE_APPROVAL_PHASE","OWNER_REVIEW_METADATA_ONLY","","False","False","DIRECT_METADATA_SCAN","C:\Users\ssare\Desktop\KORG_PA3X_RECOVERY_BACKUP_20260619-150450"
"V1711-R0259","259",".pcm","RAM97.PCM","sar.SET\PCM\RAM97.PCM","sar.SET","sar.SET\PCM","3866196","BLOCKED_INSIDE_FORBIDDEN_SOURCE_FOLDER","RED","Source path is inside a keyboard .SET-style folder. Metadata review only.","False","NO","False","OWNER_EXPERIMENTAL_CODEWRITER_METADATA_ONLY","PENDING_REVIEW","PENDING_REVIEW;KEEP_BLOCKED;DOCUMENT_ONLY;REQUEST_SEPARATE_APPROVAL_PHASE","OWNER_REVIEW_METADATA_ONLY","","False","False","DIRECT_METADATA_SCAN","C:\Users\ssare\Desktop\KORG_PA3X_RECOVERY_BACKUP_20260619-150450"
"V1711-R0260","260",".pcm","RAM98.PCM","sar.SET\PCM\RAM98.PCM","sar.SET","sar.SET\PCM","2860792","BLOCKED_INSIDE_FORBIDDEN_SOURCE_FOLDER","RED","Source path is inside a keyboard .SET-style folder. Metadata review only.","False","NO","False","OWNER_EXPERIMENTAL_CODEWRITER_METADATA_ONLY","PENDING_REVIEW","PENDING_REVIEW;KEEP_BLOCKED;DOCUMENT_ONLY;REQUEST_SEPARATE_APPROVAL_PHASE","OWNER_REVIEW_METADATA_ONLY","","False","False","DIRECT_METADATA_SCAN","C:\Users\ssare\Desktop\KORG_PA3X_RECOVERY_BACKUP_20260619-150450"
"V1711-R0261","261",".pcm","RAM99.PCM","sar.SET\PCM\RAM99.PCM","sar.SET","sar.SET\PCM","2008717","BLOCKED_INSIDE_FORBIDDEN_SOURCE_FOLDER","RED","Source path is inside a keyboard .SET-style folder. Metadata review only.","False","NO","False","OWNER_EXPERIMENTAL_CODEWRITER_METADATA_ONLY","PENDING_REVIEW","PENDING_REVIEW;KEEP_BLOCKED;DOCUMENT_ONLY;REQUEST_SEPARATE_APPROVAL_PHASE","OWNER_REVIEW_METADATA_ONLY","","False","False","DIRECT_METADATA_SCAN","C:\Users\ssare\Desktop\KORG_PA3X_RECOVERY_BACKUP_20260619-150450"
"V1711-R0262","262",".prf","BANK01.PRF","sar.SET\PERFORM\BANK01.PRF","sar.SET","sar.SET\PERFORM","26387","BLOCKED_INSIDE_FORBIDDEN_SOURCE_FOLDER","RED","Source path is inside a keyboard .SET-style folder. Metadata review only.","False","NO","False","OWNER_EXPERIMENTAL_CODEWRITER_METADATA_ONLY","PENDING_REVIEW","PENDING_REVIEW;KEEP_BLOCKED;DOCUMENT_ONLY;REQUEST_SEPARATE_APPROVAL_PHASE","OWNER_REVIEW_METADATA_ONLY","","False","False","DIRECT_METADATA_SCAN","C:\Users\ssare\Desktop\KORG_PA3X_RECOVERY_BACKUP_20260619-150450"
"V1711-R0263","263",".prf","BANK02.PRF","sar.SET\PERFORM\BANK02.PRF","sar.SET","sar.SET\PERFORM","22420","BLOCKED_INSIDE_FORBIDDEN_SOURCE_FOLDER","RED","Source path is inside a keyboard .SET-style folder. Metadata review only.","False","NO","False","OWNER_EXPERIMENTAL_CODEWRITER_METADATA_ONLY","PENDING_REVIEW","PENDING_REVIEW;KEEP_BLOCKED;DOCUMENT_ONLY;REQUEST_SEPARATE_APPROVAL_PHASE","OWNER_REVIEW_METADATA_ONLY","","False","False","DIRECT_METADATA_SCAN","C:\Users\ssare\Desktop\KORG_PA3X_RECOVERY_BACKUP_20260619-150450"
"V1711-R0264","264",".prf","BANK03.PRF","sar.SET\PERFORM\BANK03.PRF","sar.SET","sar.SET\PERFORM","24679","BLOCKED_INSIDE_FORBIDDEN_SOURCE_FOLDER","RED","Source path is inside a keyboard .SET-style folder. Metadata review only.","False","NO","False","OWNER_EXPERIMENTAL_CODEWRITER_METADATA_ONLY","PENDING_REVIEW","PENDING_REVIEW;KEEP_BLOCKED;DOCUMENT_ONLY;REQUEST_SEPARATE_APPROVAL_PHASE","OWNER_REVIEW_METADATA_ONLY","","False","False","DIRECT_METADATA_SCAN","C:\Users\ssare\Desktop\KORG_PA3X_RECOVERY_BACKUP_20260619-150450"
"V1711-R0265","265",".prf","BANK04.PRF","sar.SET\PERFORM\BANK04.PRF","sar.SET","sar.SET\PERFORM","24427","BLOCKED_INSIDE_FORBIDDEN_SOURCE_FOLDER","RED","Source path is inside a keyboard .SET-style folder. Metadata review only.","False","NO","False","OWNER_EXPERIMENTAL_CODEWRITER_METADATA_ONLY","PENDING_REVIEW","PENDING_REVIEW;KEEP_BLOCKED;DOCUMENT_ONLY;REQUEST_SEPARATE_APPROVAL_PHASE","OWNER_REVIEW_METADATA_ONLY","","False","False","DIRECT_METADATA_SCAN","C:\Users\ssare\Desktop\KORG_PA3X_RECOVERY_BACKUP_20260619-150450"
"V1711-R0266","266",".prf","BANK05.PRF","sar.SET\PERFORM\BANK05.PRF","sar.SET","sar.SET\PERFORM","22723","BLOCKED_INSIDE_FORBIDDEN_SOURCE_FOLDER","RED","Source path is inside a keyboard .SET-style folder. Metadata review only.","False","NO","False","OWNER_EXPERIMENTAL_CODEWRITER_METADATA_ONLY","PENDING_REVIEW","PENDING_REVIEW;KEEP_BLOCKED;DOCUMENT_ONLY;REQUEST_SEPARATE_APPROVAL_PHASE","OWNER_REVIEW_METADATA_ONLY","","False","False","DIRECT_METADATA_SCAN","C:\Users\ssare\Desktop\KORG_PA3X_RECOVERY_BACKUP_20260619-150450"
"V1711-R0267","267",".prf","BANK06.PRF","sar.SET\PERFORM\BANK06.PRF","sar.SET","sar.SET\PERFORM","22328","BLOCKED_INSIDE_FORBIDDEN_SOURCE_FOLDER","RED","Source path is inside a keyboard .SET-style folder. Metadata review only.","False","NO","False","OWNER_EXPERIMENTAL_CODEWRITER_METADATA_ONLY","PENDING_REVIEW","PENDING_REVIEW;KEEP_BLOCKED;DOCUMENT_ONLY;REQUEST_SEPARATE_APPROVAL_PHASE","OWNER_REVIEW_METADATA_ONLY","","False","False","DIRECT_METADATA_SCAN","C:\Users\ssare\Desktop\KORG_PA3X_RECOVERY_BACKUP_20260619-150450"
"V1711-R0268","268",".prf","BANK07.PRF","sar.SET\PERFORM\BANK07.PRF","sar.SET","sar.SET\PERFORM","21596","BLOCKED_INSIDE_FORBIDDEN_SOURCE_FOLDER","RED","Source path is inside a keyboard .SET-style folder. Metadata review only.","False","NO","False","OWNER_EXPERIMENTAL_CODEWRITER_METADATA_ONLY","PENDING_REVIEW","PENDING_REVIEW;KEEP_BLOCKED;DOCUMENT_ONLY;REQUEST_SEPARATE_APPROVAL_PHASE","OWNER_REVIEW_METADATA_ONLY","","False","False","DIRECT_METADATA_SCAN","C:\Users\ssare\Desktop\KORG_PA3X_RECOVERY_BACKUP_20260619-150450"
"V1711-R0269","269",".prf","BANK08.PRF","sar.SET\PERFORM\BANK08.PRF","sar.SET","sar.SET\PERFORM","22182","BLOCKED_INSIDE_FORBIDDEN_SOURCE_FOLDER","RED","Source path is inside a keyboard .SET-style folder. Metadata review only.","False","NO","False","OWNER_EXPERIMENTAL_CODEWRITER_METADATA_ONLY","PENDING_REVIEW","PENDING_REVIEW;KEEP_BLOCKED;DOCUMENT_ONLY;REQUEST_SEPARATE_APPROVAL_PHASE","OWNER_REVIEW_METADATA_ONLY","","False","False","DIRECT_METADATA_SCAN","C:\Users\ssare\Desktop\KORG_PA3X_RECOVERY_BACKUP_20260619-150450"
"V1711-R0270","270",".prf","BANK09.PRF","sar.SET\PERFORM\BANK09.PRF","sar.SET","sar.SET\PERFORM","31835","BLOCKED_INSIDE_FORBIDDEN_SOURCE_FOLDER","RED","Source path is inside a keyboard .SET-style folder. Metadata review only.","False","NO","False","OWNER_EXPERIMENTAL_CODEWRITER_METADATA_ONLY","PENDING_REVIEW","PENDING_REVIEW;KEEP_BLOCKED;DOCUMENT_ONLY;REQUEST_SEPARATE_APPROVAL_PHASE","OWNER_REVIEW_METADATA_ONLY","","False","False","DIRECT_METADATA_SCAN","C:\Users\ssare\Desktop\KORG_PA3X_RECOVERY_BACKUP_20260619-150450"
"V1711-R0271","271",".prf","BANK10.PRF","sar.SET\PERFORM\BANK10.PRF","sar.SET","sar.SET\PERFORM","31370","BLOCKED_INSIDE_FORBIDDEN_SOURCE_FOLDER","RED","Source path is inside a keyboard .SET-style folder. Metadata review only.","False","NO","False","OWNER_EXPERIMENTAL_CODEWRITER_METADATA_ONLY","PENDING_REVIEW","PENDING_REVIEW;KEEP_BLOCKED;DOCUMENT_ONLY;REQUEST_SEPARATE_APPROVAL_PHASE","OWNER_REVIEW_METADATA_ONLY","","False","False","DIRECT_METADATA_SCAN","C:\Users\ssare\Desktop\KORG_PA3X_RECOVERY_BACKUP_20260619-150450"
"V1711-R0272","272",".prf","BANK11.PRF","sar.SET\PERFORM\BANK11.PRF","sar.SET","sar.SET\PERFORM","28564","BLOCKED_INSIDE_FORBIDDEN_SOURCE_FOLDER","RED","Source path is inside a keyboard .SET-style folder. Metadata review only.","False","NO","False","OWNER_EXPERIMENTAL_CODEWRITER_METADATA_ONLY","PENDING_REVIEW","PENDING_REVIEW;KEEP_BLOCKED;DOCUMENT_ONLY;REQUEST_SEPARATE_APPROVAL_PHASE","OWNER_REVIEW_METADATA_ONLY","","False","False","DIRECT_METADATA_SCAN","C:\Users\ssare\Desktop\KORG_PA3X_RECOVERY_BACKUP_20260619-150450"
"V1711-R0273","273",".prf","BANK12.PRF","sar.SET\PERFORM\BANK12.PRF","sar.SET","sar.SET\PERFORM","25703","BLOCKED_INSIDE_FORBIDDEN_SOURCE_FOLDER","RED","Source path is inside a keyboard .SET-style folder. Metadata review only.","False","NO","False","OWNER_EXPERIMENTAL_CODEWRITER_METADATA_ONLY","PENDING_REVIEW","PENDING_REVIEW;KEEP_BLOCKED;DOCUMENT_ONLY;REQUEST_SEPARATE_APPROVAL_PHASE","OWNER_REVIEW_METADATA_ONLY","","False","False","DIRECT_METADATA_SCAN","C:\Users\ssare\Desktop\KORG_PA3X_RECOVERY_BACKUP_20260619-150450"
"V1711-R0274","274",".prf","BANK13.PRF","sar.SET\PERFORM\BANK13.PRF","sar.SET","sar.SET\PERFORM","31453","BLOCKED_INSIDE_FORBIDDEN_SOURCE_FOLDER","RED","Source path is inside a keyboard .SET-style folder. Metadata review only.","False","NO","False","OWNER_EXPERIMENTAL_CODEWRITER_METADATA_ONLY","PENDING_REVIEW","PENDING_REVIEW;KEEP_BLOCKED;DOCUMENT_ONLY;REQUEST_SEPARATE_APPROVAL_PHASE","OWNER_REVIEW_METADATA_ONLY","","False","False","DIRECT_METADATA_SCAN","C:\Users\ssare\Desktop\KORG_PA3X_RECOVERY_BACKUP_20260619-150450"
"V1711-R0275","275",".prf","BANK14.PRF","sar.SET\PERFORM\BANK14.PRF","sar.SET","sar.SET\PERFORM","22598","BLOCKED_INSIDE_FORBIDDEN_SOURCE_FOLDER","RED","Source path is inside a keyboard .SET-style folder. Metadata review only.","False","NO","False","OWNER_EXPERIMENTAL_CODEWRITER_METADATA_ONLY","PENDING_REVIEW","PENDING_REVIEW;KEEP_BLOCKED;DOCUMENT_ONLY;REQUEST_SEPARATE_APPROVAL_PHASE","OWNER_REVIEW_METADATA_ONLY","","False","False","DIRECT_METADATA_SCAN","C:\Users\ssare\Desktop\KORG_PA3X_RECOVERY_BACKUP_20260619-150450"
"V1711-R0276","276",".prf","BANK15.PRF","sar.SET\PERFORM\BANK15.PRF","sar.SET","sar.SET\PERFORM","30112","BLOCKED_INSIDE_FORBIDDEN_SOURCE_FOLDER","RED","Source path is inside a keyboard .SET-style folder. Metadata review only.","False","NO","False","OWNER_EXPERIMENTAL_CODEWRITER_METADATA_ONLY","PENDING_REVIEW","PENDING_REVIEW;KEEP_BLOCKED;DOCUMENT_ONLY;REQUEST_SEPARATE_APPROVAL_PHASE","OWNER_REVIEW_METADATA_ONLY","","False","False","DIRECT_METADATA_SCAN","C:\Users\ssare\Desktop\KORG_PA3X_RECOVERY_BACKUP_20260619-150450"
"V1711-R0277","277",".prf","BANK16.PRF","sar.SET\PERFORM\BANK16.PRF","sar.SET","sar.SET\PERFORM","21718","BLOCKED_INSIDE_FORBIDDEN_SOURCE_FOLDER","RED","Source path is inside a keyboard .SET-style folder. Metadata review only.","False","NO","False","OWNER_EXPERIMENTAL_CODEWRITER_METADATA_ONLY","PENDING_REVIEW","PENDING_REVIEW;KEEP_BLOCKED;DOCUMENT_ONLY;REQUEST_SEPARATE_APPROVAL_PHASE","OWNER_REVIEW_METADATA_ONLY","","False","False","DIRECT_METADATA_SCAN","C:\Users\ssare\Desktop\KORG_PA3X_RECOVERY_BACKUP_20260619-150450"
"V1711-R0278","278",".sbl","LISTDB.SBL","sar.SET\SONGBOOK\LISTDB.SBL","sar.SET","sar.SET\SONGBOOK","2915","BLOCKED_INSIDE_FORBIDDEN_SOURCE_FOLDER","RED","Source path is inside a keyboard .SET-style folder. Metadata review only.","False","NO","False","OWNER_EXPERIMENTAL_CODEWRITER_METADATA_ONLY","PENDING_REVIEW","PENDING_REVIEW;KEEP_BLOCKED;DOCUMENT_ONLY;REQUEST_SEPARATE_APPROVAL_PHASE","OWNER_REVIEW_METADATA_ONLY","","False","False","DIRECT_METADATA_SCAN","C:\Users\ssare\Desktop\KORG_PA3X_RECOVERY_BACKUP_20260619-150450"
"V1711-R0279","279",".sbd","BANK01.SBD","sar.SET\SONGBOOK\SONGDB.SBD\BANK01.SBD","sar.SET","sar.SET\SONGBOOK\SONGDB.SBD","46514","BLOCKED_INSIDE_FORBIDDEN_SOURCE_FOLDER","RED","Source path is inside a keyboard .SET-style folder. Metadata review only.","False","NO","False","OWNER_EXPERIMENTAL_CODEWRITER_METADATA_ONLY","PENDING_REVIEW","PENDING_REVIEW;KEEP_BLOCKED;DOCUMENT_ONLY;REQUEST_SEPARATE_APPROVAL_PHASE","OWNER_REVIEW_METADATA_ONLY","","False","False","DIRECT_METADATA_SCAN","C:\Users\ssare\Desktop\KORG_PA3X_RECOVERY_BACKUP_20260619-150450"
"V1711-R0280","280",".sbd","BANK02.SBD","sar.SET\SONGBOOK\SONGDB.SBD\BANK02.SBD","sar.SET","sar.SET\SONGBOOK\SONGDB.SBD","47582","BLOCKED_INSIDE_FORBIDDEN_SOURCE_FOLDER","RED","Source path is inside a keyboard .SET-style folder. Metadata review only.","False","NO","False","OWNER_EXPERIMENTAL_CODEWRITER_METADATA_ONLY","PENDING_REVIEW","PENDING_REVIEW;KEEP_BLOCKED;DOCUMENT_ONLY;REQUEST_SEPARATE_APPROVAL_PHASE","OWNER_REVIEW_METADATA_ONLY","","False","False","DIRECT_METADATA_SCAN","C:\Users\ssare\Desktop\KORG_PA3X_RECOVERY_BACKUP_20260619-150450"
"V1711-R0281","281",".sbd","BANK03.SBD","sar.SET\SONGBOOK\SONGDB.SBD\BANK03.SBD","sar.SET","sar.SET\SONGBOOK\SONGDB.SBD","47913","BLOCKED_INSIDE_FORBIDDEN_SOURCE_FOLDER","RED","Source path is inside a keyboard .SET-style folder. Metadata review only.","False","NO","False","OWNER_EXPERIMENTAL_CODEWRITER_METADATA_ONLY","PENDING_REVIEW","PENDING_REVIEW;KEEP_BLOCKED;DOCUMENT_ONLY;REQUEST_SEPARATE_APPROVAL_PHASE","OWNER_REVIEW_METADATA_ONLY","","False","False","DIRECT_METADATA_SCAN","C:\Users\ssare\Desktop\KORG_PA3X_RECOVERY_BACKUP_20260619-150450"
"V1711-R0282","282",".sbd","BANK04.SBD","sar.SET\SONGBOOK\SONGDB.SBD\BANK04.SBD","sar.SET","sar.SET\SONGBOOK\SONGDB.SBD","47200","BLOCKED_INSIDE_FORBIDDEN_SOURCE_FOLDER","RED","Source path is inside a keyboard .SET-style folder. Metadata review only.","False","NO","False","OWNER_EXPERIMENTAL_CODEWRITER_METADATA_ONLY","PENDING_REVIEW","PENDING_REVIEW;KEEP_BLOCKED;DOCUMENT_ONLY;REQUEST_SEPARATE_APPROVAL_PHASE","OWNER_REVIEW_METADATA_ONLY","","False","False","DIRECT_METADATA_SCAN","C:\Users\ssare\Desktop\KORG_PA3X_RECOVERY_BACKUP_20260619-150450"
"V1711-R0283","283",".sbd","BANK05.SBD","sar.SET\SONGBOOK\SONGDB.SBD\BANK05.SBD","sar.SET","sar.SET\SONGBOOK\SONGDB.SBD","46636","BLOCKED_INSIDE_FORBIDDEN_SOURCE_FOLDER","RED","Source path is inside a keyboard .SET-style folder. Metadata review only.","False","NO","False","OWNER_EXPERIMENTAL_CODEWRITER_METADATA_ONLY","PENDING_REVIEW","PENDING_REVIEW;KEEP_BLOCKED;DOCUMENT_ONLY;REQUEST_SEPARATE_APPROVAL_PHASE","OWNER_REVIEW_METADATA_ONLY","","False","False","DIRECT_METADATA_SCAN","C:\Users\ssare\Desktop\KORG_PA3X_RECOVERY_BACKUP_20260619-150450"
"V1711-R0284","284",".sbd","BANK06.SBD","sar.SET\SONGBOOK\SONGDB.SBD\BANK06.SBD","sar.SET","sar.SET\SONGBOOK\SONGDB.SBD","51534","BLOCKED_INSIDE_FORBIDDEN_SOURCE_FOLDER","RED","Source path is inside a keyboard .SET-style folder. Metadata review only.","False","NO","False","OWNER_EXPERIMENTAL_CODEWRITER_METADATA_ONLY","PENDING_REVIEW","PENDING_REVIEW;KEEP_BLOCKED;DOCUMENT_ONLY;REQUEST_SEPARATE_APPROVAL_PHASE","OWNER_REVIEW_METADATA_ONLY","","False","False","DIRECT_METADATA_SCAN","C:\Users\ssare\Desktop\KORG_PA3X_RECOVERY_BACKUP_20260619-150450"
"V1711-R0285","285",".sbd","BANK07.SBD","sar.SET\SONGBOOK\SONGDB.SBD\BANK07.SBD","sar.SET","sar.SET\SONGBOOK\SONGDB.SBD","2557","BLOCKED_INSIDE_FORBIDDEN_SOURCE_FOLDER","RED","Source path is inside a keyboard .SET-style folder. Metadata review only.","False","NO","False","OWNER_EXPERIMENTAL_CODEWRITER_METADATA_ONLY","PENDING_REVIEW","PENDING_REVIEW;KEEP_BLOCKED;DOCUMENT_ONLY;REQUEST_SEPARATE_APPROVAL_PHASE","OWNER_REVIEW_METADATA_ONLY","","False","False","DIRECT_METADATA_SCAN","C:\Users\ssare\Desktop\KORG_PA3X_RECOVERY_BACKUP_20260619-150450"
"V1711-R0286","286",".pcg","USER01.PCG","sar.SET\SOUND\USER01.PCG","sar.SET","sar.SET\SOUND","42631","BLOCKED_INSIDE_FORBIDDEN_SOURCE_FOLDER","RED","Source path is inside a keyboard .SET-style folder. Metadata review only.","False","NO","False","OWNER_EXPERIMENTAL_CODEWRITER_METADATA_ONLY","PENDING_REVIEW","PENDING_REVIEW;KEEP_BLOCKED;DOCUMENT_ONLY;REQUEST_SEPARATE_APPROVAL_PHASE","OWNER_REVIEW_METADATA_ONLY","","False","False","DIRECT_METADATA_SCAN","C:\Users\ssare\Desktop\KORG_PA3X_RECOVERY_BACKUP_20260619-150450"
"V1711-R0287","287",".pcg","USER02.PCG","sar.SET\SOUND\USER02.PCG","sar.SET","sar.SET\SOUND","42857","BLOCKED_INSIDE_FORBIDDEN_SOURCE_FOLDER","RED","Source path is inside a keyboard .SET-style folder. Metadata review only.","False","NO","False","OWNER_EXPERIMENTAL_CODEWRITER_METADATA_ONLY","PENDING_REVIEW","PENDING_REVIEW;KEEP_BLOCKED;DOCUMENT_ONLY;REQUEST_SEPARATE_APPROVAL_PHASE","OWNER_REVIEW_METADATA_ONLY","","False","False","DIRECT_METADATA_SCAN","C:\Users\ssare\Desktop\KORG_PA3X_RECOVERY_BACKUP_20260619-150450"
"V1711-R0288","288",".pcg","USER03.PCG","sar.SET\SOUND\USER03.PCG","sar.SET","sar.SET\SOUND","24772","BLOCKED_INSIDE_FORBIDDEN_SOURCE_FOLDER","RED","Source path is inside a keyboard .SET-style folder. Metadata review only.","False","NO","False","OWNER_EXPERIMENTAL_CODEWRITER_METADATA_ONLY","PENDING_REVIEW","PENDING_REVIEW;KEEP_BLOCKED;DOCUMENT_ONLY;REQUEST_SEPARATE_APPROVAL_PHASE","OWNER_REVIEW_METADATA_ONLY","","False","False","DIRECT_METADATA_SCAN","C:\Users\ssare\Desktop\KORG_PA3X_RECOVERY_BACKUP_20260619-150450"
"V1711-R0289","289",".pcg","USER04.PCG","sar.SET\SOUND\USER04.PCG","sar.SET","sar.SET\SOUND","12031","BLOCKED_INSIDE_FORBIDDEN_SOURCE_FOLDER","RED","Source path is inside a keyboard .SET-style folder. Metadata review only.","False","NO","False","OWNER_EXPERIMENTAL_CODEWRITER_METADATA_ONLY","PENDING_REVIEW","PENDING_REVIEW;KEEP_BLOCKED;DOCUMENT_ONLY;REQUEST_SEPARATE_APPROVAL_PHASE","OWNER_REVIEW_METADATA_ONLY","","False","False","DIRECT_METADATA_SCAN","C:\Users\ssare\Desktop\KORG_PA3X_RECOVERY_BACKUP_20260619-150450"
"V1711-R0290","290",".pcg","USERDK.PCG","sar.SET\SOUND\USERDK.PCG","sar.SET","sar.SET\SOUND","113296","BLOCKED_INSIDE_FORBIDDEN_SOURCE_FOLDER","RED","Source path is inside a keyboard .SET-style folder. Metadata review only.","False","NO","False","OWNER_EXPERIMENTAL_CODEWRITER_METADATA_ONLY","PENDING_REVIEW","PENDING_REVIEW;KEEP_BLOCKED;DOCUMENT_ONLY;REQUEST_SEPARATE_APPROVAL_PHASE","OWNER_REVIEW_METADATA_ONLY","","False","False","DIRECT_METADATA_SCAN","C:\Users\ssare\Desktop\KORG_PA3X_RECOVERY_BACKUP_20260619-150450"
"V1711-R0291","291",".sty","FAVORITE01.STY","sar.SET\STYLE\FAVORITE01.STY","sar.SET","sar.SET\STYLE","1620547","BLOCKED_INSIDE_FORBIDDEN_SOURCE_FOLDER","RED","Source path is inside a keyboard .SET-style folder. Metadata review only.","False","NO","False","OWNER_EXPERIMENTAL_CODEWRITER_METADATA_ONLY","PENDING_REVIEW","PENDING_REVIEW;KEEP_BLOCKED;DOCUMENT_ONLY;REQUEST_SEPARATE_APPROVAL_PHASE","OWNER_REVIEW_METADATA_ONLY","","False","False","DIRECT_METADATA_SCAN","C:\Users\ssare\Desktop\KORG_PA3X_RECOVERY_BACKUP_20260619-150450"
"V1711-R0292","292",".sty","FAVORITE02.STY","sar.SET\STYLE\FAVORITE02.STY","sar.SET","sar.SET\STYLE","1313446","BLOCKED_INSIDE_FORBIDDEN_SOURCE_FOLDER","RED","Source path is inside a keyboard .SET-style folder. Metadata review only.","False","NO","False","OWNER_EXPERIMENTAL_CODEWRITER_METADATA_ONLY","PENDING_REVIEW","PENDING_REVIEW;KEEP_BLOCKED;DOCUMENT_ONLY;REQUEST_SEPARATE_APPROVAL_PHASE","OWNER_REVIEW_METADATA_ONLY","","False","False","DIRECT_METADATA_SCAN","C:\Users\ssare\Desktop\KORG_PA3X_RECOVERY_BACKUP_20260619-150450"
"V1711-R0293","293",".sty","FAVORITE03.STY","sar.SET\STYLE\FAVORITE03.STY","sar.SET","sar.SET\STYLE","721337","BLOCKED_INSIDE_FORBIDDEN_SOURCE_FOLDER","RED","Source path is inside a keyboard .SET-style folder. Metadata review only.","False","NO","False","OWNER_EXPERIMENTAL_CODEWRITER_METADATA_ONLY","PENDING_REVIEW","PENDING_REVIEW;KEEP_BLOCKED;DOCUMENT_ONLY;REQUEST_SEPARATE_APPROVAL_PHASE","OWNER_REVIEW_METADATA_ONLY","","False","False","DIRECT_METADATA_SCAN","C:\Users\ssare\Desktop\KORG_PA3X_RECOVERY_BACKUP_20260619-150450"
"V1711-R0294","294",".sty","FAVORITE04.STY","sar.SET\STYLE\FAVORITE04.STY","sar.SET","sar.SET\STYLE","1371390","BLOCKED_INSIDE_FORBIDDEN_SOURCE_FOLDER","RED","Source path is inside a keyboard .SET-style folder. Metadata review only.","False","NO","False","OWNER_EXPERIMENTAL_CODEWRITER_METADATA_ONLY","PENDING_REVIEW","PENDING_REVIEW;KEEP_BLOCKED;DOCUMENT_ONLY;REQUEST_SEPARATE_APPROVAL_PHASE","OWNER_REVIEW_METADATA_ONLY","","False","False","DIRECT_METADATA_SCAN","C:\Users\ssare\Desktop\KORG_PA3X_RECOVERY_BACKUP_20260619-150450"
"V1711-R0295","295",".sty","FAVORITE05.STY","sar.SET\STYLE\FAVORITE05.STY","sar.SET","sar.SET\STYLE","2669779","BLOCKED_INSIDE_FORBIDDEN_SOURCE_FOLDER","RED","Source path is inside a keyboard .SET-style folder. Metadata review only.","False","NO","False","OWNER_EXPERIMENTAL_CODEWRITER_METADATA_ONLY","PENDING_REVIEW","PENDING_REVIEW;KEEP_BLOCKED;DOCUMENT_ONLY;REQUEST_SEPARATE_APPROVAL_PHASE","OWNER_REVIEW_METADATA_ONLY","","False","False","DIRECT_METADATA_SCAN","C:\Users\ssare\Desktop\KORG_PA3X_RECOVERY_BACKUP_20260619-150450"
"V1711-R0296","296",".sty","FAVORITE06.STY","sar.SET\STYLE\FAVORITE06.STY","sar.SET","sar.SET\STYLE","1830145","BLOCKED_INSIDE_FORBIDDEN_SOURCE_FOLDER","RED","Source path is inside a keyboard .SET-style folder. Metadata review only.","False","NO","False","OWNER_EXPERIMENTAL_CODEWRITER_METADATA_ONLY","PENDING_REVIEW","PENDING_REVIEW;KEEP_BLOCKED;DOCUMENT_ONLY;REQUEST_SEPARATE_APPROVAL_PHASE","OWNER_REVIEW_METADATA_ONLY","","False","False","DIRECT_METADATA_SCAN","C:\Users\ssare\Desktop\KORG_PA3X_RECOVERY_BACKUP_20260619-150450"
"V1711-R0297","297",".sty","FAVORITE07.STY","sar.SET\STYLE\FAVORITE07.STY","sar.SET","sar.SET\STYLE","1997824","BLOCKED_INSIDE_FORBIDDEN_SOURCE_FOLDER","RED","Source path is inside a keyboard .SET-style folder. Metadata review only.","False","NO","False","OWNER_EXPERIMENTAL_CODEWRITER_METADATA_ONLY","PENDING_REVIEW","PENDING_REVIEW;KEEP_BLOCKED;DOCUMENT_ONLY;REQUEST_SEPARATE_APPROVAL_PHASE","OWNER_REVIEW_METADATA_ONLY","","False","False","DIRECT_METADATA_SCAN","C:\Users\ssare\Desktop\KORG_PA3X_RECOVERY_BACKUP_20260619-150450"
"V1711-R0298","298",".sty","FAVORITE08.STY","sar.SET\STYLE\FAVORITE08.STY","sar.SET","sar.SET\STYLE","1309764","BLOCKED_INSIDE_FORBIDDEN_SOURCE_FOLDER","RED","Source path is inside a keyboard .SET-style folder. Metadata review only.","False","NO","False","OWNER_EXPERIMENTAL_CODEWRITER_METADATA_ONLY","PENDING_REVIEW","PENDING_REVIEW;KEEP_BLOCKED;DOCUMENT_ONLY;REQUEST_SEPARATE_APPROVAL_PHASE","OWNER_REVIEW_METADATA_ONLY","","False","False","DIRECT_METADATA_SCAN","C:\Users\ssare\Desktop\KORG_PA3X_RECOVERY_BACKUP_20260619-150450"
"V1711-R0299","299",".sty","FAVORITE09.STY","sar.SET\STYLE\FAVORITE09.STY","sar.SET","sar.SET\STYLE","1309700","BLOCKED_INSIDE_FORBIDDEN_SOURCE_FOLDER","RED","Source path is inside a keyboard .SET-style folder. Metadata review only.","False","NO","False","OWNER_EXPERIMENTAL_CODEWRITER_METADATA_ONLY","PENDING_REVIEW","PENDING_REVIEW;KEEP_BLOCKED;DOCUMENT_ONLY;REQUEST_SEPARATE_APPROVAL_PHASE","OWNER_REVIEW_METADATA_ONLY","","False","False","DIRECT_METADATA_SCAN","C:\Users\ssare\Desktop\KORG_PA3X_RECOVERY_BACKUP_20260619-150450"
"V1711-R0300","300",".sty","FAVORITE10.STY","sar.SET\STYLE\FAVORITE10.STY","sar.SET","sar.SET\STYLE","1582136","BLOCKED_INSIDE_FORBIDDEN_SOURCE_FOLDER","RED","Source path is inside a keyboard .SET-style folder. Metadata review only.","False","NO","False","OWNER_EXPERIMENTAL_CODEWRITER_METADATA_ONLY","PENDING_REVIEW","PENDING_REVIEW;KEEP_BLOCKED;DOCUMENT_ONLY;REQUEST_SEPARATE_APPROVAL_PHASE","OWNER_REVIEW_METADATA_ONLY","","False","False","DIRECT_METADATA_SCAN","C:\Users\ssare\Desktop\KORG_PA3X_RECOVERY_BACKUP_20260619-150450"
"V1711-R0301","301",".sty","FAVORITE11.STY","sar.SET\STYLE\FAVORITE11.STY","sar.SET","sar.SET\STYLE","959112","BLOCKED_INSIDE_FORBIDDEN_SOURCE_FOLDER","RED","Source path is inside a keyboard .SET-style folder. Metadata review only.","False","NO","False","OWNER_EXPERIMENTAL_CODEWRITER_METADATA_ONLY","PENDING_REVIEW","PENDING_REVIEW;KEEP_BLOCKED;DOCUMENT_ONLY;REQUEST_SEPARATE_APPROVAL_PHASE","OWNER_REVIEW_METADATA_ONLY","","False","False","DIRECT_METADATA_SCAN","C:\Users\ssare\Desktop\KORG_PA3X_RECOVERY_BACKUP_20260619-150450"
"V1711-R0302","302",".sty","FAVORITE12.STY","sar.SET\STYLE\FAVORITE12.STY","sar.SET","sar.SET\STYLE","569741","BLOCKED_INSIDE_FORBIDDEN_SOURCE_FOLDER","RED","Source path is inside a keyboard .SET-style folder. Metadata review only.","False","NO","False","OWNER_EXPERIMENTAL_CODEWRITER_METADATA_ONLY","PENDING_REVIEW","PENDING_REVIEW;KEEP_BLOCKED;DOCUMENT_ONLY;REQUEST_SEPARATE_APPROVAL_PHASE","OWNER_REVIEW_METADATA_ONLY","","False","False","DIRECT_METADATA_SCAN","C:\Users\ssare\Desktop\KORG_PA3X_RECOVERY_BACKUP_20260619-150450"
"V1711-R0303","303",".sty","USER01.STY","sar.SET\STYLE\USER01.STY","sar.SET","sar.SET\STYLE","767611","BLOCKED_INSIDE_FORBIDDEN_SOURCE_FOLDER","RED","Source path is inside a keyboard .SET-style folder. Metadata review only.","False","NO","False","OWNER_EXPERIMENTAL_CODEWRITER_METADATA_ONLY","PENDING_REVIEW","PENDING_REVIEW;KEEP_BLOCKED;DOCUMENT_ONLY;REQUEST_SEPARATE_APPROVAL_PHASE","OWNER_REVIEW_METADATA_ONLY","","False","False","DIRECT_METADATA_SCAN","C:\Users\ssare\Desktop\KORG_PA3X_RECOVERY_BACKUP_20260619-150450"
"V1711-R0304","304",".sty","USER02.STY","sar.SET\STYLE\USER02.STY","sar.SET","sar.SET\STYLE","549046","BLOCKED_INSIDE_FORBIDDEN_SOURCE_FOLDER","RED","Source path is inside a keyboard .SET-style folder. Metadata review only.","False","NO","False","OWNER_EXPERIMENTAL_CODEWRITER_METADATA_ONLY","PENDING_REVIEW","PENDING_REVIEW;KEEP_BLOCKED;DOCUMENT_ONLY;REQUEST_SEPARATE_APPROVAL_PHASE","OWNER_REVIEW_METADATA_ONLY","","False","False","DIRECT_METADATA_SCAN","C:\Users\ssare\Desktop\KORG_PA3X_RECOVERY_BACKUP_20260619-150450"
"V1711-R0305","305",".sty","USER03.STY","sar.SET\STYLE\USER03.STY","sar.SET","sar.SET\STYLE","518175","BLOCKED_INSIDE_FORBIDDEN_SOURCE_FOLDER","RED","Source path is inside a keyboard .SET-style folder. Metadata review only.","False","NO","False","OWNER_EXPERIMENTAL_CODEWRITER_METADATA_ONLY","PENDING_REVIEW","PENDING_REVIEW;KEEP_BLOCKED;DOCUMENT_ONLY;REQUEST_SEPARATE_APPROVAL_PHASE","OWNER_REVIEW_METADATA_ONLY","","False","False","DIRECT_METADATA_SCAN","C:\Users\ssare\Desktop\KORG_PA3X_RECOVERY_BACKUP_20260619-150450"
