"file_name","source_path","extension","bytes","sha256","group","extractability","next_action","reason","priority","can_copy_now","can_parse_now","needs_hardware_test","safety_status"
"RAM.KMP","E:\UAOS_OPEN_LIBRARY_SOURCE\pa3x\omar44.SET\omar44.SET\MULTISMP\RAM.KMP",".kmp","1142486","1C143644616E48F29E127A19995C920BA408C53863E098CD9E8AF0A96E70396E","KMP_MULTISAMPLE","SAMPLE_STRUCTURE_CANDIDATE","V1719_KMP_KSF_SAMPLE_MAP_RESEARCH","Multisample mapping candidate.","95","False","False","True","NO_BINARY_OUTPUT_METADATA_ONLY"
"RAM.KMP","E:\UAOS_OPEN_LIBRARY_SOURCE\pa3x\2020 pa1000 pa4x.SET\2020 pa1000 pa4x.SET\MULTISMP\RAM.KMP",".kmp","295817","0F4671D9BBEB0358C41408A25C87D5D9A526974530AF0048BA1CCF0EAD380139","KMP_MULTISAMPLE","SAMPLE_STRUCTURE_CANDIDATE","V1719_KMP_KSF_SAMPLE_MAP_RESEARCH","Multisample mapping candidate.","95","False","False","True","NO_BINARY_OUTPUT_METADATA_ONLY"
"RAM.KMP","E:\UAOS_OPEN_LIBRARY_SOURCE\pa3x\‏‏RoTaNa(1) pa3x.SET - نسخة\tareq pa3x.SET\MULTISMP\RAM.KMP",".kmp","279934","B1DA0FC073EA8829797AA3BD44FAF543F07925065D526A151EF8C3AF9BBC966F","KMP_MULTISAMPLE","SAMPLE_STRUCTURE_CANDIDATE","V1719_KMP_KSF_SAMPLE_MAP_RESEARCH","Multisample mapping candidate.","95","False","False","True","NO_BINARY_OUTPUT_METADATA_ONLY"
"RAM.KMP","E:\UAOS_OPEN_LIBRARY_SOURCE\pa3x\3xxxxx.SET\3xxxxx.SET\MULTISMP\RAM.KMP",".kmp","297295","99E707EEFF4D938D28C7D8E38F47A2A9C3FDE6EE19B52042636FF119B0502986","KMP_MULTISAMPLE","SAMPLE_STRUCTURE_CANDIDATE","V1719_KMP_KSF_SAMPLE_MAP_RESEARCH","Multisample mapping candidate.","95","False","False","True","NO_BINARY_OUTPUT_METADATA_ONLY"
"RAM.KMP","E:\UAOS_OPEN_LIBRARY_SOURCE\pa3x\ABOUD NEXT-MG.SET\ABOUD NEXT-MG.SET\MULTISMP\RAM.KMP",".kmp","2038339","E06F6E2D98BEA8F6448EED5CBFCA6D22787FC468F250676962BDBB5AE253AEAB","KMP_MULTISAMPLE","SAMPLE_STRUCTURE_CANDIDATE","V1719_KMP_KSF_SAMPLE_MAP_RESEARCH","Multisample mapping candidate.","95","False","False","True","NO_BINARY_OUTPUT_METADATA_ONLY"
"RAM.KMP","E:\UAOS_OPEN_LIBRARY_SOURCE\pa3x\rahm pa3x.SET\rahm pa3x.SET\MULTISMP\RAM.KMP",".kmp","245807","B19D182ED42037B04E500F2CE0F1432671AE96C440C39AB76638159C6F132FC2","KMP_MULTISAMPLE","SAMPLE_STRUCTURE_CANDIDATE","V1719_KMP_KSF_SAMPLE_MAP_RESEARCH","Multisample mapping candidate.","95","False","False","True","NO_BINARY_OUTPUT_METADATA_ONLY"
"RAM.KMP","E:\UAOS_OPEN_LIBRARY_SOURCE\pa3x\RoTaNa(1) pa3x.SET\tareq pa3x.SET\MULTISMP\RAM.KMP",".kmp","279934","B1DA0FC073EA8829797AA3BD44FAF543F07925065D526A151EF8C3AF9BBC966F","KMP_MULTISAMPLE","SAMPLE_STRUCTURE_CANDIDATE","V1719_KMP_KSF_SAMPLE_MAP_RESEARCH","Multisample mapping candidate.","95","False","False","True","NO_BINARY_OUTPUT_METADATA_ONLY"
"RAM.KMP","E:\UAOS_OPEN_LIBRARY_SOURCE\pa3x\a1111.SET\a1111.SET\MULTISMP\RAM.KMP",".kmp","1992054","CCA1B45FE41154515029F993A48BA1ED897B4A0B1512983F83ACCC01BAB07547","KMP_MULTISAMPLE","SAMPLE_STRUCTURE_CANDIDATE","V1719_KMP_KSF_SAMPLE_MAP_RESEARCH","Multisample mapping candidate.","95","False","False","True","NO_BINARY_OUTPUT_METADATA_ONLY"
"RAM.KMP","E:\UAOS_OPEN_LIBRARY_SOURCE\pa3x\ROTANA. 2022.SET\ROTANA. 2022.SET\MULTISMP\RAM.KMP",".kmp","1789646","2AFD39D42D18F95631CFB3D9197DB74763DE61D3B245CE152389610A9D673268","KMP_MULTISAMPLE","SAMPLE_STRUCTURE_CANDIDATE","V1719_KMP_KSF_SAMPLE_MAP_RESEARCH","Multisample mapping candidate.","95","False","False","True","NO_BINARY_OUTPUT_METADATA_ONLY"
"RAM.KMP","E:\UAOS_OPEN_LIBRARY_SOURCE\pa3x\LIVE CHARKI 3 2.SET\LIVE CHARKI 3 2.SET\MULTISMP\RAM.KMP",".kmp","474897","1DC6F5A374EB4724700C812DE0976A8C5EE43FA94147AC91B976CC99C4AC3588","KMP_MULTISAMPLE","SAMPLE_STRUCTURE_CANDIDATE","V1719_KMP_KSF_SAMPLE_MAP_RESEARCH","Multisample mapping candidate.","95","False","False","True","NO_BINARY_OUTPUT_METADATA_ONLY"
"RAM.KMP","E:\UAOS_OPEN_LIBRARY_SOURCE\pa3x\SUPER4X.3X ASLY2018.SET\SUPER4X.3X ASLY2018.SET\MULTISMP\RAM.KMP",".kmp","392016","105E7CFF380353FCC8403DC560CEE845CE95BDB2C84FFB9B03C2209ED5B406C4","KMP_MULTISAMPLE","SAMPLE_STRUCTURE_CANDIDATE","V1719_KMP_KSF_SAMPLE_MAP_RESEARCH","Multisample mapping candidate.","95","False","False","True","NO_BINARY_OUTPUT_METADATA_ONLY"
"RAM01.PCM","E:\UAOS_OPEN_LIBRARY_SOURCE\pa3x\RoTaNa(1) pa3x.SET\tareq pa3x.SET\PCM\RAM01.PCM",".pcm","2580490","9F857FA24DB9357011ADF76F22667C26C2EE4654C5AF42F2BC25B91B6DE0C40E","PCM_CONTAINER","PARSER_CANDIDATE","V1719_PCM_CONTAINER_RESEARCH","Likely sample container; parser/hardware validation needed.","90","False","False","True","NO_BINARY_OUTPUT_METADATA_ONLY"
"RAM01.PCM","E:\UAOS_OPEN_LIBRARY_SOURCE\pa3x\SUPER4X.3X ASLY2018.SET\SUPER4X.3X ASLY2018.SET\PCM\RAM01.PCM",".pcm","2665387","59ADB6FA6CF3FFC4028778978E31CC70FCF46A223C4F9ED80D2F5750F29202B4","PCM_CONTAINER","PARSER_CANDIDATE","V1719_PCM_CONTAINER_RESEARCH","Likely sample container; parser/hardware validation needed.","90","False","False","True","NO_BINARY_OUTPUT_METADATA_ONLY"
"RAM01.PCM","E:\UAOS_OPEN_LIBRARY_SOURCE\pa3x\omar44.SET\omar44.SET\PCM\RAM01.PCM",".pcm","4264978","6557CBC2C26600F4909514FD4B92DAB429A45B15710E171D95F535C4BC1B5A6B","PCM_CONTAINER","PARSER_CANDIDATE","V1719_PCM_CONTAINER_RESEARCH","Likely sample container; parser/hardware validation needed.","90","False","False","True","NO_BINARY_OUTPUT_METADATA_ONLY"
"RAM01.PCM","E:\UAOS_OPEN_LIBRARY_SOURCE\pa3x\rahm pa3x.SET\rahm pa3x.SET\PCM\RAM01.PCM",".pcm","2115472","1D9A176EE09BC83AC29FBED28AF3622A51AB0835D5E2207AAF9DB3D20C419679","PCM_CONTAINER","PARSER_CANDIDATE","V1719_PCM_CONTAINER_RESEARCH","Likely sample container; parser/hardware validation needed.","90","False","False","True","NO_BINARY_OUTPUT_METADATA_ONLY"
"RAM01.PCM","E:\UAOS_OPEN_LIBRARY_SOURCE\pa3x\LIVE CHARKI 3 2.SET\LIVE CHARKI 3 2.SET\PCM\RAM01.PCM",".pcm","1149661","1059662438B744ED7C3A4C2850E126DA2D5071E0DCC713D8F30306226C1FB3A2","PCM_CONTAINER","PARSER_CANDIDATE","V1719_PCM_CONTAINER_RESEARCH","Likely sample container; parser/hardware validation needed.","90","False","False","True","NO_BINARY_OUTPUT_METADATA_ONLY"
"RAM01.PCM","E:\UAOS_OPEN_LIBRARY_SOURCE\pa3x\3xxxxx.SET\3xxxxx.SET\PCM\RAM01.PCM",".pcm","2576866","BBE7344B9445F77F4FD9A021E7B56A1217A2F2C45CD873069412D9F355DB41A8","PCM_CONTAINER","PARSER_CANDIDATE","V1719_PCM_CONTAINER_RESEARCH","Likely sample container; parser/hardware validation needed.","90","False","False","True","NO_BINARY_OUTPUT_METADATA_ONLY"
"RAM01.PCM","E:\UAOS_OPEN_LIBRARY_SOURCE\pa3x\‏‏RoTaNa(1) pa3x.SET - نسخة\tareq pa3x.SET\PCM\RAM01.PCM",".pcm","2580490","9F857FA24DB9357011ADF76F22667C26C2EE4654C5AF42F2BC25B91B6DE0C40E","PCM_CONTAINER","PARSER_CANDIDATE","V1719_PCM_CONTAINER_RESEARCH","Likely sample container; parser/hardware validation needed.","90","False","False","True","NO_BINARY_OUTPUT_METADATA_ONLY"
"RAM01.PCM","E:\UAOS_OPEN_LIBRARY_SOURCE\pa3x\ROTANA. 2022.SET\ROTANA. 2022.SET\PCM\RAM01.PCM",".pcm","4109580","10026BC84C0BED3CAA93CBEA7A2BBE1CBF5F5D2680BF2A51D806C472DE6E4B06","PCM_CONTAINER","PARSER_CANDIDATE","V1719_PCM_CONTAINER_RESEARCH","Likely sample container; parser/hardware validation needed.","90","False","False","True","NO_BINARY_OUTPUT_METADATA_ONLY"
"RAM01.PCM","E:\UAOS_OPEN_LIBRARY_SOURCE\pa3x\ABOUD NEXT-MG.SET\ABOUD NEXT-MG.SET\PCM\RAM01.PCM",".pcm","4148851","4A0E015C5C70B1DF7388D29C6178EF9083E2FEBF93C10AE707DB2DC2D92A2362","PCM_CONTAINER","PARSER_CANDIDATE","V1719_PCM_CONTAINER_RESEARCH","Likely sample container; parser/hardware validation needed.","90","False","False","True","NO_BINARY_OUTPUT_METADATA_ONLY"
"RAM01.PCM","E:\UAOS_OPEN_LIBRARY_SOURCE\pa3x\2020 pa1000 pa4x.SET\2020 pa1000 pa4x.SET\PCM\RAM01.PCM",".pcm","2887163","B6B7A7DF1844C804974DEDCD2D5B3AA909C1CCE182CE9A7620307D838DC50334","PCM_CONTAINER","PARSER_CANDIDATE","V1719_PCM_CONTAINER_RESEARCH","Likely sample container; parser/hardware validation needed.","90","False","False","True","NO_BINARY_OUTPUT_METADATA_ONLY"
"RAM01.PCM","E:\UAOS_OPEN_LIBRARY_SOURCE\pa3x\a1111.SET\a1111.SET\PCM\RAM01.PCM",".pcm","5587309","86E353264B8D5E68BF85671AD43C26226867582ECF3E71FD379159D5B4AF73E4","PCM_CONTAINER","PARSER_CANDIDATE","V1719_PCM_CONTAINER_RESEARCH","Likely sample container; parser/hardware validation needed.","90","False","False","True","NO_BINARY_OUTPUT_METADATA_ONLY"
"RAM02.PCM","E:\UAOS_OPEN_LIBRARY_SOURCE\pa3x\a1111.SET\a1111.SET\PCM\RAM02.PCM",".pcm","6929000","1C4B7411FB3BFAECDA5C2841C0AC8042D720E7A2895362AF694784481090D0AD","PCM_CONTAINER","PARSER_CANDIDATE","V1719_PCM_CONTAINER_RESEARCH","Likely sample container; parser/hardware validation needed.","90","False","False","True","NO_BINARY_OUTPUT_METADATA_ONLY"
"RAM02.PCM","E:\UAOS_OPEN_LIBRARY_SOURCE\pa3x\ABOUD NEXT-MG.SET\ABOUD NEXT-MG.SET\PCM\RAM02.PCM",".pcm","7151407","4AA523A079684121D45528BBD946709F2E0F55C8E577C2398CF542A025866D2B","PCM_CONTAINER","PARSER_CANDIDATE","V1719_PCM_CONTAINER_RESEARCH","Likely sample container; parser/hardware validation needed.","90","False","False","True","NO_BINARY_OUTPUT_METADATA_ONLY"
"RAM02.PCM","E:\UAOS_OPEN_LIBRARY_SOURCE\pa3x\LIVE CHARKI 3 2.SET\LIVE CHARKI 3 2.SET\PCM\RAM02.PCM",".pcm","1254106","996C153DB848FD70204144AA6476A37CD954F31B940D06AE32908D12844B48C5","PCM_CONTAINER","PARSER_CANDIDATE","V1719_PCM_CONTAINER_RESEARCH","Likely sample container; parser/hardware validation needed.","90","False","False","True","NO_BINARY_OUTPUT_METADATA_ONLY"
"RAM02.PCM","E:\UAOS_OPEN_LIBRARY_SOURCE\pa3x\2020 pa1000 pa4x.SET\2020 pa1000 pa4x.SET\PCM\RAM02.PCM",".pcm","2890427","E1BAF5048C33B41B0A9160B3BD1134FFA34E549110CB6FA8168A8AB4567F4C83","PCM_CONTAINER","PARSER_CANDIDATE","V1719_PCM_CONTAINER_RESEARCH","Likely sample container; parser/hardware validation needed.","90","False","False","True","NO_BINARY_OUTPUT_METADATA_ONLY"
"RAM02.PCM","E:\UAOS_OPEN_LIBRARY_SOURCE\pa3x\rahm pa3x.SET\rahm pa3x.SET\PCM\RAM02.PCM",".pcm","2117396","BE5CB769EB63D503345A03062209DFD3CD0B46F462DD2C0C293B26BA100B03CB","PCM_CONTAINER","PARSER_CANDIDATE","V1719_PCM_CONTAINER_RESEARCH","Likely sample container; parser/hardware validation needed.","90","False","False","True","NO_BINARY_OUTPUT_METADATA_ONLY"
"RAM02.PCM","E:\UAOS_OPEN_LIBRARY_SOURCE\pa3x\ROTANA. 2022.SET\ROTANA. 2022.SET\PCM\RAM02.PCM",".pcm","4007480","A35B9394B4D9FDC0BF57D8104596FAE9EC0EDF46398391CF321816BB84B79350","PCM_CONTAINER","PARSER_CANDIDATE","V1719_PCM_CONTAINER_RESEARCH","Likely sample container; parser/hardware validation needed.","90","False","False","True","NO_BINARY_OUTPUT_METADATA_ONLY"
"RAM02.PCM","E:\UAOS_OPEN_LIBRARY_SOURCE\pa3x\RoTaNa(1) pa3x.SET\tareq pa3x.SET\PCM\RAM02.PCM",".pcm","2628052","50D89F90237F73AB4E1A5C570D652EFDAF7BFDBE769FC7F704E88C490D020044","PCM_CONTAINER","PARSER_CANDIDATE","V1719_PCM_CONTAINER_RESEARCH","Likely sample container; parser/hardware validation needed.","90","False","False","True","NO_BINARY_OUTPUT_METADATA_ONLY"
"RAM02.PCM","E:\UAOS_OPEN_LIBRARY_SOURCE\pa3x\omar44.SET\omar44.SET\PCM\RAM02.PCM",".pcm","4261449","29F3D45501DF3081EC8E9843937FCBFEF6DD327647E2286E43D14875B5311FC5","PCM_CONTAINER","PARSER_CANDIDATE","V1719_PCM_CONTAINER_RESEARCH","Likely sample container; parser/hardware validation needed.","90","False","False","True","NO_BINARY_OUTPUT_METADATA_ONLY"
"RAM02.PCM","E:\UAOS_OPEN_LIBRARY_SOURCE\pa3x\3xxxxx.SET\3xxxxx.SET\PCM\RAM02.PCM",".pcm","3485509","A051F9D086F1C54CCE0452A18EB9F92A50BE313C04E4678DAAEE30ACD5F2657A","PCM_CONTAINER","PARSER_CANDIDATE","V1719_PCM_CONTAINER_RESEARCH","Likely sample container; parser/hardware validation needed.","90","False","False","True","NO_BINARY_OUTPUT_METADATA_ONLY"
"RAM02.PCM","E:\UAOS_OPEN_LIBRARY_SOURCE\pa3x\SUPER4X.3X ASLY2018.SET\SUPER4X.3X ASLY2018.SET\PCM\RAM02.PCM",".pcm","2660028","4FB88F992ADF9BD99FB07A0D03C789A8FBEFDF6CF89E6585E30870F05AD507EB","PCM_CONTAINER","PARSER_CANDIDATE","V1719_PCM_CONTAINER_RESEARCH","Likely sample container; parser/hardware validation needed.","90","False","False","True","NO_BINARY_OUTPUT_METADATA_ONLY"
"RAM02.PCM","E:\UAOS_OPEN_LIBRARY_SOURCE\pa3x\‏‏RoTaNa(1) pa3x.SET - نسخة\tareq pa3x.SET\PCM\RAM02.PCM",".pcm","2628052","50D89F90237F73AB4E1A5C570D652EFDAF7BFDBE769FC7F704E88C490D020044","PCM_CONTAINER","PARSER_CANDIDATE","V1719_PCM_CONTAINER_RESEARCH","Likely sample container; parser/hardware validation needed.","90","False","False","True","NO_BINARY_OUTPUT_METADATA_ONLY"
"RAM03.PCM","E:\UAOS_OPEN_LIBRARY_SOURCE\pa3x\omar44.SET\omar44.SET\PCM\RAM03.PCM",".pcm","4224534","7E087AA7311F50BE90B3F59C768CCE1D2CFE20500A78F3A4DB219753D0323AF9","PCM_CONTAINER","PARSER_CANDIDATE","V1719_PCM_CONTAINER_RESEARCH","Likely sample container; parser/hardware validation needed.","90","False","False","True","NO_BINARY_OUTPUT_METADATA_ONLY"
"RAM03.PCM","E:\UAOS_OPEN_LIBRARY_SOURCE\pa3x\RoTaNa(1) pa3x.SET\tareq pa3x.SET\PCM\RAM03.PCM",".pcm","2572532","3F2BCE02632AA6EFF2F6F9BB9B4B80159186655D44136140E643A0A5EE995F2A","PCM_CONTAINER","PARSER_CANDIDATE","V1719_PCM_CONTAINER_RESEARCH","Likely sample container; parser/hardware validation needed.","90","False","False","True","NO_BINARY_OUTPUT_METADATA_ONLY"
"RAM03.PCM","E:\UAOS_OPEN_LIBRARY_SOURCE\pa3x\ROTANA. 2022.SET\ROTANA. 2022.SET\PCM\RAM03.PCM",".pcm","5691092","49A85A09A0519BDABE40B648506F2A3CE1946A8406590593C55D2ED61E7F465B","PCM_CONTAINER","PARSER_CANDIDATE","V1719_PCM_CONTAINER_RESEARCH","Likely sample container; parser/hardware validation needed.","90","False","False","True","NO_BINARY_OUTPUT_METADATA_ONLY"
"RAM03.PCM","E:\UAOS_OPEN_LIBRARY_SOURCE\pa3x\ABOUD NEXT-MG.SET\ABOUD NEXT-MG.SET\PCM\RAM03.PCM",".pcm","5235889","748CD791A021955BA187855DED50D9718C42ECDE17B7BC9D341592B2E6624D23","PCM_CONTAINER","PARSER_CANDIDATE","V1719_PCM_CONTAINER_RESEARCH","Likely sample container; parser/hardware validation needed.","90","False","False","True","NO_BINARY_OUTPUT_METADATA_ONLY"
"RAM03.PCM","E:\UAOS_OPEN_LIBRARY_SOURCE\pa3x\LIVE CHARKI 3 2.SET\LIVE CHARKI 3 2.SET\PCM\RAM03.PCM",".pcm","1078412","D120630CB22DAE602E344F6B14A4A3A26CB5BF6AE13A9DBD54CF2639B86BD929","PCM_CONTAINER","PARSER_CANDIDATE","V1719_PCM_CONTAINER_RESEARCH","Likely sample container; parser/hardware validation needed.","90","False","False","True","NO_BINARY_OUTPUT_METADATA_ONLY"
"RAM03.PCM","E:\UAOS_OPEN_LIBRARY_SOURCE\pa3x\SUPER4X.3X ASLY2018.SET\SUPER4X.3X ASLY2018.SET\PCM\RAM03.PCM",".pcm","2882658","6C9593F3594084ED4BF21FA55A28A1ADB43032B1C2E1591931BF171A33120FB7","PCM_CONTAINER","PARSER_CANDIDATE","V1719_PCM_CONTAINER_RESEARCH","Likely sample container; parser/hardware validation needed.","90","False","False","True","NO_BINARY_OUTPUT_METADATA_ONLY"
"RAM03.PCM","E:\UAOS_OPEN_LIBRARY_SOURCE\pa3x\3xxxxx.SET\3xxxxx.SET\PCM\RAM03.PCM",".pcm","2640520","37D3839B89C9F7BC54E4D5D12BD3B69ED4F6C8EFF1EE6FC5178FBB229511287D","PCM_CONTAINER","PARSER_CANDIDATE","V1719_PCM_CONTAINER_RESEARCH","Likely sample container; parser/hardware validation needed.","90","False","False","True","NO_BINARY_OUTPUT_METADATA_ONLY"
"RAM03.PCM","E:\UAOS_OPEN_LIBRARY_SOURCE\pa3x\2020 pa1000 pa4x.SET\2020 pa1000 pa4x.SET\PCM\RAM03.PCM",".pcm","2884524","CD0A60D63300BF6AC8C0382DB28F513A8CCA2BCC86B54D6AA3C8FF169923FE96","PCM_CONTAINER","PARSER_CANDIDATE","V1719_PCM_CONTAINER_RESEARCH","Likely sample container; parser/hardware validation needed.","90","False","False","True","NO_BINARY_OUTPUT_METADATA_ONLY"
"RAM03.PCM","E:\UAOS_OPEN_LIBRARY_SOURCE\pa3x\rahm pa3x.SET\rahm pa3x.SET\PCM\RAM03.PCM",".pcm","2263370","6E704ABF24DC2C4C4A4BAB1202E40A9BCE0811747271DCC59564FFC42A0FFE44","PCM_CONTAINER","PARSER_CANDIDATE","V1719_PCM_CONTAINER_RESEARCH","Likely sample container; parser/hardware validation needed.","90","False","False","True","NO_BINARY_OUTPUT_METADATA_ONLY"
"RAM03.PCM","E:\UAOS_OPEN_LIBRARY_SOURCE\pa3x\a1111.SET\a1111.SET\PCM\RAM03.PCM",".pcm","5663007","40DE93CFA1CED3EFE068624D6DE8980F8CE6F57F204B9D7C4BD20CEE22AABCCD","PCM_CONTAINER","PARSER_CANDIDATE","V1719_PCM_CONTAINER_RESEARCH","Likely sample container; parser/hardware validation needed.","90","False","False","True","NO_BINARY_OUTPUT_METADATA_ONLY"
"RAM03.PCM","E:\UAOS_OPEN_LIBRARY_SOURCE\pa3x\‏‏RoTaNa(1) pa3x.SET - نسخة\tareq pa3x.SET\PCM\RAM03.PCM",".pcm","2572532","3F2BCE02632AA6EFF2F6F9BB9B4B80159186655D44136140E643A0A5EE995F2A","PCM_CONTAINER","PARSER_CANDIDATE","V1719_PCM_CONTAINER_RESEARCH","Likely sample container; parser/hardware validation needed.","90","False","False","True","NO_BINARY_OUTPUT_METADATA_ONLY"
"RAM04.PCM","E:\UAOS_OPEN_LIBRARY_SOURCE\pa3x\a1111.SET\a1111.SET\PCM\RAM04.PCM",".pcm","7053930","92889450D110C47FD1BDD7326CBA52F99D5C1DA5F587EE7387B9AE91C6000A85","PCM_CONTAINER","PARSER_CANDIDATE","V1719_PCM_CONTAINER_RESEARCH","Likely sample container; parser/hardware validation needed.","90","False","False","True","NO_BINARY_OUTPUT_METADATA_ONLY"
"RAM04.PCM","E:\UAOS_OPEN_LIBRARY_SOURCE\pa3x\ABOUD NEXT-MG.SET\ABOUD NEXT-MG.SET\PCM\RAM04.PCM",".pcm","6493685","C6F0091694BF7B778129C1B51A34E05F16C62E1F3CF0EBD1FE5D51AA173A26AE","PCM_CONTAINER","PARSER_CANDIDATE","V1719_PCM_CONTAINER_RESEARCH","Likely sample container; parser/hardware validation needed.","90","False","False","True","NO_BINARY_OUTPUT_METADATA_ONLY"
"RAM04.PCM","E:\UAOS_OPEN_LIBRARY_SOURCE\pa3x\3xxxxx.SET\3xxxxx.SET\PCM\RAM04.PCM",".pcm","3802613","86DBDDE33E5D263CFAE3C575071323DD94652590AFFF7222A8BDA3FCE7D7ADAB","PCM_CONTAINER","PARSER_CANDIDATE","V1719_PCM_CONTAINER_RESEARCH","Likely sample container; parser/hardware validation needed.","90","False","False","True","NO_BINARY_OUTPUT_METADATA_ONLY"
"RAM04.PCM","E:\UAOS_OPEN_LIBRARY_SOURCE\pa3x\‏‏RoTaNa(1) pa3x.SET - نسخة\tareq pa3x.SET\PCM\RAM04.PCM",".pcm","2581902","D7D6C141A38C202B2F35D9229D2CF5530945580CAA14F85BAEA2FA50267F9FC7","PCM_CONTAINER","PARSER_CANDIDATE","V1719_PCM_CONTAINER_RESEARCH","Likely sample container; parser/hardware validation needed.","90","False","False","True","NO_BINARY_OUTPUT_METADATA_ONLY"
"RAM04.PCM","E:\UAOS_OPEN_LIBRARY_SOURCE\pa3x\SUPER4X.3X ASLY2018.SET\SUPER4X.3X ASLY2018.SET\PCM\RAM04.PCM",".pcm","2678909","ADA904D76674CE0AA2070100FCF0A0A2644F421A2D163634FFF95906783E8A0D","PCM_CONTAINER","PARSER_CANDIDATE","V1719_PCM_CONTAINER_RESEARCH","Likely sample container; parser/hardware validation needed.","90","False","False","True","NO_BINARY_OUTPUT_METADATA_ONLY"
"RAM04.PCM","E:\UAOS_OPEN_LIBRARY_SOURCE\pa3x\ROTANA. 2022.SET\ROTANA. 2022.SET\PCM\RAM04.PCM",".pcm","4586280","9C4BBC0C333BD16563FEABB0131C4EE1D99BF7B6C75D4E32E70383BFE8B86AA1","PCM_CONTAINER","PARSER_CANDIDATE","V1719_PCM_CONTAINER_RESEARCH","Likely sample container; parser/hardware validation needed.","90","False","False","True","NO_BINARY_OUTPUT_METADATA_ONLY"
"RAM04.PCM","E:\UAOS_OPEN_LIBRARY_SOURCE\pa3x\2020 pa1000 pa4x.SET\2020 pa1000 pa4x.SET\PCM\RAM04.PCM",".pcm","2892711","42CC26050A6B1F88035B37AC0E5928A6CA21292B6353057E0CA2B7D86AA4B4E3","PCM_CONTAINER","PARSER_CANDIDATE","V1719_PCM_CONTAINER_RESEARCH","Likely sample container; parser/hardware validation needed.","90","False","False","True","NO_BINARY_OUTPUT_METADATA_ONLY"
"RAM04.PCM","E:\UAOS_OPEN_LIBRARY_SOURCE\pa3x\omar44.SET\omar44.SET\PCM\RAM04.PCM",".pcm","4330769","E933CB6AC0B8B7A38CDA13DA54B35494299780755AF8F50F663839F35F2A236D","PCM_CONTAINER","PARSER_CANDIDATE","V1719_PCM_CONTAINER_RESEARCH","Likely sample container; parser/hardware validation needed.","90","False","False","True","NO_BINARY_OUTPUT_METADATA_ONLY"
"RAM04.PCM","E:\UAOS_OPEN_LIBRARY_SOURCE\pa3x\RoTaNa(1) pa3x.SET\tareq pa3x.SET\PCM\RAM04.PCM",".pcm","2581902","D7D6C141A38C202B2F35D9229D2CF5530945580CAA14F85BAEA2FA50267F9FC7","PCM_CONTAINER","PARSER_CANDIDATE","V1719_PCM_CONTAINER_RESEARCH","Likely sample container; parser/hardware validation needed.","90","False","False","True","NO_BINARY_OUTPUT_METADATA_ONLY"
"RAM04.PCM","E:\UAOS_OPEN_LIBRARY_SOURCE\pa3x\LIVE CHARKI 3 2.SET\LIVE CHARKI 3 2.SET\PCM\RAM04.PCM",".pcm","1251341","D87977E2F1C091BD44E192EFC86B8EB587466AE10503F0FCCD2E0D6182EDD4C5","PCM_CONTAINER","PARSER_CANDIDATE","V1719_PCM_CONTAINER_RESEARCH","Likely sample container; parser/hardware validation needed.","90","False","False","True","NO_BINARY_OUTPUT_METADATA_ONLY"
"RAM04.PCM","E:\UAOS_OPEN_LIBRARY_SOURCE\pa3x\rahm pa3x.SET\rahm pa3x.SET\PCM\RAM04.PCM",".pcm","2105798","6A3E4C24BCCE2393A3C049E3693D058C28006999F152BF4DB991CE4A5A4955A3","PCM_CONTAINER","PARSER_CANDIDATE","V1719_PCM_CONTAINER_RESEARCH","Likely sample container; parser/hardware validation needed.","90","False","False","True","NO_BINARY_OUTPUT_METADATA_ONLY"
"RAM05.PCM","E:\UAOS_OPEN_LIBRARY_SOURCE\pa3x\SUPER4X.3X ASLY2018.SET\SUPER4X.3X ASLY2018.SET\PCM\RAM05.PCM",".pcm","2641889","C5ED8914C468E947FAE7977A50D55EF71E3F33253385CAC5AC67C63B2EB82599","PCM_CONTAINER","PARSER_CANDIDATE","V1719_PCM_CONTAINER_RESEARCH","Likely sample container; parser/hardware validation needed.","90","False","False","True","NO_BINARY_OUTPUT_METADATA_ONLY"
"RAM05.PCM","E:\UAOS_OPEN_LIBRARY_SOURCE\pa3x\ROTANA. 2022.SET\ROTANA. 2022.SET\PCM\RAM05.PCM",".pcm","5056396","1AB95EE8524748907065206C49C7A3415645FE1DB3B76152A45929094EAA1752","PCM_CONTAINER","PARSER_CANDIDATE","V1719_PCM_CONTAINER_RESEARCH","Likely sample container; parser/hardware validation needed.","90","False","False","True","NO_BINARY_OUTPUT_METADATA_ONLY"
"RAM05.PCM","E:\UAOS_OPEN_LIBRARY_SOURCE\pa3x\2020 pa1000 pa4x.SET\2020 pa1000 pa4x.SET\PCM\RAM05.PCM",".pcm","2921119","1A20EFF2AB263222D82540E21047986027887E5486E87FE21F4D1278CC27E278","PCM_CONTAINER","PARSER_CANDIDATE","V1719_PCM_CONTAINER_RESEARCH","Likely sample container; parser/hardware validation needed.","90","False","False","True","NO_BINARY_OUTPUT_METADATA_ONLY"
"RAM05.PCM","E:\UAOS_OPEN_LIBRARY_SOURCE\pa3x\RoTaNa(1) pa3x.SET\tareq pa3x.SET\PCM\RAM05.PCM",".pcm","2583212","BEC370C6ECBD1A36220B9C9EABAD60E8ED8C92E5051A052F0ED13577C9B8D946","PCM_CONTAINER","PARSER_CANDIDATE","V1719_PCM_CONTAINER_RESEARCH","Likely sample container; parser/hardware validation needed.","90","False","False","True","NO_BINARY_OUTPUT_METADATA_ONLY"
"RAM05.PCM","E:\UAOS_OPEN_LIBRARY_SOURCE\pa3x\3xxxxx.SET\3xxxxx.SET\PCM\RAM05.PCM",".pcm","2598736","F9F26AA960FF01B8F62AEA4D363E8DBFBA52C337B86C7E4F7069B4E739BA5C42","PCM_CONTAINER","PARSER_CANDIDATE","V1719_PCM_CONTAINER_RESEARCH","Likely sample container; parser/hardware validation needed.","90","False","False","True","NO_BINARY_OUTPUT_METADATA_ONLY"
"RAM05.PCM","E:\UAOS_OPEN_LIBRARY_SOURCE\pa3x\LIVE CHARKI 3 2.SET\LIVE CHARKI 3 2.SET\PCM\RAM05.PCM",".pcm","1133318","14B928844B1442DC73EBA7F2EC130E4563A95B0DCEAE244E2F0A74F8BF5431B2","PCM_CONTAINER","PARSER_CANDIDATE","V1719_PCM_CONTAINER_RESEARCH","Likely sample container; parser/hardware validation needed.","90","False","False","True","NO_BINARY_OUTPUT_METADATA_ONLY"
"RAM05.PCM","E:\UAOS_OPEN_LIBRARY_SOURCE\pa3x\a1111.SET\a1111.SET\PCM\RAM05.PCM",".pcm","4773650","D139FB5823C99637C30907C9B9E61B69EBEE577E536DD4EC7417AAF83F5EDC80","PCM_CONTAINER","PARSER_CANDIDATE","V1719_PCM_CONTAINER_RESEARCH","Likely sample container; parser/hardware validation needed.","90","False","False","True","NO_BINARY_OUTPUT_METADATA_ONLY"
"RAM05.PCM","E:\UAOS_OPEN_LIBRARY_SOURCE\pa3x\ABOUD NEXT-MG.SET\ABOUD NEXT-MG.SET\PCM\RAM05.PCM",".pcm","4116629","FD75B7DB17FA4943DE9465EAA4803613E8991EE7B3022CFBE9B8157F9D096472","PCM_CONTAINER","PARSER_CANDIDATE","V1719_PCM_CONTAINER_RESEARCH","Likely sample container; parser/hardware validation needed.","90","False","False","True","NO_BINARY_OUTPUT_METADATA_ONLY"
"RAM05.PCM","E:\UAOS_OPEN_LIBRARY_SOURCE\pa3x\rahm pa3x.SET\rahm pa3x.SET\PCM\RAM05.PCM",".pcm","2873414","DBF6C78A0FE75C19C9EE9BA8EAE879079927E11A834691067F56E2B33408034D","PCM_CONTAINER","PARSER_CANDIDATE","V1719_PCM_CONTAINER_RESEARCH","Likely sample container; parser/hardware validation needed.","90","False","False","True","NO_BINARY_OUTPUT_METADATA_ONLY"
"RAM05.PCM","E:\UAOS_OPEN_LIBRARY_SOURCE\pa3x\‏‏RoTaNa(1) pa3x.SET - نسخة\tareq pa3x.SET\PCM\RAM05.PCM",".pcm","2583212","BEC370C6ECBD1A36220B9C9EABAD60E8ED8C92E5051A052F0ED13577C9B8D946","PCM_CONTAINER","PARSER_CANDIDATE","V1719_PCM_CONTAINER_RESEARCH","Likely sample container; parser/hardware validation needed.","90","False","False","True","NO_BINARY_OUTPUT_METADATA_ONLY"
"RAM05.PCM","E:\UAOS_OPEN_LIBRARY_SOURCE\pa3x\omar44.SET\omar44.SET\PCM\RAM05.PCM",".pcm","4197702","0B0E78D691C5516F21082B7A9434B12CDA60D282CBBF04E61917E6F535EB5C40","PCM_CONTAINER","PARSER_CANDIDATE","V1719_PCM_CONTAINER_RESEARCH","Likely sample container; parser/hardware validation needed.","90","False","False","True","NO_BINARY_OUTPUT_METADATA_ONLY"
"RAM06.PCM","E:\UAOS_OPEN_LIBRARY_SOURCE\pa3x\SUPER4X.3X ASLY2018.SET\SUPER4X.3X ASLY2018.SET\PCM\RAM06.PCM",".pcm","2814538","5A78A26EEF6998C34DDDFF8D80C28128B49642B6D7DEDF3A1BDE35F4760F3701","PCM_CONTAINER","PARSER_CANDIDATE","V1719_PCM_CONTAINER_RESEARCH","Likely sample container; parser/hardware validation needed.","90","False","False","True","NO_BINARY_OUTPUT_METADATA_ONLY"
"RAM06.PCM","E:\UAOS_OPEN_LIBRARY_SOURCE\pa3x\ABOUD NEXT-MG.SET\ABOUD NEXT-MG.SET\PCM\RAM06.PCM",".pcm","3883778","11374E2489667A1AA67A0CCBD6CB72C2EE8B422D66DE7B86DAC0008CCC35EE8B","PCM_CONTAINER","PARSER_CANDIDATE","V1719_PCM_CONTAINER_RESEARCH","Likely sample container; parser/hardware validation needed.","90","False","False","True","NO_BINARY_OUTPUT_METADATA_ONLY"
"RAM06.PCM","E:\UAOS_OPEN_LIBRARY_SOURCE\pa3x\‏‏RoTaNa(1) pa3x.SET - نسخة\tareq pa3x.SET\PCM\RAM06.PCM",".pcm","2575299","F701002B1AC76A3DE3C46008225DE84A893E00D79B9620574F33EF809E9D907D","PCM_CONTAINER","PARSER_CANDIDATE","V1719_PCM_CONTAINER_RESEARCH","Likely sample container; parser/hardware validation needed.","90","False","False","True","NO_BINARY_OUTPUT_METADATA_ONLY"
"RAM06.PCM","E:\UAOS_OPEN_LIBRARY_SOURCE\pa3x\ROTANA. 2022.SET\ROTANA. 2022.SET\PCM\RAM06.PCM",".pcm","5038589","DA9F60883A4F1816DA127C1CA3AF18C30528196E69241AADD6DB6292BA8B213B","PCM_CONTAINER","PARSER_CANDIDATE","V1719_PCM_CONTAINER_RESEARCH","Likely sample container; parser/hardware validation needed.","90","False","False","True","NO_BINARY_OUTPUT_METADATA_ONLY"
"RAM06.PCM","E:\UAOS_OPEN_LIBRARY_SOURCE\pa3x\RoTaNa(1) pa3x.SET\tareq pa3x.SET\PCM\RAM06.PCM",".pcm","2575299","F701002B1AC76A3DE3C46008225DE84A893E00D79B9620574F33EF809E9D907D","PCM_CONTAINER","PARSER_CANDIDATE","V1719_PCM_CONTAINER_RESEARCH","Likely sample container; parser/hardware validation needed.","90","False","False","True","NO_BINARY_OUTPUT_METADATA_ONLY"
"RAM06.PCM","E:\UAOS_OPEN_LIBRARY_SOURCE\pa3x\omar44.SET\omar44.SET\PCM\RAM06.PCM",".pcm","4340456","236D14E75A6836DDDB911E3038F1F2F3D5C141AF2847527F1EF7886DB19865C2","PCM_CONTAINER","PARSER_CANDIDATE","V1719_PCM_CONTAINER_RESEARCH","Likely sample container; parser/hardware validation needed.","90","False","False","True","NO_BINARY_OUTPUT_METADATA_ONLY"
"RAM06.PCM","E:\UAOS_OPEN_LIBRARY_SOURCE\pa3x\LIVE CHARKI 3 2.SET\LIVE CHARKI 3 2.SET\PCM\RAM06.PCM",".pcm","1644106","A12CC10B184C0A4C864B1B6E4DD0B04C19A399386ABADA1FB40E625A9897FEDE","PCM_CONTAINER","PARSER_CANDIDATE","V1719_PCM_CONTAINER_RESEARCH","Likely sample container; parser/hardware validation needed.","90","False","False","True","NO_BINARY_OUTPUT_METADATA_ONLY"
"RAM06.PCM","E:\UAOS_OPEN_LIBRARY_SOURCE\pa3x\3xxxxx.SET\3xxxxx.SET\PCM\RAM06.PCM",".pcm","2628510","44503F7D24D34B077238C27EDE98E62838CC5763E18D0E0FB68EC21FC3D01F2F","PCM_CONTAINER","PARSER_CANDIDATE","V1719_PCM_CONTAINER_RESEARCH","Likely sample container; parser/hardware validation needed.","90","False","False","True","NO_BINARY_OUTPUT_METADATA_ONLY"
"RAM06.PCM","E:\UAOS_OPEN_LIBRARY_SOURCE\pa3x\a1111.SET\a1111.SET\PCM\RAM06.PCM",".pcm","8688605","9778FDEEFE6D22E1AC9BF1B60C737456064E7E09074BE19180AC9701B8301FEF","PCM_CONTAINER","PARSER_CANDIDATE","V1719_PCM_CONTAINER_RESEARCH","Likely sample container; parser/hardware validation needed.","90","False","False","True","NO_BINARY_OUTPUT_METADATA_ONLY"
"RAM06.PCM","E:\UAOS_OPEN_LIBRARY_SOURCE\pa3x\rahm pa3x.SET\rahm pa3x.SET\PCM\RAM06.PCM",".pcm","2141150","A16073CA94869633B3106687BA5B46168160C231C628F1A71A33E50AE53F3CE7","PCM_CONTAINER","PARSER_CANDIDATE","V1719_PCM_CONTAINER_RESEARCH","Likely sample container; parser/hardware validation needed.","90","False","False","True","NO_BINARY_OUTPUT_METADATA_ONLY"
"RAM06.PCM","E:\UAOS_OPEN_LIBRARY_SOURCE\pa3x\2020 pa1000 pa4x.SET\2020 pa1000 pa4x.SET\PCM\RAM06.PCM",".pcm","3275703","D63DBA25E002440F137F5EF94CF6615C249A6E76A06ABC105CFFD6AB2C55F9B3","PCM_CONTAINER","PARSER_CANDIDATE","V1719_PCM_CONTAINER_RESEARCH","Likely sample container; parser/hardware validation needed.","90","False","False","True","NO_BINARY_OUTPUT_METADATA_ONLY"
"RAM07.PCM","E:\UAOS_OPEN_LIBRARY_SOURCE\pa3x\a1111.SET\a1111.SET\PCM\RAM07.PCM",".pcm","6777106","6FD6E195A5013ECEA79ED74D6C0DB5630B6EF323742CCDD73AFC4BC020F555C1","PCM_CONTAINER","PARSER_CANDIDATE","V1719_PCM_CONTAINER_RESEARCH","Likely sample container; parser/hardware validation needed.","90","False","False","True","NO_BINARY_OUTPUT_METADATA_ONLY"
"RAM07.PCM","E:\UAOS_OPEN_LIBRARY_SOURCE\pa3x\SUPER4X.3X ASLY2018.SET\SUPER4X.3X ASLY2018.SET\PCM\RAM07.PCM",".pcm","2673824","71F4835DC66E22683EFD1A6BD1553EBC8C2B6662B5B69BB1B38C17940FC01DAC","PCM_CONTAINER","PARSER_CANDIDATE","V1719_PCM_CONTAINER_RESEARCH","Likely sample container; parser/hardware validation needed.","90","False","False","True","NO_BINARY_OUTPUT_METADATA_ONLY"
"RAM07.PCM","E:\UAOS_OPEN_LIBRARY_SOURCE\pa3x\omar44.SET\omar44.SET\PCM\RAM07.PCM",".pcm","4084922","D8051DED3252046D3C3677BC3356646D6AF743A8AFE5BC31CEC13625A8E82E88","PCM_CONTAINER","PARSER_CANDIDATE","V1719_PCM_CONTAINER_RESEARCH","Likely sample container; parser/hardware validation needed.","90","False","False","True","NO_BINARY_OUTPUT_METADATA_ONLY"
"RAM07.PCM","E:\UAOS_OPEN_LIBRARY_SOURCE\pa3x\LIVE CHARKI 3 2.SET\LIVE CHARKI 3 2.SET\PCM\RAM07.PCM",".pcm","1057747","F145E881EC040DBA767D9515820C0F9819D270D145BFDD251E6572E2623667DD","PCM_CONTAINER","PARSER_CANDIDATE","V1719_PCM_CONTAINER_RESEARCH","Likely sample container; parser/hardware validation needed.","90","False","False","True","NO_BINARY_OUTPUT_METADATA_ONLY"
"RAM07.PCM","E:\UAOS_OPEN_LIBRARY_SOURCE\pa3x\rahm pa3x.SET\rahm pa3x.SET\PCM\RAM07.PCM",".pcm","2230320","1348347454EA19A3BE75A255B93DE0E8C3F00B11341968A40FADEF5101E9F2EC","PCM_CONTAINER","PARSER_CANDIDATE","V1719_PCM_CONTAINER_RESEARCH","Likely sample container; parser/hardware validation needed.","90","False","False","True","NO_BINARY_OUTPUT_METADATA_ONLY"
"RAM07.PCM","E:\UAOS_OPEN_LIBRARY_SOURCE\pa3x\2020 pa1000 pa4x.SET\2020 pa1000 pa4x.SET\PCM\RAM07.PCM",".pcm","2897740","7A9E13B064B1AE9E4B021E5E3793C189EEC9E86EDAA8E75468392BF80985C96A","PCM_CONTAINER","PARSER_CANDIDATE","V1719_PCM_CONTAINER_RESEARCH","Likely sample container; parser/hardware validation needed.","90","False","False","True","NO_BINARY_OUTPUT_METADATA_ONLY"
"RAM07.PCM","E:\UAOS_OPEN_LIBRARY_SOURCE\pa3x\ABOUD NEXT-MG.SET\ABOUD NEXT-MG.SET\PCM\RAM07.PCM",".pcm","5560572","5F69CFF62518817F6AB7E3674C8A1A9313291E0E8EED632A6AB0A4CCD4480113","PCM_CONTAINER","PARSER_CANDIDATE","V1719_PCM_CONTAINER_RESEARCH","Likely sample container; parser/hardware validation needed.","90","False","False","True","NO_BINARY_OUTPUT_METADATA_ONLY"
"RAM07.PCM","E:\UAOS_OPEN_LIBRARY_SOURCE\pa3x\RoTaNa(1) pa3x.SET\tareq pa3x.SET\PCM\RAM07.PCM",".pcm","2583774","0B82DF6EB2462B9E7B43DBEA67E1C15DD9EFF3F61EF10D1B9AB63041760C83AF","PCM_CONTAINER","PARSER_CANDIDATE","V1719_PCM_CONTAINER_RESEARCH","Likely sample container; parser/hardware validation needed.","90","False","False","True","NO_BINARY_OUTPUT_METADATA_ONLY"
"RAM07.PCM","E:\UAOS_OPEN_LIBRARY_SOURCE\pa3x\‏‏RoTaNa(1) pa3x.SET - نسخة\tareq pa3x.SET\PCM\RAM07.PCM",".pcm","2583774","0B82DF6EB2462B9E7B43DBEA67E1C15DD9EFF3F61EF10D1B9AB63041760C83AF","PCM_CONTAINER","PARSER_CANDIDATE","V1719_PCM_CONTAINER_RESEARCH","Likely sample container; parser/hardware validation needed.","90","False","False","True","NO_BINARY_OUTPUT_METADATA_ONLY"
"RAM07.PCM","E:\UAOS_OPEN_LIBRARY_SOURCE\pa3x\3xxxxx.SET\3xxxxx.SET\PCM\RAM07.PCM",".pcm","2987916","EDED11A78076237D583AF46D71C1ACC6FCD23F41A3190ED5F80B8E35690EE269","PCM_CONTAINER","PARSER_CANDIDATE","V1719_PCM_CONTAINER_RESEARCH","Likely sample container; parser/hardware validation needed.","90","False","False","True","NO_BINARY_OUTPUT_METADATA_ONLY"
"RAM07.PCM","E:\UAOS_OPEN_LIBRARY_SOURCE\pa3x\ROTANA. 2022.SET\ROTANA. 2022.SET\PCM\RAM07.PCM",".pcm","4782854","6C4090BCF31FA5DF032CEA7F670C72B3E148EAA939877761DBC80ED3C4F735CC","PCM_CONTAINER","PARSER_CANDIDATE","V1719_PCM_CONTAINER_RESEARCH","Likely sample container; parser/hardware validation needed.","90","False","False","True","NO_BINARY_OUTPUT_METADATA_ONLY"
"RAM08.PCM","E:\UAOS_OPEN_LIBRARY_SOURCE\pa3x\omar44.SET\omar44.SET\PCM\RAM08.PCM",".pcm","4103033","A74191B14DC66A7F6707383DE612FA1C60857379A88EBF595A00E0A1F5D4F693","PCM_CONTAINER","PARSER_CANDIDATE","V1719_PCM_CONTAINER_RESEARCH","Likely sample container; parser/hardware validation needed.","90","False","False","True","NO_BINARY_OUTPUT_METADATA_ONLY"
"RAM08.PCM","E:\UAOS_OPEN_LIBRARY_SOURCE\pa3x\ABOUD NEXT-MG.SET\ABOUD NEXT-MG.SET\PCM\RAM08.PCM",".pcm","3712318","1C9406763633FEDA2A40837E1720D85BFC7B0A40849017C414D53CAE9716620D","PCM_CONTAINER","PARSER_CANDIDATE","V1719_PCM_CONTAINER_RESEARCH","Likely sample container; parser/hardware validation needed.","90","False","False","True","NO_BINARY_OUTPUT_METADATA_ONLY"
"RAM08.PCM","E:\UAOS_OPEN_LIBRARY_SOURCE\pa3x\3xxxxx.SET\3xxxxx.SET\PCM\RAM08.PCM",".pcm","2754143","C754451465122D45FE802C863AD39D39640CBD257742EB89780BB3E8B1D7DD6C","PCM_CONTAINER","PARSER_CANDIDATE","V1719_PCM_CONTAINER_RESEARCH","Likely sample container; parser/hardware validation needed.","90","False","False","True","NO_BINARY_OUTPUT_METADATA_ONLY"
"RAM08.PCM","E:\UAOS_OPEN_LIBRARY_SOURCE\pa3x\‏‏RoTaNa(1) pa3x.SET - نسخة\tareq pa3x.SET\PCM\RAM08.PCM",".pcm","2581938","E11262772D53DDE57E134EA04FD2AA95C5A0F20E25841E0CE313BA5506DB2B43","PCM_CONTAINER","PARSER_CANDIDATE","V1719_PCM_CONTAINER_RESEARCH","Likely sample container; parser/hardware validation needed.","90","False","False","True","NO_BINARY_OUTPUT_METADATA_ONLY"
"RAM08.PCM","E:\UAOS_OPEN_LIBRARY_SOURCE\pa3x\RoTaNa(1) pa3x.SET\tareq pa3x.SET\PCM\RAM08.PCM",".pcm","2581938","E11262772D53DDE57E134EA04FD2AA95C5A0F20E25841E0CE313BA5506DB2B43","PCM_CONTAINER","PARSER_CANDIDATE","V1719_PCM_CONTAINER_RESEARCH","Likely sample container; parser/hardware validation needed.","90","False","False","True","NO_BINARY_OUTPUT_METADATA_ONLY"
"RAM08.PCM","E:\UAOS_OPEN_LIBRARY_SOURCE\pa3x\rahm pa3x.SET\rahm pa3x.SET\PCM\RAM08.PCM",".pcm","2107778","9ABC1C0B6C72B2DAA2381573453418131890F91CA59DB2BB4D0C5CCDEDFB985D","PCM_CONTAINER","PARSER_CANDIDATE","V1719_PCM_CONTAINER_RESEARCH","Likely sample container; parser/hardware validation needed.","90","False","False","True","NO_BINARY_OUTPUT_METADATA_ONLY"
"RAM08.PCM","E:\UAOS_OPEN_LIBRARY_SOURCE\pa3x\SUPER4X.3X ASLY2018.SET\SUPER4X.3X ASLY2018.SET\PCM\RAM08.PCM",".pcm","2693446","787D736686D07BA5C3E7F9519ADD9449C8BA7EBA08CB71CF593CB82C381F9C13","PCM_CONTAINER","PARSER_CANDIDATE","V1719_PCM_CONTAINER_RESEARCH","Likely sample container; parser/hardware validation needed.","90","False","False","True","NO_BINARY_OUTPUT_METADATA_ONLY"
"RAM08.PCM","E:\UAOS_OPEN_LIBRARY_SOURCE\pa3x\a1111.SET\a1111.SET\PCM\RAM08.PCM",".pcm","5611186","B5D74C92765C03A782F319363202CACDC9802CD6299B1519379672F9BDBB2A1E","PCM_CONTAINER","PARSER_CANDIDATE","V1719_PCM_CONTAINER_RESEARCH","Likely sample container; parser/hardware validation needed.","90","False","False","True","NO_BINARY_OUTPUT_METADATA_ONLY"
"RAM08.PCM","E:\UAOS_OPEN_LIBRARY_SOURCE\pa3x\ROTANA. 2022.SET\ROTANA. 2022.SET\PCM\RAM08.PCM",".pcm","5871908","8A314806DAA7CDFCFD207736DE8AAFD279A392722ABE90B42C7B038DA7B583B2","PCM_CONTAINER","PARSER_CANDIDATE","V1719_PCM_CONTAINER_RESEARCH","Likely sample container; parser/hardware validation needed.","90","False","False","True","NO_BINARY_OUTPUT_METADATA_ONLY"
"RAM08.PCM","E:\UAOS_OPEN_LIBRARY_SOURCE\pa3x\LIVE CHARKI 3 2.SET\LIVE CHARKI 3 2.SET\PCM\RAM08.PCM",".pcm","985219","93CD0290266D77E6F5E1571CD1CEE288E0FCD7F4702A2946A5525831EBE9B69B","PCM_CONTAINER","PARSER_CANDIDATE","V1719_PCM_CONTAINER_RESEARCH","Likely sample container; parser/hardware validation needed.","90","False","False","True","NO_BINARY_OUTPUT_METADATA_ONLY"
"RAM08.PCM","E:\UAOS_OPEN_LIBRARY_SOURCE\pa3x\2020 pa1000 pa4x.SET\2020 pa1000 pa4x.SET\PCM\RAM08.PCM",".pcm","3153652","CCB2066B201D7C09242D176D240BD3E0C6D97A741C7924DABBF0B511E23BAC03","PCM_CONTAINER","PARSER_CANDIDATE","V1719_PCM_CONTAINER_RESEARCH","Likely sample container; parser/hardware validation needed.","90","False","False","True","NO_BINARY_OUTPUT_METADATA_ONLY"
"RAM09.PCM","E:\UAOS_OPEN_LIBRARY_SOURCE\pa3x\omar44.SET\omar44.SET\PCM\RAM09.PCM",".pcm","4354675","9F54C8D327A31EE04B6F3AD4F06F13D5870FF5C34E2ED9D3899D064A4F690AED","PCM_CONTAINER","PARSER_CANDIDATE","V1719_PCM_CONTAINER_RESEARCH","Likely sample container; parser/hardware validation needed.","90","False","False","True","NO_BINARY_OUTPUT_METADATA_ONLY"
"RAM09.PCM","E:\UAOS_OPEN_LIBRARY_SOURCE\pa3x\ABOUD NEXT-MG.SET\ABOUD NEXT-MG.SET\PCM\RAM09.PCM",".pcm","4286239","39A3D1E4925F9F48D3D35F871BC3FEF90AE560DDED0D479773308E9A1DE04D1D","PCM_CONTAINER","PARSER_CANDIDATE","V1719_PCM_CONTAINER_RESEARCH","Likely sample container; parser/hardware validation needed.","90","False","False","True","NO_BINARY_OUTPUT_METADATA_ONLY"
"RAM09.PCM","E:\UAOS_OPEN_LIBRARY_SOURCE\pa3x\ROTANA. 2022.SET\ROTANA. 2022.SET\PCM\RAM09.PCM",".pcm","6566802","DD3EAA582CF40601E6DB2185EFEC0F608C27BDF660FD87AD803768280F5D7CB5","PCM_CONTAINER","PARSER_CANDIDATE","V1719_PCM_CONTAINER_RESEARCH","Likely sample container; parser/hardware validation needed.","90","False","False","True","NO_BINARY_OUTPUT_METADATA_ONLY"
"RAM09.PCM","E:\UAOS_OPEN_LIBRARY_SOURCE\pa3x\rahm pa3x.SET\rahm pa3x.SET\PCM\RAM09.PCM",".pcm","2196742","06993C274E9CFC5B1B03804D5A99A30FBE8A222AE2FAB883EF963876131A25D3","PCM_CONTAINER","PARSER_CANDIDATE","V1719_PCM_CONTAINER_RESEARCH","Likely sample container; parser/hardware validation needed.","90","False","False","True","NO_BINARY_OUTPUT_METADATA_ONLY"
"RAM09.PCM","E:\UAOS_OPEN_LIBRARY_SOURCE\pa3x\RoTaNa(1) pa3x.SET\tareq pa3x.SET\PCM\RAM09.PCM",".pcm","2572170","F97D341C12F2618E9940CCD9144061FBA717FCD530A4064AE31219148729D64E","PCM_CONTAINER","PARSER_CANDIDATE","V1719_PCM_CONTAINER_RESEARCH","Likely sample container; parser/hardware validation needed.","90","False","False","True","NO_BINARY_OUTPUT_METADATA_ONLY"
"RAM09.PCM","E:\UAOS_OPEN_LIBRARY_SOURCE\pa3x\3xxxxx.SET\3xxxxx.SET\PCM\RAM09.PCM",".pcm","2680543","701ACC7D7CA2500329A89EFF44E9B49C51785C86542BB0E909FC7C9BC1A551B8","PCM_CONTAINER","PARSER_CANDIDATE","V1719_PCM_CONTAINER_RESEARCH","Likely sample container; parser/hardware validation needed.","90","False","False","True","NO_BINARY_OUTPUT_METADATA_ONLY"
"RAM09.PCM","E:\UAOS_OPEN_LIBRARY_SOURCE\pa3x\‏‏RoTaNa(1) pa3x.SET - نسخة\tareq pa3x.SET\PCM\RAM09.PCM",".pcm","2572170","F97D341C12F2618E9940CCD9144061FBA717FCD530A4064AE31219148729D64E","PCM_CONTAINER","PARSER_CANDIDATE","V1719_PCM_CONTAINER_RESEARCH","Likely sample container; parser/hardware validation needed.","90","False","False","True","NO_BINARY_OUTPUT_METADATA_ONLY"
"RAM09.PCM","E:\UAOS_OPEN_LIBRARY_SOURCE\pa3x\SUPER4X.3X ASLY2018.SET\SUPER4X.3X ASLY2018.SET\PCM\RAM09.PCM",".pcm","2721696","ADEE1FE02C8EA4F90E815624029FE5A1E8E6CBBBAC3FFD5C301BD82679C327DD","PCM_CONTAINER","PARSER_CANDIDATE","V1719_PCM_CONTAINER_RESEARCH","Likely sample container; parser/hardware validation needed.","90","False","False","True","NO_BINARY_OUTPUT_METADATA_ONLY"
"RAM09.PCM","E:\UAOS_OPEN_LIBRARY_SOURCE\pa3x\a1111.SET\a1111.SET\PCM\RAM09.PCM",".pcm","9519328","B110DEFD5F3105B563ED728CEE54BE463AC4ACF22D40EDE4666CE43A8D7258FF","PCM_CONTAINER","PARSER_CANDIDATE","V1719_PCM_CONTAINER_RESEARCH","Likely sample container; parser/hardware validation needed.","90","False","False","True","NO_BINARY_OUTPUT_METADATA_ONLY"
"RAM09.PCM","E:\UAOS_OPEN_LIBRARY_SOURCE\pa3x\2020 pa1000 pa4x.SET\2020 pa1000 pa4x.SET\PCM\RAM09.PCM",".pcm","2967249","62884F0C14CF9C5D7C6AAAA5C63A426B60E0C2C5D2C637BCD6B9407609A09689","PCM_CONTAINER","PARSER_CANDIDATE","V1719_PCM_CONTAINER_RESEARCH","Likely sample container; parser/hardware validation needed.","90","False","False","True","NO_BINARY_OUTPUT_METADATA_ONLY"
"RAM09.PCM","E:\UAOS_OPEN_LIBRARY_SOURCE\pa3x\LIVE CHARKI 3 2.SET\LIVE CHARKI 3 2.SET\PCM\RAM09.PCM",".pcm","2299259","D8F6407923B14E4A00F902598CDC9481C9E2952D19279F6B3A37827005FE065A","PCM_CONTAINER","PARSER_CANDIDATE","V1719_PCM_CONTAINER_RESEARCH","Likely sample container; parser/hardware validation needed.","90","False","False","True","NO_BINARY_OUTPUT_METADATA_ONLY"
"RAM10.PCM","E:\UAOS_OPEN_LIBRARY_SOURCE\pa3x\rahm pa3x.SET\rahm pa3x.SET\PCM\RAM10.PCM",".pcm","2123810","A5A13F8A6FEF4F413CA451661512D689D84B7D1076868C25F2F994DCBA8A904C","PCM_CONTAINER","PARSER_CANDIDATE","V1719_PCM_CONTAINER_RESEARCH","Likely sample container; parser/hardware validation needed.","90","False","False","True","NO_BINARY_OUTPUT_METADATA_ONLY"
"RAM10.PCM","E:\UAOS_OPEN_LIBRARY_SOURCE\pa3x\2020 pa1000 pa4x.SET\2020 pa1000 pa4x.SET\PCM\RAM10.PCM",".pcm","2924102","0C9AA19A3C02D7EA8AC7B91E4C88EF8C65213818B0E0872473796A54A202116D","PCM_CONTAINER","PARSER_CANDIDATE","V1719_PCM_CONTAINER_RESEARCH","Likely sample container; parser/hardware validation needed.","90","False","False","True","NO_BINARY_OUTPUT_METADATA_ONLY"
"RAM10.PCM","E:\UAOS_OPEN_LIBRARY_SOURCE\pa3x\RoTaNa(1) pa3x.SET\tareq pa3x.SET\PCM\RAM10.PCM",".pcm","2572926","EC857665EFA15F87DCF568EE7EB6E83B8736EA3F41522CEB70C2FDB87262A28E","PCM_CONTAINER","PARSER_CANDIDATE","V1719_PCM_CONTAINER_RESEARCH","Likely sample container; parser/hardware validation needed.","90","False","False","True","NO_BINARY_OUTPUT_METADATA_ONLY"
"RAM10.PCM","E:\UAOS_OPEN_LIBRARY_SOURCE\pa3x\a1111.SET\a1111.SET\PCM\RAM10.PCM",".pcm","8034078","4831DB83D9537B9D0B49B0984A7F439FE9CD5C5BBB44C493017E317BEDEE10D3","PCM_CONTAINER","PARSER_CANDIDATE","V1719_PCM_CONTAINER_RESEARCH","Likely sample container; parser/hardware validation needed.","90","False","False","True","NO_BINARY_OUTPUT_METADATA_ONLY"
"RAM10.PCM","E:\UAOS_OPEN_LIBRARY_SOURCE\pa3x\LIVE CHARKI 3 2.SET\LIVE CHARKI 3 2.SET\PCM\RAM10.PCM",".pcm","1458526","40918D496FAD14A92D7D6288F6B7098FCCDE10B07CC0F9BB32868E927CF48117","PCM_CONTAINER","PARSER_CANDIDATE","V1719_PCM_CONTAINER_RESEARCH","Likely sample container; parser/hardware validation needed.","90","False","False","True","NO_BINARY_OUTPUT_METADATA_ONLY"
"RAM10.PCM","E:\UAOS_OPEN_LIBRARY_SOURCE\pa3x\ABOUD NEXT-MG.SET\ABOUD NEXT-MG.SET\PCM\RAM10.PCM",".pcm","4708688","8C805B447C622963E851646CC65177BDEBFB443B2AE3944691A3D85E0E3DE645","PCM_CONTAINER","PARSER_CANDIDATE","V1719_PCM_CONTAINER_RESEARCH","Likely sample container; parser/hardware validation needed.","90","False","False","True","NO_BINARY_OUTPUT_METADATA_ONLY"
"RAM10.PCM","E:\UAOS_OPEN_LIBRARY_SOURCE\pa3x\‏‏RoTaNa(1) pa3x.SET - نسخة\tareq pa3x.SET\PCM\RAM10.PCM",".pcm","2572926","EC857665EFA15F87DCF568EE7EB6E83B8736EA3F41522CEB70C2FDB87262A28E","PCM_CONTAINER","PARSER_CANDIDATE","V1719_PCM_CONTAINER_RESEARCH","Likely sample container; parser/hardware validation needed.","90","False","False","True","NO_BINARY_OUTPUT_METADATA_ONLY"
"RAM10.PCM","E:\UAOS_OPEN_LIBRARY_SOURCE\pa3x\3xxxxx.SET\3xxxxx.SET\PCM\RAM10.PCM",".pcm","2813744","D24EC72969D178032E0631CBBCFF4A169744AE3D747D1AA85FF5A8642C92674F","PCM_CONTAINER","PARSER_CANDIDATE","V1719_PCM_CONTAINER_RESEARCH","Likely sample container; parser/hardware validation needed.","90","False","False","True","NO_BINARY_OUTPUT_METADATA_ONLY"
"RAM10.PCM","E:\UAOS_OPEN_LIBRARY_SOURCE\pa3x\ROTANA. 2022.SET\ROTANA. 2022.SET\PCM\RAM10.PCM",".pcm","6270172","A1DC76986AFAB9AC4CA145D71130B351BC3B16C043279194259C90B099CAEA6A","PCM_CONTAINER","PARSER_CANDIDATE","V1719_PCM_CONTAINER_RESEARCH","Likely sample container; parser/hardware validation needed.","90","False","False","True","NO_BINARY_OUTPUT_METADATA_ONLY"
"RAM10.PCM","E:\UAOS_OPEN_LIBRARY_SOURCE\pa3x\SUPER4X.3X ASLY2018.SET\SUPER4X.3X ASLY2018.SET\PCM\RAM10.PCM",".pcm","2684860","477426CC32C00DB99FB1957CA0AB00D65DD93E12CFACB1BA068E18B91FAF9A0D","PCM_CONTAINER","PARSER_CANDIDATE","V1719_PCM_CONTAINER_RESEARCH","Likely sample container; parser/hardware validation needed.","90","False","False","True","NO_BINARY_OUTPUT_METADATA_ONLY"
"RAM10.PCM","E:\UAOS_OPEN_LIBRARY_SOURCE\pa3x\omar44.SET\omar44.SET\PCM\RAM10.PCM",".pcm","4285332","61C5FE9E254B727232BF4EAE15F533EB17CA21F7286DBD4556E7E401F2472AE3","PCM_CONTAINER","PARSER_CANDIDATE","V1719_PCM_CONTAINER_RESEARCH","Likely sample container; parser/hardware validation needed.","90","False","False","True","NO_BINARY_OUTPUT_METADATA_ONLY"
"RAM11.PCM","E:\UAOS_OPEN_LIBRARY_SOURCE\pa3x\‏‏RoTaNa(1) pa3x.SET - نسخة\tareq pa3x.SET\PCM\RAM11.PCM",".pcm","2597590","24BE5147093E5E23C83746C2558743FA9AC22B543A89F61B2466D6CF1973F581","PCM_CONTAINER","PARSER_CANDIDATE","V1719_PCM_CONTAINER_RESEARCH","Likely sample container; parser/hardware validation needed.","90","False","False","True","NO_BINARY_OUTPUT_METADATA_ONLY"
"RAM11.PCM","E:\UAOS_OPEN_LIBRARY_SOURCE\pa3x\ROTANA. 2022.SET\ROTANA. 2022.SET\PCM\RAM11.PCM",".pcm","5315482","A1B17453C2249A7DE933A064A1BABA872F23B320A16B53D0F04FF1D74AC75B35","PCM_CONTAINER","PARSER_CANDIDATE","V1719_PCM_CONTAINER_RESEARCH","Likely sample container; parser/hardware validation needed.","90","False","False","True","NO_BINARY_OUTPUT_METADATA_ONLY"
"RAM11.PCM","E:\UAOS_OPEN_LIBRARY_SOURCE\pa3x\LIVE CHARKI 3 2.SET\LIVE CHARKI 3 2.SET\PCM\RAM11.PCM",".pcm","1188292","2454D9E0DE305BCEED0E9DB8E9A3AFA5CD077CAF8EB2FDB751B025E2B0187DB2","PCM_CONTAINER","PARSER_CANDIDATE","V1719_PCM_CONTAINER_RESEARCH","Likely sample container; parser/hardware validation needed.","90","False","False","True","NO_BINARY_OUTPUT_METADATA_ONLY"
"RAM11.PCM","E:\UAOS_OPEN_LIBRARY_SOURCE\pa3x\RoTaNa(1) pa3x.SET\tareq pa3x.SET\PCM\RAM11.PCM",".pcm","2597590","24BE5147093E5E23C83746C2558743FA9AC22B543A89F61B2466D6CF1973F581","PCM_CONTAINER","PARSER_CANDIDATE","V1719_PCM_CONTAINER_RESEARCH","Likely sample container; parser/hardware validation needed.","90","False","False","True","NO_BINARY_OUTPUT_METADATA_ONLY"
"RAM11.PCM","E:\UAOS_OPEN_LIBRARY_SOURCE\pa3x\omar44.SET\omar44.SET\PCM\RAM11.PCM",".pcm","4333023","4FF17D5AD70363DAC3AB031A9BC03BF693090A34EE4BF64AA877471B77CFE75A","PCM_CONTAINER","PARSER_CANDIDATE","V1719_PCM_CONTAINER_RESEARCH","Likely sample container; parser/hardware validation needed.","90","False","False","True","NO_BINARY_OUTPUT_METADATA_ONLY"
"RAM11.PCM","E:\UAOS_OPEN_LIBRARY_SOURCE\pa3x\2020 pa1000 pa4x.SET\2020 pa1000 pa4x.SET\PCM\RAM11.PCM",".pcm","2887871","555D38675879D06226D928F1F373DACE50F0517D1818857298B7EF30CE7C4E26","PCM_CONTAINER","PARSER_CANDIDATE","V1719_PCM_CONTAINER_RESEARCH","Likely sample container; parser/hardware validation needed.","90","False","False","True","NO_BINARY_OUTPUT_METADATA_ONLY"
"RAM11.PCM","E:\UAOS_OPEN_LIBRARY_SOURCE\pa3x\3xxxxx.SET\3xxxxx.SET\PCM\RAM11.PCM",".pcm","3117701","474578A358DECB4A0F9D36AE611FB4E132CD46F2865E81F4BE3BCDBDED6C0844","PCM_CONTAINER","PARSER_CANDIDATE","V1719_PCM_CONTAINER_RESEARCH","Likely sample container; parser/hardware validation needed.","90","False","False","True","NO_BINARY_OUTPUT_METADATA_ONLY"
"RAM11.PCM","E:\UAOS_OPEN_LIBRARY_SOURCE\pa3x\ABOUD NEXT-MG.SET\ABOUD NEXT-MG.SET\PCM\RAM11.PCM",".pcm","3354113","04C7BCEF6E8163448020F34CB5479BC5038CCFCEBE818904DAF924B59E17D4BF","PCM_CONTAINER","PARSER_CANDIDATE","V1719_PCM_CONTAINER_RESEARCH","Likely sample container; parser/hardware validation needed.","90","False","False","True","NO_BINARY_OUTPUT_METADATA_ONLY"
"RAM11.PCM","E:\UAOS_OPEN_LIBRARY_SOURCE\pa3x\rahm pa3x.SET\rahm pa3x.SET\PCM\RAM11.PCM",".pcm","3182971","9CB272226D60D343178B3C07A531A742965EF6AF6DE24D46F97EBC7FF5DC2E6D","PCM_CONTAINER","PARSER_CANDIDATE","V1719_PCM_CONTAINER_RESEARCH","Likely sample container; parser/hardware validation needed.","90","False","False","True","NO_BINARY_OUTPUT_METADATA_ONLY"
"RAM11.PCM","E:\UAOS_OPEN_LIBRARY_SOURCE\pa3x\a1111.SET\a1111.SET\PCM\RAM11.PCM",".pcm","5766541","06B5F5DEBA4B320D7B43D374D9957AF672BD6DD23435A84A8C2F6ED04D6FC5F2","PCM_CONTAINER","PARSER_CANDIDATE","V1719_PCM_CONTAINER_RESEARCH","Likely sample container; parser/hardware validation needed.","90","False","False","True","NO_BINARY_OUTPUT_METADATA_ONLY"
"RAM11.PCM","E:\UAOS_OPEN_LIBRARY_SOURCE\pa3x\SUPER4X.3X ASLY2018.SET\SUPER4X.3X ASLY2018.SET\PCM\RAM11.PCM",".pcm","2647480","B5397546B1A923755DF637F72729D7D38B0324D462CBD302CC57D14D5564E9EF","PCM_CONTAINER","PARSER_CANDIDATE","V1719_PCM_CONTAINER_RESEARCH","Likely sample container; parser/hardware validation needed.","90","False","False","True","NO_BINARY_OUTPUT_METADATA_ONLY"
"RAM12.PCM","E:\UAOS_OPEN_LIBRARY_SOURCE\pa3x\LIVE CHARKI 3 2.SET\LIVE CHARKI 3 2.SET\PCM\RAM12.PCM",".pcm","1337501","3AC41491122DF51E13A949AB864A56277C48E9991969292BE68B479406B91AA3","PCM_CONTAINER","PARSER_CANDIDATE","V1719_PCM_CONTAINER_RESEARCH","Likely sample container; parser/hardware validation needed.","90","False","False","True","NO_BINARY_OUTPUT_METADATA_ONLY"
"RAM12.PCM","E:\UAOS_OPEN_LIBRARY_SOURCE\pa3x\rahm pa3x.SET\rahm pa3x.SET\PCM\RAM12.PCM",".pcm","3002906","82305087BD8DA277A0BA5660F22418DD7BDA055F5939B80FD659326C7E8A5F11","PCM_CONTAINER","PARSER_CANDIDATE","V1719_PCM_CONTAINER_RESEARCH","Likely sample container; parser/hardware validation needed.","90","False","False","True","NO_BINARY_OUTPUT_METADATA_ONLY"
"RAM12.PCM","E:\UAOS_OPEN_LIBRARY_SOURCE\pa3x\omar44.SET\omar44.SET\PCM\RAM12.PCM",".pcm","4088689","2522A502C8886F079B98829148BB9C601E75502993416171D7D64E06F7ED8759","PCM_CONTAINER","PARSER_CANDIDATE","V1719_PCM_CONTAINER_RESEARCH","Likely sample container; parser/hardware validation needed.","90","False","False","True","NO_BINARY_OUTPUT_METADATA_ONLY"
"RAM12.PCM","E:\UAOS_OPEN_LIBRARY_SOURCE\pa3x\ROTANA. 2022.SET\ROTANA. 2022.SET\PCM\RAM12.PCM",".pcm","4335026","3CD1E75570963E7EFDAF61E249DD145F98EC16B07B8D4B33B7B13385AA943924","PCM_CONTAINER","PARSER_CANDIDATE","V1719_PCM_CONTAINER_RESEARCH","Likely sample container; parser/hardware validation needed.","90","False","False","True","NO_BINARY_OUTPUT_METADATA_ONLY"
"RAM12.PCM","E:\UAOS_OPEN_LIBRARY_SOURCE\pa3x\RoTaNa(1) pa3x.SET\tareq pa3x.SET\PCM\RAM12.PCM",".pcm","2571132","EC0F5EDF352CA7057D6198E97819C9836D66C295F6EE99DD53A0377E184CA99B","PCM_CONTAINER","PARSER_CANDIDATE","V1719_PCM_CONTAINER_RESEARCH","Likely sample container; parser/hardware validation needed.","90","False","False","True","NO_BINARY_OUTPUT_METADATA_ONLY"
"RAM12.PCM","E:\UAOS_OPEN_LIBRARY_SOURCE\pa3x\ABOUD NEXT-MG.SET\ABOUD NEXT-MG.SET\PCM\RAM12.PCM",".pcm","4557637","D5BEBC47EB5D618CF014B622CBE1C2CB36F517A1F344FF3FD4F0812FD1843696","PCM_CONTAINER","PARSER_CANDIDATE","V1719_PCM_CONTAINER_RESEARCH","Likely sample container; parser/hardware validation needed.","90","False","False","True","NO_BINARY_OUTPUT_METADATA_ONLY"
"RAM12.PCM","E:\UAOS_OPEN_LIBRARY_SOURCE\pa3x\a1111.SET\a1111.SET\PCM\RAM12.PCM",".pcm","5643613","22592D11BAF08947EEBAD658CF44B837655851D96495FD2492984D0712FBE86A","PCM_CONTAINER","PARSER_CANDIDATE","V1719_PCM_CONTAINER_RESEARCH","Likely sample container; parser/hardware validation needed.","90","False","False","True","NO_BINARY_OUTPUT_METADATA_ONLY"
"RAM12.PCM","E:\UAOS_OPEN_LIBRARY_SOURCE\pa3x\SUPER4X.3X ASLY2018.SET\SUPER4X.3X ASLY2018.SET\PCM\RAM12.PCM",".pcm","2695913","8D95CB1DA9E8C4747EDA30C65700A37995A83EA69B5E74709154C4D82D2DD22B","PCM_CONTAINER","PARSER_CANDIDATE","V1719_PCM_CONTAINER_RESEARCH","Likely sample container; parser/hardware validation needed.","90","False","False","True","NO_BINARY_OUTPUT_METADATA_ONLY"
"RAM12.PCM","E:\UAOS_OPEN_LIBRARY_SOURCE\pa3x\‏‏RoTaNa(1) pa3x.SET - نسخة\tareq pa3x.SET\PCM\RAM12.PCM",".pcm","2571132","EC0F5EDF352CA7057D6198E97819C9836D66C295F6EE99DD53A0377E184CA99B","PCM_CONTAINER","PARSER_CANDIDATE","V1719_PCM_CONTAINER_RESEARCH","Likely sample container; parser/hardware validation needed.","90","False","False","True","NO_BINARY_OUTPUT_METADATA_ONLY"
"RAM12.PCM","E:\UAOS_OPEN_LIBRARY_SOURCE\pa3x\2020 pa1000 pa4x.SET\2020 pa1000 pa4x.SET\PCM\RAM12.PCM",".pcm","2886060","15B13775765B272D1FFB3FCB2B6F69E119DFBF9B3E1AD20997AAAF9124F40C0F","PCM_CONTAINER","PARSER_CANDIDATE","V1719_PCM_CONTAINER_RESEARCH","Likely sample container; parser/hardware validation needed.","90","False","False","True","NO_BINARY_OUTPUT_METADATA_ONLY"
"RAM12.PCM","E:\UAOS_OPEN_LIBRARY_SOURCE\pa3x\3xxxxx.SET\3xxxxx.SET\PCM\RAM12.PCM",".pcm","3100076","3C73BC0A6CB195517F791DC36D5712CEAE9BA1B2502BB23ED58D9DBE9B924D33","PCM_CONTAINER","PARSER_CANDIDATE","V1719_PCM_CONTAINER_RESEARCH","Likely sample container; parser/hardware validation needed.","90","False","False","True","NO_BINARY_OUTPUT_METADATA_ONLY"
"RAM13.PCM","E:\UAOS_OPEN_LIBRARY_SOURCE\pa3x\a1111.SET\a1111.SET\PCM\RAM13.PCM",".pcm","5376378","46867C435C08D2C619BD3B703800C47CBC784491203F54EC06A45A9A44ABBBBA","PCM_CONTAINER","PARSER_CANDIDATE","V1719_PCM_CONTAINER_RESEARCH","Likely sample container; parser/hardware validation needed.","90","False","False","True","NO_BINARY_OUTPUT_METADATA_ONLY"
"RAM13.PCM","E:\UAOS_OPEN_LIBRARY_SOURCE\pa3x\rahm pa3x.SET\rahm pa3x.SET\PCM\RAM13.PCM",".pcm","2349644","373FB9B7504C6D492C33CE086D512191DC92F8CF785674FFF1064448FDEA43EA","PCM_CONTAINER","PARSER_CANDIDATE","V1719_PCM_CONTAINER_RESEARCH","Likely sample container; parser/hardware validation needed.","90","False","False","True","NO_BINARY_OUTPUT_METADATA_ONLY"
"RAM13.PCM","E:\UAOS_OPEN_LIBRARY_SOURCE\pa3x\LIVE CHARKI 3 2.SET\LIVE CHARKI 3 2.SET\PCM\RAM13.PCM",".pcm","2127618","354ABDF3FD90BBC73E970402E65AAD355ED6922DC4D8F50D684613478DE0E5EB","PCM_CONTAINER","PARSER_CANDIDATE","V1719_PCM_CONTAINER_RESEARCH","Likely sample container; parser/hardware validation needed.","90","False","False","True","NO_BINARY_OUTPUT_METADATA_ONLY"
"RAM13.PCM","E:\UAOS_OPEN_LIBRARY_SOURCE\pa3x\ABOUD NEXT-MG.SET\ABOUD NEXT-MG.SET\PCM\RAM13.PCM",".pcm","4154014","E986359009EBB1507AC99E46A762DCCB25200EDECEF22A58D3AA9BCE82583F72","PCM_CONTAINER","PARSER_CANDIDATE","V1719_PCM_CONTAINER_RESEARCH","Likely sample container; parser/hardware validation needed.","90","False","False","True","NO_BINARY_OUTPUT_METADATA_ONLY"
"RAM13.PCM","E:\UAOS_OPEN_LIBRARY_SOURCE\pa3x\3xxxxx.SET\3xxxxx.SET\PCM\RAM13.PCM",".pcm","2826308","279DF36A88EF59C4D332F6BB4599E537193E3B196260B7DF83414E4598FE56BD","PCM_CONTAINER","PARSER_CANDIDATE","V1719_PCM_CONTAINER_RESEARCH","Likely sample container; parser/hardware validation needed.","90","False","False","True","NO_BINARY_OUTPUT_METADATA_ONLY"
"RAM13.PCM","E:\UAOS_OPEN_LIBRARY_SOURCE\pa3x\ROTANA. 2022.SET\ROTANA. 2022.SET\PCM\RAM13.PCM",".pcm","5460796","5434EDA973BF4F632E522012015474BDAE0F85417CC1966973006CD89FAED18D","PCM_CONTAINER","PARSER_CANDIDATE","V1719_PCM_CONTAINER_RESEARCH","Likely sample container; parser/hardware validation needed.","90","False","False","True","NO_BINARY_OUTPUT_METADATA_ONLY"
"RAM13.PCM","E:\UAOS_OPEN_LIBRARY_SOURCE\pa3x\omar44.SET\omar44.SET\PCM\RAM13.PCM",".pcm","4265823","E1628A0026838C296E115E5BB55E90F76FD7F565C81E88B2D7225178C4BE3241","PCM_CONTAINER","PARSER_CANDIDATE","V1719_PCM_CONTAINER_RESEARCH","Likely sample container; parser/hardware validation needed.","90","False","False","True","NO_BINARY_OUTPUT_METADATA_ONLY"
"RAM13.PCM","E:\UAOS_OPEN_LIBRARY_SOURCE\pa3x\‏‏RoTaNa(1) pa3x.SET - نسخة\tareq pa3x.SET\PCM\RAM13.PCM",".pcm","2602404","6CB5479898B1E9D596162FE9621C136FD6931A02553AB966A56518A817B5829A","PCM_CONTAINER","PARSER_CANDIDATE","V1719_PCM_CONTAINER_RESEARCH","Likely sample container; parser/hardware validation needed.","90","False","False","True","NO_BINARY_OUTPUT_METADATA_ONLY"
"RAM13.PCM","E:\UAOS_OPEN_LIBRARY_SOURCE\pa3x\RoTaNa(1) pa3x.SET\tareq pa3x.SET\PCM\RAM13.PCM",".pcm","2602404","6CB5479898B1E9D596162FE9621C136FD6931A02553AB966A56518A817B5829A","PCM_CONTAINER","PARSER_CANDIDATE","V1719_PCM_CONTAINER_RESEARCH","Likely sample container; parser/hardware validation needed.","90","False","False","True","NO_BINARY_OUTPUT_METADATA_ONLY"
"RAM13.PCM","E:\UAOS_OPEN_LIBRARY_SOURCE\pa3x\2020 pa1000 pa4x.SET\2020 pa1000 pa4x.SET\PCM\RAM13.PCM",".pcm","2886954","B19488F8D68DDFB48A9FE62924145C9F2688C48FEA65E91E476BB9D0597434CE","PCM_CONTAINER","PARSER_CANDIDATE","V1719_PCM_CONTAINER_RESEARCH","Likely sample container; parser/hardware validation needed.","90","False","False","True","NO_BINARY_OUTPUT_METADATA_ONLY"
"RAM13.PCM","E:\UAOS_OPEN_LIBRARY_SOURCE\pa3x\SUPER4X.3X ASLY2018.SET\SUPER4X.3X ASLY2018.SET\PCM\RAM13.PCM",".pcm","2652646","DE22E66CBA1DFF2CA538B566FFD8425A0C77DC8CC1F158BDD92805DAEAD8B8B7","PCM_CONTAINER","PARSER_CANDIDATE","V1719_PCM_CONTAINER_RESEARCH","Likely sample container; parser/hardware validation needed.","90","False","False","True","NO_BINARY_OUTPUT_METADATA_ONLY"
"RAM14.PCM","E:\UAOS_OPEN_LIBRARY_SOURCE\pa3x\LIVE CHARKI 3 2.SET\LIVE CHARKI 3 2.SET\PCM\RAM14.PCM",".pcm","968491","904E661E66622E937063CD9DD30FC5B52E56739168CC0020D07E1BFDDB2686D1","PCM_CONTAINER","PARSER_CANDIDATE","V1719_PCM_CONTAINER_RESEARCH","Likely sample container; parser/hardware validation needed.","90","False","False","True","NO_BINARY_OUTPUT_METADATA_ONLY"
"RAM14.PCM","E:\UAOS_OPEN_LIBRARY_SOURCE\pa3x\rahm pa3x.SET\rahm pa3x.SET\PCM\RAM14.PCM",".pcm","2324140","6871E9E2512A9299E36A27A3A279F1D80EC0F98D7A2827B9CCA79453B56CF11C","PCM_CONTAINER","PARSER_CANDIDATE","V1719_PCM_CONTAINER_RESEARCH","Likely sample container; parser/hardware validation needed.","90","False","False","True","NO_BINARY_OUTPUT_METADATA_ONLY"
"RAM14.PCM","E:\UAOS_OPEN_LIBRARY_SOURCE\pa3x\omar44.SET\omar44.SET\PCM\RAM14.PCM",".pcm","4064712","102E9F4630AE6DF6DDDAA07457E8432AB96D3669B39FD8A242658B6BF6299C67","PCM_CONTAINER","PARSER_CANDIDATE","V1719_PCM_CONTAINER_RESEARCH","Likely sample container; parser/hardware validation needed.","90","False","False","True","NO_BINARY_OUTPUT_METADATA_ONLY"
"RAM14.PCM","E:\UAOS_OPEN_LIBRARY_SOURCE\pa3x\a1111.SET\a1111.SET\PCM\RAM14.PCM",".pcm","5532370","90E3FF50052F550840DE8E910F090042F1D6A84FA47D510CC801B9B32FB24801","PCM_CONTAINER","PARSER_CANDIDATE","V1719_PCM_CONTAINER_RESEARCH","Likely sample container; parser/hardware validation needed.","90","False","False","True","NO_BINARY_OUTPUT_METADATA_ONLY"
"RAM14.PCM","E:\UAOS_OPEN_LIBRARY_SOURCE\pa3x\3xxxxx.SET\3xxxxx.SET\PCM\RAM14.PCM",".pcm","2630606","D81D0CC369B17F604B8EFC6751332FA68B63052D03BC76F0DBF03B812252EDE9","PCM_CONTAINER","PARSER_CANDIDATE","V1719_PCM_CONTAINER_RESEARCH","Likely sample container; parser/hardware validation needed.","90","False","False","True","NO_BINARY_OUTPUT_METADATA_ONLY"
"RAM14.PCM","E:\UAOS_OPEN_LIBRARY_SOURCE\pa3x\ABOUD NEXT-MG.SET\ABOUD NEXT-MG.SET\PCM\RAM14.PCM",".pcm","5014276","3D295CF6E604178211326A670468276A90DB7FD194E8E76635B536A3617BBF14","PCM_CONTAINER","PARSER_CANDIDATE","V1719_PCM_CONTAINER_RESEARCH","Likely sample container; parser/hardware validation needed.","90","False","False","True","NO_BINARY_OUTPUT_METADATA_ONLY"
"RAM14.PCM","E:\UAOS_OPEN_LIBRARY_SOURCE\pa3x\SUPER4X.3X ASLY2018.SET\SUPER4X.3X ASLY2018.SET\PCM\RAM14.PCM",".pcm","2646278","7B8114CE9337ECCB5E8A4AFB628AB54758798942F9467E703D6D2065F7D39579","PCM_CONTAINER","PARSER_CANDIDATE","V1719_PCM_CONTAINER_RESEARCH","Likely sample container; parser/hardware validation needed.","90","False","False","True","NO_BINARY_OUTPUT_METADATA_ONLY"
"RAM14.PCM","E:\UAOS_OPEN_LIBRARY_SOURCE\pa3x\RoTaNa(1) pa3x.SET\tareq pa3x.SET\PCM\RAM14.PCM",".pcm","2580888","F92E292633E25966F1EE832EF2159C4C8EE2BC90E67768BC253075FB53DAC8C3","PCM_CONTAINER","PARSER_CANDIDATE","V1719_PCM_CONTAINER_RESEARCH","Likely sample container; parser/hardware validation needed.","90","False","False","True","NO_BINARY_OUTPUT_METADATA_ONLY"
"RAM14.PCM","E:\UAOS_OPEN_LIBRARY_SOURCE\pa3x\‏‏RoTaNa(1) pa3x.SET - نسخة\tareq pa3x.SET\PCM\RAM14.PCM",".pcm","2580888","F92E292633E25966F1EE832EF2159C4C8EE2BC90E67768BC253075FB53DAC8C3","PCM_CONTAINER","PARSER_CANDIDATE","V1719_PCM_CONTAINER_RESEARCH","Likely sample container; parser/hardware validation needed.","90","False","False","True","NO_BINARY_OUTPUT_METADATA_ONLY"
"RAM14.PCM","E:\UAOS_OPEN_LIBRARY_SOURCE\pa3x\2020 pa1000 pa4x.SET\2020 pa1000 pa4x.SET\PCM\RAM14.PCM",".pcm","2959293","F9B77091C318B3DABAA4F66DB2B3FA59AF3CF88757EC23AEFD7DDA7A92582D68","PCM_CONTAINER","PARSER_CANDIDATE","V1719_PCM_CONTAINER_RESEARCH","Likely sample container; parser/hardware validation needed.","90","False","False","True","NO_BINARY_OUTPUT_METADATA_ONLY"
"RAM14.PCM","E:\UAOS_OPEN_LIBRARY_SOURCE\pa3x\ROTANA. 2022.SET\ROTANA. 2022.SET\PCM\RAM14.PCM",".pcm","5894168","8C7D42385B1B1ADA855A36D7998595FA935518B52919037D10D2C393E553BF47","PCM_CONTAINER","PARSER_CANDIDATE","V1719_PCM_CONTAINER_RESEARCH","Likely sample container; parser/hardware validation needed.","90","False","False","True","NO_BINARY_OUTPUT_METADATA_ONLY"
"RAM15.PCM","E:\UAOS_OPEN_LIBRARY_SOURCE\pa3x\ROTANA. 2022.SET\ROTANA. 2022.SET\PCM\RAM15.PCM",".pcm","5079888","F5E9FDFC52B8E066A574B8A50057F3E0A7793F08AFD373F4EC51211F4DD6454F","PCM_CONTAINER","PARSER_CANDIDATE","V1719_PCM_CONTAINER_RESEARCH","Likely sample container; parser/hardware validation needed.","90","False","False","True","NO_BINARY_OUTPUT_METADATA_ONLY"
"RAM15.PCM","E:\UAOS_OPEN_LIBRARY_SOURCE\pa3x\2020 pa1000 pa4x.SET\2020 pa1000 pa4x.SET\PCM\RAM15.PCM",".pcm","3133741","E8EC8429A66C32D9127415115130BC199F0CA2C2CF8F0534DF6D149A0B17A079","PCM_CONTAINER","PARSER_CANDIDATE","V1719_PCM_CONTAINER_RESEARCH","Likely sample container; parser/hardware validation needed.","90","False","False","True","NO_BINARY_OUTPUT_METADATA_ONLY"
"RAM15.PCM","E:\UAOS_OPEN_LIBRARY_SOURCE\pa3x\rahm pa3x.SET\rahm pa3x.SET\PCM\RAM15.PCM",".pcm","3210870","41A5252022F0A4D0999658894EA912E712741CB64DAFBC543CBF75040963CE61","PCM_CONTAINER","PARSER_CANDIDATE","V1719_PCM_CONTAINER_RESEARCH","Likely sample container; parser/hardware validation needed.","90","False","False","True","NO_BINARY_OUTPUT_METADATA_ONLY"
"RAM15.PCM","E:\UAOS_OPEN_LIBRARY_SOURCE\pa3x\3xxxxx.SET\3xxxxx.SET\PCM\RAM15.PCM",".pcm","2600088","828752212323A5E6EAFC7CA35247BDED702D6C8ED2DE42378772E5406B77C683","PCM_CONTAINER","PARSER_CANDIDATE","V1719_PCM_CONTAINER_RESEARCH","Likely sample container; parser/hardware validation needed.","90","False","False","True","NO_BINARY_OUTPUT_METADATA_ONLY"
"RAM15.PCM","E:\UAOS_OPEN_LIBRARY_SOURCE\pa3x\ABOUD NEXT-MG.SET\ABOUD NEXT-MG.SET\PCM\RAM15.PCM",".pcm","4294446","697B338F7FEE0EA58F42507BB6DD0294CA2813B537AA1C0369413A3D2B9DEE39","PCM_CONTAINER","PARSER_CANDIDATE","V1719_PCM_CONTAINER_RESEARCH","Likely sample container; parser/hardware validation needed.","90","False","False","True","NO_BINARY_OUTPUT_METADATA_ONLY"
"RAM15.PCM","E:\UAOS_OPEN_LIBRARY_SOURCE\pa3x\LIVE CHARKI 3 2.SET\LIVE CHARKI 3 2.SET\PCM\RAM15.PCM",".pcm","1189100","1E456FB43687C7D74C0179A9710CF592CDFB68CF49BC36A70415DB53CE0F5BD1","PCM_CONTAINER","PARSER_CANDIDATE","V1719_PCM_CONTAINER_RESEARCH","Likely sample container; parser/hardware validation needed.","90","False","False","True","NO_BINARY_OUTPUT_METADATA_ONLY"
"RAM15.PCM","E:\UAOS_OPEN_LIBRARY_SOURCE\pa3x\a1111.SET\a1111.SET\PCM\RAM15.PCM",".pcm","6444510","E0C5C899832B2FE294FF24A2A18D671AC343FEC52BD38B298EF7844199D76027","PCM_CONTAINER","PARSER_CANDIDATE","V1719_PCM_CONTAINER_RESEARCH","Likely sample container; parser/hardware validation needed.","90","False","False","True","NO_BINARY_OUTPUT_METADATA_ONLY"
"RAM15.PCM","E:\UAOS_OPEN_LIBRARY_SOURCE\pa3x\‏‏RoTaNa(1) pa3x.SET - نسخة\tareq pa3x.SET\PCM\RAM15.PCM",".pcm","2602582","033C331743A10AD505DE786D5BE216272073CCACBE39FDFA81B84ABCACB17F35","PCM_CONTAINER","PARSER_CANDIDATE","V1719_PCM_CONTAINER_RESEARCH","Likely sample container; parser/hardware validation needed.","90","False","False","True","NO_BINARY_OUTPUT_METADATA_ONLY"
"RAM15.PCM","E:\UAOS_OPEN_LIBRARY_SOURCE\pa3x\SUPER4X.3X ASLY2018.SET\SUPER4X.3X ASLY2018.SET\PCM\RAM15.PCM",".pcm","2698702","774A45394E7661710511166225557303466056BD60A54DF407639127901E46E6","PCM_CONTAINER","PARSER_CANDIDATE","V1719_PCM_CONTAINER_RESEARCH","Likely sample container; parser/hardware validation needed.","90","False","False","True","NO_BINARY_OUTPUT_METADATA_ONLY"
"RAM15.PCM","E:\UAOS_OPEN_LIBRARY_SOURCE\pa3x\omar44.SET\omar44.SET\PCM\RAM15.PCM",".pcm","4629262","4BCD9A227519C28A572702762A9637F8895256A87BAE4776C010A82F4D244D51","PCM_CONTAINER","PARSER_CANDIDATE","V1719_PCM_CONTAINER_RESEARCH","Likely sample container; parser/hardware validation needed.","90","False","False","True","NO_BINARY_OUTPUT_METADATA_ONLY"
"RAM15.PCM","E:\UAOS_OPEN_LIBRARY_SOURCE\pa3x\RoTaNa(1) pa3x.SET\tareq pa3x.SET\PCM\RAM15.PCM",".pcm","2602582","033C331743A10AD505DE786D5BE216272073CCACBE39FDFA81B84ABCACB17F35","PCM_CONTAINER","PARSER_CANDIDATE","V1719_PCM_CONTAINER_RESEARCH","Likely sample container; parser/hardware validation needed.","90","False","False","True","NO_BINARY_OUTPUT_METADATA_ONLY"
"RAM16.PCM","E:\UAOS_OPEN_LIBRARY_SOURCE\pa3x\a1111.SET\a1111.SET\PCM\RAM16.PCM",".pcm","6441298","DE179AB23E7F33FB40D891F244B41102071FE82949571D184CFAFD6A45C91D2B","PCM_CONTAINER","PARSER_CANDIDATE","V1719_PCM_CONTAINER_RESEARCH","Likely sample container; parser/hardware validation needed.","90","False","False","True","NO_BINARY_OUTPUT_METADATA_ONLY"
"RAM16.PCM","E:\UAOS_OPEN_LIBRARY_SOURCE\pa3x\2020 pa1000 pa4x.SET\2020 pa1000 pa4x.SET\PCM\RAM16.PCM",".pcm","3123337","046E0E5E452E2ED6B4E89DF03F0FD7709287E725A420421176CA534094A03033","PCM_CONTAINER","PARSER_CANDIDATE","V1719_PCM_CONTAINER_RESEARCH","Likely sample container; parser/hardware validation needed.","90","False","False","True","NO_BINARY_OUTPUT_METADATA_ONLY"
"RAM16.PCM","E:\UAOS_OPEN_LIBRARY_SOURCE\pa3x\ABOUD NEXT-MG.SET\ABOUD NEXT-MG.SET\PCM\RAM16.PCM",".pcm","4749343","1CC87831C5474286B9506B89EF51E82C24639A94B47C459952B96FE02E46B8D1","PCM_CONTAINER","PARSER_CANDIDATE","V1719_PCM_CONTAINER_RESEARCH","Likely sample container; parser/hardware validation needed.","90","False","False","True","NO_BINARY_OUTPUT_METADATA_ONLY"
"RAM16.PCM","E:\UAOS_OPEN_LIBRARY_SOURCE\pa3x\rahm pa3x.SET\rahm pa3x.SET\PCM\RAM16.PCM",".pcm","2242420","082E0FB05892FB78ADD4531ED41DCF026288FF215A8F5AA0B1814580156CD298","PCM_CONTAINER","PARSER_CANDIDATE","V1719_PCM_CONTAINER_RESEARCH","Likely sample container; parser/hardware validation needed.","90","False","False","True","NO_BINARY_OUTPUT_METADATA_ONLY"
"RAM16.PCM","E:\UAOS_OPEN_LIBRARY_SOURCE\pa3x\LIVE CHARKI 3 2.SET\LIVE CHARKI 3 2.SET\PCM\RAM16.PCM",".pcm","978379","543ECAFF1ADD84AE3BB2CF16F3CE8CC7EB0DFDE531B7166C3616B4C09DF9E89F","PCM_CONTAINER","PARSER_CANDIDATE","V1719_PCM_CONTAINER_RESEARCH","Likely sample container; parser/hardware validation needed.","90","False","False","True","NO_BINARY_OUTPUT_METADATA_ONLY"
"RAM16.PCM","E:\UAOS_OPEN_LIBRARY_SOURCE\pa3x\ROTANA. 2022.SET\ROTANA. 2022.SET\PCM\RAM16.PCM",".pcm","5100176","575863E0D1E01C4FB1FD30F08C0701D7A842DFACB8B14DD841CCAF50CAEBB4CA","PCM_CONTAINER","PARSER_CANDIDATE","V1719_PCM_CONTAINER_RESEARCH","Likely sample container; parser/hardware validation needed.","90","False","False","True","NO_BINARY_OUTPUT_METADATA_ONLY"
"RAM16.PCM","E:\UAOS_OPEN_LIBRARY_SOURCE\pa3x\omar44.SET\omar44.SET\PCM\RAM16.PCM",".pcm","4096960","EBD9CC2BE005891F8B17893C6CC95A03EC552C9E64E85E9B13059D2A9B54D7D9","PCM_CONTAINER","PARSER_CANDIDATE","V1719_PCM_CONTAINER_RESEARCH","Likely sample container; parser/hardware validation needed.","90","False","False","True","NO_BINARY_OUTPUT_METADATA_ONLY"
"RAM16.PCM","E:\UAOS_OPEN_LIBRARY_SOURCE\pa3x\3xxxxx.SET\3xxxxx.SET\PCM\RAM16.PCM",".pcm","3202688","F27E17A57F71D266F717F1A9BA96C7EAEFDB2D2B70E4CD5EAC169CA662B1949A","PCM_CONTAINER","PARSER_CANDIDATE","V1719_PCM_CONTAINER_RESEARCH","Likely sample container; parser/hardware validation needed.","90","False","False","True","NO_BINARY_OUTPUT_METADATA_ONLY"
"RAM16.PCM","E:\UAOS_OPEN_LIBRARY_SOURCE\pa3x\‏‏RoTaNa(1) pa3x.SET - نسخة\tareq pa3x.SET\PCM\RAM16.PCM",".pcm","2608028","CF83AE1B8D2AE5D4FFCF977F4DC9EF908AFD342CBB53216E043C0B8C5A4FEAC4","PCM_CONTAINER","PARSER_CANDIDATE","V1719_PCM_CONTAINER_RESEARCH","Likely sample container; parser/hardware validation needed.","90","False","False","True","NO_BINARY_OUTPUT_METADATA_ONLY"
"RAM16.PCM","E:\UAOS_OPEN_LIBRARY_SOURCE\pa3x\RoTaNa(1) pa3x.SET\tareq pa3x.SET\PCM\RAM16.PCM",".pcm","2608028","CF83AE1B8D2AE5D4FFCF977F4DC9EF908AFD342CBB53216E043C0B8C5A4FEAC4","PCM_CONTAINER","PARSER_CANDIDATE","V1719_PCM_CONTAINER_RESEARCH","Likely sample container; parser/hardware validation needed.","90","False","False","True","NO_BINARY_OUTPUT_METADATA_ONLY"
"RAM16.PCM","E:\UAOS_OPEN_LIBRARY_SOURCE\pa3x\SUPER4X.3X ASLY2018.SET\SUPER4X.3X ASLY2018.SET\PCM\RAM16.PCM",".pcm","2674768","2ADECE8D62C3ADA10EB4AC4A70B82FC5A6423C5AC62FA7458AF5C501BD7127C3","PCM_CONTAINER","PARSER_CANDIDATE","V1719_PCM_CONTAINER_RESEARCH","Likely sample container; parser/hardware validation needed.","90","False","False","True","NO_BINARY_OUTPUT_METADATA_ONLY"
"RAM17.PCM","E:\UAOS_OPEN_LIBRARY_SOURCE\pa3x\‏‏RoTaNa(1) pa3x.SET - نسخة\tareq pa3x.SET\PCM\RAM17.PCM",".pcm","2602018","F23EBCF489F901B3A8DFABBABC19862C47457276D32BA24ACB079CE324EADDBB","PCM_CONTAINER","PARSER_CANDIDATE","V1719_PCM_CONTAINER_RESEARCH","Likely sample container; parser/hardware validation needed.","90","False","False","True","NO_BINARY_OUTPUT_METADATA_ONLY"
"RAM17.PCM","E:\UAOS_OPEN_LIBRARY_SOURCE\pa3x\2020 pa1000 pa4x.SET\2020 pa1000 pa4x.SET\PCM\RAM17.PCM",".pcm","2883710","D2315FA5A83856F9BCA6066B2CFF76F1029DE95CE7E7B00EF673AA20663A5DDF","PCM_CONTAINER","PARSER_CANDIDATE","V1719_PCM_CONTAINER_RESEARCH","Likely sample container; parser/hardware validation needed.","90","False","False","True","NO_BINARY_OUTPUT_METADATA_ONLY"
"RAM17.PCM","E:\UAOS_OPEN_LIBRARY_SOURCE\pa3x\omar44.SET\omar44.SET\PCM\RAM17.PCM",".pcm","4331358","A11938D4F2B09C4730552ECBCCC158806C6C136A12ACCF214DCB3E9F12457FCB","PCM_CONTAINER","PARSER_CANDIDATE","V1719_PCM_CONTAINER_RESEARCH","Likely sample container; parser/hardware validation needed.","90","False","False","True","NO_BINARY_OUTPUT_METADATA_ONLY"
"RAM17.PCM","E:\UAOS_OPEN_LIBRARY_SOURCE\pa3x\rahm pa3x.SET\rahm pa3x.SET\PCM\RAM17.PCM",".pcm","2282928","446F27E11BDB8AD1DDEB1AFCB68033CA0AE1AFA8CB92F36348F2EB43D216854E","PCM_CONTAINER","PARSER_CANDIDATE","V1719_PCM_CONTAINER_RESEARCH","Likely sample container; parser/hardware validation needed.","90","False","False","True","NO_BINARY_OUTPUT_METADATA_ONLY"
"RAM17.PCM","E:\UAOS_OPEN_LIBRARY_SOURCE\pa3x\a1111.SET\a1111.SET\PCM\RAM17.PCM",".pcm","6007830","CFA7C0FF7A8813E1DA4B4F1961E4C969F8363D5161661330E19FCCBE80689400","PCM_CONTAINER","PARSER_CANDIDATE","V1719_PCM_CONTAINER_RESEARCH","Likely sample container; parser/hardware validation needed.","90","False","False","True","NO_BINARY_OUTPUT_METADATA_ONLY"
"RAM17.PCM","E:\UAOS_OPEN_LIBRARY_SOURCE\pa3x\ABOUD NEXT-MG.SET\ABOUD NEXT-MG.SET\PCM\RAM17.PCM",".pcm","4515203","3D45CCE67C03CB39CAE19DF667EE264F18A093ED28F5922440EF7EC1F6ACEFB6","PCM_CONTAINER","PARSER_CANDIDATE","V1719_PCM_CONTAINER_RESEARCH","Likely sample container; parser/hardware validation needed.","90","False","False","True","NO_BINARY_OUTPUT_METADATA_ONLY"
"RAM17.PCM","E:\UAOS_OPEN_LIBRARY_SOURCE\pa3x\RoTaNa(1) pa3x.SET\tareq pa3x.SET\PCM\RAM17.PCM",".pcm","2602018","F23EBCF489F901B3A8DFABBABC19862C47457276D32BA24ACB079CE324EADDBB","PCM_CONTAINER","PARSER_CANDIDATE","V1719_PCM_CONTAINER_RESEARCH","Likely sample container; parser/hardware validation needed.","90","False","False","True","NO_BINARY_OUTPUT_METADATA_ONLY"
"RAM17.PCM","E:\UAOS_OPEN_LIBRARY_SOURCE\pa3x\LIVE CHARKI 3 2.SET\LIVE CHARKI 3 2.SET\PCM\RAM17.PCM",".pcm","1152481","B3D8F69C4CA0757FC81FC712DE525C102E1A481E0CEFCDA10ADFD6D440977694","PCM_CONTAINER","PARSER_CANDIDATE","V1719_PCM_CONTAINER_RESEARCH","Likely sample container; parser/hardware validation needed.","90","False","False","True","NO_BINARY_OUTPUT_METADATA_ONLY"
"RAM17.PCM","E:\UAOS_OPEN_LIBRARY_SOURCE\pa3x\SUPER4X.3X ASLY2018.SET\SUPER4X.3X ASLY2018.SET\PCM\RAM17.PCM",".pcm","2639057","8AB64572A8FECF294E25DB8FA111D31C456B3920B4AB7E2D0A6A9AAF5ABFE755","PCM_CONTAINER","PARSER_CANDIDATE","V1719_PCM_CONTAINER_RESEARCH","Likely sample container; parser/hardware validation needed.","90","False","False","True","NO_BINARY_OUTPUT_METADATA_ONLY"
"RAM17.PCM","E:\UAOS_OPEN_LIBRARY_SOURCE\pa3x\ROTANA. 2022.SET\ROTANA. 2022.SET\PCM\RAM17.PCM",".pcm","4136146","2FF9D4FD9AFA168743056C5A96CB4C3799970DF565404CB282B85EDC5F6E3C94","PCM_CONTAINER","PARSER_CANDIDATE","V1719_PCM_CONTAINER_RESEARCH","Likely sample container; parser/hardware validation needed.","90","False","False","True","NO_BINARY_OUTPUT_METADATA_ONLY"
"RAM17.PCM","E:\UAOS_OPEN_LIBRARY_SOURCE\pa3x\3xxxxx.SET\3xxxxx.SET\PCM\RAM17.PCM",".pcm","2596056","46AA56A33AD9B2B026BE6BB394A1B3ED89B822A4E43DBCDD4B0BBDBAD0012353","PCM_CONTAINER","PARSER_CANDIDATE","V1719_PCM_CONTAINER_RESEARCH","Likely sample container; parser/hardware validation needed.","90","False","False","True","NO_BINARY_OUTPUT_METADATA_ONLY"
"RAM18.PCM","E:\UAOS_OPEN_LIBRARY_SOURCE\pa3x\2020 pa1000 pa4x.SET\2020 pa1000 pa4x.SET\PCM\RAM18.PCM",".pcm","3148254","2999DF8050B7545080F80A8C1AD7AAD374314EAC558A2F48E8305C535B0B0653","PCM_CONTAINER","PARSER_CANDIDATE","V1719_PCM_CONTAINER_RESEARCH","Likely sample container; parser/hardware validation needed.","90","False","False","True","NO_BINARY_OUTPUT_METADATA_ONLY"
"RAM18.PCM","E:\UAOS_OPEN_LIBRARY_SOURCE\pa3x\ABOUD NEXT-MG.SET\ABOUD NEXT-MG.SET\PCM\RAM18.PCM",".pcm","4320861","C42849FEFD35A35567C839C7C5709449AC64E457858E1A97752A2872B1118026","PCM_CONTAINER","PARSER_CANDIDATE","V1719_PCM_CONTAINER_RESEARCH","Likely sample container; parser/hardware validation needed.","90","False","False","True","NO_BINARY_OUTPUT_METADATA_ONLY"
"RAM18.PCM","E:\UAOS_OPEN_LIBRARY_SOURCE\pa3x\SUPER4X.3X ASLY2018.SET\SUPER4X.3X ASLY2018.SET\PCM\RAM18.PCM",".pcm","2705392","F9E1D2D15E93772EE1F911C40642F7279822108B397388BF5E5D4DCD0F7AA7CF","PCM_CONTAINER","PARSER_CANDIDATE","V1719_PCM_CONTAINER_RESEARCH","Likely sample container; parser/hardware validation needed.","90","False","False","True","NO_BINARY_OUTPUT_METADATA_ONLY"
"RAM18.PCM","E:\UAOS_OPEN_LIBRARY_SOURCE\pa3x\rahm pa3x.SET\rahm pa3x.SET\PCM\RAM18.PCM",".pcm","2296997","EA3F83F9D1F3D97123BB0EB95E0AC5F2E5909B097967CD0E375CCA32292D1BC5","PCM_CONTAINER","PARSER_CANDIDATE","V1719_PCM_CONTAINER_RESEARCH","Likely sample container; parser/hardware validation needed.","90","False","False","True","NO_BINARY_OUTPUT_METADATA_ONLY"
"RAM18.PCM","E:\UAOS_OPEN_LIBRARY_SOURCE\pa3x\omar44.SET\omar44.SET\PCM\RAM18.PCM",".pcm","4320580","9C9EB2A39AB5827BBA15262B16DCE76E809B29DCEFF14C489E84AEFF0E6C9A52","PCM_CONTAINER","PARSER_CANDIDATE","V1719_PCM_CONTAINER_RESEARCH","Likely sample container; parser/hardware validation needed.","90","False","False","True","NO_BINARY_OUTPUT_METADATA_ONLY"
"RAM18.PCM","E:\UAOS_OPEN_LIBRARY_SOURCE\pa3x\ROTANA. 2022.SET\ROTANA. 2022.SET\PCM\RAM18.PCM",".pcm","4383230","556AA4E7C2E0A8811F710167A71D56BB21A928B8715E6A5A16A9CB268DAF8852","PCM_CONTAINER","PARSER_CANDIDATE","V1719_PCM_CONTAINER_RESEARCH","Likely sample container; parser/hardware validation needed.","90","False","False","True","NO_BINARY_OUTPUT_METADATA_ONLY"
"RAM18.PCM","E:\UAOS_OPEN_LIBRARY_SOURCE\pa3x\RoTaNa(1) pa3x.SET\tareq pa3x.SET\PCM\RAM18.PCM",".pcm","2603771","C91C9AF36CDE215342D323E314802852B819312C62788D5357BB6A02D163439A","PCM_CONTAINER","PARSER_CANDIDATE","V1719_PCM_CONTAINER_RESEARCH","Likely sample container; parser/hardware validation needed.","90","False","False","True","NO_BINARY_OUTPUT_METADATA_ONLY"
"RAM18.PCM","E:\UAOS_OPEN_LIBRARY_SOURCE\pa3x\‏‏RoTaNa(1) pa3x.SET - نسخة\tareq pa3x.SET\PCM\RAM18.PCM",".pcm","2603771","C91C9AF36CDE215342D323E314802852B819312C62788D5357BB6A02D163439A","PCM_CONTAINER","PARSER_CANDIDATE","V1719_PCM_CONTAINER_RESEARCH","Likely sample container; parser/hardware validation needed.","90","False","False","True","NO_BINARY_OUTPUT_METADATA_ONLY"
"RAM18.PCM","E:\UAOS_OPEN_LIBRARY_SOURCE\pa3x\3xxxxx.SET\3xxxxx.SET\PCM\RAM18.PCM",".pcm","2550198","8FA1BBFD0F7D78BE0167FFE94D52247B78500C71A3E5B096B1C7C436A2EA5F45","PCM_CONTAINER","PARSER_CANDIDATE","V1719_PCM_CONTAINER_RESEARCH","Likely sample container; parser/hardware validation needed.","90","False","False","True","NO_BINARY_OUTPUT_METADATA_ONLY"
"RAM18.PCM","E:\UAOS_OPEN_LIBRARY_SOURCE\pa3x\a1111.SET\a1111.SET\PCM\RAM18.PCM",".pcm","5410136","4DAB55C8B3711626E6940EC66D5ABF65327C418C617F7EBB2B5C98D546C72B84","PCM_CONTAINER","PARSER_CANDIDATE","V1719_PCM_CONTAINER_RESEARCH","Likely sample container; parser/hardware validation needed.","90","False","False","True","NO_BINARY_OUTPUT_METADATA_ONLY"
"RAM18.PCM","E:\UAOS_OPEN_LIBRARY_SOURCE\pa3x\LIVE CHARKI 3 2.SET\LIVE CHARKI 3 2.SET\PCM\RAM18.PCM",".pcm","1114189","45840026DC29B27105E7173D116097B40E4A064058B501168D3A06CDD51AEF98","PCM_CONTAINER","PARSER_CANDIDATE","V1719_PCM_CONTAINER_RESEARCH","Likely sample container; parser/hardware validation needed.","90","False","False","True","NO_BINARY_OUTPUT_METADATA_ONLY"
"RAM19.PCM","E:\UAOS_OPEN_LIBRARY_SOURCE\pa3x\ROTANA. 2022.SET\ROTANA. 2022.SET\PCM\RAM19.PCM",".pcm","4973430","EC130401E2A43F9F78900805B7D515689A315095EF78BA45BEEC2979A1D600AA","PCM_CONTAINER","PARSER_CANDIDATE","V1719_PCM_CONTAINER_RESEARCH","Likely sample container; parser/hardware validation needed.","90","False","False","True","NO_BINARY_OUTPUT_METADATA_ONLY"
"RAM19.PCM","E:\UAOS_OPEN_LIBRARY_SOURCE\pa3x\3xxxxx.SET\3xxxxx.SET\PCM\RAM19.PCM",".pcm","2585199","470BB8B94D8E3B9BEF22D5660FAB25A13A1D89E80C6A1E858155C0C15D9FC1B6","PCM_CONTAINER","PARSER_CANDIDATE","V1719_PCM_CONTAINER_RESEARCH","Likely sample container; parser/hardware validation needed.","90","False","False","True","NO_BINARY_OUTPUT_METADATA_ONLY"
"RAM19.PCM","E:\UAOS_OPEN_LIBRARY_SOURCE\pa3x\2020 pa1000 pa4x.SET\2020 pa1000 pa4x.SET\PCM\RAM19.PCM",".pcm","3128339","E5A2DA2B9BBE922B0E7D063280DC4CC61171D72D87FF6E0E596A6B46E693DC24","PCM_CONTAINER","PARSER_CANDIDATE","V1719_PCM_CONTAINER_RESEARCH","Likely sample container; parser/hardware validation needed.","90","False","False","True","NO_BINARY_OUTPUT_METADATA_ONLY"
"RAM19.PCM","E:\UAOS_OPEN_LIBRARY_SOURCE\pa3x\SUPER4X.3X ASLY2018.SET\SUPER4X.3X ASLY2018.SET\PCM\RAM19.PCM",".pcm","2695214","4964C59B1DEC25663C450B1AE7716B678D936E4BEA76A46D0C63392F258DF520","PCM_CONTAINER","PARSER_CANDIDATE","V1719_PCM_CONTAINER_RESEARCH","Likely sample container; parser/hardware validation needed.","90","False","False","True","NO_BINARY_OUTPUT_METADATA_ONLY"
"RAM19.PCM","E:\UAOS_OPEN_LIBRARY_SOURCE\pa3x\‏‏RoTaNa(1) pa3x.SET - نسخة\tareq pa3x.SET\PCM\RAM19.PCM",".pcm","2582182","843D4E170EF8C9B177516F0F45D750F6289EA502A6515E84CD2B1F7821FC2920","PCM_CONTAINER","PARSER_CANDIDATE","V1719_PCM_CONTAINER_RESEARCH","Likely sample container; parser/hardware validation needed.","90","False","False","True","NO_BINARY_OUTPUT_METADATA_ONLY"
"RAM19.PCM","E:\UAOS_OPEN_LIBRARY_SOURCE\pa3x\RoTaNa(1) pa3x.SET\tareq pa3x.SET\PCM\RAM19.PCM",".pcm","2582182","843D4E170EF8C9B177516F0F45D750F6289EA502A6515E84CD2B1F7821FC2920","PCM_CONTAINER","PARSER_CANDIDATE","V1719_PCM_CONTAINER_RESEARCH","Likely sample container; parser/hardware validation needed.","90","False","False","True","NO_BINARY_OUTPUT_METADATA_ONLY"
"RAM19.PCM","E:\UAOS_OPEN_LIBRARY_SOURCE\pa3x\a1111.SET\a1111.SET\PCM\RAM19.PCM",".pcm","5941860","71CB6A150B14B187EF4363B47BEFBF0EF08CD19ADAEBD3A6EB8C66513E01624B","PCM_CONTAINER","PARSER_CANDIDATE","V1719_PCM_CONTAINER_RESEARCH","Likely sample container; parser/hardware validation needed.","90","False","False","True","NO_BINARY_OUTPUT_METADATA_ONLY"
"RAM19.PCM","E:\UAOS_OPEN_LIBRARY_SOURCE\pa3x\ABOUD NEXT-MG.SET\ABOUD NEXT-MG.SET\PCM\RAM19.PCM",".pcm","5055823","E8778CE69214FB378259CAA5978DE9F72AD948A2EA01B17E28F4E2A10E1A6B8D","PCM_CONTAINER","PARSER_CANDIDATE","V1719_PCM_CONTAINER_RESEARCH","Likely sample container; parser/hardware validation needed.","90","False","False","True","NO_BINARY_OUTPUT_METADATA_ONLY"
"RAM19.PCM","E:\UAOS_OPEN_LIBRARY_SOURCE\pa3x\LIVE CHARKI 3 2.SET\LIVE CHARKI 3 2.SET\PCM\RAM19.PCM",".pcm","1495720","8F3247A74DFAC06B38549FBE432F09454B61DD09F2B79B662BC493D485832F1C","PCM_CONTAINER","PARSER_CANDIDATE","V1719_PCM_CONTAINER_RESEARCH","Likely sample container; parser/hardware validation needed.","90","False","False","True","NO_BINARY_OUTPUT_METADATA_ONLY"
"RAM19.PCM","E:\UAOS_OPEN_LIBRARY_SOURCE\pa3x\rahm pa3x.SET\rahm pa3x.SET\PCM\RAM19.PCM",".pcm","2244701","E1EFF1FE26412B8D1A9583A45526398049E457C240BF315A9A477F4065F5176B","PCM_CONTAINER","PARSER_CANDIDATE","V1719_PCM_CONTAINER_RESEARCH","Likely sample container; parser/hardware validation needed.","90","False","False","True","NO_BINARY_OUTPUT_METADATA_ONLY"
"RAM19.PCM","E:\UAOS_OPEN_LIBRARY_SOURCE\pa3x\omar44.SET\omar44.SET\PCM\RAM19.PCM",".pcm","4351198","735B435B476B352DE53751DCF3B2FFB33D9FC9371DDDDFAA61ED2E053F943433","PCM_CONTAINER","PARSER_CANDIDATE","V1719_PCM_CONTAINER_RESEARCH","Likely sample container; parser/hardware validation needed.","90","False","False","True","NO_BINARY_OUTPUT_METADATA_ONLY"
"RAM20.PCM","E:\UAOS_OPEN_LIBRARY_SOURCE\pa3x\SUPER4X.3X ASLY2018.SET\SUPER4X.3X ASLY2018.SET\PCM\RAM20.PCM",".pcm","2656780","E02BA47E8AB3FF2ED6491934BEA5719559E0675C6D8A693DE7DFA244D51E4D74","PCM_CONTAINER","PARSER_CANDIDATE","V1719_PCM_CONTAINER_RESEARCH","Likely sample container; parser/hardware validation needed.","90","False","False","True","NO_BINARY_OUTPUT_METADATA_ONLY"
"RAM20.PCM","E:\UAOS_OPEN_LIBRARY_SOURCE\pa3x\rahm pa3x.SET\rahm pa3x.SET\PCM\RAM20.PCM",".pcm","2933785","CBE52D740C880B07750E792BF6377BBE5A24E075989534BD9FB982CD4E46CD9D","PCM_CONTAINER","PARSER_CANDIDATE","V1719_PCM_CONTAINER_RESEARCH","Likely sample container; parser/hardware validation needed.","90","False","False","True","NO_BINARY_OUTPUT_METADATA_ONLY"
"RAM20.PCM","E:\UAOS_OPEN_LIBRARY_SOURCE\pa3x\a1111.SET\a1111.SET\PCM\RAM20.PCM",".pcm","5488798","09A15C4934E63A93012F6FF0E95830BC8BE782C54E3517B9ACAE7B0EC9FAD2C6","PCM_CONTAINER","PARSER_CANDIDATE","V1719_PCM_CONTAINER_RESEARCH","Likely sample container; parser/hardware validation needed.","90","False","False","True","NO_BINARY_OUTPUT_METADATA_ONLY"
"RAM20.PCM","E:\UAOS_OPEN_LIBRARY_SOURCE\pa3x\‏‏RoTaNa(1) pa3x.SET - نسخة\tareq pa3x.SET\PCM\RAM20.PCM",".pcm","2740946","3E3DCDAC37C7970043801AD664C9B022F959681D0854FC16AAAEC415FB4B16A4","PCM_CONTAINER","PARSER_CANDIDATE","V1719_PCM_CONTAINER_RESEARCH","Likely sample container; parser/hardware validation needed.","90","False","False","True","NO_BINARY_OUTPUT_METADATA_ONLY"
"RAM20.PCM","E:\UAOS_OPEN_LIBRARY_SOURCE\pa3x\ABOUD NEXT-MG.SET\ABOUD NEXT-MG.SET\PCM\RAM20.PCM",".pcm","4301618","AB2150B165AFC2F17C5D152B0E8F4108A9D772440A32563BA0EF39F8927EA8AA","PCM_CONTAINER","PARSER_CANDIDATE","V1719_PCM_CONTAINER_RESEARCH","Likely sample container; parser/hardware validation needed.","90","False","False","True","NO_BINARY_OUTPUT_METADATA_ONLY"
"RAM20.PCM","E:\UAOS_OPEN_LIBRARY_SOURCE\pa3x\RoTaNa(1) pa3x.SET\tareq pa3x.SET\PCM\RAM20.PCM",".pcm","2740946","3E3DCDAC37C7970043801AD664C9B022F959681D0854FC16AAAEC415FB4B16A4","PCM_CONTAINER","PARSER_CANDIDATE","V1719_PCM_CONTAINER_RESEARCH","Likely sample container; parser/hardware validation needed.","90","False","False","True","NO_BINARY_OUTPUT_METADATA_ONLY"
"RAM20.PCM","E:\UAOS_OPEN_LIBRARY_SOURCE\pa3x\LIVE CHARKI 3 2.SET\LIVE CHARKI 3 2.SET\PCM\RAM20.PCM",".pcm","1216484","47A09664743662C726ED50F7228DA16C2892C19AD909D15085CC74B63E666A1F","PCM_CONTAINER","PARSER_CANDIDATE","V1719_PCM_CONTAINER_RESEARCH","Likely sample container; parser/hardware validation needed.","90","False","False","True","NO_BINARY_OUTPUT_METADATA_ONLY"
"RAM20.PCM","E:\UAOS_OPEN_LIBRARY_SOURCE\pa3x\ROTANA. 2022.SET\ROTANA. 2022.SET\PCM\RAM20.PCM",".pcm","6233835","17A307A91140582CE8E97629FDF68F0544249063F62DE4BF9685AB0815DB508E","PCM_CONTAINER","PARSER_CANDIDATE","V1719_PCM_CONTAINER_RESEARCH","Likely sample container; parser/hardware validation needed.","90","False","False","True","NO_BINARY_OUTPUT_METADATA_ONLY"
"RAM20.PCM","E:\UAOS_OPEN_LIBRARY_SOURCE\pa3x\omar44.SET\omar44.SET\PCM\RAM20.PCM",".pcm","4307984","886F424F9ACCB23CA1918B52B20434809FB3A06A1227664FA2616090C128DF96","PCM_CONTAINER","PARSER_CANDIDATE","V1719_PCM_CONTAINER_RESEARCH","Likely sample container; parser/hardware validation needed.","90","False","False","True","NO_BINARY_OUTPUT_METADATA_ONLY"
"RAM20.PCM","E:\UAOS_OPEN_LIBRARY_SOURCE\pa3x\2020 pa1000 pa4x.SET\2020 pa1000 pa4x.SET\PCM\RAM20.PCM",".pcm","2937107","C18082F52512D1EC616D5BD612BD77A5B4D48CA92EA2B5B5E6D381C49DAB5721","PCM_CONTAINER","PARSER_CANDIDATE","V1719_PCM_CONTAINER_RESEARCH","Likely sample container; parser/hardware validation needed.","90","False","False","True","NO_BINARY_OUTPUT_METADATA_ONLY"
"RAM20.PCM","E:\UAOS_OPEN_LIBRARY_SOURCE\pa3x\3xxxxx.SET\3xxxxx.SET\PCM\RAM20.PCM",".pcm","2915357","148F0D01E0B6F685D341889B143C1C012B9B81A8E4301C0A0AB07EC43571C860","PCM_CONTAINER","PARSER_CANDIDATE","V1719_PCM_CONTAINER_RESEARCH","Likely sample container; parser/hardware validation needed.","90","False","False","True","NO_BINARY_OUTPUT_METADATA_ONLY"
"RAM21.PCM","E:\UAOS_OPEN_LIBRARY_SOURCE\pa3x\LIVE CHARKI 3 2.SET\LIVE CHARKI 3 2.SET\PCM\RAM21.PCM",".pcm","1256886","085F98748B53D61F3E93B6C7692918B288B35F166F2CF6743E0A0CA0A69C049A","PCM_CONTAINER","PARSER_CANDIDATE","V1719_PCM_CONTAINER_RESEARCH","Likely sample container; parser/hardware validation needed.","90","False","False","True","NO_BINARY_OUTPUT_METADATA_ONLY"
"RAM21.PCM","E:\UAOS_OPEN_LIBRARY_SOURCE\pa3x\ABOUD NEXT-MG.SET\ABOUD NEXT-MG.SET\PCM\RAM21.PCM",".pcm","3583958","06C78CB76F58E43E9B6C4804CD5B84800679FCF4B7F101B669F05CC19A1C306C","PCM_CONTAINER","PARSER_CANDIDATE","V1719_PCM_CONTAINER_RESEARCH","Likely sample container; parser/hardware validation needed.","90","False","False","True","NO_BINARY_OUTPUT_METADATA_ONLY"
"RAM21.PCM","E:\UAOS_OPEN_LIBRARY_SOURCE\pa3x\‏‏RoTaNa(1) pa3x.SET - نسخة\tareq pa3x.SET\PCM\RAM21.PCM",".pcm","2704376","22DC962C7C91A581A1F7D4D48596888601B734B06AC8A1585E286CD0D61DEBC0","PCM_CONTAINER","PARSER_CANDIDATE","V1719_PCM_CONTAINER_RESEARCH","Likely sample container; parser/hardware validation needed.","90","False","False","True","NO_BINARY_OUTPUT_METADATA_ONLY"
"RAM21.PCM","E:\UAOS_OPEN_LIBRARY_SOURCE\pa3x\a1111.SET\a1111.SET\PCM\RAM21.PCM",".pcm","6603222","AC9EEC81E7837911E79DB8755940FDBBB9CFFFDCAF676E4A47FB8A3D03E075A0","PCM_CONTAINER","PARSER_CANDIDATE","V1719_PCM_CONTAINER_RESEARCH","Likely sample container; parser/hardware validation needed.","90","False","False","True","NO_BINARY_OUTPUT_METADATA_ONLY"
"RAM21.PCM","E:\UAOS_OPEN_LIBRARY_SOURCE\pa3x\3xxxxx.SET\3xxxxx.SET\PCM\RAM21.PCM",".pcm","2755596","3B3290A06E0DCFD770112B4952FAA61F1654A5A9C14E165C55BB1238E37AA5A0","PCM_CONTAINER","PARSER_CANDIDATE","V1719_PCM_CONTAINER_RESEARCH","Likely sample container; parser/hardware validation needed.","90","False","False","True","NO_BINARY_OUTPUT_METADATA_ONLY"
"RAM21.PCM","E:\UAOS_OPEN_LIBRARY_SOURCE\pa3x\SUPER4X.3X ASLY2018.SET\SUPER4X.3X ASLY2018.SET\PCM\RAM21.PCM",".pcm","2654498","FED494B2C9D5277810AB2D5B65EF8BF2D0E82ED54C51894B183DBEF38F734249","PCM_CONTAINER","PARSER_CANDIDATE","V1719_PCM_CONTAINER_RESEARCH","Likely sample container; parser/hardware validation needed.","90","False","False","True","NO_BINARY_OUTPUT_METADATA_ONLY"
"RAM21.PCM","E:\UAOS_OPEN_LIBRARY_SOURCE\pa3x\2020 pa1000 pa4x.SET\2020 pa1000 pa4x.SET\PCM\RAM21.PCM",".pcm","2888358","71EF64EC08CB3D4638E74FC0BE4C12247C0177CD28AAD895A41E0903226EE163","PCM_CONTAINER","PARSER_CANDIDATE","V1719_PCM_CONTAINER_RESEARCH","Likely sample container; parser/hardware validation needed.","90","False","False","True","NO_BINARY_OUTPUT_METADATA_ONLY"
"RAM21.PCM","E:\UAOS_OPEN_LIBRARY_SOURCE\pa3x\RoTaNa(1) pa3x.SET\tareq pa3x.SET\PCM\RAM21.PCM",".pcm","2704376","22DC962C7C91A581A1F7D4D48596888601B734B06AC8A1585E286CD0D61DEBC0","PCM_CONTAINER","PARSER_CANDIDATE","V1719_PCM_CONTAINER_RESEARCH","Likely sample container; parser/hardware validation needed.","90","False","False","True","NO_BINARY_OUTPUT_METADATA_ONLY"
"RAM21.PCM","E:\UAOS_OPEN_LIBRARY_SOURCE\pa3x\omar44.SET\omar44.SET\PCM\RAM21.PCM",".pcm","4180315","7355379FCC00BF3CBE1CB4C5C815B914B04E59FD94C04327B6339097C78E2C32","PCM_CONTAINER","PARSER_CANDIDATE","V1719_PCM_CONTAINER_RESEARCH","Likely sample container; parser/hardware validation needed.","90","False","False","True","NO_BINARY_OUTPUT_METADATA_ONLY"
"RAM21.PCM","E:\UAOS_OPEN_LIBRARY_SOURCE\pa3x\rahm pa3x.SET\rahm pa3x.SET\PCM\RAM21.PCM",".pcm","2347568","D8B142D386342B15727D0C18FECF5074060DFBA50790264380A79F8F3BF2BFF5","PCM_CONTAINER","PARSER_CANDIDATE","V1719_PCM_CONTAINER_RESEARCH","Likely sample container; parser/hardware validation needed.","90","False","False","True","NO_BINARY_OUTPUT_METADATA_ONLY"
"RAM21.PCM","E:\UAOS_OPEN_LIBRARY_SOURCE\pa3x\ROTANA. 2022.SET\ROTANA. 2022.SET\PCM\RAM21.PCM",".pcm","6386614","E329A5DE82FB5FF155FB0863D6AE61E9C260B8C3DBB55435E57B4CF2A038B4A7","PCM_CONTAINER","PARSER_CANDIDATE","V1719_PCM_CONTAINER_RESEARCH","Likely sample container; parser/hardware validation needed.","90","False","False","True","NO_BINARY_OUTPUT_METADATA_ONLY"
"RAM22.PCM","E:\UAOS_OPEN_LIBRARY_SOURCE\pa3x\ROTANA. 2022.SET\ROTANA. 2022.SET\PCM\RAM22.PCM",".pcm","4243472","31EC818410DDFC43F8F0514FF08C372FE66E50F06298B1C2E918374EC00B419A","PCM_CONTAINER","PARSER_CANDIDATE","V1719_PCM_CONTAINER_RESEARCH","Likely sample container; parser/hardware validation needed.","90","False","False","True","NO_BINARY_OUTPUT_METADATA_ONLY"
"RAM22.PCM","E:\UAOS_OPEN_LIBRARY_SOURCE\pa3x\rahm pa3x.SET\rahm pa3x.SET\PCM\RAM22.PCM",".pcm","2226914","00EA26C4C9A1A62DF7382680AE03119379AC9E5D7DD6CE7A0C902A01D8810EC0","PCM_CONTAINER","PARSER_CANDIDATE","V1719_PCM_CONTAINER_RESEARCH","Likely sample container; parser/hardware validation needed.","90","False","False","True","NO_BINARY_OUTPUT_METADATA_ONLY"
"RAM22.PCM","E:\UAOS_OPEN_LIBRARY_SOURCE\pa3x\‏‏RoTaNa(1) pa3x.SET - نسخة\tareq pa3x.SET\PCM\RAM22.PCM",".pcm","2586877","6AB5B22B28607DE58B2C2930D330B3DC3D7CC7541F6FA1FC6ECE4AD600C12DCD","PCM_CONTAINER","PARSER_CANDIDATE","V1719_PCM_CONTAINER_RESEARCH","Likely sample container; parser/hardware validation needed.","90","False","False","True","NO_BINARY_OUTPUT_METADATA_ONLY"
"RAM22.PCM","E:\UAOS_OPEN_LIBRARY_SOURCE\pa3x\3xxxxx.SET\3xxxxx.SET\PCM\RAM22.PCM",".pcm","2970662","B247132692665C675B70568E1230ED14118DFFD49031DFA272D91024F61F0983","PCM_CONTAINER","PARSER_CANDIDATE","V1719_PCM_CONTAINER_RESEARCH","Likely sample container; parser/hardware validation needed.","90","False","False","True","NO_BINARY_OUTPUT_METADATA_ONLY"
"RAM22.PCM","E:\UAOS_OPEN_LIBRARY_SOURCE\pa3x\2020 pa1000 pa4x.SET\2020 pa1000 pa4x.SET\PCM\RAM22.PCM",".pcm","2895836","3431CE66BD3D7F369AE0E5BA922F7582D1115B7673A5412830BCA9EADAB92C71","PCM_CONTAINER","PARSER_CANDIDATE","V1719_PCM_CONTAINER_RESEARCH","Likely sample container; parser/hardware validation needed.","90","False","False","True","NO_BINARY_OUTPUT_METADATA_ONLY"
"RAM22.PCM","E:\UAOS_OPEN_LIBRARY_SOURCE\pa3x\omar44.SET\omar44.SET\PCM\RAM22.PCM",".pcm","4340233","B61087AAAF9100E61D70801D8B283F0DFED8D8C09A3B989BF21E68EE5B39463C","PCM_CONTAINER","PARSER_CANDIDATE","V1719_PCM_CONTAINER_RESEARCH","Likely sample container; parser/hardware validation needed.","90","False","False","True","NO_BINARY_OUTPUT_METADATA_ONLY"
"RAM22.PCM","E:\UAOS_OPEN_LIBRARY_SOURCE\pa3x\LIVE CHARKI 3 2.SET\LIVE CHARKI 3 2.SET\PCM\RAM22.PCM",".pcm","1310471","06ABE1A59C9177D948133B4A5B4021878B5072C5AFB7A5826DAD57AD1C803718","PCM_CONTAINER","PARSER_CANDIDATE","V1719_PCM_CONTAINER_RESEARCH","Likely sample container; parser/hardware validation needed.","90","False","False","True","NO_BINARY_OUTPUT_METADATA_ONLY"
"RAM22.PCM","E:\UAOS_OPEN_LIBRARY_SOURCE\pa3x\ABOUD NEXT-MG.SET\ABOUD NEXT-MG.SET\PCM\RAM22.PCM",".pcm","3880298","4BAF16324496D68914D7B3580F3D21BD230A23E95E8AC2D8C80E86688B706D0F","PCM_CONTAINER","PARSER_CANDIDATE","V1719_PCM_CONTAINER_RESEARCH","Likely sample container; parser/hardware validation needed.","90","False","False","True","NO_BINARY_OUTPUT_METADATA_ONLY"
"RAM22.PCM","E:\UAOS_OPEN_LIBRARY_SOURCE\pa3x\SUPER4X.3X ASLY2018.SET\SUPER4X.3X ASLY2018.SET\PCM\RAM22.PCM",".pcm","2693046","BC19CCCB0F31ADC087CD64E2203D05893CEA202B3EE434F8B1FD29CC4A760AF7","PCM_CONTAINER","PARSER_CANDIDATE","V1719_PCM_CONTAINER_RESEARCH","Likely sample container; parser/hardware validation needed.","90","False","False","True","NO_BINARY_OUTPUT_METADATA_ONLY"
"RAM22.PCM","E:\UAOS_OPEN_LIBRARY_SOURCE\pa3x\RoTaNa(1) pa3x.SET\tareq pa3x.SET\PCM\RAM22.PCM",".pcm","2586877","6AB5B22B28607DE58B2C2930D330B3DC3D7CC7541F6FA1FC6ECE4AD600C12DCD","PCM_CONTAINER","PARSER_CANDIDATE","V1719_PCM_CONTAINER_RESEARCH","Likely sample container; parser/hardware validation needed.","90","False","False","True","NO_BINARY_OUTPUT_METADATA_ONLY"
"RAM22.PCM","E:\UAOS_OPEN_LIBRARY_SOURCE\pa3x\a1111.SET\a1111.SET\PCM\RAM22.PCM",".pcm","5799388","0A92B0DD08F5E6AEADAE7DC466127C9175052B7F4A9CF48FB500DD1578E7CB56","PCM_CONTAINER","PARSER_CANDIDATE","V1719_PCM_CONTAINER_RESEARCH","Likely sample container; parser/hardware validation needed.","90","False","False","True","NO_BINARY_OUTPUT_METADATA_ONLY"
"RAM23.PCM","E:\UAOS_OPEN_LIBRARY_SOURCE\pa3x\2020 pa1000 pa4x.SET\2020 pa1000 pa4x.SET\PCM\RAM23.PCM",".pcm","2909931","36C867F7E713B220E8DBA958352EA70D4C0F137FE4B826851A7847218DDCCFCE","PCM_CONTAINER","PARSER_CANDIDATE","V1719_PCM_CONTAINER_RESEARCH","Likely sample container; parser/hardware validation needed.","90","False","False","True","NO_BINARY_OUTPUT_METADATA_ONLY"
"RAM23.PCM","E:\UAOS_OPEN_LIBRARY_SOURCE\pa3x\3xxxxx.SET\3xxxxx.SET\PCM\RAM23.PCM",".pcm","2555829","AB169CFCEFE12A4A2C1C323CC7AAF12147565A9F90006025577980CA6DDA5042","PCM_CONTAINER","PARSER_CANDIDATE","V1719_PCM_CONTAINER_RESEARCH","Likely sample container; parser/hardware validation needed.","90","False","False","True","NO_BINARY_OUTPUT_METADATA_ONLY"
"RAM23.PCM","E:\UAOS_OPEN_LIBRARY_SOURCE\pa3x\ROTANA. 2022.SET\ROTANA. 2022.SET\PCM\RAM23.PCM",".pcm","5238212","73A3DF25BB303A246FE2CA3B030C7FA543BD2FE5CA59121529B890D2316E49F6","PCM_CONTAINER","PARSER_CANDIDATE","V1719_PCM_CONTAINER_RESEARCH","Likely sample container; parser/hardware validation needed.","90","False","False","True","NO_BINARY_OUTPUT_METADATA_ONLY"
"RAM23.PCM","E:\UAOS_OPEN_LIBRARY_SOURCE\pa3x\ABOUD NEXT-MG.SET\ABOUD NEXT-MG.SET\PCM\RAM23.PCM",".pcm","3598174","55018908777A9B69C862A876A87F9D869E423ABCBAD1E057BD6AB66B4FC74AEB","PCM_CONTAINER","PARSER_CANDIDATE","V1719_PCM_CONTAINER_RESEARCH","Likely sample container; parser/hardware validation needed.","90","False","False","True","NO_BINARY_OUTPUT_METADATA_ONLY"
"RAM23.PCM","E:\UAOS_OPEN_LIBRARY_SOURCE\pa3x\rahm pa3x.SET\rahm pa3x.SET\PCM\RAM23.PCM",".pcm","2106721","5FD69479BED96D950B3F868221C4E4D4518618D22F252EDB18EE5DBAC40CA0E6","PCM_CONTAINER","PARSER_CANDIDATE","V1719_PCM_CONTAINER_RESEARCH","Likely sample container; parser/hardware validation needed.","90","False","False","True","NO_BINARY_OUTPUT_METADATA_ONLY"
"RAM23.PCM","E:\UAOS_OPEN_LIBRARY_SOURCE\pa3x\a1111.SET\a1111.SET\PCM\RAM23.PCM",".pcm","5951486","26AF7B46F2D68FDF7AA04A2202149BF8D35B1642D440B7EE1FB1803FE168C3BA","PCM_CONTAINER","PARSER_CANDIDATE","V1719_PCM_CONTAINER_RESEARCH","Likely sample container; parser/hardware validation needed.","90","False","False","True","NO_BINARY_OUTPUT_METADATA_ONLY"
"RAM23.PCM","E:\UAOS_OPEN_LIBRARY_SOURCE\pa3x\‏‏RoTaNa(1) pa3x.SET - نسخة\tareq pa3x.SET\PCM\RAM23.PCM",".pcm","2581028","06ABA80B8AC13FA5DD3BFC85460364B8E9EC95C20FC4DB3AD4FDF0FE7B3BB72E","PCM_CONTAINER","PARSER_CANDIDATE","V1719_PCM_CONTAINER_RESEARCH","Likely sample container; parser/hardware validation needed.","90","False","False","True","NO_BINARY_OUTPUT_METADATA_ONLY"
"RAM23.PCM","E:\UAOS_OPEN_LIBRARY_SOURCE\pa3x\LIVE CHARKI 3 2.SET\LIVE CHARKI 3 2.SET\PCM\RAM23.PCM",".pcm","1347886","CA4D1EEB38318D89CB0F68C4BA111EB57F0EA7A9F8C3ACA11BB9E796A41926CE","PCM_CONTAINER","PARSER_CANDIDATE","V1719_PCM_CONTAINER_RESEARCH","Likely sample container; parser/hardware validation needed.","90","False","False","True","NO_BINARY_OUTPUT_METADATA_ONLY"
"RAM23.PCM","E:\UAOS_OPEN_LIBRARY_SOURCE\pa3x\omar44.SET\omar44.SET\PCM\RAM23.PCM",".pcm","4210298","FD0CA64ECC9FCCC20E956705E857AEB86FF8342655D989A373988F35076F8E84","PCM_CONTAINER","PARSER_CANDIDATE","V1719_PCM_CONTAINER_RESEARCH","Likely sample container; parser/hardware validation needed.","90","False","False","True","NO_BINARY_OUTPUT_METADATA_ONLY"
"RAM23.PCM","E:\UAOS_OPEN_LIBRARY_SOURCE\pa3x\SUPER4X.3X ASLY2018.SET\SUPER4X.3X ASLY2018.SET\PCM\RAM23.PCM",".pcm","2651190","E365917A7E94B9919360608CC92E29E1D6750A9D76B6F350F169EB7F30766D2C","PCM_CONTAINER","PARSER_CANDIDATE","V1719_PCM_CONTAINER_RESEARCH","Likely sample container; parser/hardware validation needed.","90","False","False","True","NO_BINARY_OUTPUT_METADATA_ONLY"
"RAM23.PCM","E:\UAOS_OPEN_LIBRARY_SOURCE\pa3x\RoTaNa(1) pa3x.SET\tareq pa3x.SET\PCM\RAM23.PCM",".pcm","2581028","06ABA80B8AC13FA5DD3BFC85460364B8E9EC95C20FC4DB3AD4FDF0FE7B3BB72E","PCM_CONTAINER","PARSER_CANDIDATE","V1719_PCM_CONTAINER_RESEARCH","Likely sample container; parser/hardware validation needed.","90","False","False","True","NO_BINARY_OUTPUT_METADATA_ONLY"
"RAM24.PCM","E:\UAOS_OPEN_LIBRARY_SOURCE\pa3x\ABOUD NEXT-MG.SET\ABOUD NEXT-MG.SET\PCM\RAM24.PCM",".pcm","3803441","8F2CDC433AF6FAA5C3A903DA8775AF0745162DBEDFC979B76C86AC7B4E4A79AD","PCM_CONTAINER","PARSER_CANDIDATE","V1719_PCM_CONTAINER_RESEARCH","Likely sample container; parser/hardware validation needed.","90","False","False","True","NO_BINARY_OUTPUT_METADATA_ONLY"
"RAM24.PCM","E:\UAOS_OPEN_LIBRARY_SOURCE\pa3x\a1111.SET\a1111.SET\PCM\RAM24.PCM",".pcm","8997538","75C8462518D7136CE175A65BDFEBA4DDEEE0A003EB9032FFC20AC38D57ABD7E2","PCM_CONTAINER","PARSER_CANDIDATE","V1719_PCM_CONTAINER_RESEARCH","Likely sample container; parser/hardware validation needed.","90","False","False","True","NO_BINARY_OUTPUT_METADATA_ONLY"
"RAM24.PCM","E:\UAOS_OPEN_LIBRARY_SOURCE\pa3x\LIVE CHARKI 3 2.SET\LIVE CHARKI 3 2.SET\PCM\RAM24.PCM",".pcm","1543671","6CEFA7673A6E4F663E21037424FB2144401BCC6E7D127828B9AFB28F7551415A","PCM_CONTAINER","PARSER_CANDIDATE","V1719_PCM_CONTAINER_RESEARCH","Likely sample container; parser/hardware validation needed.","90","False","False","True","NO_BINARY_OUTPUT_METADATA_ONLY"
"RAM24.PCM","E:\UAOS_OPEN_LIBRARY_SOURCE\pa3x\3xxxxx.SET\3xxxxx.SET\PCM\RAM24.PCM",".pcm","2640400","FF28E28EF6F97F083D2131D8BBB06A407B788264DB21C88B1A98E2C9757E6AB4","PCM_CONTAINER","PARSER_CANDIDATE","V1719_PCM_CONTAINER_RESEARCH","Likely sample container; parser/hardware validation needed.","90","False","False","True","NO_BINARY_OUTPUT_METADATA_ONLY"
"RAM24.PCM","E:\UAOS_OPEN_LIBRARY_SOURCE\pa3x\RoTaNa(1) pa3x.SET\tareq pa3x.SET\PCM\RAM24.PCM",".pcm","2575706","14EC3351222FE6D8FC9B56CCCFEEA122D63BF5328E01ADA6EAB1C670F53E7E0E","PCM_CONTAINER","PARSER_CANDIDATE","V1719_PCM_CONTAINER_RESEARCH","Likely sample container; parser/hardware validation needed.","90","False","False","True","NO_BINARY_OUTPUT_METADATA_ONLY"
"RAM24.PCM","E:\UAOS_OPEN_LIBRARY_SOURCE\pa3x\rahm pa3x.SET\rahm pa3x.SET\PCM\RAM24.PCM",".pcm","2114614","2D60F93A8684C5D904BF352CC599E78F2A4A607CDC9C8B044C0FA0A8F882056C","PCM_CONTAINER","PARSER_CANDIDATE","V1719_PCM_CONTAINER_RESEARCH","Likely sample container; parser/hardware validation needed.","90","False","False","True","NO_BINARY_OUTPUT_METADATA_ONLY"
"RAM24.PCM","E:\UAOS_OPEN_LIBRARY_SOURCE\pa3x\ROTANA. 2022.SET\ROTANA. 2022.SET\PCM\RAM24.PCM",".pcm","3629596","609E2215C8A822A0E0719BC0EFDBDEE995FB4F307379C720DD548AB9F952204F","PCM_CONTAINER","PARSER_CANDIDATE","V1719_PCM_CONTAINER_RESEARCH","Likely sample container; parser/hardware validation needed.","90","False","False","True","NO_BINARY_OUTPUT_METADATA_ONLY"
"RAM24.PCM","E:\UAOS_OPEN_LIBRARY_SOURCE\pa3x\omar44.SET\omar44.SET\PCM\RAM24.PCM",".pcm","4341802","127973C4F963993A1A45A9B718593504753E90BEC1576770E07E4CF1887E6FBA","PCM_CONTAINER","PARSER_CANDIDATE","V1719_PCM_CONTAINER_RESEARCH","Likely sample container; parser/hardware validation needed.","90","False","False","True","NO_BINARY_OUTPUT_METADATA_ONLY"
"RAM24.PCM","E:\UAOS_OPEN_LIBRARY_SOURCE\pa3x\SUPER4X.3X ASLY2018.SET\SUPER4X.3X ASLY2018.SET\PCM\RAM24.PCM",".pcm","2662666","6AC75816775C44DB464652AFCB9B1FEE4F3B954C854CEC35D73B68B0AB578ABB","PCM_CONTAINER","PARSER_CANDIDATE","V1719_PCM_CONTAINER_RESEARCH","Likely sample container; parser/hardware validation needed.","90","False","False","True","NO_BINARY_OUTPUT_METADATA_ONLY"
"RAM24.PCM","E:\UAOS_OPEN_LIBRARY_SOURCE\pa3x\‏‏RoTaNa(1) pa3x.SET - نسخة\tareq pa3x.SET\PCM\RAM24.PCM",".pcm","2575706","14EC3351222FE6D8FC9B56CCCFEEA122D63BF5328E01ADA6EAB1C670F53E7E0E","PCM_CONTAINER","PARSER_CANDIDATE","V1719_PCM_CONTAINER_RESEARCH","Likely sample container; parser/hardware validation needed.","90","False","False","True","NO_BINARY_OUTPUT_METADATA_ONLY"
"RAM24.PCM","E:\UAOS_OPEN_LIBRARY_SOURCE\pa3x\2020 pa1000 pa4x.SET\2020 pa1000 pa4x.SET\PCM\RAM24.PCM",".pcm","3147318","93D8DD21492359333AE1F95EBC19FD70E8E6D0A7A0FBB0D1BB6EA2F17678FC91","PCM_CONTAINER","PARSER_CANDIDATE","V1719_PCM_CONTAINER_RESEARCH","Likely sample container; parser/hardware validation needed.","90","False","False","True","NO_BINARY_OUTPUT_METADATA_ONLY"
"RAM25.PCM","E:\UAOS_OPEN_LIBRARY_SOURCE\pa3x\LIVE CHARKI 3 2.SET\LIVE CHARKI 3 2.SET\PCM\RAM25.PCM",".pcm","1492382","D4C8BB46FE85C9BF6CB197D61D0BE9569B3CB4EEC9640C65DDCF314577C99CF5","PCM_CONTAINER","PARSER_CANDIDATE","V1719_PCM_CONTAINER_RESEARCH","Likely sample container; parser/hardware validation needed.","90","False","False","True","NO_BINARY_OUTPUT_METADATA_ONLY"
"RAM25.PCM","E:\UAOS_OPEN_LIBRARY_SOURCE\pa3x\RoTaNa(1) pa3x.SET\tareq pa3x.SET\PCM\RAM25.PCM",".pcm","2587814","D8F9CEF736BF5D54353B001F767201C86680C5794D27D2A1B4DFF533798ECC16","PCM_CONTAINER","PARSER_CANDIDATE","V1719_PCM_CONTAINER_RESEARCH","Likely sample container; parser/hardware validation needed.","90","False","False","True","NO_BINARY_OUTPUT_METADATA_ONLY"
"RAM25.PCM","E:\UAOS_OPEN_LIBRARY_SOURCE\pa3x\ROTANA. 2022.SET\ROTANA. 2022.SET\PCM\RAM25.PCM",".pcm","6063748","A00B37CDCBA81B0C9A20F279DF16A4B4AB538B30B5B87986EE7B3F18B8ABFCF1","PCM_CONTAINER","PARSER_CANDIDATE","V1719_PCM_CONTAINER_RESEARCH","Likely sample container; parser/hardware validation needed.","90","False","False","True","NO_BINARY_OUTPUT_METADATA_ONLY"
"RAM25.PCM","E:\UAOS_OPEN_LIBRARY_SOURCE\pa3x\2020 pa1000 pa4x.SET\2020 pa1000 pa4x.SET\PCM\RAM25.PCM",".pcm","2916868","310385BCE2E2525058655E2315A1BD408FB0155B45789C4F2D459491082ACFFE","PCM_CONTAINER","PARSER_CANDIDATE","V1719_PCM_CONTAINER_RESEARCH","Likely sample container; parser/hardware validation needed.","90","False","False","True","NO_BINARY_OUTPUT_METADATA_ONLY"
"RAM25.PCM","E:\UAOS_OPEN_LIBRARY_SOURCE\pa3x\SUPER4X.3X ASLY2018.SET\SUPER4X.3X ASLY2018.SET\PCM\RAM25.PCM",".pcm","2646937","AA5EEFE227DB21223D1906A8C503F5D89F1F78E86E2BFA747181C1550D5073AA","PCM_CONTAINER","PARSER_CANDIDATE","V1719_PCM_CONTAINER_RESEARCH","Likely sample container; parser/hardware validation needed.","90","False","False","True","NO_BINARY_OUTPUT_METADATA_ONLY"
"RAM25.PCM","E:\UAOS_OPEN_LIBRARY_SOURCE\pa3x\‏‏RoTaNa(1) pa3x.SET - نسخة\tareq pa3x.SET\PCM\RAM25.PCM",".pcm","2587814","D8F9CEF736BF5D54353B001F767201C86680C5794D27D2A1B4DFF533798ECC16","PCM_CONTAINER","PARSER_CANDIDATE","V1719_PCM_CONTAINER_RESEARCH","Likely sample container; parser/hardware validation needed.","90","False","False","True","NO_BINARY_OUTPUT_METADATA_ONLY"
"RAM25.PCM","E:\UAOS_OPEN_LIBRARY_SOURCE\pa3x\rahm pa3x.SET\rahm pa3x.SET\PCM\RAM25.PCM",".pcm","2432514","E06802431C9B1E183B5131C882D6B207DC76862986AF33093E24410BCB3E0FB2","PCM_CONTAINER","PARSER_CANDIDATE","V1719_PCM_CONTAINER_RESEARCH","Likely sample container; parser/hardware validation needed.","90","False","False","True","NO_BINARY_OUTPUT_METADATA_ONLY"
"RAM25.PCM","E:\UAOS_OPEN_LIBRARY_SOURCE\pa3x\ABOUD NEXT-MG.SET\ABOUD NEXT-MG.SET\PCM\RAM25.PCM",".pcm","4573110","4EAEA8D98593E9AA36C47A349BEC408AD9C8A298DAA14A462EEE1643759F96E9","PCM_CONTAINER","PARSER_CANDIDATE","V1719_PCM_CONTAINER_RESEARCH","Likely sample container; parser/hardware validation needed.","90","False","False","True","NO_BINARY_OUTPUT_METADATA_ONLY"
"RAM25.PCM","E:\UAOS_OPEN_LIBRARY_SOURCE\pa3x\omar44.SET\omar44.SET\PCM\RAM25.PCM",".pcm","4258677","885A6F1F7908CD437B19AF0CE068A439D01A7469BED6578C4F65608280BA75A8","PCM_CONTAINER","PARSER_CANDIDATE","V1719_PCM_CONTAINER_RESEARCH","Likely sample container; parser/hardware validation needed.","90","False","False","True","NO_BINARY_OUTPUT_METADATA_ONLY"
"RAM25.PCM","E:\UAOS_OPEN_LIBRARY_SOURCE\pa3x\a1111.SET\a1111.SET\PCM\RAM25.PCM",".pcm","5730058","79688754D1B4AFF3F1FB1BF94424A4B06FF0D882D490214E2D9C0E60556466D1","PCM_CONTAINER","PARSER_CANDIDATE","V1719_PCM_CONTAINER_RESEARCH","Likely sample container; parser/hardware validation needed.","90","False","False","True","NO_BINARY_OUTPUT_METADATA_ONLY"
"RAM25.PCM","E:\UAOS_OPEN_LIBRARY_SOURCE\pa3x\3xxxxx.SET\3xxxxx.SET\PCM\RAM25.PCM",".pcm","2892276","40EB231F176A7133D953DE0B9D879E140D95FADB92397DAD5F3A6A478DFED4D4","PCM_CONTAINER","PARSER_CANDIDATE","V1719_PCM_CONTAINER_RESEARCH","Likely sample container; parser/hardware validation needed.","90","False","False","True","NO_BINARY_OUTPUT_METADATA_ONLY"
"RAM26.PCM","E:\UAOS_OPEN_LIBRARY_SOURCE\pa3x\ABOUD NEXT-MG.SET\ABOUD NEXT-MG.SET\PCM\RAM26.PCM",".pcm","3924449","92FB20CC970B0F652C1768A140B1EB07E94D32FF97BCDD6FB38CF99D5DD33983","PCM_CONTAINER","PARSER_CANDIDATE","V1719_PCM_CONTAINER_RESEARCH","Likely sample container; parser/hardware validation needed.","90","False","False","True","NO_BINARY_OUTPUT_METADATA_ONLY"
"RAM26.PCM","E:\UAOS_OPEN_LIBRARY_SOURCE\pa3x\rahm pa3x.SET\rahm pa3x.SET\PCM\RAM26.PCM",".pcm","2100851","0603319D11D8BE47DE9E917AF04CC7A88BFCD073522C7AFEFF10F8437414ECA2","PCM_CONTAINER","PARSER_CANDIDATE","V1719_PCM_CONTAINER_RESEARCH","Likely sample container; parser/hardware validation needed.","90","False","False","True","NO_BINARY_OUTPUT_METADATA_ONLY"
"RAM26.PCM","E:\UAOS_OPEN_LIBRARY_SOURCE\pa3x\ROTANA. 2022.SET\ROTANA. 2022.SET\PCM\RAM26.PCM",".pcm","5755928","16AADB2BC4ED7AA1C8E654236D32150FCA9A85E31D3976026D80BF7D696771B0","PCM_CONTAINER","PARSER_CANDIDATE","V1719_PCM_CONTAINER_RESEARCH","Likely sample container; parser/hardware validation needed.","90","False","False","True","NO_BINARY_OUTPUT_METADATA_ONLY"
"RAM26.PCM","E:\UAOS_OPEN_LIBRARY_SOURCE\pa3x\3xxxxx.SET\3xxxxx.SET\PCM\RAM26.PCM",".pcm","2637172","C0AB0EF4273BDD11150E1A35253E08E5D3440371B4A0A13866D7B7F8104B59DA","PCM_CONTAINER","PARSER_CANDIDATE","V1719_PCM_CONTAINER_RESEARCH","Likely sample container; parser/hardware validation needed.","90","False","False","True","NO_BINARY_OUTPUT_METADATA_ONLY"
"RAM26.PCM","E:\UAOS_OPEN_LIBRARY_SOURCE\pa3x\a1111.SET\a1111.SET\PCM\RAM26.PCM",".pcm","6136788","E9864169E75051DD68363FB9E93904E8A8EB7E0FB47D4189EA78ED6819B29720","PCM_CONTAINER","PARSER_CANDIDATE","V1719_PCM_CONTAINER_RESEARCH","Likely sample container; parser/hardware validation needed.","90","False","False","True","NO_BINARY_OUTPUT_METADATA_ONLY"
"RAM26.PCM","E:\UAOS_OPEN_LIBRARY_SOURCE\pa3x\2020 pa1000 pa4x.SET\2020 pa1000 pa4x.SET\PCM\RAM26.PCM",".pcm","2885215","FDE63CB90B4CCD786C32D938866C31ACE852598514E0C450A73185AD498EA3C4","PCM_CONTAINER","PARSER_CANDIDATE","V1719_PCM_CONTAINER_RESEARCH","Likely sample container; parser/hardware validation needed.","90","False","False","True","NO_BINARY_OUTPUT_METADATA_ONLY"
"RAM26.PCM","E:\UAOS_OPEN_LIBRARY_SOURCE\pa3x\‏‏RoTaNa(1) pa3x.SET - نسخة\tareq pa3x.SET\PCM\RAM26.PCM",".pcm","2569484","E16FF48E2105B99EA4FB72A79C2C7694F36DF4C873C774EF06F7638BC1D8CDB5","PCM_CONTAINER","PARSER_CANDIDATE","V1719_PCM_CONTAINER_RESEARCH","Likely sample container; parser/hardware validation needed.","90","False","False","True","NO_BINARY_OUTPUT_METADATA_ONLY"
"RAM26.PCM","E:\UAOS_OPEN_LIBRARY_SOURCE\pa3x\omar44.SET\omar44.SET\PCM\RAM26.PCM",".pcm","4152794","35CF0B2B1FF4F67F7F5180472BF0D7EE1AE7D19C178C9E928DB2540F0BF9486B","PCM_CONTAINER","PARSER_CANDIDATE","V1719_PCM_CONTAINER_RESEARCH","Likely sample container; parser/hardware validation needed.","90","False","False","True","NO_BINARY_OUTPUT_METADATA_ONLY"
"RAM26.PCM","E:\UAOS_OPEN_LIBRARY_SOURCE\pa3x\SUPER4X.3X ASLY2018.SET\SUPER4X.3X ASLY2018.SET\PCM\RAM26.PCM",".pcm","2683937","9303751E0AD24F0A28D95CB8CB365A4D2F9326F57F86321FACBD5D6828732DEB","PCM_CONTAINER","PARSER_CANDIDATE","V1719_PCM_CONTAINER_RESEARCH","Likely sample container; parser/hardware validation needed.","90","False","False","True","NO_BINARY_OUTPUT_METADATA_ONLY"
"RAM26.PCM","E:\UAOS_OPEN_LIBRARY_SOURCE\pa3x\RoTaNa(1) pa3x.SET\tareq pa3x.SET\PCM\RAM26.PCM",".pcm","2569484","E16FF48E2105B99EA4FB72A79C2C7694F36DF4C873C774EF06F7638BC1D8CDB5","PCM_CONTAINER","PARSER_CANDIDATE","V1719_PCM_CONTAINER_RESEARCH","Likely sample container; parser/hardware validation needed.","90","False","False","True","NO_BINARY_OUTPUT_METADATA_ONLY"
"RAM26.PCM","E:\UAOS_OPEN_LIBRARY_SOURCE\pa3x\LIVE CHARKI 3 2.SET\LIVE CHARKI 3 2.SET\PCM\RAM26.PCM",".pcm","1475208","0E15554F51B286BEA1ED8E624894897609A6E312E4352E1F8DD71F6DEB285EC2","PCM_CONTAINER","PARSER_CANDIDATE","V1719_PCM_CONTAINER_RESEARCH","Likely sample container; parser/hardware validation needed.","90","False","False","True","NO_BINARY_OUTPUT_METADATA_ONLY"
"RAM27.PCM","E:\UAOS_OPEN_LIBRARY_SOURCE\pa3x\omar44.SET\omar44.SET\PCM\RAM27.PCM",".pcm","4333693","63869DB43014E42FF91F7C219A036AEB5367197BA2DBB77798AEAC117B30C5BE","PCM_CONTAINER","PARSER_CANDIDATE","V1719_PCM_CONTAINER_RESEARCH","Likely sample container; parser/hardware validation needed.","90","False","False","True","NO_BINARY_OUTPUT_METADATA_ONLY"
"RAM27.PCM","E:\UAOS_OPEN_LIBRARY_SOURCE\pa3x\ROTANA. 2022.SET\ROTANA. 2022.SET\PCM\RAM27.PCM",".pcm","5517742","1F1383D8A6486F93AA51BA6938141C16462E09ED78DA2BC1EF090B57162F2E28","PCM_CONTAINER","PARSER_CANDIDATE","V1719_PCM_CONTAINER_RESEARCH","Likely sample container; parser/hardware validation needed.","90","False","False","True","NO_BINARY_OUTPUT_METADATA_ONLY"
"RAM27.PCM","E:\UAOS_OPEN_LIBRARY_SOURCE\pa3x\rahm pa3x.SET\rahm pa3x.SET\PCM\RAM27.PCM",".pcm","2138681","B140859B138BC3454A84B068258C8A3181DCE7C3E9B6FCF94774F870179D2FE1","PCM_CONTAINER","PARSER_CANDIDATE","V1719_PCM_CONTAINER_RESEARCH","Likely sample container; parser/hardware validation needed.","90","False","False","True","NO_BINARY_OUTPUT_METADATA_ONLY"
"RAM27.PCM","E:\UAOS_OPEN_LIBRARY_SOURCE\pa3x\LIVE CHARKI 3 2.SET\LIVE CHARKI 3 2.SET\PCM\RAM27.PCM",".pcm","1587716","78DDEA77E4960D770800435A16698311D3E79092435CB5F9529D9B786E02D70D","PCM_CONTAINER","PARSER_CANDIDATE","V1719_PCM_CONTAINER_RESEARCH","Likely sample container; parser/hardware validation needed.","90","False","False","True","NO_BINARY_OUTPUT_METADATA_ONLY"
"RAM27.PCM","E:\UAOS_OPEN_LIBRARY_SOURCE\pa3x\ABOUD NEXT-MG.SET\ABOUD NEXT-MG.SET\PCM\RAM27.PCM",".pcm","3556318","54FCC756A926EA4DFC67E852B61A3F37DEC586EB5CB830AF18266F2712D208C7","PCM_CONTAINER","PARSER_CANDIDATE","V1719_PCM_CONTAINER_RESEARCH","Likely sample container; parser/hardware validation needed.","90","False","False","True","NO_BINARY_OUTPUT_METADATA_ONLY"
"RAM27.PCM","E:\UAOS_OPEN_LIBRARY_SOURCE\pa3x\a1111.SET\a1111.SET\PCM\RAM27.PCM",".pcm","6035919","7D6A27919E25788D91B026BEB43545CABA2886FFC0E862B2177A3845FAEA4706","PCM_CONTAINER","PARSER_CANDIDATE","V1719_PCM_CONTAINER_RESEARCH","Likely sample container; parser/hardware validation needed.","90","False","False","True","NO_BINARY_OUTPUT_METADATA_ONLY"
"RAM27.PCM","E:\UAOS_OPEN_LIBRARY_SOURCE\pa3x\SUPER4X.3X ASLY2018.SET\SUPER4X.3X ASLY2018.SET\PCM\RAM27.PCM",".pcm","2837600","1E0A112C02BB26BD05EBB52BC5861E7EA6D0C53F02420E49E2C1E7C2A4E206AE","PCM_CONTAINER","PARSER_CANDIDATE","V1719_PCM_CONTAINER_RESEARCH","Likely sample container; parser/hardware validation needed.","90","False","False","True","NO_BINARY_OUTPUT_METADATA_ONLY"
"RAM27.PCM","E:\UAOS_OPEN_LIBRARY_SOURCE\pa3x\3xxxxx.SET\3xxxxx.SET\PCM\RAM27.PCM",".pcm","3110342","710728D9FFC8DBC31C82426A18FF01B0148C292B685E253E044E913235496B53","PCM_CONTAINER","PARSER_CANDIDATE","V1719_PCM_CONTAINER_RESEARCH","Likely sample container; parser/hardware validation needed.","90","False","False","True","NO_BINARY_OUTPUT_METADATA_ONLY"
"RAM27.PCM","E:\UAOS_OPEN_LIBRARY_SOURCE\pa3x\2020 pa1000 pa4x.SET\2020 pa1000 pa4x.SET\PCM\RAM27.PCM",".pcm","2929052","A1A9A2A01D47001576E82AD34264D38B35241442A011E70F4FA9570DE9F81CA8","PCM_CONTAINER","PARSER_CANDIDATE","V1719_PCM_CONTAINER_RESEARCH","Likely sample container; parser/hardware validation needed.","90","False","False","True","NO_BINARY_OUTPUT_METADATA_ONLY"
"RAM27.PCM","E:\UAOS_OPEN_LIBRARY_SOURCE\pa3x\‏‏RoTaNa(1) pa3x.SET - نسخة\tareq pa3x.SET\PCM\RAM27.PCM",".pcm","2571196","2CBF8F0A0C980AA172A38BA1F5C127C837F40B8A83C7904EE7F4EA38BC40A2D9","PCM_CONTAINER","PARSER_CANDIDATE","V1719_PCM_CONTAINER_RESEARCH","Likely sample container; parser/hardware validation needed.","90","False","False","True","NO_BINARY_OUTPUT_METADATA_ONLY"
"RAM27.PCM","E:\UAOS_OPEN_LIBRARY_SOURCE\pa3x\RoTaNa(1) pa3x.SET\tareq pa3x.SET\PCM\RAM27.PCM",".pcm","2571196","2CBF8F0A0C980AA172A38BA1F5C127C837F40B8A83C7904EE7F4EA38BC40A2D9","PCM_CONTAINER","PARSER_CANDIDATE","V1719_PCM_CONTAINER_RESEARCH","Likely sample container; parser/hardware validation needed.","90","False","False","True","NO_BINARY_OUTPUT_METADATA_ONLY"
"RAM28.PCM","E:\UAOS_OPEN_LIBRARY_SOURCE\pa3x\3xxxxx.SET\3xxxxx.SET\PCM\RAM28.PCM",".pcm","2713088","06A601F2130625006924D4BA8C5C5E48CBBDC2ED477FAE8611D813BA3474AD2D","PCM_CONTAINER","PARSER_CANDIDATE","V1719_PCM_CONTAINER_RESEARCH","Likely sample container; parser/hardware validation needed.","90","False","False","True","NO_BINARY_OUTPUT_METADATA_ONLY"
"RAM28.PCM","E:\UAOS_OPEN_LIBRARY_SOURCE\pa3x\ROTANA. 2022.SET\ROTANA. 2022.SET\PCM\RAM28.PCM",".pcm","5895748","57C084669A30ED59E3F5FB180CBFC69B795BD3E4A0B7D7363A130C90A9E5870C","PCM_CONTAINER","PARSER_CANDIDATE","V1719_PCM_CONTAINER_RESEARCH","Likely sample container; parser/hardware validation needed.","90","False","False","True","NO_BINARY_OUTPUT_METADATA_ONLY"
"RAM28.PCM","E:\UAOS_OPEN_LIBRARY_SOURCE\pa3x\‏‏RoTaNa(1) pa3x.SET - نسخة\tareq pa3x.SET\PCM\RAM28.PCM",".pcm","2584824","1BF553BE41B3EAD09D42A70FE7B4793731597096881D1A5ED3A0A67523BB226C","PCM_CONTAINER","PARSER_CANDIDATE","V1719_PCM_CONTAINER_RESEARCH","Likely sample container; parser/hardware validation needed.","90","False","False","True","NO_BINARY_OUTPUT_METADATA_ONLY"
"RAM28.PCM","E:\UAOS_OPEN_LIBRARY_SOURCE\pa3x\RoTaNa(1) pa3x.SET\tareq pa3x.SET\PCM\RAM28.PCM",".pcm","2584824","1BF553BE41B3EAD09D42A70FE7B4793731597096881D1A5ED3A0A67523BB226C","PCM_CONTAINER","PARSER_CANDIDATE","V1719_PCM_CONTAINER_RESEARCH","Likely sample container; parser/hardware validation needed.","90","False","False","True","NO_BINARY_OUTPUT_METADATA_ONLY"
"RAM28.PCM","E:\UAOS_OPEN_LIBRARY_SOURCE\pa3x\LIVE CHARKI 3 2.SET\LIVE CHARKI 3 2.SET\PCM\RAM28.PCM",".pcm","1615379","C06314ECD259AE4B935B8CE506E95AAEAD350C57014F7B3646C510D11A3063D2","PCM_CONTAINER","PARSER_CANDIDATE","V1719_PCM_CONTAINER_RESEARCH","Likely sample container; parser/hardware validation needed.","90","False","False","True","NO_BINARY_OUTPUT_METADATA_ONLY"
"RAM28.PCM","E:\UAOS_OPEN_LIBRARY_SOURCE\pa3x\ABOUD NEXT-MG.SET\ABOUD NEXT-MG.SET\PCM\RAM28.PCM",".pcm","4268211","7C0E3A61FDE3F2A3DB886B0759C46E8476D767602E2BC3D0E3D46F6EF72A81F9","PCM_CONTAINER","PARSER_CANDIDATE","V1719_PCM_CONTAINER_RESEARCH","Likely sample container; parser/hardware validation needed.","90","False","False","True","NO_BINARY_OUTPUT_METADATA_ONLY"
"RAM28.PCM","E:\UAOS_OPEN_LIBRARY_SOURCE\pa3x\SUPER4X.3X ASLY2018.SET\SUPER4X.3X ASLY2018.SET\PCM\RAM28.PCM",".pcm","2684079","EF30DF126377628626077406B50AC8A34F233D59CD5784D8FDDCCAFD4A490D6F","PCM_CONTAINER","PARSER_CANDIDATE","V1719_PCM_CONTAINER_RESEARCH","Likely sample container; parser/hardware validation needed.","90","False","False","True","NO_BINARY_OUTPUT_METADATA_ONLY"
"RAM28.PCM","E:\UAOS_OPEN_LIBRARY_SOURCE\pa3x\a1111.SET\a1111.SET\PCM\RAM28.PCM",".pcm","6866090","C3C409CC57BA1799D197682FFD3B653C86F1436720C084657A0EF3071D3D98DC","PCM_CONTAINER","PARSER_CANDIDATE","V1719_PCM_CONTAINER_RESEARCH","Likely sample container; parser/hardware validation needed.","90","False","False","True","NO_BINARY_OUTPUT_METADATA_ONLY"
"RAM28.PCM","E:\UAOS_OPEN_LIBRARY_SOURCE\pa3x\rahm pa3x.SET\rahm pa3x.SET\PCM\RAM28.PCM",".pcm","2111038","C3FE1C3AB96F28214B82B62ED5A06B33B4DB55410DDC3C2D85BFC9174CF1CCFD","PCM_CONTAINER","PARSER_CANDIDATE","V1719_PCM_CONTAINER_RESEARCH","Likely sample container; parser/hardware validation needed.","90","False","False","True","NO_BINARY_OUTPUT_METADATA_ONLY"
"RAM28.PCM","E:\UAOS_OPEN_LIBRARY_SOURCE\pa3x\omar44.SET\omar44.SET\PCM\RAM28.PCM",".pcm","4342464","E39D163C94636D739C7EBCC851DFF0C836A8F3D62A82754F5785058D41E523B9","PCM_CONTAINER","PARSER_CANDIDATE","V1719_PCM_CONTAINER_RESEARCH","Likely sample container; parser/hardware validation needed.","90","False","False","True","NO_BINARY_OUTPUT_METADATA_ONLY"
"RAM28.PCM","E:\UAOS_OPEN_LIBRARY_SOURCE\pa3x\2020 pa1000 pa4x.SET\2020 pa1000 pa4x.SET\PCM\RAM28.PCM",".pcm","3140915","CB55717212ECAE322DBACACB53453182E40EC2236BA7799ED0F0917EBBD17E0D","PCM_CONTAINER","PARSER_CANDIDATE","V1719_PCM_CONTAINER_RESEARCH","Likely sample container; parser/hardware validation needed.","90","False","False","True","NO_BINARY_OUTPUT_METADATA_ONLY"
"RAM29.PCM","E:\UAOS_OPEN_LIBRARY_SOURCE\pa3x\rahm pa3x.SET\rahm pa3x.SET\PCM\RAM29.PCM",".pcm","2236022","79B3FA8BE8956F4F46DDF71C35DBBE37F4E69EBB6C2F1877141CE768A898E42A","PCM_CONTAINER","PARSER_CANDIDATE","V1719_PCM_CONTAINER_RESEARCH","Likely sample container; parser/hardware validation needed.","90","False","False","True","NO_BINARY_OUTPUT_METADATA_ONLY"
"RAM29.PCM","E:\UAOS_OPEN_LIBRARY_SOURCE\pa3x\RoTaNa(1) pa3x.SET\tareq pa3x.SET\PCM\RAM29.PCM",".pcm","2608681","D5FA6492E2395C7425978BE2F7AA60859D07B0CB3F29B830DFBFD859CDC5ACA7","PCM_CONTAINER","PARSER_CANDIDATE","V1719_PCM_CONTAINER_RESEARCH","Likely sample container; parser/hardware validation needed.","90","False","False","True","NO_BINARY_OUTPUT_METADATA_ONLY"
"RAM29.PCM","E:\UAOS_OPEN_LIBRARY_SOURCE\pa3x\ABOUD NEXT-MG.SET\ABOUD NEXT-MG.SET\PCM\RAM29.PCM",".pcm","4149408","25A7242224FD16B9DC2742D7AE132311EDA32DCC766CA24B1A4E16882AEE7316","PCM_CONTAINER","PARSER_CANDIDATE","V1719_PCM_CONTAINER_RESEARCH","Likely sample container; parser/hardware validation needed.","90","False","False","True","NO_BINARY_OUTPUT_METADATA_ONLY"
"RAM29.PCM","E:\UAOS_OPEN_LIBRARY_SOURCE\pa3x\‏‏RoTaNa(1) pa3x.SET - نسخة\tareq pa3x.SET\PCM\RAM29.PCM",".pcm","2608681","D5FA6492E2395C7425978BE2F7AA60859D07B0CB3F29B830DFBFD859CDC5ACA7","PCM_CONTAINER","PARSER_CANDIDATE","V1719_PCM_CONTAINER_RESEARCH","Likely sample container; parser/hardware validation needed.","90","False","False","True","NO_BINARY_OUTPUT_METADATA_ONLY"
"RAM29.PCM","E:\UAOS_OPEN_LIBRARY_SOURCE\pa3x\3xxxxx.SET\3xxxxx.SET\PCM\RAM29.PCM",".pcm","2546533","FDE86EC890C51867DC72C62BFFC7F297FA7FB8AD3706133F550059FC395FB961","PCM_CONTAINER","PARSER_CANDIDATE","V1719_PCM_CONTAINER_RESEARCH","Likely sample container; parser/hardware validation needed.","90","False","False","True","NO_BINARY_OUTPUT_METADATA_ONLY"
"RAM29.PCM","E:\UAOS_OPEN_LIBRARY_SOURCE\pa3x\a1111.SET\a1111.SET\PCM\RAM29.PCM",".pcm","6423856","69E9A1C4DEA2B3F41832B0757D8D25FCD2C37A395F6B75401ACA812189A98836","PCM_CONTAINER","PARSER_CANDIDATE","V1719_PCM_CONTAINER_RESEARCH","Likely sample container; parser/hardware validation needed.","90","False","False","True","NO_BINARY_OUTPUT_METADATA_ONLY"
"RAM29.PCM","E:\UAOS_OPEN_LIBRARY_SOURCE\pa3x\omar44.SET\omar44.SET\PCM\RAM29.PCM",".pcm","4143106","38FFAD17760D8547A6F9B1B9048C9603864BE53103CD2F8BD802E171542920F6","PCM_CONTAINER","PARSER_CANDIDATE","V1719_PCM_CONTAINER_RESEARCH","Likely sample container; parser/hardware validation needed.","90","False","False","True","NO_BINARY_OUTPUT_METADATA_ONLY"
"RAM29.PCM","E:\UAOS_OPEN_LIBRARY_SOURCE\pa3x\LIVE CHARKI 3 2.SET\LIVE CHARKI 3 2.SET\PCM\RAM29.PCM",".pcm","1100836","FCF198DABB0616A5532221F65A82F8C6827414A01605A6B6D7A394E35429390F","PCM_CONTAINER","PARSER_CANDIDATE","V1719_PCM_CONTAINER_RESEARCH","Likely sample container; parser/hardware validation needed.","90","False","False","True","NO_BINARY_OUTPUT_METADATA_ONLY"
"RAM29.PCM","E:\UAOS_OPEN_LIBRARY_SOURCE\pa3x\2020 pa1000 pa4x.SET\2020 pa1000 pa4x.SET\PCM\RAM29.PCM",".pcm","2991767","5A0A3328B3426B6764F265C301209EC282625E3509143B3131F1F793802D1194","PCM_CONTAINER","PARSER_CANDIDATE","V1719_PCM_CONTAINER_RESEARCH","Likely sample container; parser/hardware validation needed.","90","False","False","True","NO_BINARY_OUTPUT_METADATA_ONLY"
"RAM29.PCM","E:\UAOS_OPEN_LIBRARY_SOURCE\pa3x\ROTANA. 2022.SET\ROTANA. 2022.SET\PCM\RAM29.PCM",".pcm","5076874","B64CE6453874D6E40D51E4336610430184E3066587A30EFA2E517FAC8BA451B9","PCM_CONTAINER","PARSER_CANDIDATE","V1719_PCM_CONTAINER_RESEARCH","Likely sample container; parser/hardware validation needed.","90","False","False","True","NO_BINARY_OUTPUT_METADATA_ONLY"
"RAM29.PCM","E:\UAOS_OPEN_LIBRARY_SOURCE\pa3x\SUPER4X.3X ASLY2018.SET\SUPER4X.3X ASLY2018.SET\PCM\RAM29.PCM",".pcm","2680804","0014221F8F401D8BC3790122C45E43691F867C7B16DCCDD1EE8F5BAC6EC05B22","PCM_CONTAINER","PARSER_CANDIDATE","V1719_PCM_CONTAINER_RESEARCH","Likely sample container; parser/hardware validation needed.","90","False","False","True","NO_BINARY_OUTPUT_METADATA_ONLY"
"RAM30.PCM","E:\UAOS_OPEN_LIBRARY_SOURCE\pa3x\3xxxxx.SET\3xxxxx.SET\PCM\RAM30.PCM",".pcm","2587978","F08100BA3EA3C16619D0CF865496B2593A04B98738BAAF84487DA7EA6438634E","PCM_CONTAINER","PARSER_CANDIDATE","V1719_PCM_CONTAINER_RESEARCH","Likely sample container; parser/hardware validation needed.","90","False","False","True","NO_BINARY_OUTPUT_METADATA_ONLY"
"RAM30.PCM","E:\UAOS_OPEN_LIBRARY_SOURCE\pa3x\2020 pa1000 pa4x.SET\2020 pa1000 pa4x.SET\PCM\RAM30.PCM",".pcm","2984353","572D931F39B1CDACB1EC4E4D90A72656CE94F1C0AF172D77414FAF264E755441","PCM_CONTAINER","PARSER_CANDIDATE","V1719_PCM_CONTAINER_RESEARCH","Likely sample container; parser/hardware validation needed.","90","False","False","True","NO_BINARY_OUTPUT_METADATA_ONLY"
"RAM30.PCM","E:\UAOS_OPEN_LIBRARY_SOURCE\pa3x\omar44.SET\omar44.SET\PCM\RAM30.PCM",".pcm","5899573","E31CB262BEA86C0DBAB0C86BE3DE229F39B19E3059DDAAF67343E92E62F6908E","PCM_CONTAINER","PARSER_CANDIDATE","V1719_PCM_CONTAINER_RESEARCH","Likely sample container; parser/hardware validation needed.","90","False","False","True","NO_BINARY_OUTPUT_METADATA_ONLY"
"RAM30.PCM","E:\UAOS_OPEN_LIBRARY_SOURCE\pa3x\rahm pa3x.SET\rahm pa3x.SET\PCM\RAM30.PCM",".pcm","2132477","D9779D2A1FF42A90C22A1F2839A6BEA5E33225575A44D359DCDF686352CDFDFC","PCM_CONTAINER","PARSER_CANDIDATE","V1719_PCM_CONTAINER_RESEARCH","Likely sample container; parser/hardware validation needed.","90","False","False","True","NO_BINARY_OUTPUT_METADATA_ONLY"
"RAM30.PCM","E:\UAOS_OPEN_LIBRARY_SOURCE\pa3x\ABOUD NEXT-MG.SET\ABOUD NEXT-MG.SET\PCM\RAM30.PCM",".pcm","3642788","2409CE412AE46A16E951700DC1F02FB3BD40088577D3607D49E337A3FD1FF19F","PCM_CONTAINER","PARSER_CANDIDATE","V1719_PCM_CONTAINER_RESEARCH","Likely sample container; parser/hardware validation needed.","90","False","False","True","NO_BINARY_OUTPUT_METADATA_ONLY"
"RAM30.PCM","E:\UAOS_OPEN_LIBRARY_SOURCE\pa3x\‏‏RoTaNa(1) pa3x.SET - نسخة\tareq pa3x.SET\PCM\RAM30.PCM",".pcm","2577008","93E78C30962C2C7280A339FFBB5658360AEF7B34B91EEBC57E455B3BA5DC8531","PCM_CONTAINER","PARSER_CANDIDATE","V1719_PCM_CONTAINER_RESEARCH","Likely sample container; parser/hardware validation needed.","90","False","False","True","NO_BINARY_OUTPUT_METADATA_ONLY"
"RAM30.PCM","E:\UAOS_OPEN_LIBRARY_SOURCE\pa3x\a1111.SET\a1111.SET\PCM\RAM30.PCM",".pcm","8518576","20FE8A6AB250A38AA747CC9F093CCF932338FB5C51FD7ACD73D4ACFB32DADE45","PCM_CONTAINER","PARSER_CANDIDATE","V1719_PCM_CONTAINER_RESEARCH","Likely sample container; parser/hardware validation needed.","90","False","False","True","NO_BINARY_OUTPUT_METADATA_ONLY"
"RAM30.PCM","E:\UAOS_OPEN_LIBRARY_SOURCE\pa3x\RoTaNa(1) pa3x.SET\tareq pa3x.SET\PCM\RAM30.PCM",".pcm","2577008","93E78C30962C2C7280A339FFBB5658360AEF7B34B91EEBC57E455B3BA5DC8531","PCM_CONTAINER","PARSER_CANDIDATE","V1719_PCM_CONTAINER_RESEARCH","Likely sample container; parser/hardware validation needed.","90","False","False","True","NO_BINARY_OUTPUT_METADATA_ONLY"
"RAM30.PCM","E:\UAOS_OPEN_LIBRARY_SOURCE\pa3x\SUPER4X.3X ASLY2018.SET\SUPER4X.3X ASLY2018.SET\PCM\RAM30.PCM",".pcm","2819684","3778ACC4D72C2924968C8872E082464A40DB73A8038D38E9CA2556CC74ABD9B7","PCM_CONTAINER","PARSER_CANDIDATE","V1719_PCM_CONTAINER_RESEARCH","Likely sample container; parser/hardware validation needed.","90","False","False","True","NO_BINARY_OUTPUT_METADATA_ONLY"
"RAM30.PCM","E:\UAOS_OPEN_LIBRARY_SOURCE\pa3x\ROTANA. 2022.SET\ROTANA. 2022.SET\PCM\RAM30.PCM",".pcm","4112998","FD34FE1B36E7FCFBA2D4B8AAE15A441F9C9596398DC066EA573224CE9FF5C8C8","PCM_CONTAINER","PARSER_CANDIDATE","V1719_PCM_CONTAINER_RESEARCH","Likely sample container; parser/hardware validation needed.","90","False","False","True","NO_BINARY_OUTPUT_METADATA_ONLY"
"RAM30.PCM","E:\UAOS_OPEN_LIBRARY_SOURCE\pa3x\LIVE CHARKI 3 2.SET\LIVE CHARKI 3 2.SET\PCM\RAM30.PCM",".pcm","1153972","D60121C564DFE2CBE149A264808C2533CF1E11B7DDE85C68648074C1623C3BBC","PCM_CONTAINER","PARSER_CANDIDATE","V1719_PCM_CONTAINER_RESEARCH","Likely sample container; parser/hardware validation needed.","90","False","False","True","NO_BINARY_OUTPUT_METADATA_ONLY"
"RAM31.PCM","E:\UAOS_OPEN_LIBRARY_SOURCE\pa3x\SUPER4X.3X ASLY2018.SET\SUPER4X.3X ASLY2018.SET\PCM\RAM31.PCM",".pcm","2665486","E188930611204B712A33000D672E0AF567FFC746750AC6FFCEB7E2C71E00334D","PCM_CONTAINER","PARSER_CANDIDATE","V1719_PCM_CONTAINER_RESEARCH","Likely sample container; parser/hardware validation needed.","90","False","False","True","NO_BINARY_OUTPUT_METADATA_ONLY"
"RAM31.PCM","E:\UAOS_OPEN_LIBRARY_SOURCE\pa3x\a1111.SET\a1111.SET\PCM\RAM31.PCM",".pcm","5628120","B1C66B55330260945CBCB33A6F578C4B78F27AD06657BA8657EC99217CFA4645","PCM_CONTAINER","PARSER_CANDIDATE","V1719_PCM_CONTAINER_RESEARCH","Likely sample container; parser/hardware validation needed.","90","False","False","True","NO_BINARY_OUTPUT_METADATA_ONLY"
"RAM31.PCM","E:\UAOS_OPEN_LIBRARY_SOURCE\pa3x\omar44.SET\omar44.SET\PCM\RAM31.PCM",".pcm","4309925","1E7BB75714ABF6CBCDDB109BE379F84A87C4B3E8D30EF6D6D50977FB8D1531B7","PCM_CONTAINER","PARSER_CANDIDATE","V1719_PCM_CONTAINER_RESEARCH","Likely sample container; parser/hardware validation needed.","90","False","False","True","NO_BINARY_OUTPUT_METADATA_ONLY"
"RAM31.PCM","E:\UAOS_OPEN_LIBRARY_SOURCE\pa3x\ROTANA. 2022.SET\ROTANA. 2022.SET\PCM\RAM31.PCM",".pcm","5593632","7075D233D0392B44211EE715CF5C33BE5477A9B5C2D4269B702430B10BECA350","PCM_CONTAINER","PARSER_CANDIDATE","V1719_PCM_CONTAINER_RESEARCH","Likely sample container; parser/hardware validation needed.","90","False","False","True","NO_BINARY_OUTPUT_METADATA_ONLY"
"RAM31.PCM","E:\UAOS_OPEN_LIBRARY_SOURCE\pa3x\RoTaNa(1) pa3x.SET\tareq pa3x.SET\PCM\RAM31.PCM",".pcm","2631946","A38AE12501D8C61C23AAE8566F071FF4E2A457807449BC57939805F3718CE176","PCM_CONTAINER","PARSER_CANDIDATE","V1719_PCM_CONTAINER_RESEARCH","Likely sample container; parser/hardware validation needed.","90","False","False","True","NO_BINARY_OUTPUT_METADATA_ONLY"
"RAM31.PCM","E:\UAOS_OPEN_LIBRARY_SOURCE\pa3x\ABOUD NEXT-MG.SET\ABOUD NEXT-MG.SET\PCM\RAM31.PCM",".pcm","4088170","0BC88DD4E0E8F64C7CD5E7BB46AAD4DD6D54A6A2EBCCB8359F1BB011C196FA3F","PCM_CONTAINER","PARSER_CANDIDATE","V1719_PCM_CONTAINER_RESEARCH","Likely sample container; parser/hardware validation needed.","90","False","False","True","NO_BINARY_OUTPUT_METADATA_ONLY"
"RAM31.PCM","E:\UAOS_OPEN_LIBRARY_SOURCE\pa3x\3xxxxx.SET\3xxxxx.SET\PCM\RAM31.PCM",".pcm","2603789","C289E1C21D30531818A64646E3657C0DC2AE72154C91C9B949A582D5884EDD29","PCM_CONTAINER","PARSER_CANDIDATE","V1719_PCM_CONTAINER_RESEARCH","Likely sample container; parser/hardware validation needed.","90","False","False","True","NO_BINARY_OUTPUT_METADATA_ONLY"
"RAM31.PCM","E:\UAOS_OPEN_LIBRARY_SOURCE\pa3x\2020 pa1000 pa4x.SET\2020 pa1000 pa4x.SET\PCM\RAM31.PCM",".pcm","2977466","B45FA260AAC30EB7658997933AFC9833DED481AB5384184BD2879E1AE93C9AB5","PCM_CONTAINER","PARSER_CANDIDATE","V1719_PCM_CONTAINER_RESEARCH","Likely sample container; parser/hardware validation needed.","90","False","False","True","NO_BINARY_OUTPUT_METADATA_ONLY"
"RAM31.PCM","E:\UAOS_OPEN_LIBRARY_SOURCE\pa3x\LIVE CHARKI 3 2.SET\LIVE CHARKI 3 2.SET\PCM\RAM31.PCM",".pcm","1306675","8DB880F2979B43BFC213AB3762F0C35CB3F1B135CFE6AC528568EFED3DE6C694","PCM_CONTAINER","PARSER_CANDIDATE","V1719_PCM_CONTAINER_RESEARCH","Likely sample container; parser/hardware validation needed.","90","False","False","True","NO_BINARY_OUTPUT_METADATA_ONLY"
"RAM31.PCM","E:\UAOS_OPEN_LIBRARY_SOURCE\pa3x\‏‏RoTaNa(1) pa3x.SET - نسخة\tareq pa3x.SET\PCM\RAM31.PCM",".pcm","2631946","A38AE12501D8C61C23AAE8566F071FF4E2A457807449BC57939805F3718CE176","PCM_CONTAINER","PARSER_CANDIDATE","V1719_PCM_CONTAINER_RESEARCH","Likely sample container; parser/hardware validation needed.","90","False","False","True","NO_BINARY_OUTPUT_METADATA_ONLY"
"RAM31.PCM","E:\UAOS_OPEN_LIBRARY_SOURCE\pa3x\rahm pa3x.SET\rahm pa3x.SET\PCM\RAM31.PCM",".pcm","2141914","1758D0FD4F0A68D75BA5E474F93ED2BC8815482489D6B7E04122A2E44C1AFBA4","PCM_CONTAINER","PARSER_CANDIDATE","V1719_PCM_CONTAINER_RESEARCH","Likely sample container; parser/hardware validation needed.","90","False","False","True","NO_BINARY_OUTPUT_METADATA_ONLY"
"RAM32.PCM","E:\UAOS_OPEN_LIBRARY_SOURCE\pa3x\rahm pa3x.SET\rahm pa3x.SET\PCM\RAM32.PCM",".pcm","2197982","33C80C110237F2303D6128CF19B8F8B0EAC1BE5D228842D7A1950B830F08E8E1","PCM_CONTAINER","PARSER_CANDIDATE","V1719_PCM_CONTAINER_RESEARCH","Likely sample container; parser/hardware validation needed.","90","False","False","True","NO_BINARY_OUTPUT_METADATA_ONLY"
"RAM32.PCM","E:\UAOS_OPEN_LIBRARY_SOURCE\pa3x\ABOUD NEXT-MG.SET\ABOUD NEXT-MG.SET\PCM\RAM32.PCM",".pcm","4278113","3D4F2DB889E5630C61626B52C18D69952D8D34C572BC7B26D120E0B5A32153B2","PCM_CONTAINER","PARSER_CANDIDATE","V1719_PCM_CONTAINER_RESEARCH","Likely sample container; parser/hardware validation needed.","90","False","False","True","NO_BINARY_OUTPUT_METADATA_ONLY"
"RAM32.PCM","E:\UAOS_OPEN_LIBRARY_SOURCE\pa3x\RoTaNa(1) pa3x.SET\tareq pa3x.SET\PCM\RAM32.PCM",".pcm","2569392","A1909C3BA5489E2AD827EDB4BDFDFF5879123CC7E6149A11D06707A8B240F6B9","PCM_CONTAINER","PARSER_CANDIDATE","V1719_PCM_CONTAINER_RESEARCH","Likely sample container; parser/hardware validation needed.","90","False","False","True","NO_BINARY_OUTPUT_METADATA_ONLY"
"RAM32.PCM","E:\UAOS_OPEN_LIBRARY_SOURCE\pa3x\‏‏RoTaNa(1) pa3x.SET - نسخة\tareq pa3x.SET\PCM\RAM32.PCM",".pcm","2569392","A1909C3BA5489E2AD827EDB4BDFDFF5879123CC7E6149A11D06707A8B240F6B9","PCM_CONTAINER","PARSER_CANDIDATE","V1719_PCM_CONTAINER_RESEARCH","Likely sample container; parser/hardware validation needed.","90","False","False","True","NO_BINARY_OUTPUT_METADATA_ONLY"
"RAM32.PCM","E:\UAOS_OPEN_LIBRARY_SOURCE\pa3x\2020 pa1000 pa4x.SET\2020 pa1000 pa4x.SET\PCM\RAM32.PCM",".pcm","3152652","B103792133EC4EE6A781C61CD34FB74A60D0625837F8DC3C8D605234DE61AC60","PCM_CONTAINER","PARSER_CANDIDATE","V1719_PCM_CONTAINER_RESEARCH","Likely sample container; parser/hardware validation needed.","90","False","False","True","NO_BINARY_OUTPUT_METADATA_ONLY"
"RAM32.PCM","E:\UAOS_OPEN_LIBRARY_SOURCE\pa3x\ROTANA. 2022.SET\ROTANA. 2022.SET\PCM\RAM32.PCM",".pcm","5703982","E6B90A1C4C1439A199A6ADE45E2A0ACD353E86A912FF8CBC38717CC882BD5AE6","PCM_CONTAINER","PARSER_CANDIDATE","V1719_PCM_CONTAINER_RESEARCH","Likely sample container; parser/hardware validation needed.","90","False","False","True","NO_BINARY_OUTPUT_METADATA_ONLY"
"RAM32.PCM","E:\UAOS_OPEN_LIBRARY_SOURCE\pa3x\LIVE CHARKI 3 2.SET\LIVE CHARKI 3 2.SET\PCM\RAM32.PCM",".pcm","1524237","5803FBE2A8CD922A304231EDD3D7CE0F38B55221616A34B145A94775056777EA","PCM_CONTAINER","PARSER_CANDIDATE","V1719_PCM_CONTAINER_RESEARCH","Likely sample container; parser/hardware validation needed.","90","False","False","True","NO_BINARY_OUTPUT_METADATA_ONLY"
"RAM32.PCM","E:\UAOS_OPEN_LIBRARY_SOURCE\pa3x\3xxxxx.SET\3xxxxx.SET\PCM\RAM32.PCM",".pcm","2708885","4FBC9EAFB8551731DDF6CF9AE1FD4171C5E58A7A9A58C72655F21088E88AB978","PCM_CONTAINER","PARSER_CANDIDATE","V1719_PCM_CONTAINER_RESEARCH","Likely sample container; parser/hardware validation needed.","90","False","False","True","NO_BINARY_OUTPUT_METADATA_ONLY"
"RAM32.PCM","E:\UAOS_OPEN_LIBRARY_SOURCE\pa3x\SUPER4X.3X ASLY2018.SET\SUPER4X.3X ASLY2018.SET\PCM\RAM32.PCM",".pcm","2694053","E96A2D11FAFB42D0D150A0844F25D0472E308E0B982B25C4289A150C8AE4C1E6","PCM_CONTAINER","PARSER_CANDIDATE","V1719_PCM_CONTAINER_RESEARCH","Likely sample container; parser/hardware validation needed.","90","False","False","True","NO_BINARY_OUTPUT_METADATA_ONLY"
"RAM32.PCM","E:\UAOS_OPEN_LIBRARY_SOURCE\pa3x\a1111.SET\a1111.SET\PCM\RAM32.PCM",".pcm","7197226","A485F0987C8686E815DD8A256526C2A2608CAEEA9680824931B90FDBF2172DA0","PCM_CONTAINER","PARSER_CANDIDATE","V1719_PCM_CONTAINER_RESEARCH","Likely sample container; parser/hardware validation needed.","90","False","False","True","NO_BINARY_OUTPUT_METADATA_ONLY"
"RAM32.PCM","E:\UAOS_OPEN_LIBRARY_SOURCE\pa3x\omar44.SET\omar44.SET\PCM\RAM32.PCM",".pcm","4722372","205033582B102D3DE14ACEBB795BD133E5558FB634DB26537D1526C950C0A074","PCM_CONTAINER","PARSER_CANDIDATE","V1719_PCM_CONTAINER_RESEARCH","Likely sample container; parser/hardware validation needed.","90","False","False","True","NO_BINARY_OUTPUT_METADATA_ONLY"
"RAM33.PCM","E:\UAOS_OPEN_LIBRARY_SOURCE\pa3x\rahm pa3x.SET\rahm pa3x.SET\PCM\RAM33.PCM",".pcm","2229618","CE273997EFCDA098CF86D83F72117954859DE0C031172E5119F18539B3941B87","PCM_CONTAINER","PARSER_CANDIDATE","V1719_PCM_CONTAINER_RESEARCH","Likely sample container; parser/hardware validation needed.","90","False","False","True","NO_BINARY_OUTPUT_METADATA_ONLY"
"RAM33.PCM","E:\UAOS_OPEN_LIBRARY_SOURCE\pa3x\ROTANA. 2022.SET\ROTANA. 2022.SET\PCM\RAM33.PCM",".pcm","5763820","97ABA2DA87403C6B420463B62F09ADAB3E69A14C861DFEC711D478F414C33D93","PCM_CONTAINER","PARSER_CANDIDATE","V1719_PCM_CONTAINER_RESEARCH","Likely sample container; parser/hardware validation needed.","90","False","False","True","NO_BINARY_OUTPUT_METADATA_ONLY"
"RAM33.PCM","E:\UAOS_OPEN_LIBRARY_SOURCE\pa3x\‏‏RoTaNa(1) pa3x.SET - نسخة\tareq pa3x.SET\PCM\RAM33.PCM",".pcm","2575246","C0D7BAD61F0B2F78153822C5ACED1071AEEF0A3443BF6DD12A6EA413AC9A538A","PCM_CONTAINER","PARSER_CANDIDATE","V1719_PCM_CONTAINER_RESEARCH","Likely sample container; parser/hardware validation needed.","90","False","False","True","NO_BINARY_OUTPUT_METADATA_ONLY"
"RAM33.PCM","E:\UAOS_OPEN_LIBRARY_SOURCE\pa3x\3xxxxx.SET\3xxxxx.SET\PCM\RAM33.PCM",".pcm","2712441","F250CEDDB9CB0B5AC993540D0C00CA38215667345C11EE7979933E8B9AC8D35E","PCM_CONTAINER","PARSER_CANDIDATE","V1719_PCM_CONTAINER_RESEARCH","Likely sample container; parser/hardware validation needed.","90","False","False","True","NO_BINARY_OUTPUT_METADATA_ONLY"
"RAM33.PCM","E:\UAOS_OPEN_LIBRARY_SOURCE\pa3x\SUPER4X.3X ASLY2018.SET\SUPER4X.3X ASLY2018.SET\PCM\RAM33.PCM",".pcm","2686200","193CD4194583BC770CD5DFA0F96381277660DD6D054BB0D3AE42F6D9CE1F1E8D","PCM_CONTAINER","PARSER_CANDIDATE","V1719_PCM_CONTAINER_RESEARCH","Likely sample container; parser/hardware validation needed.","90","False","False","True","NO_BINARY_OUTPUT_METADATA_ONLY"
"RAM33.PCM","E:\UAOS_OPEN_LIBRARY_SOURCE\pa3x\2020 pa1000 pa4x.SET\2020 pa1000 pa4x.SET\PCM\RAM33.PCM",".pcm","2889600","45566B28E5BB9176B9026C099466F75357641D684A0A45A1680655E18A7710B8","PCM_CONTAINER","PARSER_CANDIDATE","V1719_PCM_CONTAINER_RESEARCH","Likely sample container; parser/hardware validation needed.","90","False","False","True","NO_BINARY_OUTPUT_METADATA_ONLY"
"RAM33.PCM","E:\UAOS_OPEN_LIBRARY_SOURCE\pa3x\a1111.SET\a1111.SET\PCM\RAM33.PCM",".pcm","6691550","2012E65CD140C4DEB37781EFF4AEB85B80F01D86E075EADE31F55DB0B93C3080","PCM_CONTAINER","PARSER_CANDIDATE","V1719_PCM_CONTAINER_RESEARCH","Likely sample container; parser/hardware validation needed.","90","False","False","True","NO_BINARY_OUTPUT_METADATA_ONLY"
"RAM33.PCM","E:\UAOS_OPEN_LIBRARY_SOURCE\pa3x\LIVE CHARKI 3 2.SET\LIVE CHARKI 3 2.SET\PCM\RAM33.PCM",".pcm","1882179","4F9698D74593CE6BCBB8D8B698933C8E5001BE9A1117841E046D5A4C5C21FA76","PCM_CONTAINER","PARSER_CANDIDATE","V1719_PCM_CONTAINER_RESEARCH","Likely sample container; parser/hardware validation needed.","90","False","False","True","NO_BINARY_OUTPUT_METADATA_ONLY"
"RAM33.PCM","E:\UAOS_OPEN_LIBRARY_SOURCE\pa3x\ABOUD NEXT-MG.SET\ABOUD NEXT-MG.SET\PCM\RAM33.PCM",".pcm","3604553","ED5500407253E222168E747F55097819EE713D86669043647CA72710771750C2","PCM_CONTAINER","PARSER_CANDIDATE","V1719_PCM_CONTAINER_RESEARCH","Likely sample container; parser/hardware validation needed.","90","False","False","True","NO_BINARY_OUTPUT_METADATA_ONLY"
"RAM33.PCM","E:\UAOS_OPEN_LIBRARY_SOURCE\pa3x\omar44.SET\omar44.SET\PCM\RAM33.PCM",".pcm","4342948","3C9D290D7C88D26EAEA44FF4236238750A69ADC5DE35716F7277EB05C8067720","PCM_CONTAINER","PARSER_CANDIDATE","V1719_PCM_CONTAINER_RESEARCH","Likely sample container; parser/hardware validation needed.","90","False","False","True","NO_BINARY_OUTPUT_METADATA_ONLY"
"RAM33.PCM","E:\UAOS_OPEN_LIBRARY_SOURCE\pa3x\RoTaNa(1) pa3x.SET\tareq pa3x.SET\PCM\RAM33.PCM",".pcm","2575246","C0D7BAD61F0B2F78153822C5ACED1071AEEF0A3443BF6DD12A6EA413AC9A538A","PCM_CONTAINER","PARSER_CANDIDATE","V1719_PCM_CONTAINER_RESEARCH","Likely sample container; parser/hardware validation needed.","90","False","False","True","NO_BINARY_OUTPUT_METADATA_ONLY"
"RAM34.PCM","E:\UAOS_OPEN_LIBRARY_SOURCE\pa3x\3xxxxx.SET\3xxxxx.SET\PCM\RAM34.PCM",".pcm","2609064","5CF798E2A8F90876DF8A27D95A7AD7360CAB255C1F671891CB7A0609FFD1A711","PCM_CONTAINER","PARSER_CANDIDATE","V1719_PCM_CONTAINER_RESEARCH","Likely sample container; parser/hardware validation needed.","90","False","False","True","NO_BINARY_OUTPUT_METADATA_ONLY"
"RAM34.PCM","E:\UAOS_OPEN_LIBRARY_SOURCE\pa3x\omar44.SET\omar44.SET\PCM\RAM34.PCM",".pcm","4346516","A1F9DBAD7DA372A5ACCC72762A03175FAA5002EF9304DDDB2FC8F0378BA27772","PCM_CONTAINER","PARSER_CANDIDATE","V1719_PCM_CONTAINER_RESEARCH","Likely sample container; parser/hardware validation needed.","90","False","False","True","NO_BINARY_OUTPUT_METADATA_ONLY"
"RAM34.PCM","E:\UAOS_OPEN_LIBRARY_SOURCE\pa3x\SUPER4X.3X ASLY2018.SET\SUPER4X.3X ASLY2018.SET\PCM\RAM34.PCM",".pcm","2656714","A2F175C5FD6510B71DCA217512D9ABCD7E9BC5712C8DDE5E494424B4F57B14D3","PCM_CONTAINER","PARSER_CANDIDATE","V1719_PCM_CONTAINER_RESEARCH","Likely sample container; parser/hardware validation needed.","90","False","False","True","NO_BINARY_OUTPUT_METADATA_ONLY"
"RAM34.PCM","E:\UAOS_OPEN_LIBRARY_SOURCE\pa3x\LIVE CHARKI 3 2.SET\LIVE CHARKI 3 2.SET\PCM\RAM34.PCM",".pcm","1566386","FD2BF50C04CC923FFA2EBB2832988593E4B87C990B91591E7FDD0C014D30FAF0","PCM_CONTAINER","PARSER_CANDIDATE","V1719_PCM_CONTAINER_RESEARCH","Likely sample container; parser/hardware validation needed.","90","False","False","True","NO_BINARY_OUTPUT_METADATA_ONLY"
"RAM34.PCM","E:\UAOS_OPEN_LIBRARY_SOURCE\pa3x\2020 pa1000 pa4x.SET\2020 pa1000 pa4x.SET\PCM\RAM34.PCM",".pcm","3144199","6B05AE478A28EAFC57B327616EE1D5CF92427BCB2A5EF892061AA4A4C52AEDAA","PCM_CONTAINER","PARSER_CANDIDATE","V1719_PCM_CONTAINER_RESEARCH","Likely sample container; parser/hardware validation needed.","90","False","False","True","NO_BINARY_OUTPUT_METADATA_ONLY"
"RAM34.PCM","E:\UAOS_OPEN_LIBRARY_SOURCE\pa3x\ABOUD NEXT-MG.SET\ABOUD NEXT-MG.SET\PCM\RAM34.PCM",".pcm","6051398","5A878777DFFD21FE992418D4388399F2EF64F2B7291C6350AB3DB45E7E31308E","PCM_CONTAINER","PARSER_CANDIDATE","V1719_PCM_CONTAINER_RESEARCH","Likely sample container; parser/hardware validation needed.","90","False","False","True","NO_BINARY_OUTPUT_METADATA_ONLY"
"RAM34.PCM","E:\UAOS_OPEN_LIBRARY_SOURCE\pa3x\ROTANA. 2022.SET\ROTANA. 2022.SET\PCM\RAM34.PCM",".pcm","6612828","B73DF927D77A172F4EA809DCD30807D636BC9031103BA69FECC3C80412C5A8E2","PCM_CONTAINER","PARSER_CANDIDATE","V1719_PCM_CONTAINER_RESEARCH","Likely sample container; parser/hardware validation needed.","90","False","False","True","NO_BINARY_OUTPUT_METADATA_ONLY"
"RAM34.PCM","E:\UAOS_OPEN_LIBRARY_SOURCE\pa3x\RoTaNa(1) pa3x.SET\tareq pa3x.SET\PCM\RAM34.PCM",".pcm","2600026","99570158D596D2C5A6CB6C7ECF2AB0FB8332A85E0996D28CD5023EA751EF4725","PCM_CONTAINER","PARSER_CANDIDATE","V1719_PCM_CONTAINER_RESEARCH","Likely sample container; parser/hardware validation needed.","90","False","False","True","NO_BINARY_OUTPUT_METADATA_ONLY"
"RAM34.PCM","E:\UAOS_OPEN_LIBRARY_SOURCE\pa3x\‏‏RoTaNa(1) pa3x.SET - نسخة\tareq pa3x.SET\PCM\RAM34.PCM",".pcm","2600026","99570158D596D2C5A6CB6C7ECF2AB0FB8332A85E0996D28CD5023EA751EF4725","PCM_CONTAINER","PARSER_CANDIDATE","V1719_PCM_CONTAINER_RESEARCH","Likely sample container; parser/hardware validation needed.","90","False","False","True","NO_BINARY_OUTPUT_METADATA_ONLY"
"RAM34.PCM","E:\UAOS_OPEN_LIBRARY_SOURCE\pa3x\a1111.SET\a1111.SET\PCM\RAM34.PCM",".pcm","8309942","AB7E252A948A71D77ADCD9A7C69B3B8B59AC2296A211786F5DA0F10F9F0FE917","PCM_CONTAINER","PARSER_CANDIDATE","V1719_PCM_CONTAINER_RESEARCH","Likely sample container; parser/hardware validation needed.","90","False","False","True","NO_BINARY_OUTPUT_METADATA_ONLY"
"RAM34.PCM","E:\UAOS_OPEN_LIBRARY_SOURCE\pa3x\rahm pa3x.SET\rahm pa3x.SET\PCM\RAM34.PCM",".pcm","2231084","07D326BF622A7D9DBECB4B753AB30A196A7EF648B9D980B3CA0C9E7672C88677","PCM_CONTAINER","PARSER_CANDIDATE","V1719_PCM_CONTAINER_RESEARCH","Likely sample container; parser/hardware validation needed.","90","False","False","True","NO_BINARY_OUTPUT_METADATA_ONLY"
"RAM35.PCM","E:\UAOS_OPEN_LIBRARY_SOURCE\pa3x\RoTaNa(1) pa3x.SET\tareq pa3x.SET\PCM\RAM35.PCM",".pcm","2573976","B079E56F13903DAF8C3892DC696AEAA08A9FD0268E46150FA74E9BE4A2AB38D1","PCM_CONTAINER","PARSER_CANDIDATE","V1719_PCM_CONTAINER_RESEARCH","Likely sample container; parser/hardware validation needed.","90","False","False","True","NO_BINARY_OUTPUT_METADATA_ONLY"
"RAM35.PCM","E:\UAOS_OPEN_LIBRARY_SOURCE\pa3x\omar44.SET\omar44.SET\PCM\RAM35.PCM",".pcm","4347687","10B732FEBE5BD400DF2315653A2984825114745DB6EA558C53517D2A61527FDC","PCM_CONTAINER","PARSER_CANDIDATE","V1719_PCM_CONTAINER_RESEARCH","Likely sample container; parser/hardware validation needed.","90","False","False","True","NO_BINARY_OUTPUT_METADATA_ONLY"
"RAM35.PCM","E:\UAOS_OPEN_LIBRARY_SOURCE\pa3x\‏‏RoTaNa(1) pa3x.SET - نسخة\tareq pa3x.SET\PCM\RAM35.PCM",".pcm","2573976","B079E56F13903DAF8C3892DC696AEAA08A9FD0268E46150FA74E9BE4A2AB38D1","PCM_CONTAINER","PARSER_CANDIDATE","V1719_PCM_CONTAINER_RESEARCH","Likely sample container; parser/hardware validation needed.","90","False","False","True","NO_BINARY_OUTPUT_METADATA_ONLY"
"RAM35.PCM","E:\UAOS_OPEN_LIBRARY_SOURCE\pa3x\ROTANA. 2022.SET\ROTANA. 2022.SET\PCM\RAM35.PCM",".pcm","5111218","4C3CFA4054B508F36288647A060472FE4AF9656BFB62866BE084888F24E80FA9","PCM_CONTAINER","PARSER_CANDIDATE","V1719_PCM_CONTAINER_RESEARCH","Likely sample container; parser/hardware validation needed.","90","False","False","True","NO_BINARY_OUTPUT_METADATA_ONLY"
"RAM35.PCM","E:\UAOS_OPEN_LIBRARY_SOURCE\pa3x\3xxxxx.SET\3xxxxx.SET\PCM\RAM35.PCM",".pcm","2688582","234CFD1966F60AAECC75C5FF3CCD37005EE9FE59572D8E5E116DCEC3CAFBD95F","PCM_CONTAINER","PARSER_CANDIDATE","V1719_PCM_CONTAINER_RESEARCH","Likely sample container; parser/hardware validation needed.","90","False","False","True","NO_BINARY_OUTPUT_METADATA_ONLY"
"RAM35.PCM","E:\UAOS_OPEN_LIBRARY_SOURCE\pa3x\LIVE CHARKI 3 2.SET\LIVE CHARKI 3 2.SET\PCM\RAM35.PCM",".pcm","1616144","3A317CA39AECBD4E2186133515B9E29654C06CE24E659B1AAA5E3FA2A30FFB2B","PCM_CONTAINER","PARSER_CANDIDATE","V1719_PCM_CONTAINER_RESEARCH","Likely sample container; parser/hardware validation needed.","90","False","False","True","NO_BINARY_OUTPUT_METADATA_ONLY"
"RAM35.PCM","E:\UAOS_OPEN_LIBRARY_SOURCE\pa3x\ABOUD NEXT-MG.SET\ABOUD NEXT-MG.SET\PCM\RAM35.PCM",".pcm","4430536","5928BE94EAC9CEEA554847CDEA63C5AB9176320DC3E7148D5E5581DECE42B65B","PCM_CONTAINER","PARSER_CANDIDATE","V1719_PCM_CONTAINER_RESEARCH","Likely sample container; parser/hardware validation needed.","90","False","False","True","NO_BINARY_OUTPUT_METADATA_ONLY"
"RAM35.PCM","E:\UAOS_OPEN_LIBRARY_SOURCE\pa3x\rahm pa3x.SET\rahm pa3x.SET\PCM\RAM35.PCM",".pcm","2230593","054943BB32CD585949FB689EA3BB14E2967696D105BC6AEA5EAEF2FFD43F7A74","PCM_CONTAINER","PARSER_CANDIDATE","V1719_PCM_CONTAINER_RESEARCH","Likely sample container; parser/hardware validation needed.","90","False","False","True","NO_BINARY_OUTPUT_METADATA_ONLY"
"RAM35.PCM","E:\UAOS_OPEN_LIBRARY_SOURCE\pa3x\a1111.SET\a1111.SET\PCM\RAM35.PCM",".pcm","6242156","6936C36CB2B14E9BAF705806DAB94FB86F30D95E0E4910437395ADA7DAE77310","PCM_CONTAINER","PARSER_CANDIDATE","V1719_PCM_CONTAINER_RESEARCH","Likely sample container; parser/hardware validation needed.","90","False","False","True","NO_BINARY_OUTPUT_METADATA_ONLY"
"RAM35.PCM","E:\UAOS_OPEN_LIBRARY_SOURCE\pa3x\SUPER4X.3X ASLY2018.SET\SUPER4X.3X ASLY2018.SET\PCM\RAM35.PCM",".pcm","2677804","EEF884C7540869D0F85ED60AAC75345C3C1BF2E4C37BCC0CA30F109A4F86ABA9","PCM_CONTAINER","PARSER_CANDIDATE","V1719_PCM_CONTAINER_RESEARCH","Likely sample container; parser/hardware validation needed.","90","False","False","True","NO_BINARY_OUTPUT_METADATA_ONLY"
"RAM35.PCM","E:\UAOS_OPEN_LIBRARY_SOURCE\pa3x\2020 pa1000 pa4x.SET\2020 pa1000 pa4x.SET\PCM\RAM35.PCM",".pcm","3052190","9D352B7C205D33D7954F768E22709B07A805A1B3F514F78C1BE702F0A3E01B13","PCM_CONTAINER","PARSER_CANDIDATE","V1719_PCM_CONTAINER_RESEARCH","Likely sample container; parser/hardware validation needed.","90","False","False","True","NO_BINARY_OUTPUT_METADATA_ONLY"
"RAM36.PCM","E:\UAOS_OPEN_LIBRARY_SOURCE\pa3x\ABOUD NEXT-MG.SET\ABOUD NEXT-MG.SET\PCM\RAM36.PCM",".pcm","5286297","0BCDC1154C51370CCCBB26DAE2C84C47854EE8D013B1DF8C728C076FC561867E","PCM_CONTAINER","PARSER_CANDIDATE","V1719_PCM_CONTAINER_RESEARCH","Likely sample container; parser/hardware validation needed.","90","False","False","True","NO_BINARY_OUTPUT_METADATA_ONLY"
"RAM36.PCM","E:\UAOS_OPEN_LIBRARY_SOURCE\pa3x\ROTANA. 2022.SET\ROTANA. 2022.SET\PCM\RAM36.PCM",".pcm","4166376","AE39FAAA2840EFC53E7FC0CA422BAF36051CDEF8020289F59D258E20DEBE5008","PCM_CONTAINER","PARSER_CANDIDATE","V1719_PCM_CONTAINER_RESEARCH","Likely sample container; parser/hardware validation needed.","90","False","False","True","NO_BINARY_OUTPUT_METADATA_ONLY"
"RAM36.PCM","E:\UAOS_OPEN_LIBRARY_SOURCE\pa3x\omar44.SET\omar44.SET\PCM\RAM36.PCM",".pcm","4188154","CD270BC6C1C70D4ECDACF71C7D717B2BD78BB0A6BC35EBBAF0265BDAE9C4BFF6","PCM_CONTAINER","PARSER_CANDIDATE","V1719_PCM_CONTAINER_RESEARCH","Likely sample container; parser/hardware validation needed.","90","False","False","True","NO_BINARY_OUTPUT_METADATA_ONLY"
"RAM36.PCM","E:\UAOS_OPEN_LIBRARY_SOURCE\pa3x\SUPER4X.3X ASLY2018.SET\SUPER4X.3X ASLY2018.SET\PCM\RAM36.PCM",".pcm","2671611","31DCEA58BDE989C3939B19D7CF1FFD13B5F9A632558D2B2050E2C09AE5DD551C","PCM_CONTAINER","PARSER_CANDIDATE","V1719_PCM_CONTAINER_RESEARCH","Likely sample container; parser/hardware validation needed.","90","False","False","True","NO_BINARY_OUTPUT_METADATA_ONLY"
"RAM36.PCM","E:\UAOS_OPEN_LIBRARY_SOURCE\pa3x\a1111.SET\a1111.SET\PCM\RAM36.PCM",".pcm","5836455","89C668C2C3DD80042BCA7ED20C419CA308AC5A1CC67649634A2279F3B35CF895","PCM_CONTAINER","PARSER_CANDIDATE","V1719_PCM_CONTAINER_RESEARCH","Likely sample container; parser/hardware validation needed.","90","False","False","True","NO_BINARY_OUTPUT_METADATA_ONLY"
"RAM36.PCM","E:\UAOS_OPEN_LIBRARY_SOURCE\pa3x\rahm pa3x.SET\rahm pa3x.SET\PCM\RAM36.PCM",".pcm","2114748","104AA73F5A66F4806895D44FA3EBA4A9EA9F0DAE77967D2EA7CFEB797CF68A53","PCM_CONTAINER","PARSER_CANDIDATE","V1719_PCM_CONTAINER_RESEARCH","Likely sample container; parser/hardware validation needed.","90","False","False","True","NO_BINARY_OUTPUT_METADATA_ONLY"
"RAM36.PCM","E:\UAOS_OPEN_LIBRARY_SOURCE\pa3x\LIVE CHARKI 3 2.SET\LIVE CHARKI 3 2.SET\PCM\RAM36.PCM",".pcm","2219045","BF5D094E61F03E512A3F2F201388404630C61956E270955B8DD140765796165A","PCM_CONTAINER","PARSER_CANDIDATE","V1719_PCM_CONTAINER_RESEARCH","Likely sample container; parser/hardware validation needed.","90","False","False","True","NO_BINARY_OUTPUT_METADATA_ONLY"
"RAM36.PCM","E:\UAOS_OPEN_LIBRARY_SOURCE\pa3x\3xxxxx.SET\3xxxxx.SET\PCM\RAM36.PCM",".pcm","2682671","501A10D0469B4ACE145FF3663BEE2A6C8AA18F5CAD13612C061256685DAE8F1C","PCM_CONTAINER","PARSER_CANDIDATE","V1719_PCM_CONTAINER_RESEARCH","Likely sample container; parser/hardware validation needed.","90","False","False","True","NO_BINARY_OUTPUT_METADATA_ONLY"
"RAM36.PCM","E:\UAOS_OPEN_LIBRARY_SOURCE\pa3x\2020 pa1000 pa4x.SET\2020 pa1000 pa4x.SET\PCM\RAM36.PCM",".pcm","2922181","0A9A941C49A4BBDA7841A3B51796B2402CF5F84020B259BB813BB24FAA8CD2E0","PCM_CONTAINER","PARSER_CANDIDATE","V1719_PCM_CONTAINER_RESEARCH","Likely sample container; parser/hardware validation needed.","90","False","False","True","NO_BINARY_OUTPUT_METADATA_ONLY"
"RAM36.PCM","E:\UAOS_OPEN_LIBRARY_SOURCE\pa3x\RoTaNa(1) pa3x.SET\tareq pa3x.SET\PCM\RAM36.PCM",".pcm","2589300","B5ECB3B63E61F8D6AA2362D6BCC9E0157A6E67143A0A338C9581F023FAC2F9A3","PCM_CONTAINER","PARSER_CANDIDATE","V1719_PCM_CONTAINER_RESEARCH","Likely sample container; parser/hardware validation needed.","90","False","False","True","NO_BINARY_OUTPUT_METADATA_ONLY"
"RAM36.PCM","E:\UAOS_OPEN_LIBRARY_SOURCE\pa3x\‏‏RoTaNa(1) pa3x.SET - نسخة\tareq pa3x.SET\PCM\RAM36.PCM",".pcm","2589300","B5ECB3B63E61F8D6AA2362D6BCC9E0157A6E67143A0A338C9581F023FAC2F9A3","PCM_CONTAINER","PARSER_CANDIDATE","V1719_PCM_CONTAINER_RESEARCH","Likely sample container; parser/hardware validation needed.","90","False","False","True","NO_BINARY_OUTPUT_METADATA_ONLY"
"RAM37.PCM","E:\UAOS_OPEN_LIBRARY_SOURCE\pa3x\SUPER4X.3X ASLY2018.SET\SUPER4X.3X ASLY2018.SET\PCM\RAM37.PCM",".pcm","2685196","3AC68A40778EA0B5AFA9746F24D14A8FCE5A7A855A85E6A1135B7017328A2F4B","PCM_CONTAINER","PARSER_CANDIDATE","V1719_PCM_CONTAINER_RESEARCH","Likely sample container; parser/hardware validation needed.","90","False","False","True","NO_BINARY_OUTPUT_METADATA_ONLY"
"RAM37.PCM","E:\UAOS_OPEN_LIBRARY_SOURCE\pa3x\‏‏RoTaNa(1) pa3x.SET - نسخة\tareq pa3x.SET\PCM\RAM37.PCM",".pcm","2603746","EE394405F957791FB19F38EAFE9DA5EA7BC11765768AEEF3C79F65A2C60D1CFB","PCM_CONTAINER","PARSER_CANDIDATE","V1719_PCM_CONTAINER_RESEARCH","Likely sample container; parser/hardware validation needed.","90","False","False","True","NO_BINARY_OUTPUT_METADATA_ONLY"
"RAM37.PCM","E:\UAOS_OPEN_LIBRARY_SOURCE\pa3x\2020 pa1000 pa4x.SET\2020 pa1000 pa4x.SET\PCM\RAM37.PCM",".pcm","2926198","B68805340132F668C960DA607DC3EF311144D97B672563EC6283EC6E6E65F112","PCM_CONTAINER","PARSER_CANDIDATE","V1719_PCM_CONTAINER_RESEARCH","Likely sample container; parser/hardware validation needed.","90","False","False","True","NO_BINARY_OUTPUT_METADATA_ONLY"
"RAM37.PCM","E:\UAOS_OPEN_LIBRARY_SOURCE\pa3x\omar44.SET\omar44.SET\PCM\RAM37.PCM",".pcm","4291400","3B0EC5168F9655D48C566477D6EB67748D57AC92CCEDC9B2227854D32914D2AE","PCM_CONTAINER","PARSER_CANDIDATE","V1719_PCM_CONTAINER_RESEARCH","Likely sample container; parser/hardware validation needed.","90","False","False","True","NO_BINARY_OUTPUT_METADATA_ONLY"
"RAM37.PCM","E:\UAOS_OPEN_LIBRARY_SOURCE\pa3x\LIVE CHARKI 3 2.SET\LIVE CHARKI 3 2.SET\PCM\RAM37.PCM",".pcm","1909081","969F4D792A1AF89EAED7F34B02A1C24AB5AE814DCAB525747BA6BD8209D84E28","PCM_CONTAINER","PARSER_CANDIDATE","V1719_PCM_CONTAINER_RESEARCH","Likely sample container; parser/hardware validation needed.","90","False","False","True","NO_BINARY_OUTPUT_METADATA_ONLY"
"RAM37.PCM","E:\UAOS_OPEN_LIBRARY_SOURCE\pa3x\ABOUD NEXT-MG.SET\ABOUD NEXT-MG.SET\PCM\RAM37.PCM",".pcm","3777672","7DE2D91C1DFBCFC11FD0BD771CF70CBD537703F2E09BC1B09A9D8D5A0E48175E","PCM_CONTAINER","PARSER_CANDIDATE","V1719_PCM_CONTAINER_RESEARCH","Likely sample container; parser/hardware validation needed.","90","False","False","True","NO_BINARY_OUTPUT_METADATA_ONLY"
"RAM37.PCM","E:\UAOS_OPEN_LIBRARY_SOURCE\pa3x\ROTANA. 2022.SET\ROTANA. 2022.SET\PCM\RAM37.PCM",".pcm","5475308","A3010A4E16DCE2A1782D66BCA624973BE24D162735266D0A819FAD87743DE8B8","PCM_CONTAINER","PARSER_CANDIDATE","V1719_PCM_CONTAINER_RESEARCH","Likely sample container; parser/hardware validation needed.","90","False","False","True","NO_BINARY_OUTPUT_METADATA_ONLY"
"RAM37.PCM","E:\UAOS_OPEN_LIBRARY_SOURCE\pa3x\3xxxxx.SET\3xxxxx.SET\PCM\RAM37.PCM",".pcm","2561851","13953980D9A25B3F839FE42D24049FCEAD91347EF385B67AAC94E188C1892031","PCM_CONTAINER","PARSER_CANDIDATE","V1719_PCM_CONTAINER_RESEARCH","Likely sample container; parser/hardware validation needed.","90","False","False","True","NO_BINARY_OUTPUT_METADATA_ONLY"
"RAM37.PCM","E:\UAOS_OPEN_LIBRARY_SOURCE\pa3x\rahm pa3x.SET\rahm pa3x.SET\PCM\RAM37.PCM",".pcm","2163724","8E5334E34D2FE2814AA753D7DA05527717DF0A8C8F7F3BA97F33441AF370B9EB","PCM_CONTAINER","PARSER_CANDIDATE","V1719_PCM_CONTAINER_RESEARCH","Likely sample container; parser/hardware validation needed.","90","False","False","True","NO_BINARY_OUTPUT_METADATA_ONLY"
"RAM37.PCM","E:\UAOS_OPEN_LIBRARY_SOURCE\pa3x\a1111.SET\a1111.SET\PCM\RAM37.PCM",".pcm","5723636","5E326571F1820A0815234D7F9130F2D5F3D0954512C8C3B8FE0CF243082E27A7","PCM_CONTAINER","PARSER_CANDIDATE","V1719_PCM_CONTAINER_RESEARCH","Likely sample container; parser/hardware validation needed.","90","False","False","True","NO_BINARY_OUTPUT_METADATA_ONLY"
"RAM37.PCM","E:\UAOS_OPEN_LIBRARY_SOURCE\pa3x\RoTaNa(1) pa3x.SET\tareq pa3x.SET\PCM\RAM37.PCM",".pcm","2603746","EE394405F957791FB19F38EAFE9DA5EA7BC11765768AEEF3C79F65A2C60D1CFB","PCM_CONTAINER","PARSER_CANDIDATE","V1719_PCM_CONTAINER_RESEARCH","Likely sample container; parser/hardware validation needed.","90","False","False","True","NO_BINARY_OUTPUT_METADATA_ONLY"
"RAM38.PCM","E:\UAOS_OPEN_LIBRARY_SOURCE\pa3x\RoTaNa(1) pa3x.SET\tareq pa3x.SET\PCM\RAM38.PCM",".pcm","2619690","6E63A1AD7F81CF7A9348F2891EC93F95E7438ED52559F408C9841A7DE2F37727","PCM_CONTAINER","PARSER_CANDIDATE","V1719_PCM_CONTAINER_RESEARCH","Likely sample container; parser/hardware validation needed.","90","False","False","True","NO_BINARY_OUTPUT_METADATA_ONLY"
"RAM38.PCM","E:\UAOS_OPEN_LIBRARY_SOURCE\pa3x\rahm pa3x.SET\rahm pa3x.SET\PCM\RAM38.PCM",".pcm","2144864","9B7C7AC34C6B9D26B1931EA4CD9396227548F06F3B55749FDB6F00D4EAC69213","PCM_CONTAINER","PARSER_CANDIDATE","V1719_PCM_CONTAINER_RESEARCH","Likely sample container; parser/hardware validation needed.","90","False","False","True","NO_BINARY_OUTPUT_METADATA_ONLY"
"RAM38.PCM","E:\UAOS_OPEN_LIBRARY_SOURCE\pa3x\LIVE CHARKI 3 2.SET\LIVE CHARKI 3 2.SET\PCM\RAM38.PCM",".pcm","1500490","1A58D7753C5BB7255A9087068CE923C936F4A6EEE225C39CE80AB5635BDEB16B","PCM_CONTAINER","PARSER_CANDIDATE","V1719_PCM_CONTAINER_RESEARCH","Likely sample container; parser/hardware validation needed.","90","False","False","True","NO_BINARY_OUTPUT_METADATA_ONLY"
"RAM38.PCM","E:\UAOS_OPEN_LIBRARY_SOURCE\pa3x\a1111.SET\a1111.SET\PCM\RAM38.PCM",".pcm","6842585","B504D74F7E86D7B9B556C9F74D2006C3CFC5703FCDE814E2954C82CFD840CA1A","PCM_CONTAINER","PARSER_CANDIDATE","V1719_PCM_CONTAINER_RESEARCH","Likely sample container; parser/hardware validation needed.","90","False","False","True","NO_BINARY_OUTPUT_METADATA_ONLY"
"RAM38.PCM","E:\UAOS_OPEN_LIBRARY_SOURCE\pa3x\3xxxxx.SET\3xxxxx.SET\PCM\RAM38.PCM",".pcm","2692662","085D93C3CB3E5FD448FA82DB8CD34C3E52EF932F724DF8A1F193AE7AEF49803D","PCM_CONTAINER","PARSER_CANDIDATE","V1719_PCM_CONTAINER_RESEARCH","Likely sample container; parser/hardware validation needed.","90","False","False","True","NO_BINARY_OUTPUT_METADATA_ONLY"
"RAM38.PCM","E:\UAOS_OPEN_LIBRARY_SOURCE\pa3x\ABOUD NEXT-MG.SET\ABOUD NEXT-MG.SET\PCM\RAM38.PCM",".pcm","3884156","7485285DFA1335A21FA340C90273D21A5342A6A0ED970CCD1125906ADB97421A","PCM_CONTAINER","PARSER_CANDIDATE","V1719_PCM_CONTAINER_RESEARCH","Likely sample container; parser/hardware validation needed.","90","False","False","True","NO_BINARY_OUTPUT_METADATA_ONLY"
"RAM38.PCM","E:\UAOS_OPEN_LIBRARY_SOURCE\pa3x\omar44.SET\omar44.SET\PCM\RAM38.PCM",".pcm","4265120","D218ADEAB012A42EA1B67F7F20659C1A572D3CC541DD55EB694F73006BFA662B","PCM_CONTAINER","PARSER_CANDIDATE","V1719_PCM_CONTAINER_RESEARCH","Likely sample container; parser/hardware validation needed.","90","False","False","True","NO_BINARY_OUTPUT_METADATA_ONLY"
"RAM38.PCM","E:\UAOS_OPEN_LIBRARY_SOURCE\pa3x\SUPER4X.3X ASLY2018.SET\SUPER4X.3X ASLY2018.SET\PCM\RAM38.PCM",".pcm","2652584","A7E4058DFF6DBF75D0C205C63FF56C8E1825F25E069703F4005810E637275DB5","PCM_CONTAINER","PARSER_CANDIDATE","V1719_PCM_CONTAINER_RESEARCH","Likely sample container; parser/hardware validation needed.","90","False","False","True","NO_BINARY_OUTPUT_METADATA_ONLY"
"RAM38.PCM","E:\UAOS_OPEN_LIBRARY_SOURCE\pa3x\ROTANA. 2022.SET\ROTANA. 2022.SET\PCM\RAM38.PCM",".pcm","5925538","C0CE381209548BD10EE0AF875A9E9EAF672BB98B3B5C031D13B17F922CA00CE9","PCM_CONTAINER","PARSER_CANDIDATE","V1719_PCM_CONTAINER_RESEARCH","Likely sample container; parser/hardware validation needed.","90","False","False","True","NO_BINARY_OUTPUT_METADATA_ONLY"
"RAM38.PCM","E:\UAOS_OPEN_LIBRARY_SOURCE\pa3x\2020 pa1000 pa4x.SET\2020 pa1000 pa4x.SET\PCM\RAM38.PCM",".pcm","3149201","356EA7D9CBF3836F8981E0937F4942D60A04D9BADB71195BFA517445B2B78F9F","PCM_CONTAINER","PARSER_CANDIDATE","V1719_PCM_CONTAINER_RESEARCH","Likely sample container; parser/hardware validation needed.","90","False","False","True","NO_BINARY_OUTPUT_METADATA_ONLY"
"RAM38.PCM","E:\UAOS_OPEN_LIBRARY_SOURCE\pa3x\‏‏RoTaNa(1) pa3x.SET - نسخة\tareq pa3x.SET\PCM\RAM38.PCM",".pcm","2619690","6E63A1AD7F81CF7A9348F2891EC93F95E7438ED52559F408C9841A7DE2F37727","PCM_CONTAINER","PARSER_CANDIDATE","V1719_PCM_CONTAINER_RESEARCH","Likely sample container; parser/hardware validation needed.","90","False","False","True","NO_BINARY_OUTPUT_METADATA_ONLY"
"RAM39.PCM","E:\UAOS_OPEN_LIBRARY_SOURCE\pa3x\‏‏RoTaNa(1) pa3x.SET - نسخة\tareq pa3x.SET\PCM\RAM39.PCM",".pcm","2575176","3BBE7239ACD7AC285983337D417214A02D285E38F06EFD92165A287C1F31D278","PCM_CONTAINER","PARSER_CANDIDATE","V1719_PCM_CONTAINER_RESEARCH","Likely sample container; parser/hardware validation needed.","90","False","False","True","NO_BINARY_OUTPUT_METADATA_ONLY"
"RAM39.PCM","E:\UAOS_OPEN_LIBRARY_SOURCE\pa3x\a1111.SET\a1111.SET\PCM\RAM39.PCM",".pcm","6533442","167EF0105F562BC1759D7DF20B2DCC97C200F8CB449607BE69BC40AA27F8B82A","PCM_CONTAINER","PARSER_CANDIDATE","V1719_PCM_CONTAINER_RESEARCH","Likely sample container; parser/hardware validation needed.","90","False","False","True","NO_BINARY_OUTPUT_METADATA_ONLY"
"RAM39.PCM","E:\UAOS_OPEN_LIBRARY_SOURCE\pa3x\LIVE CHARKI 3 2.SET\LIVE CHARKI 3 2.SET\PCM\RAM39.PCM",".pcm","1611470","AD17885F945E083D5C862037D6C8957334BFCDE007D6949046519AC814029E72","PCM_CONTAINER","PARSER_CANDIDATE","V1719_PCM_CONTAINER_RESEARCH","Likely sample container; parser/hardware validation needed.","90","False","False","True","NO_BINARY_OUTPUT_METADATA_ONLY"
"RAM39.PCM","E:\UAOS_OPEN_LIBRARY_SOURCE\pa3x\ROTANA. 2022.SET\ROTANA. 2022.SET\PCM\RAM39.PCM",".pcm","4138662","940839D75DC5585D5D6B6687F1352162EE94BC727394C1D8629EE44FAD895C5B","PCM_CONTAINER","PARSER_CANDIDATE","V1719_PCM_CONTAINER_RESEARCH","Likely sample container; parser/hardware validation needed.","90","False","False","True","NO_BINARY_OUTPUT_METADATA_ONLY"
"RAM39.PCM","E:\UAOS_OPEN_LIBRARY_SOURCE\pa3x\rahm pa3x.SET\rahm pa3x.SET\PCM\RAM39.PCM",".pcm","2171714","3DAD943BE57729CABF5514DBB81EB747C33E8DE55E6990260318299709DCB46C","PCM_CONTAINER","PARSER_CANDIDATE","V1719_PCM_CONTAINER_RESEARCH","Likely sample container; parser/hardware validation needed.","90","False","False","True","NO_BINARY_OUTPUT_METADATA_ONLY"
"RAM39.PCM","E:\UAOS_OPEN_LIBRARY_SOURCE\pa3x\SUPER4X.3X ASLY2018.SET\SUPER4X.3X ASLY2018.SET\PCM\RAM39.PCM",".pcm","3067650","01EDD3F68A2CDDC6A57A78BCAE00B17DD7B029BC2C9AFBB57AE22D265E45EFD4","PCM_CONTAINER","PARSER_CANDIDATE","V1719_PCM_CONTAINER_RESEARCH","Likely sample container; parser/hardware validation needed.","90","False","False","True","NO_BINARY_OUTPUT_METADATA_ONLY"
"RAM39.PCM","E:\UAOS_OPEN_LIBRARY_SOURCE\pa3x\3xxxxx.SET\3xxxxx.SET\PCM\RAM39.PCM",".pcm","2654679","4E139EA083A0AD709CAD491939DDC71943E90F2186785E98512C4F899A72C736","PCM_CONTAINER","PARSER_CANDIDATE","V1719_PCM_CONTAINER_RESEARCH","Likely sample container; parser/hardware validation needed.","90","False","False","True","NO_BINARY_OUTPUT_METADATA_ONLY"
"RAM39.PCM","E:\UAOS_OPEN_LIBRARY_SOURCE\pa3x\RoTaNa(1) pa3x.SET\tareq pa3x.SET\PCM\RAM39.PCM",".pcm","2575176","3BBE7239ACD7AC285983337D417214A02D285E38F06EFD92165A287C1F31D278","PCM_CONTAINER","PARSER_CANDIDATE","V1719_PCM_CONTAINER_RESEARCH","Likely sample container; parser/hardware validation needed.","90","False","False","True","NO_BINARY_OUTPUT_METADATA_ONLY"
"RAM39.PCM","E:\UAOS_OPEN_LIBRARY_SOURCE\pa3x\omar44.SET\omar44.SET\PCM\RAM39.PCM",".pcm","4353854","8809E0B9212E8FB4F455A42907EDA80D8C36864CEE045CA3F78EDD47A8981516","PCM_CONTAINER","PARSER_CANDIDATE","V1719_PCM_CONTAINER_RESEARCH","Likely sample container; parser/hardware validation needed.","90","False","False","True","NO_BINARY_OUTPUT_METADATA_ONLY"
"RAM39.PCM","E:\UAOS_OPEN_LIBRARY_SOURCE\pa3x\2020 pa1000 pa4x.SET\2020 pa1000 pa4x.SET\PCM\RAM39.PCM",".pcm","2888911","FF4793F676A4B4EB586BDC26650E338DD93E5620CEF33DDCA8453B1E50BCEA2D","PCM_CONTAINER","PARSER_CANDIDATE","V1719_PCM_CONTAINER_RESEARCH","Likely sample container; parser/hardware validation needed.","90","False","False","True","NO_BINARY_OUTPUT_METADATA_ONLY"
"RAM39.PCM","E:\UAOS_OPEN_LIBRARY_SOURCE\pa3x\ABOUD NEXT-MG.SET\ABOUD NEXT-MG.SET\PCM\RAM39.PCM",".pcm","4363768","0BEBB5030F818DFFB3F9707B113E386C866229D6D236E8E7C996F0FD2E15A70D","PCM_CONTAINER","PARSER_CANDIDATE","V1719_PCM_CONTAINER_RESEARCH","Likely sample container; parser/hardware validation needed.","90","False","False","True","NO_BINARY_OUTPUT_METADATA_ONLY"
"RAM40.PCM","E:\UAOS_OPEN_LIBRARY_SOURCE\pa3x\SUPER4X.3X ASLY2018.SET\SUPER4X.3X ASLY2018.SET\PCM\RAM40.PCM",".pcm","2694022","E7CE08D4E23C9BD2D60B0CFCF14113E558FD21265BFAFA16A742A8012F651931","PCM_CONTAINER","PARSER_CANDIDATE","V1719_PCM_CONTAINER_RESEARCH","Likely sample container; parser/hardware validation needed.","90","False","False","True","NO_BINARY_OUTPUT_METADATA_ONLY"
"RAM40.PCM","E:\UAOS_OPEN_LIBRARY_SOURCE\pa3x\2020 pa1000 pa4x.SET\2020 pa1000 pa4x.SET\PCM\RAM40.PCM",".pcm","2925613","22135B1FD67801A49EFAFCB6BBFAB18958B81E4A0EEFB1C59AADE8D39FD9F2A6","PCM_CONTAINER","PARSER_CANDIDATE","V1719_PCM_CONTAINER_RESEARCH","Likely sample container; parser/hardware validation needed.","90","False","False","True","NO_BINARY_OUTPUT_METADATA_ONLY"
"RAM40.PCM","E:\UAOS_OPEN_LIBRARY_SOURCE\pa3x\LIVE CHARKI 3 2.SET\LIVE CHARKI 3 2.SET\PCM\RAM40.PCM",".pcm","1707349","5A543B209F2C5575B21D58EEC0DA46E73077E02B9821662F660860EBA24ED4F9","PCM_CONTAINER","PARSER_CANDIDATE","V1719_PCM_CONTAINER_RESEARCH","Likely sample container; parser/hardware validation needed.","90","False","False","True","NO_BINARY_OUTPUT_METADATA_ONLY"
"RAM40.PCM","E:\UAOS_OPEN_LIBRARY_SOURCE\pa3x\ABOUD NEXT-MG.SET\ABOUD NEXT-MG.SET\PCM\RAM40.PCM",".pcm","5669194","B8FE43A6DA8D3866C73E79CE43F122C76F74AE1CD30694DA23FB2B8D190A6083","PCM_CONTAINER","PARSER_CANDIDATE","V1719_PCM_CONTAINER_RESEARCH","Likely sample container; parser/hardware validation needed.","90","False","False","True","NO_BINARY_OUTPUT_METADATA_ONLY"
"RAM40.PCM","E:\UAOS_OPEN_LIBRARY_SOURCE\pa3x\rahm pa3x.SET\rahm pa3x.SET\PCM\RAM40.PCM",".pcm","2236322","4705E2C219AAFE3DDEE66393F70D2C8AE97A75E230A2528C69A23BD8A4127D90","PCM_CONTAINER","PARSER_CANDIDATE","V1719_PCM_CONTAINER_RESEARCH","Likely sample container; parser/hardware validation needed.","90","False","False","True","NO_BINARY_OUTPUT_METADATA_ONLY"
"RAM40.PCM","E:\UAOS_OPEN_LIBRARY_SOURCE\pa3x\‏‏RoTaNa(1) pa3x.SET - نسخة\tareq pa3x.SET\PCM\RAM40.PCM",".pcm","2570076","59157DD16250E0210F5D25E92B4D0208F344EA5AFE1D99F40B68FA748CDCE912","PCM_CONTAINER","PARSER_CANDIDATE","V1719_PCM_CONTAINER_RESEARCH","Likely sample container; parser/hardware validation needed.","90","False","False","True","NO_BINARY_OUTPUT_METADATA_ONLY"
"RAM40.PCM","E:\UAOS_OPEN_LIBRARY_SOURCE\pa3x\omar44.SET\omar44.SET\PCM\RAM40.PCM",".pcm","4069885","0839851A53AC768ABB5BDEE00E4D5800A3FACAD919E5463009B5979A6C6C4771","PCM_CONTAINER","PARSER_CANDIDATE","V1719_PCM_CONTAINER_RESEARCH","Likely sample container; parser/hardware validation needed.","90","False","False","True","NO_BINARY_OUTPUT_METADATA_ONLY"
"RAM40.PCM","E:\UAOS_OPEN_LIBRARY_SOURCE\pa3x\a1111.SET\a1111.SET\PCM\RAM40.PCM",".pcm","5566050","C66CFA32E10BECED8AB9CED7060C0D144F70CEA59BCBAC6CEC6BC6468CF4AD5B","PCM_CONTAINER","PARSER_CANDIDATE","V1719_PCM_CONTAINER_RESEARCH","Likely sample container; parser/hardware validation needed.","90","False","False","True","NO_BINARY_OUTPUT_METADATA_ONLY"
"RAM40.PCM","E:\UAOS_OPEN_LIBRARY_SOURCE\pa3x\ROTANA. 2022.SET\ROTANA. 2022.SET\PCM\RAM40.PCM",".pcm","6596064","7BEEE12EB8AF0A44647C5BA9016EE8848ECA935F33A2ADBE3DDACF8A27E110A6","PCM_CONTAINER","PARSER_CANDIDATE","V1719_PCM_CONTAINER_RESEARCH","Likely sample container; parser/hardware validation needed.","90","False","False","True","NO_BINARY_OUTPUT_METADATA_ONLY"
"RAM40.PCM","E:\UAOS_OPEN_LIBRARY_SOURCE\pa3x\3xxxxx.SET\3xxxxx.SET\PCM\RAM40.PCM",".pcm","2599067","C49A54E6DF0224A8D04DA8C370831B62FD5CBE40FED4A567996AA84AF516EE4F","PCM_CONTAINER","PARSER_CANDIDATE","V1719_PCM_CONTAINER_RESEARCH","Likely sample container; parser/hardware validation needed.","90","False","False","True","NO_BINARY_OUTPUT_METADATA_ONLY"
"RAM40.PCM","E:\UAOS_OPEN_LIBRARY_SOURCE\pa3x\RoTaNa(1) pa3x.SET\tareq pa3x.SET\PCM\RAM40.PCM",".pcm","2570076","59157DD16250E0210F5D25E92B4D0208F344EA5AFE1D99F40B68FA748CDCE912","PCM_CONTAINER","PARSER_CANDIDATE","V1719_PCM_CONTAINER_RESEARCH","Likely sample container; parser/hardware validation needed.","90","False","False","True","NO_BINARY_OUTPUT_METADATA_ONLY"
"RAM41.PCM","E:\UAOS_OPEN_LIBRARY_SOURCE\pa3x\a1111.SET\a1111.SET\PCM\RAM41.PCM",".pcm","7870034","24CDB1E51BEB1C41921200A3FB03F10B08B3336FAA09E5C6F052374349115F9B","PCM_CONTAINER","PARSER_CANDIDATE","V1719_PCM_CONTAINER_RESEARCH","Likely sample container; parser/hardware validation needed.","90","False","False","True","NO_BINARY_OUTPUT_METADATA_ONLY"
"RAM41.PCM","E:\UAOS_OPEN_LIBRARY_SOURCE\pa3x\2020 pa1000 pa4x.SET\2020 pa1000 pa4x.SET\PCM\RAM41.PCM",".pcm","3144578","7A7C98B9EE4AFB17CDACFC4A5A00B755D9AA008B8DE5A783572E53CCBFDFB520","PCM_CONTAINER","PARSER_CANDIDATE","V1719_PCM_CONTAINER_RESEARCH","Likely sample container; parser/hardware validation needed.","90","False","False","True","NO_BINARY_OUTPUT_METADATA_ONLY"
"RAM41.PCM","E:\UAOS_OPEN_LIBRARY_SOURCE\pa3x\omar44.SET\omar44.SET\PCM\RAM41.PCM",".pcm","4094189","A557FB199EC490F7C57778640E5691ACCB8AE9BE677D84DAC19629E909828780","PCM_CONTAINER","PARSER_CANDIDATE","V1719_PCM_CONTAINER_RESEARCH","Likely sample container; parser/hardware validation needed.","90","False","False","True","NO_BINARY_OUTPUT_METADATA_ONLY"
"RAM41.PCM","E:\UAOS_OPEN_LIBRARY_SOURCE\pa3x\‏‏RoTaNa(1) pa3x.SET - نسخة\tareq pa3x.SET\PCM\RAM41.PCM",".pcm","2600308","3FAC261853B4A32ADED195EF65DBD051EF81AFE38E30E4BFAC92269D10C758AF","PCM_CONTAINER","PARSER_CANDIDATE","V1719_PCM_CONTAINER_RESEARCH","Likely sample container; parser/hardware validation needed.","90","False","False","True","NO_BINARY_OUTPUT_METADATA_ONLY"
"RAM41.PCM","E:\UAOS_OPEN_LIBRARY_SOURCE\pa3x\SUPER4X.3X ASLY2018.SET\SUPER4X.3X ASLY2018.SET\PCM\RAM41.PCM",".pcm","2661820","8CD552CC9DEB14F12BE96C8DADE1FF0D68849B9F13AC775F1175AB9271C2BF82","PCM_CONTAINER","PARSER_CANDIDATE","V1719_PCM_CONTAINER_RESEARCH","Likely sample container; parser/hardware validation needed.","90","False","False","True","NO_BINARY_OUTPUT_METADATA_ONLY"
"RAM41.PCM","E:\UAOS_OPEN_LIBRARY_SOURCE\pa3x\rahm pa3x.SET\rahm pa3x.SET\PCM\RAM41.PCM",".pcm","2103965","0E4D06915FA388B8C5EEF1DE94A3803E9FFD5D7056E67C223F2D3C888FC22BCE","PCM_CONTAINER","PARSER_CANDIDATE","V1719_PCM_CONTAINER_RESEARCH","Likely sample container; parser/hardware validation needed.","90","False","False","True","NO_BINARY_OUTPUT_METADATA_ONLY"
"RAM41.PCM","E:\UAOS_OPEN_LIBRARY_SOURCE\pa3x\RoTaNa(1) pa3x.SET\tareq pa3x.SET\PCM\RAM41.PCM",".pcm","2600308","3FAC261853B4A32ADED195EF65DBD051EF81AFE38E30E4BFAC92269D10C758AF","PCM_CONTAINER","PARSER_CANDIDATE","V1719_PCM_CONTAINER_RESEARCH","Likely sample container; parser/hardware validation needed.","90","False","False","True","NO_BINARY_OUTPUT_METADATA_ONLY"
"RAM41.PCM","E:\UAOS_OPEN_LIBRARY_SOURCE\pa3x\ROTANA. 2022.SET\ROTANA. 2022.SET\PCM\RAM41.PCM",".pcm","5398742","8D097026AC8AB95A7854FA59095ED3A4D86C01D73328CA0E08B07F8F889200CA","PCM_CONTAINER","PARSER_CANDIDATE","V1719_PCM_CONTAINER_RESEARCH","Likely sample container; parser/hardware validation needed.","90","False","False","True","NO_BINARY_OUTPUT_METADATA_ONLY"
"RAM41.PCM","E:\UAOS_OPEN_LIBRARY_SOURCE\pa3x\3xxxxx.SET\3xxxxx.SET\PCM\RAM41.PCM",".pcm","2816111","D5D12A844808B1363BDE7583885A9163FCB6C6B24549A98A57E08A75EE1ADE02","PCM_CONTAINER","PARSER_CANDIDATE","V1719_PCM_CONTAINER_RESEARCH","Likely sample container; parser/hardware validation needed.","90","False","False","True","NO_BINARY_OUTPUT_METADATA_ONLY"
"RAM41.PCM","E:\UAOS_OPEN_LIBRARY_SOURCE\pa3x\ABOUD NEXT-MG.SET\ABOUD NEXT-MG.SET\PCM\RAM41.PCM",".pcm","5533975","624170F12B776B344EF0FD2FBEC30B310CB8AC19B98C133901718865225CB27C","PCM_CONTAINER","PARSER_CANDIDATE","V1719_PCM_CONTAINER_RESEARCH","Likely sample container; parser/hardware validation needed.","90","False","False","True","NO_BINARY_OUTPUT_METADATA_ONLY"
"RAM41.PCM","E:\UAOS_OPEN_LIBRARY_SOURCE\pa3x\LIVE CHARKI 3 2.SET\LIVE CHARKI 3 2.SET\PCM\RAM41.PCM",".pcm","1572343","ED056893B9EAB6E76B65DCCDC71B13960572255057E2438806E6087AB1B67D5A","PCM_CONTAINER","PARSER_CANDIDATE","V1719_PCM_CONTAINER_RESEARCH","Likely sample container; parser/hardware validation needed.","90","False","False","True","NO_BINARY_OUTPUT_METADATA_ONLY"
"RAM42.PCM","E:\UAOS_OPEN_LIBRARY_SOURCE\pa3x\‏‏RoTaNa(1) pa3x.SET - نسخة\tareq pa3x.SET\PCM\RAM42.PCM",".pcm","2587648","AC48DE16C65512056DC560C064E41A102FF1D73E6CF52FB65A3B760FF9EBD4F8","PCM_CONTAINER","PARSER_CANDIDATE","V1719_PCM_CONTAINER_RESEARCH","Likely sample container; parser/hardware validation needed.","90","False","False","True","NO_BINARY_OUTPUT_METADATA_ONLY"
"RAM42.PCM","E:\UAOS_OPEN_LIBRARY_SOURCE\pa3x\RoTaNa(1) pa3x.SET\tareq pa3x.SET\PCM\RAM42.PCM",".pcm","2587648","AC48DE16C65512056DC560C064E41A102FF1D73E6CF52FB65A3B760FF9EBD4F8","PCM_CONTAINER","PARSER_CANDIDATE","V1719_PCM_CONTAINER_RESEARCH","Likely sample container; parser/hardware validation needed.","90","False","False","True","NO_BINARY_OUTPUT_METADATA_ONLY"
"RAM42.PCM","E:\UAOS_OPEN_LIBRARY_SOURCE\pa3x\rahm pa3x.SET\rahm pa3x.SET\PCM\RAM42.PCM",".pcm","2117790","2418049D18864F4D4301529E873B05B00143978E938932C18A31B22673EE7530","PCM_CONTAINER","PARSER_CANDIDATE","V1719_PCM_CONTAINER_RESEARCH","Likely sample container; parser/hardware validation needed.","90","False","False","True","NO_BINARY_OUTPUT_METADATA_ONLY"
"RAM42.PCM","E:\UAOS_OPEN_LIBRARY_SOURCE\pa3x\ROTANA. 2022.SET\ROTANA. 2022.SET\PCM\RAM42.PCM",".pcm","5512528","871167AA013C9033E6C2F0E835DBBD3D4048A327EAEB8D60A916F5961F6B567E","PCM_CONTAINER","PARSER_CANDIDATE","V1719_PCM_CONTAINER_RESEARCH","Likely sample container; parser/hardware validation needed.","90","False","False","True","NO_BINARY_OUTPUT_METADATA_ONLY"
"RAM42.PCM","E:\UAOS_OPEN_LIBRARY_SOURCE\pa3x\LIVE CHARKI 3 2.SET\LIVE CHARKI 3 2.SET\PCM\RAM42.PCM",".pcm","3448920","F114E2994D379D1C0C9C51FE6741E3582719F86E0036C43B02745EEEB6F381DB","PCM_CONTAINER","PARSER_CANDIDATE","V1719_PCM_CONTAINER_RESEARCH","Likely sample container; parser/hardware validation needed.","90","False","False","True","NO_BINARY_OUTPUT_METADATA_ONLY"
"RAM42.PCM","E:\UAOS_OPEN_LIBRARY_SOURCE\pa3x\2020 pa1000 pa4x.SET\2020 pa1000 pa4x.SET\PCM\RAM42.PCM",".pcm","2885683","3AF10A08A50364FA2A18DD95A54565B8F6331687E78F6A02B54B20B776562D3C","PCM_CONTAINER","PARSER_CANDIDATE","V1719_PCM_CONTAINER_RESEARCH","Likely sample container; parser/hardware validation needed.","90","False","False","True","NO_BINARY_OUTPUT_METADATA_ONLY"
"RAM42.PCM","E:\UAOS_OPEN_LIBRARY_SOURCE\pa3x\omar44.SET\omar44.SET\PCM\RAM42.PCM",".pcm","4276026","246653E801F0ABCCC51A0331206746055EF3FBF36E2952CABE74133799CBCE1E","PCM_CONTAINER","PARSER_CANDIDATE","V1719_PCM_CONTAINER_RESEARCH","Likely sample container; parser/hardware validation needed.","90","False","False","True","NO_BINARY_OUTPUT_METADATA_ONLY"
"RAM42.PCM","E:\UAOS_OPEN_LIBRARY_SOURCE\pa3x\3xxxxx.SET\3xxxxx.SET\PCM\RAM42.PCM",".pcm","2719287","DC8176DEB5E44226C5EE7A0B571B88BDA5135A31CE5A756EDC7D46E67202FFEB","PCM_CONTAINER","PARSER_CANDIDATE","V1719_PCM_CONTAINER_RESEARCH","Likely sample container; parser/hardware validation needed.","90","False","False","True","NO_BINARY_OUTPUT_METADATA_ONLY"
"RAM42.PCM","E:\UAOS_OPEN_LIBRARY_SOURCE\pa3x\a1111.SET\a1111.SET\PCM\RAM42.PCM",".pcm","6729302","ED9E6E44EAC7FF565EBE4A92AE9428DF7251229F80FC8733D22D31FCE02E7D18","PCM_CONTAINER","PARSER_CANDIDATE","V1719_PCM_CONTAINER_RESEARCH","Likely sample container; parser/hardware validation needed.","90","False","False","True","NO_BINARY_OUTPUT_METADATA_ONLY"
"RAM42.PCM","E:\UAOS_OPEN_LIBRARY_SOURCE\pa3x\SUPER4X.3X ASLY2018.SET\SUPER4X.3X ASLY2018.SET\PCM\RAM42.PCM",".pcm","2669334","BD031900E853F4F4156E06FDB8FDCFA482E98334F258F66F69E9A768A0832BE6","PCM_CONTAINER","PARSER_CANDIDATE","V1719_PCM_CONTAINER_RESEARCH","Likely sample container; parser/hardware validation needed.","90","False","False","True","NO_BINARY_OUTPUT_METADATA_ONLY"
"RAM42.PCM","E:\UAOS_OPEN_LIBRARY_SOURCE\pa3x\ABOUD NEXT-MG.SET\ABOUD NEXT-MG.SET\PCM\RAM42.PCM",".pcm","5687943","7E40ED346A5BDD9BB37D7F3ECF9E399F654B59267CC5350F01CFA05BA3961413","PCM_CONTAINER","PARSER_CANDIDATE","V1719_PCM_CONTAINER_RESEARCH","Likely sample container; parser/hardware validation needed.","90","False","False","True","NO_BINARY_OUTPUT_METADATA_ONLY"
"RAM43.PCM","E:\UAOS_OPEN_LIBRARY_SOURCE\pa3x\rahm pa3x.SET\rahm pa3x.SET\PCM\RAM43.PCM",".pcm","2159174","5DB1034EEA16ADDCCF071F255715D24E35C0BB6DBB84E682F40F066242F30422","PCM_CONTAINER","PARSER_CANDIDATE","V1719_PCM_CONTAINER_RESEARCH","Likely sample container; parser/hardware validation needed.","90","False","False","True","NO_BINARY_OUTPUT_METADATA_ONLY"
"RAM43.PCM","E:\UAOS_OPEN_LIBRARY_SOURCE\pa3x\‏‏RoTaNa(1) pa3x.SET - نسخة\tareq pa3x.SET\PCM\RAM43.PCM",".pcm","2622552","20463AC6FA42141C3E75814AAE01C9134574B4C58A3A071EBA33E59E554ECFEB","PCM_CONTAINER","PARSER_CANDIDATE","V1719_PCM_CONTAINER_RESEARCH","Likely sample container; parser/hardware validation needed.","90","False","False","True","NO_BINARY_OUTPUT_METADATA_ONLY"
"RAM43.PCM","E:\UAOS_OPEN_LIBRARY_SOURCE\pa3x\SUPER4X.3X ASLY2018.SET\SUPER4X.3X ASLY2018.SET\PCM\RAM43.PCM",".pcm","2840132","F780F84F52C2B0B635AFC5577C294C249EBBD39FB572D61F814B23ECB3C2E4B5","PCM_CONTAINER","PARSER_CANDIDATE","V1719_PCM_CONTAINER_RESEARCH","Likely sample container; parser/hardware validation needed.","90","False","False","True","NO_BINARY_OUTPUT_METADATA_ONLY"
"RAM43.PCM","E:\UAOS_OPEN_LIBRARY_SOURCE\pa3x\RoTaNa(1) pa3x.SET\tareq pa3x.SET\PCM\RAM43.PCM",".pcm","2622552","20463AC6FA42141C3E75814AAE01C9134574B4C58A3A071EBA33E59E554ECFEB","PCM_CONTAINER","PARSER_CANDIDATE","V1719_PCM_CONTAINER_RESEARCH","Likely sample container; parser/hardware validation needed.","90","False","False","True","NO_BINARY_OUTPUT_METADATA_ONLY"
"RAM43.PCM","E:\UAOS_OPEN_LIBRARY_SOURCE\pa3x\ROTANA. 2022.SET\ROTANA. 2022.SET\PCM\RAM43.PCM",".pcm","3843764","06316A5639A8F56785DBC08336D658B9D1FD8C47B195541824473C1F4C623B56","PCM_CONTAINER","PARSER_CANDIDATE","V1719_PCM_CONTAINER_RESEARCH","Likely sample container; parser/hardware validation needed.","90","False","False","True","NO_BINARY_OUTPUT_METADATA_ONLY"
"RAM43.PCM","E:\UAOS_OPEN_LIBRARY_SOURCE\pa3x\a1111.SET\a1111.SET\PCM\RAM43.PCM",".pcm","6127686","EA591B8CA309AE054ADBE7D2CB59002B711AE81AFF9E9E6EAEC1808783DC820D","PCM_CONTAINER","PARSER_CANDIDATE","V1719_PCM_CONTAINER_RESEARCH","Likely sample container; parser/hardware validation needed.","90","False","False","True","NO_BINARY_OUTPUT_METADATA_ONLY"
"RAM43.PCM","E:\UAOS_OPEN_LIBRARY_SOURCE\pa3x\ABOUD NEXT-MG.SET\ABOUD NEXT-MG.SET\PCM\RAM43.PCM",".pcm","5395060","B62D4B8DAD53B74CAB038106BF2273E6888CB8C3729026323EAD5BE5E45E66E9","PCM_CONTAINER","PARSER_CANDIDATE","V1719_PCM_CONTAINER_RESEARCH","Likely sample container; parser/hardware validation needed.","90","False","False","True","NO_BINARY_OUTPUT_METADATA_ONLY"
"RAM43.PCM","E:\UAOS_OPEN_LIBRARY_SOURCE\pa3x\3xxxxx.SET\3xxxxx.SET\PCM\RAM43.PCM",".pcm","2824740","9D871E54D185956C90CF7501294ADA9DEF6617271A5ED24BB96EC277EDCCB75D","PCM_CONTAINER","PARSER_CANDIDATE","V1719_PCM_CONTAINER_RESEARCH","Likely sample container; parser/hardware validation needed.","90","False","False","True","NO_BINARY_OUTPUT_METADATA_ONLY"
"RAM43.PCM","E:\UAOS_OPEN_LIBRARY_SOURCE\pa3x\2020 pa1000 pa4x.SET\2020 pa1000 pa4x.SET\PCM\RAM43.PCM",".pcm","2894932","A79482498CE62C0AD7D6B558C20C253AA3DD8E391D3906ABB2D7C70273B269D5","PCM_CONTAINER","PARSER_CANDIDATE","V1719_PCM_CONTAINER_RESEARCH","Likely sample container; parser/hardware validation needed.","90","False","False","True","NO_BINARY_OUTPUT_METADATA_ONLY"
"RAM43.PCM","E:\UAOS_OPEN_LIBRARY_SOURCE\pa3x\omar44.SET\omar44.SET\PCM\RAM43.PCM",".pcm","4740445","1E385F73F5416C12D659F4BD23E81B75DBF82D38F6CEED8D5953763277E1F5A7","PCM_CONTAINER","PARSER_CANDIDATE","V1719_PCM_CONTAINER_RESEARCH","Likely sample container; parser/hardware validation needed.","90","False","False","True","NO_BINARY_OUTPUT_METADATA_ONLY"
"RAM43.PCM","E:\UAOS_OPEN_LIBRARY_SOURCE\pa3x\LIVE CHARKI 3 2.SET\LIVE CHARKI 3 2.SET\PCM\RAM43.PCM",".pcm","1790117","90810FA7CE39FB77C450B1D4587A2538196F4D23AEBE9FD6E5B42535EBDEFAA6","PCM_CONTAINER","PARSER_CANDIDATE","V1719_PCM_CONTAINER_RESEARCH","Likely sample container; parser/hardware validation needed.","90","False","False","True","NO_BINARY_OUTPUT_METADATA_ONLY"
"RAM44.PCM","E:\UAOS_OPEN_LIBRARY_SOURCE\pa3x\ROTANA. 2022.SET\ROTANA. 2022.SET\PCM\RAM44.PCM",".pcm","5354584","88EA3A7F492EA5BB9B530290FFC291832E8B7DB6BF2BA9AD23B091DE5394594F","PCM_CONTAINER","PARSER_CANDIDATE","V1719_PCM_CONTAINER_RESEARCH","Likely sample container; parser/hardware validation needed.","90","False","False","True","NO_BINARY_OUTPUT_METADATA_ONLY"
"RAM44.PCM","E:\UAOS_OPEN_LIBRARY_SOURCE\pa3x\rahm pa3x.SET\rahm pa3x.SET\PCM\RAM44.PCM",".pcm","2203216","5B99546D4B5A502895BA8970D3D6FD9D8EA23D8C1C739D72F4B713FA913B22BC","PCM_CONTAINER","PARSER_CANDIDATE","V1719_PCM_CONTAINER_RESEARCH","Likely sample container; parser/hardware validation needed.","90","False","False","True","NO_BINARY_OUTPUT_METADATA_ONLY"
"RAM44.PCM","E:\UAOS_OPEN_LIBRARY_SOURCE\pa3x\SUPER4X.3X ASLY2018.SET\SUPER4X.3X ASLY2018.SET\PCM\RAM44.PCM",".pcm","2828358","74A7E91166F52B497AD9549EEB88AE3F1D2CCA1DBEF6113D1072E9236CEC12C8","PCM_CONTAINER","PARSER_CANDIDATE","V1719_PCM_CONTAINER_RESEARCH","Likely sample container; parser/hardware validation needed.","90","False","False","True","NO_BINARY_OUTPUT_METADATA_ONLY"
"RAM44.PCM","E:\UAOS_OPEN_LIBRARY_SOURCE\pa3x\LIVE CHARKI 3 2.SET\LIVE CHARKI 3 2.SET\PCM\RAM44.PCM",".pcm","1856172","C99F33CA8BA94FA0A0A4C1BDB362BC50024B02693BFF1AF2177C1BA2742D6B68","PCM_CONTAINER","PARSER_CANDIDATE","V1719_PCM_CONTAINER_RESEARCH","Likely sample container; parser/hardware validation needed.","90","False","False","True","NO_BINARY_OUTPUT_METADATA_ONLY"
"RAM44.PCM","E:\UAOS_OPEN_LIBRARY_SOURCE\pa3x\2020 pa1000 pa4x.SET\2020 pa1000 pa4x.SET\PCM\RAM44.PCM",".pcm","2888532","7B4DA1006169FE225BB4E84132B744A7831E1BCBD5CDA69EFF86268ED560B50C","PCM_CONTAINER","PARSER_CANDIDATE","V1719_PCM_CONTAINER_RESEARCH","Likely sample container; parser/hardware validation needed.","90","False","False","True","NO_BINARY_OUTPUT_METADATA_ONLY"
"RAM44.PCM","E:\UAOS_OPEN_LIBRARY_SOURCE\pa3x\ABOUD NEXT-MG.SET\ABOUD NEXT-MG.SET\PCM\RAM44.PCM",".pcm","5024339","C9FF8BCB2EAEAADB76286D78248DFE20118AF35A7B6C16D67CD4094FB766026F","PCM_CONTAINER","PARSER_CANDIDATE","V1719_PCM_CONTAINER_RESEARCH","Likely sample container; parser/hardware validation needed.","90","False","False","True","NO_BINARY_OUTPUT_METADATA_ONLY"
"RAM44.PCM","E:\UAOS_OPEN_LIBRARY_SOURCE\pa3x\RoTaNa(1) pa3x.SET\tareq pa3x.SET\PCM\RAM44.PCM",".pcm","2727580","0153F9EF36EECF8980DD96C2A095EDDE5F3E0B85C52ACE50EE635FAC98BF3CE1","PCM_CONTAINER","PARSER_CANDIDATE","V1719_PCM_CONTAINER_RESEARCH","Likely sample container; parser/hardware validation needed.","90","False","False","True","NO_BINARY_OUTPUT_METADATA_ONLY"
"RAM44.PCM","E:\UAOS_OPEN_LIBRARY_SOURCE\pa3x\omar44.SET\omar44.SET\PCM\RAM44.PCM",".pcm","4278983","487E53AD4040105E510D98D60A07D6F7E32A34C61667F52F652B86582E344135","PCM_CONTAINER","PARSER_CANDIDATE","V1719_PCM_CONTAINER_RESEARCH","Likely sample container; parser/hardware validation needed.","90","False","False","True","NO_BINARY_OUTPUT_METADATA_ONLY"
"RAM44.PCM","E:\UAOS_OPEN_LIBRARY_SOURCE\pa3x\3xxxxx.SET\3xxxxx.SET\PCM\RAM44.PCM",".pcm","2574229","C0C5BDB0E64CFC57877F03F66145DC1D104C5A4A6618330CA871B896E78DBE26","PCM_CONTAINER","PARSER_CANDIDATE","V1719_PCM_CONTAINER_RESEARCH","Likely sample container; parser/hardware validation needed.","90","False","False","True","NO_BINARY_OUTPUT_METADATA_ONLY"
"RAM44.PCM","E:\UAOS_OPEN_LIBRARY_SOURCE\pa3x\‏‏RoTaNa(1) pa3x.SET - نسخة\tareq pa3x.SET\PCM\RAM44.PCM",".pcm","2727580","0153F9EF36EECF8980DD96C2A095EDDE5F3E0B85C52ACE50EE635FAC98BF3CE1","PCM_CONTAINER","PARSER_CANDIDATE","V1719_PCM_CONTAINER_RESEARCH","Likely sample container; parser/hardware validation needed.","90","False","False","True","NO_BINARY_OUTPUT_METADATA_ONLY"
"RAM44.PCM","E:\UAOS_OPEN_LIBRARY_SOURCE\pa3x\a1111.SET\a1111.SET\PCM\RAM44.PCM",".pcm","8793246","0FE2A314D86D926EAB6DF0A6A9FC04D08BD69F22659A32AE6D186EC0DC5B6130","PCM_CONTAINER","PARSER_CANDIDATE","V1719_PCM_CONTAINER_RESEARCH","Likely sample container; parser/hardware validation needed.","90","False","False","True","NO_BINARY_OUTPUT_METADATA_ONLY"
"RAM45.PCM","E:\UAOS_OPEN_LIBRARY_SOURCE\pa3x\ABOUD NEXT-MG.SET\ABOUD NEXT-MG.SET\PCM\RAM45.PCM",".pcm","3521154","6A1E06707DAC1D14FFF7120F448BE2FCB8EEA812267BD14A5287E551F3A40B50","PCM_CONTAINER","PARSER_CANDIDATE","V1719_PCM_CONTAINER_RESEARCH","Likely sample container; parser/hardware validation needed.","90","False","False","True","NO_BINARY_OUTPUT_METADATA_ONLY"
"RAM45.PCM","E:\UAOS_OPEN_LIBRARY_SOURCE\pa3x\3xxxxx.SET\3xxxxx.SET\PCM\RAM45.PCM",".pcm","2576844","FA757AED097F805D2A2FE496214DA0441960EAAC5D8E4E171204F7B4E9D810A4","PCM_CONTAINER","PARSER_CANDIDATE","V1719_PCM_CONTAINER_RESEARCH","Likely sample container; parser/hardware validation needed.","90","False","False","True","NO_BINARY_OUTPUT_METADATA_ONLY"
"RAM45.PCM","E:\UAOS_OPEN_LIBRARY_SOURCE\pa3x\omar44.SET\omar44.SET\PCM\RAM45.PCM",".pcm","4287631","DBFFE1FFEEEF56A66A79441C4CD72F9B168EBADD3F80D622975D2A55D12E5C07","PCM_CONTAINER","PARSER_CANDIDATE","V1719_PCM_CONTAINER_RESEARCH","Likely sample container; parser/hardware validation needed.","90","False","False","True","NO_BINARY_OUTPUT_METADATA_ONLY"
"RAM45.PCM","E:\UAOS_OPEN_LIBRARY_SOURCE\pa3x\‏‏RoTaNa(1) pa3x.SET - نسخة\tareq pa3x.SET\PCM\RAM45.PCM",".pcm","2584741","D4F2D8EA337D414C69CCB560F01DE668530FA725B6B7CCD74DE441BE30C59C7A","PCM_CONTAINER","PARSER_CANDIDATE","V1719_PCM_CONTAINER_RESEARCH","Likely sample container; parser/hardware validation needed.","90","False","False","True","NO_BINARY_OUTPUT_METADATA_ONLY"
"RAM45.PCM","E:\UAOS_OPEN_LIBRARY_SOURCE\pa3x\rahm pa3x.SET\rahm pa3x.SET\PCM\RAM45.PCM",".pcm","2223202","5449D39C745EE8AF75CFD8953CFD4B5404BF41566A4C1E24AFC2AB3AC231C372","PCM_CONTAINER","PARSER_CANDIDATE","V1719_PCM_CONTAINER_RESEARCH","Likely sample container; parser/hardware validation needed.","90","False","False","True","NO_BINARY_OUTPUT_METADATA_ONLY"
"RAM45.PCM","E:\UAOS_OPEN_LIBRARY_SOURCE\pa3x\SUPER4X.3X ASLY2018.SET\SUPER4X.3X ASLY2018.SET\PCM\RAM45.PCM",".pcm","2682362","2F36A6B1A582C8C00013E064B435F1A711E7482EEF30171AD5A284F97AE187D2","PCM_CONTAINER","PARSER_CANDIDATE","V1719_PCM_CONTAINER_RESEARCH","Likely sample container; parser/hardware validation needed.","90","False","False","True","NO_BINARY_OUTPUT_METADATA_ONLY"
"RAM45.PCM","E:\UAOS_OPEN_LIBRARY_SOURCE\pa3x\2020 pa1000 pa4x.SET\2020 pa1000 pa4x.SET\PCM\RAM45.PCM",".pcm","3138052","AC258296D2D08C3F4A352B7BFD9344EC89ABCB5179F21526020A80D0FDF667CB","PCM_CONTAINER","PARSER_CANDIDATE","V1719_PCM_CONTAINER_RESEARCH","Likely sample container; parser/hardware validation needed.","90","False","False","True","NO_BINARY_OUTPUT_METADATA_ONLY"
"RAM45.PCM","E:\UAOS_OPEN_LIBRARY_SOURCE\pa3x\a1111.SET\a1111.SET\PCM\RAM45.PCM",".pcm","9707429","1AA7D82AC9C1BED33F04E03C17FE2E7230AF7442302F386DF94EF555A469378D","PCM_CONTAINER","PARSER_CANDIDATE","V1719_PCM_CONTAINER_RESEARCH","Likely sample container; parser/hardware validation needed.","90","False","False","True","NO_BINARY_OUTPUT_METADATA_ONLY"
"RAM45.PCM","E:\UAOS_OPEN_LIBRARY_SOURCE\pa3x\LIVE CHARKI 3 2.SET\LIVE CHARKI 3 2.SET\PCM\RAM45.PCM",".pcm","1392508","5D232B872661936155D6D60C320ED36C9903A4570A8D15A74FDCD996C457773D","PCM_CONTAINER","PARSER_CANDIDATE","V1719_PCM_CONTAINER_RESEARCH","Likely sample container; parser/hardware validation needed.","90","False","False","True","NO_BINARY_OUTPUT_METADATA_ONLY"
"RAM45.PCM","E:\UAOS_OPEN_LIBRARY_SOURCE\pa3x\ROTANA. 2022.SET\ROTANA. 2022.SET\PCM\RAM45.PCM",".pcm","4913982","5C967A5B69674909DCF610FA79195604142E1E33DA2788BBBBD9C25D0DA0D5C0","PCM_CONTAINER","PARSER_CANDIDATE","V1719_PCM_CONTAINER_RESEARCH","Likely sample container; parser/hardware validation needed.","90","False","False","True","NO_BINARY_OUTPUT_METADATA_ONLY"
"RAM45.PCM","E:\UAOS_OPEN_LIBRARY_SOURCE\pa3x\RoTaNa(1) pa3x.SET\tareq pa3x.SET\PCM\RAM45.PCM",".pcm","2584741","D4F2D8EA337D414C69CCB560F01DE668530FA725B6B7CCD74DE441BE30C59C7A","PCM_CONTAINER","PARSER_CANDIDATE","V1719_PCM_CONTAINER_RESEARCH","Likely sample container; parser/hardware validation needed.","90","False","False","True","NO_BINARY_OUTPUT_METADATA_ONLY"
"RAM46.PCM","E:\UAOS_OPEN_LIBRARY_SOURCE\pa3x\LIVE CHARKI 3 2.SET\LIVE CHARKI 3 2.SET\PCM\RAM46.PCM",".pcm","1234101","DA09B5D75B54D2F8A6126AC88519C9B1A4A5871C55A211357DEAE495E80DA2EA","PCM_CONTAINER","PARSER_CANDIDATE","V1719_PCM_CONTAINER_RESEARCH","Likely sample container; parser/hardware validation needed.","90","False","False","True","NO_BINARY_OUTPUT_METADATA_ONLY"
"RAM46.PCM","E:\UAOS_OPEN_LIBRARY_SOURCE\pa3x\omar44.SET\omar44.SET\PCM\RAM46.PCM",".pcm","4082134","8F46ADCF471C96FB186F13042153E9F12BEB229DA10DBBDDA6F83F4446C452DC","PCM_CONTAINER","PARSER_CANDIDATE","V1719_PCM_CONTAINER_RESEARCH","Likely sample container; parser/hardware validation needed.","90","False","False","True","NO_BINARY_OUTPUT_METADATA_ONLY"
"RAM46.PCM","E:\UAOS_OPEN_LIBRARY_SOURCE\pa3x\3xxxxx.SET\3xxxxx.SET\PCM\RAM46.PCM",".pcm","2575313","A2785E827421916746E8F073D8AAA72D2F92D133CDDEDAFD4E0EE3E4DB96E73F","PCM_CONTAINER","PARSER_CANDIDATE","V1719_PCM_CONTAINER_RESEARCH","Likely sample container; parser/hardware validation needed.","90","False","False","True","NO_BINARY_OUTPUT_METADATA_ONLY"
"RAM46.PCM","E:\UAOS_OPEN_LIBRARY_SOURCE\pa3x\ABOUD NEXT-MG.SET\ABOUD NEXT-MG.SET\PCM\RAM46.PCM",".pcm","5926633","DCB160A6E16890181CAF96CDB66413667639C51844B6CF9530D2CD610064F072","PCM_CONTAINER","PARSER_CANDIDATE","V1719_PCM_CONTAINER_RESEARCH","Likely sample container; parser/hardware validation needed.","90","False","False","True","NO_BINARY_OUTPUT_METADATA_ONLY"
"RAM46.PCM","E:\UAOS_OPEN_LIBRARY_SOURCE\pa3x\ROTANA. 2022.SET\ROTANA. 2022.SET\PCM\RAM46.PCM",".pcm","4387698","FA15E20F5F4881596471ABD9339DF32505AE25F403DC23377AC3BF8C0691F2DF","PCM_CONTAINER","PARSER_CANDIDATE","V1719_PCM_CONTAINER_RESEARCH","Likely sample container; parser/hardware validation needed.","90","False","False","True","NO_BINARY_OUTPUT_METADATA_ONLY"
"RAM46.PCM","E:\UAOS_OPEN_LIBRARY_SOURCE\pa3x\rahm pa3x.SET\rahm pa3x.SET\PCM\RAM46.PCM",".pcm","2501926","67BBA120D04B7A877A0EB0A17E9A96BED9592B0794ED114B007F3380EF94BBA0","PCM_CONTAINER","PARSER_CANDIDATE","V1719_PCM_CONTAINER_RESEARCH","Likely sample container; parser/hardware validation needed.","90","False","False","True","NO_BINARY_OUTPUT_METADATA_ONLY"
"RAM46.PCM","E:\UAOS_OPEN_LIBRARY_SOURCE\pa3x\RoTaNa(1) pa3x.SET\tareq pa3x.SET\PCM\RAM46.PCM",".pcm","2579706","298897C5AE0B3219DBC2C085827AA32C793E751BAF29F8747CD3A5202B9C31AF","PCM_CONTAINER","PARSER_CANDIDATE","V1719_PCM_CONTAINER_RESEARCH","Likely sample container; parser/hardware validation needed.","90","False","False","True","NO_BINARY_OUTPUT_METADATA_ONLY"
"RAM46.PCM","E:\UAOS_OPEN_LIBRARY_SOURCE\pa3x\a1111.SET\a1111.SET\PCM\RAM46.PCM",".pcm","7572930","BF6D901B62B9988B403AE83FBFCDD9B6EAE965B11243257D77FC7D496C1D3D3E","PCM_CONTAINER","PARSER_CANDIDATE","V1719_PCM_CONTAINER_RESEARCH","Likely sample container; parser/hardware validation needed.","90","False","False","True","NO_BINARY_OUTPUT_METADATA_ONLY"
"RAM46.PCM","E:\UAOS_OPEN_LIBRARY_SOURCE\pa3x\‏‏RoTaNa(1) pa3x.SET - نسخة\tareq pa3x.SET\PCM\RAM46.PCM",".pcm","2579706","298897C5AE0B3219DBC2C085827AA32C793E751BAF29F8747CD3A5202B9C31AF","PCM_CONTAINER","PARSER_CANDIDATE","V1719_PCM_CONTAINER_RESEARCH","Likely sample container; parser/hardware validation needed.","90","False","False","True","NO_BINARY_OUTPUT_METADATA_ONLY"
"RAM46.PCM","E:\UAOS_OPEN_LIBRARY_SOURCE\pa3x\2020 pa1000 pa4x.SET\2020 pa1000 pa4x.SET\PCM\RAM46.PCM",".pcm","2883536","8A1969644DCD45026FB760B4B2E0F11A375B5276A2EEE120AE1D9DEB513055BA","PCM_CONTAINER","PARSER_CANDIDATE","V1719_PCM_CONTAINER_RESEARCH","Likely sample container; parser/hardware validation needed.","90","False","False","True","NO_BINARY_OUTPUT_METADATA_ONLY"
"RAM46.PCM","E:\UAOS_OPEN_LIBRARY_SOURCE\pa3x\SUPER4X.3X ASLY2018.SET\SUPER4X.3X ASLY2018.SET\PCM\RAM46.PCM",".pcm","2681840","F93770440EDD3D7899E98EA999D5A9C1A22A06ED2BB8FF266B3093A727DCC5B3","PCM_CONTAINER","PARSER_CANDIDATE","V1719_PCM_CONTAINER_RESEARCH","Likely sample container; parser/hardware validation needed.","90","False","False","True","NO_BINARY_OUTPUT_METADATA_ONLY"
"RAM47.PCM","E:\UAOS_OPEN_LIBRARY_SOURCE\pa3x\‏‏RoTaNa(1) pa3x.SET - نسخة\tareq pa3x.SET\PCM\RAM47.PCM",".pcm","2581662","737404E988D3B2A9B92B9A883A48E318DD59ADC9FFF5675DCB5F61FB3B04F869","PCM_CONTAINER","PARSER_CANDIDATE","V1719_PCM_CONTAINER_RESEARCH","Likely sample container; parser/hardware validation needed.","90","False","False","True","NO_BINARY_OUTPUT_METADATA_ONLY"
"RAM47.PCM","E:\UAOS_OPEN_LIBRARY_SOURCE\pa3x\3xxxxx.SET\3xxxxx.SET\PCM\RAM47.PCM",".pcm","2580455","4EF5C05889DF36E44809571CCCA887FF44FFE09AF51A98090D7848943D667752","PCM_CONTAINER","PARSER_CANDIDATE","V1719_PCM_CONTAINER_RESEARCH","Likely sample container; parser/hardware validation needed.","90","False","False","True","NO_BINARY_OUTPUT_METADATA_ONLY"
"RAM47.PCM","E:\UAOS_OPEN_LIBRARY_SOURCE\pa3x\ROTANA. 2022.SET\ROTANA. 2022.SET\PCM\RAM47.PCM",".pcm","3971498","D424978037E918C1B9DC62AD49D645B29C44C24FC3908C353CF9EA5CB1C58F94","PCM_CONTAINER","PARSER_CANDIDATE","V1719_PCM_CONTAINER_RESEARCH","Likely sample container; parser/hardware validation needed.","90","False","False","True","NO_BINARY_OUTPUT_METADATA_ONLY"
"RAM47.PCM","E:\UAOS_OPEN_LIBRARY_SOURCE\pa3x\ABOUD NEXT-MG.SET\ABOUD NEXT-MG.SET\PCM\RAM47.PCM",".pcm","5063057","8B18420FF8EA687788FF5E9E02E4EB9CD687617C46296F03413EA76132CD138B","PCM_CONTAINER","PARSER_CANDIDATE","V1719_PCM_CONTAINER_RESEARCH","Likely sample container; parser/hardware validation needed.","90","False","False","True","NO_BINARY_OUTPUT_METADATA_ONLY"
"RAM47.PCM","E:\UAOS_OPEN_LIBRARY_SOURCE\pa3x\2020 pa1000 pa4x.SET\2020 pa1000 pa4x.SET\PCM\RAM47.PCM",".pcm","2908635","CD006190DC1EF5AE4EA60F38A8A5AB4BEBDC5547919C67D55FC66D494C180277","PCM_CONTAINER","PARSER_CANDIDATE","V1719_PCM_CONTAINER_RESEARCH","Likely sample container; parser/hardware validation needed.","90","False","False","True","NO_BINARY_OUTPUT_METADATA_ONLY"
"RAM47.PCM","E:\UAOS_OPEN_LIBRARY_SOURCE\pa3x\omar44.SET\omar44.SET\PCM\RAM47.PCM",".pcm","4195349","298C0AF7B55A52B5CD04910007B3B1FE11DB97966C847845F5B5ABFEF71F61A0","PCM_CONTAINER","PARSER_CANDIDATE","V1719_PCM_CONTAINER_RESEARCH","Likely sample container; parser/hardware validation needed.","90","False","False","True","NO_BINARY_OUTPUT_METADATA_ONLY"
"RAM47.PCM","E:\UAOS_OPEN_LIBRARY_SOURCE\pa3x\a1111.SET\a1111.SET\PCM\RAM47.PCM",".pcm","6582032","549A46DF75F10577D83E436792091248880F5868EB6FCCB1306CD8AE70E367A3","PCM_CONTAINER","PARSER_CANDIDATE","V1719_PCM_CONTAINER_RESEARCH","Likely sample container; parser/hardware validation needed.","90","False","False","True","NO_BINARY_OUTPUT_METADATA_ONLY"
"RAM47.PCM","E:\UAOS_OPEN_LIBRARY_SOURCE\pa3x\rahm pa3x.SET\rahm pa3x.SET\PCM\RAM47.PCM",".pcm","2225366","1C158A91CD05E2154FD20CCF3D57981789F8DDE3B4A0703CC10785482A192E68","PCM_CONTAINER","PARSER_CANDIDATE","V1719_PCM_CONTAINER_RESEARCH","Likely sample container; parser/hardware validation needed.","90","False","False","True","NO_BINARY_OUTPUT_METADATA_ONLY"
"RAM47.PCM","E:\UAOS_OPEN_LIBRARY_SOURCE\pa3x\LIVE CHARKI 3 2.SET\LIVE CHARKI 3 2.SET\PCM\RAM47.PCM",".pcm","1223827","93B7AB1B24166FF372DE1C7696EE0142DAF9241137A93FDB49AF8065186EE822","PCM_CONTAINER","PARSER_CANDIDATE","V1719_PCM_CONTAINER_RESEARCH","Likely sample container; parser/hardware validation needed.","90","False","False","True","NO_BINARY_OUTPUT_METADATA_ONLY"
"RAM47.PCM","E:\UAOS_OPEN_LIBRARY_SOURCE\pa3x\SUPER4X.3X ASLY2018.SET\SUPER4X.3X ASLY2018.SET\PCM\RAM47.PCM",".pcm","2698456","1897234ED574ACA057E15B20892023CDE4833767F2E3FF75497508601320FE82","PCM_CONTAINER","PARSER_CANDIDATE","V1719_PCM_CONTAINER_RESEARCH","Likely sample container; parser/hardware validation needed.","90","False","False","True","NO_BINARY_OUTPUT_METADATA_ONLY"
"RAM47.PCM","E:\UAOS_OPEN_LIBRARY_SOURCE\pa3x\RoTaNa(1) pa3x.SET\tareq pa3x.SET\PCM\RAM47.PCM",".pcm","2581662","737404E988D3B2A9B92B9A883A48E318DD59ADC9FFF5675DCB5F61FB3B04F869","PCM_CONTAINER","PARSER_CANDIDATE","V1719_PCM_CONTAINER_RESEARCH","Likely sample container; parser/hardware validation needed.","90","False","False","True","NO_BINARY_OUTPUT_METADATA_ONLY"
"RAM48.PCM","E:\UAOS_OPEN_LIBRARY_SOURCE\pa3x\LIVE CHARKI 3 2.SET\LIVE CHARKI 3 2.SET\PCM\RAM48.PCM",".pcm","1349739","BB635DE76B08E35306397B2F5C83AE91CD4DC61560091615B8B97289B99451FC","PCM_CONTAINER","PARSER_CANDIDATE","V1719_PCM_CONTAINER_RESEARCH","Likely sample container; parser/hardware validation needed.","90","False","False","True","NO_BINARY_OUTPUT_METADATA_ONLY"
"RAM48.PCM","E:\UAOS_OPEN_LIBRARY_SOURCE\pa3x\a1111.SET\a1111.SET\PCM\RAM48.PCM",".pcm","7050496","B97C3C7305C9AE763AFE3F11F5610FF4E7420EFEC69C936A22F9599094605FB9","PCM_CONTAINER","PARSER_CANDIDATE","V1719_PCM_CONTAINER_RESEARCH","Likely sample container; parser/hardware validation needed.","90","False","False","True","NO_BINARY_OUTPUT_METADATA_ONLY"
"RAM48.PCM","E:\UAOS_OPEN_LIBRARY_SOURCE\pa3x\2020 pa1000 pa4x.SET\2020 pa1000 pa4x.SET\PCM\RAM48.PCM",".pcm","2956801","A9BAAC48E335F7F69723D7BAB2B46D0B43F1A4443EBAC6216F073B24F5EEE95E","PCM_CONTAINER","PARSER_CANDIDATE","V1719_PCM_CONTAINER_RESEARCH","Likely sample container; parser/hardware validation needed.","90","False","False","True","NO_BINARY_OUTPUT_METADATA_ONLY"
"RAM48.PCM","E:\UAOS_OPEN_LIBRARY_SOURCE\pa3x\ROTANA. 2022.SET\ROTANA. 2022.SET\PCM\RAM48.PCM",".pcm","3496920","C322437107C110F2C2F6E4A4D9E2727BB9B1CC414F56A1FCAFE6EF1992A3D4D8","PCM_CONTAINER","PARSER_CANDIDATE","V1719_PCM_CONTAINER_RESEARCH","Likely sample container; parser/hardware validation needed.","90","False","False","True","NO_BINARY_OUTPUT_METADATA_ONLY"
"RAM48.PCM","E:\UAOS_OPEN_LIBRARY_SOURCE\pa3x\rahm pa3x.SET\rahm pa3x.SET\PCM\RAM48.PCM",".pcm","2104068","3FCC23961DF6A282C3548A6F48358CFDD485F52A9ADB2B2410FDCB0FD37ABDC4","PCM_CONTAINER","PARSER_CANDIDATE","V1719_PCM_CONTAINER_RESEARCH","Likely sample container; parser/hardware validation needed.","90","False","False","True","NO_BINARY_OUTPUT_METADATA_ONLY"
"RAM48.PCM","E:\UAOS_OPEN_LIBRARY_SOURCE\pa3x\omar44.SET\omar44.SET\PCM\RAM48.PCM",".pcm","4338814","6A54BA7B184ABF24D4B139490FB54BF7A6DA5EF8F9CEA55A4247810DD24CB8AE","PCM_CONTAINER","PARSER_CANDIDATE","V1719_PCM_CONTAINER_RESEARCH","Likely sample container; parser/hardware validation needed.","90","False","False","True","NO_BINARY_OUTPUT_METADATA_ONLY"
"RAM48.PCM","E:\UAOS_OPEN_LIBRARY_SOURCE\pa3x\SUPER4X.3X ASLY2018.SET\SUPER4X.3X ASLY2018.SET\PCM\RAM48.PCM",".pcm","2682520","E9138E74BDA68E11BDFDE46A039AD78D5EA6D420A3562B240B9F51492C175BCD","PCM_CONTAINER","PARSER_CANDIDATE","V1719_PCM_CONTAINER_RESEARCH","Likely sample container; parser/hardware validation needed.","90","False","False","True","NO_BINARY_OUTPUT_METADATA_ONLY"
"RAM48.PCM","E:\UAOS_OPEN_LIBRARY_SOURCE\pa3x\RoTaNa(1) pa3x.SET\tareq pa3x.SET\PCM\RAM48.PCM",".pcm","2572500","271B9C831264E95B260E8DCE21B5D0015E9AF7A87135EBF82E999B01BB79616C","PCM_CONTAINER","PARSER_CANDIDATE","V1719_PCM_CONTAINER_RESEARCH","Likely sample container; parser/hardware validation needed.","90","False","False","True","NO_BINARY_OUTPUT_METADATA_ONLY"
"RAM48.PCM","E:\UAOS_OPEN_LIBRARY_SOURCE\pa3x\3xxxxx.SET\3xxxxx.SET\PCM\RAM48.PCM",".pcm","2576789","36830D451CC67853D9C19C3EF429CF1BB0E21A35EAA8D1A1A4727D21BEAB7352","PCM_CONTAINER","PARSER_CANDIDATE","V1719_PCM_CONTAINER_RESEARCH","Likely sample container; parser/hardware validation needed.","90","False","False","True","NO_BINARY_OUTPUT_METADATA_ONLY"
"RAM48.PCM","E:\UAOS_OPEN_LIBRARY_SOURCE\pa3x\‏‏RoTaNa(1) pa3x.SET - نسخة\tareq pa3x.SET\PCM\RAM48.PCM",".pcm","2572500","271B9C831264E95B260E8DCE21B5D0015E9AF7A87135EBF82E999B01BB79616C","PCM_CONTAINER","PARSER_CANDIDATE","V1719_PCM_CONTAINER_RESEARCH","Likely sample container; parser/hardware validation needed.","90","False","False","True","NO_BINARY_OUTPUT_METADATA_ONLY"
"RAM48.PCM","E:\UAOS_OPEN_LIBRARY_SOURCE\pa3x\ABOUD NEXT-MG.SET\ABOUD NEXT-MG.SET\PCM\RAM48.PCM",".pcm","6208488","1459D0A10B03DEE40F887ED35AF58DD85785C7F697E487B9E82AFFC36B34E116","PCM_CONTAINER","PARSER_CANDIDATE","V1719_PCM_CONTAINER_RESEARCH","Likely sample container; parser/hardware validation needed.","90","False","False","True","NO_BINARY_OUTPUT_METADATA_ONLY"
"RAM49.PCM","E:\UAOS_OPEN_LIBRARY_SOURCE\pa3x\LIVE CHARKI 3 2.SET\LIVE CHARKI 3 2.SET\PCM\RAM49.PCM",".pcm","1288850","028758E0072F0D839362D3B750639767720BFCE67F1BEFE9253C34DCD38D76C8","PCM_CONTAINER","PARSER_CANDIDATE","V1719_PCM_CONTAINER_RESEARCH","Likely sample container; parser/hardware validation needed.","90","False","False","True","NO_BINARY_OUTPUT_METADATA_ONLY"
"RAM49.PCM","E:\UAOS_OPEN_LIBRARY_SOURCE\pa3x\rahm pa3x.SET\rahm pa3x.SET\PCM\RAM49.PCM",".pcm","2130518","FC1CBB44C750B0E2B750BC7F06138A127C450ED4FF620DB14CC9D0562E293B90","PCM_CONTAINER","PARSER_CANDIDATE","V1719_PCM_CONTAINER_RESEARCH","Likely sample container; parser/hardware validation needed.","90","False","False","True","NO_BINARY_OUTPUT_METADATA_ONLY"
"RAM49.PCM","E:\UAOS_OPEN_LIBRARY_SOURCE\pa3x\ROTANA. 2022.SET\ROTANA. 2022.SET\PCM\RAM49.PCM",".pcm","3834128","0298AB59272EE3B9D9DD8BFC1766B3E97B1B0A68E3681A4F0A317BCBB7612968","PCM_CONTAINER","PARSER_CANDIDATE","V1719_PCM_CONTAINER_RESEARCH","Likely sample container; parser/hardware validation needed.","90","False","False","True","NO_BINARY_OUTPUT_METADATA_ONLY"
"RAM49.PCM","E:\UAOS_OPEN_LIBRARY_SOURCE\pa3x\‏‏RoTaNa(1) pa3x.SET - نسخة\tareq pa3x.SET\PCM\RAM49.PCM",".pcm","2580800","C0A93A0625B63E5F8BE9148A296EA5B6D9B9BCEA7C605DE391C709CD7006317E","PCM_CONTAINER","PARSER_CANDIDATE","V1719_PCM_CONTAINER_RESEARCH","Likely sample container; parser/hardware validation needed.","90","False","False","True","NO_BINARY_OUTPUT_METADATA_ONLY"
"RAM49.PCM","E:\UAOS_OPEN_LIBRARY_SOURCE\pa3x\a1111.SET\a1111.SET\PCM\RAM49.PCM",".pcm","6274508","61B4E5A89E147B91FDA1E13321E69B3509956F26793BB6EB0A3EFD6F2ED80E2C","PCM_CONTAINER","PARSER_CANDIDATE","V1719_PCM_CONTAINER_RESEARCH","Likely sample container; parser/hardware validation needed.","90","False","False","True","NO_BINARY_OUTPUT_METADATA_ONLY"
"RAM49.PCM","E:\UAOS_OPEN_LIBRARY_SOURCE\pa3x\SUPER4X.3X ASLY2018.SET\SUPER4X.3X ASLY2018.SET\PCM\RAM49.PCM",".pcm","2834258","57EAC7277E50E21B8DE6879D8426716F550AC89097B693580F4C81D22134739D","PCM_CONTAINER","PARSER_CANDIDATE","V1719_PCM_CONTAINER_RESEARCH","Likely sample container; parser/hardware validation needed.","90","False","False","True","NO_BINARY_OUTPUT_METADATA_ONLY"
"RAM49.PCM","E:\UAOS_OPEN_LIBRARY_SOURCE\pa3x\omar44.SET\omar44.SET\PCM\RAM49.PCM",".pcm","4260658","02D6EBDDF410C8939E0CA1AA0EEBF54414C74D37D9E0BFD07A77DF8512CA6FA6","PCM_CONTAINER","PARSER_CANDIDATE","V1719_PCM_CONTAINER_RESEARCH","Likely sample container; parser/hardware validation needed.","90","False","False","True","NO_BINARY_OUTPUT_METADATA_ONLY"
"RAM49.PCM","E:\UAOS_OPEN_LIBRARY_SOURCE\pa3x\RoTaNa(1) pa3x.SET\tareq pa3x.SET\PCM\RAM49.PCM",".pcm","2580800","C0A93A0625B63E5F8BE9148A296EA5B6D9B9BCEA7C605DE391C709CD7006317E","PCM_CONTAINER","PARSER_CANDIDATE","V1719_PCM_CONTAINER_RESEARCH","Likely sample container; parser/hardware validation needed.","90","False","False","True","NO_BINARY_OUTPUT_METADATA_ONLY"
"RAM49.PCM","E:\UAOS_OPEN_LIBRARY_SOURCE\pa3x\2020 pa1000 pa4x.SET\2020 pa1000 pa4x.SET\PCM\RAM49.PCM",".pcm","3123913","1C5DE1F71937E84CECFA7D6A7086AB628DA0688AFDEED7D80895D436E0D995C7","PCM_CONTAINER","PARSER_CANDIDATE","V1719_PCM_CONTAINER_RESEARCH","Likely sample container; parser/hardware validation needed.","90","False","False","True","NO_BINARY_OUTPUT_METADATA_ONLY"
"RAM49.PCM","E:\UAOS_OPEN_LIBRARY_SOURCE\pa3x\ABOUD NEXT-MG.SET\ABOUD NEXT-MG.SET\PCM\RAM49.PCM",".pcm","5148049","963B6082092B0CB1015311C2893A94014CC47140903C123DE9F0C727E40A8C4B","PCM_CONTAINER","PARSER_CANDIDATE","V1719_PCM_CONTAINER_RESEARCH","Likely sample container; parser/hardware validation needed.","90","False","False","True","NO_BINARY_OUTPUT_METADATA_ONLY"
"RAM49.PCM","E:\UAOS_OPEN_LIBRARY_SOURCE\pa3x\3xxxxx.SET\3xxxxx.SET\PCM\RAM49.PCM",".pcm","2724789","9801F7F527E798EBEA0231BA5A5E28F6A67AB69CDA54CCE3892FE07732739E94","PCM_CONTAINER","PARSER_CANDIDATE","V1719_PCM_CONTAINER_RESEARCH","Likely sample container; parser/hardware validation needed.","90","False","False","True","NO_BINARY_OUTPUT_METADATA_ONLY"
"RAM50.PCM","E:\UAOS_OPEN_LIBRARY_SOURCE\pa3x\‏‏RoTaNa(1) pa3x.SET - نسخة\tareq pa3x.SET\PCM\RAM50.PCM",".pcm","2641906","0BC66CFC898330387AED2C5A052C66E4A02B46F3E74B4C87D5F2E00C1EBAB7DA","PCM_CONTAINER","PARSER_CANDIDATE","V1719_PCM_CONTAINER_RESEARCH","Likely sample container; parser/hardware validation needed.","90","False","False","True","NO_BINARY_OUTPUT_METADATA_ONLY"
"RAM50.PCM","E:\UAOS_OPEN_LIBRARY_SOURCE\pa3x\a1111.SET\a1111.SET\PCM\RAM50.PCM",".pcm","5949376","CB358C4A3DCEB60B851206D59F01A1E48C4F94D4E81455CCA4532E93542C274D","PCM_CONTAINER","PARSER_CANDIDATE","V1719_PCM_CONTAINER_RESEARCH","Likely sample container; parser/hardware validation needed.","90","False","False","True","NO_BINARY_OUTPUT_METADATA_ONLY"
"RAM50.PCM","E:\UAOS_OPEN_LIBRARY_SOURCE\pa3x\3xxxxx.SET\3xxxxx.SET\PCM\RAM50.PCM",".pcm","2569747","A7D5BA6D4885B4C9DDA6D97BF875C2F82ED42472B83E83C5278EF92658EAAE48","PCM_CONTAINER","PARSER_CANDIDATE","V1719_PCM_CONTAINER_RESEARCH","Likely sample container; parser/hardware validation needed.","90","False","False","True","NO_BINARY_OUTPUT_METADATA_ONLY"
"RAM50.PCM","E:\UAOS_OPEN_LIBRARY_SOURCE\pa3x\rahm pa3x.SET\rahm pa3x.SET\PCM\RAM50.PCM",".pcm","2225882","5ACAA6C0BE8475DB874B6807C71919AA5570E7DBE52AEFBE2C77DDE6102247B1","PCM_CONTAINER","PARSER_CANDIDATE","V1719_PCM_CONTAINER_RESEARCH","Likely sample container; parser/hardware validation needed.","90","False","False","True","NO_BINARY_OUTPUT_METADATA_ONLY"
"RAM50.PCM","E:\UAOS_OPEN_LIBRARY_SOURCE\pa3x\ROTANA. 2022.SET\ROTANA. 2022.SET\PCM\RAM50.PCM",".pcm","4928454","06781FD9866366B46FD1D92F4AD100873FC87339E5BEC4FB0ECF1173CF7836F0","PCM_CONTAINER","PARSER_CANDIDATE","V1719_PCM_CONTAINER_RESEARCH","Likely sample container; parser/hardware validation needed.","90","False","False","True","NO_BINARY_OUTPUT_METADATA_ONLY"
"RAM50.PCM","E:\UAOS_OPEN_LIBRARY_SOURCE\pa3x\2020 pa1000 pa4x.SET\2020 pa1000 pa4x.SET\PCM\RAM50.PCM",".pcm","3138460","C155331A36AF105B4903A5E70BCD4749385C7C02078F943B8D049E070D07B393","PCM_CONTAINER","PARSER_CANDIDATE","V1719_PCM_CONTAINER_RESEARCH","Likely sample container; parser/hardware validation needed.","90","False","False","True","NO_BINARY_OUTPUT_METADATA_ONLY"
"RAM50.PCM","E:\UAOS_OPEN_LIBRARY_SOURCE\pa3x\RoTaNa(1) pa3x.SET\tareq pa3x.SET\PCM\RAM50.PCM",".pcm","2641906","0BC66CFC898330387AED2C5A052C66E4A02B46F3E74B4C87D5F2E00C1EBAB7DA","PCM_CONTAINER","PARSER_CANDIDATE","V1719_PCM_CONTAINER_RESEARCH","Likely sample container; parser/hardware validation needed.","90","False","False","True","NO_BINARY_OUTPUT_METADATA_ONLY"
"RAM50.PCM","E:\UAOS_OPEN_LIBRARY_SOURCE\pa3x\ABOUD NEXT-MG.SET\ABOUD NEXT-MG.SET\PCM\RAM50.PCM",".pcm","6137071","B563CEE27709EDFC32FE21BAA848F7BAEAA01EB91423E8FF7372964A42D6C69D","PCM_CONTAINER","PARSER_CANDIDATE","V1719_PCM_CONTAINER_RESEARCH","Likely sample container; parser/hardware validation needed.","90","False","False","True","NO_BINARY_OUTPUT_METADATA_ONLY"
"RAM50.PCM","E:\UAOS_OPEN_LIBRARY_SOURCE\pa3x\SUPER4X.3X ASLY2018.SET\SUPER4X.3X ASLY2018.SET\PCM\RAM50.PCM",".pcm","2679202","D3B63D5A273BD1C5C6929D405AA28B72DFFEA8AB6B83A4F1C5DC60CFEC222B2C","PCM_CONTAINER","PARSER_CANDIDATE","V1719_PCM_CONTAINER_RESEARCH","Likely sample container; parser/hardware validation needed.","90","False","False","True","NO_BINARY_OUTPUT_METADATA_ONLY"
"RAM50.PCM","E:\UAOS_OPEN_LIBRARY_SOURCE\pa3x\LIVE CHARKI 3 2.SET\LIVE CHARKI 3 2.SET\PCM\RAM50.PCM",".pcm","1315966","18683296378F3C750F45A809F472D7050D1FA91E2AA1A9FD212981E786E7F267","PCM_CONTAINER","PARSER_CANDIDATE","V1719_PCM_CONTAINER_RESEARCH","Likely sample container; parser/hardware validation needed.","90","False","False","True","NO_BINARY_OUTPUT_METADATA_ONLY"
"RAM50.PCM","E:\UAOS_OPEN_LIBRARY_SOURCE\pa3x\omar44.SET\omar44.SET\PCM\RAM50.PCM",".pcm","4336077","DDF641F4ADBB5F719578D41C864614866140B24B7ED7D7D0ADC3ECEBBB997309","PCM_CONTAINER","PARSER_CANDIDATE","V1719_PCM_CONTAINER_RESEARCH","Likely sample container; parser/hardware validation needed.","90","False","False","True","NO_BINARY_OUTPUT_METADATA_ONLY"
"RAM51.PCM","E:\UAOS_OPEN_LIBRARY_SOURCE\pa3x\rahm pa3x.SET\rahm pa3x.SET\PCM\RAM51.PCM",".pcm","2112718","2318006C208E36CCA01C6905BD69FE493097D8DA63F95CD132F39A577F4B8FE3","PCM_CONTAINER","PARSER_CANDIDATE","V1719_PCM_CONTAINER_RESEARCH","Likely sample container; parser/hardware validation needed.","90","False","False","True","NO_BINARY_OUTPUT_METADATA_ONLY"
"RAM51.PCM","E:\UAOS_OPEN_LIBRARY_SOURCE\pa3x\2020 pa1000 pa4x.SET\2020 pa1000 pa4x.SET\PCM\RAM51.PCM",".pcm","3150630","2EAA6E969E8CA2C021A753147F3BE02AF19CBBEA0D1DA07C0F1C705E42DBCCAF","PCM_CONTAINER","PARSER_CANDIDATE","V1719_PCM_CONTAINER_RESEARCH","Likely sample container; parser/hardware validation needed.","90","False","False","True","NO_BINARY_OUTPUT_METADATA_ONLY"
"RAM51.PCM","E:\UAOS_OPEN_LIBRARY_SOURCE\pa3x\omar44.SET\omar44.SET\PCM\RAM51.PCM",".pcm","4256114","D765ECE6E922DA0903D02AF3E1CEE9B090EE9CD9D886B6E1932ED7704D5DE338","PCM_CONTAINER","PARSER_CANDIDATE","V1719_PCM_CONTAINER_RESEARCH","Likely sample container; parser/hardware validation needed.","90","False","False","True","NO_BINARY_OUTPUT_METADATA_ONLY"
"RAM51.PCM","E:\UAOS_OPEN_LIBRARY_SOURCE\pa3x\a1111.SET\a1111.SET\PCM\RAM51.PCM",".pcm","6523208","A53E9E909EF949818A831E03F466C441899CA5F6ADBB5A2F6301E08DA72E35A8","PCM_CONTAINER","PARSER_CANDIDATE","V1719_PCM_CONTAINER_RESEARCH","Likely sample container; parser/hardware validation needed.","90","False","False","True","NO_BINARY_OUTPUT_METADATA_ONLY"
"RAM51.PCM","E:\UAOS_OPEN_LIBRARY_SOURCE\pa3x\ABOUD NEXT-MG.SET\ABOUD NEXT-MG.SET\PCM\RAM51.PCM",".pcm","4149048","4C4919C9A2E9A64E1C122B56282A30FFAF09E1B36FB61EAD5867A360D52625FF","PCM_CONTAINER","PARSER_CANDIDATE","V1719_PCM_CONTAINER_RESEARCH","Likely sample container; parser/hardware validation needed.","90","False","False","True","NO_BINARY_OUTPUT_METADATA_ONLY"
"RAM51.PCM","E:\UAOS_OPEN_LIBRARY_SOURCE\pa3x\SUPER4X.3X ASLY2018.SET\SUPER4X.3X ASLY2018.SET\PCM\RAM51.PCM",".pcm","2670627","802D3ACAD1F6E5473ABE4605CCCCB0CB574C0DC4A908D2C07D6F46047FE6BACC","PCM_CONTAINER","PARSER_CANDIDATE","V1719_PCM_CONTAINER_RESEARCH","Likely sample container; parser/hardware validation needed.","90","False","False","True","NO_BINARY_OUTPUT_METADATA_ONLY"
"RAM51.PCM","E:\UAOS_OPEN_LIBRARY_SOURCE\pa3x\ROTANA. 2022.SET\ROTANA. 2022.SET\PCM\RAM51.PCM",".pcm","5623514","368CC5ADA79E69B87E88266CAEAC00CE22A213414E35FAB95F319AC1682C16CD","PCM_CONTAINER","PARSER_CANDIDATE","V1719_PCM_CONTAINER_RESEARCH","Likely sample container; parser/hardware validation needed.","90","False","False","True","NO_BINARY_OUTPUT_METADATA_ONLY"
"RAM51.PCM","E:\UAOS_OPEN_LIBRARY_SOURCE\pa3x\‏‏RoTaNa(1) pa3x.SET - نسخة\tareq pa3x.SET\PCM\RAM51.PCM",".pcm","2639376","69B1852A4989D094B065C37184770DA23940AD444DCF5E381F225C8E0658FA36","PCM_CONTAINER","PARSER_CANDIDATE","V1719_PCM_CONTAINER_RESEARCH","Likely sample container; parser/hardware validation needed.","90","False","False","True","NO_BINARY_OUTPUT_METADATA_ONLY"
"RAM51.PCM","E:\UAOS_OPEN_LIBRARY_SOURCE\pa3x\RoTaNa(1) pa3x.SET\tareq pa3x.SET\PCM\RAM51.PCM",".pcm","2639376","69B1852A4989D094B065C37184770DA23940AD444DCF5E381F225C8E0658FA36","PCM_CONTAINER","PARSER_CANDIDATE","V1719_PCM_CONTAINER_RESEARCH","Likely sample container; parser/hardware validation needed.","90","False","False","True","NO_BINARY_OUTPUT_METADATA_ONLY"
"RAM51.PCM","E:\UAOS_OPEN_LIBRARY_SOURCE\pa3x\LIVE CHARKI 3 2.SET\LIVE CHARKI 3 2.SET\PCM\RAM51.PCM",".pcm","1473661","E038F9590DA22E6AB031DD9E01D366BEBED10AC7E5650B1717CCBB491D2AD265","PCM_CONTAINER","PARSER_CANDIDATE","V1719_PCM_CONTAINER_RESEARCH","Likely sample container; parser/hardware validation needed.","90","False","False","True","NO_BINARY_OUTPUT_METADATA_ONLY"
"RAM51.PCM","E:\UAOS_OPEN_LIBRARY_SOURCE\pa3x\3xxxxx.SET\3xxxxx.SET\PCM\RAM51.PCM",".pcm","2643253","7B8D7FE37A50BF3E327EC364491E26C4BBE60F623F24422CA0216DF4516A7684","PCM_CONTAINER","PARSER_CANDIDATE","V1719_PCM_CONTAINER_RESEARCH","Likely sample container; parser/hardware validation needed.","90","False","False","True","NO_BINARY_OUTPUT_METADATA_ONLY"
"RAM52.PCM","E:\UAOS_OPEN_LIBRARY_SOURCE\pa3x\3xxxxx.SET\3xxxxx.SET\PCM\RAM52.PCM",".pcm","2651416","B614A033D4939155F31C02485A82CFD68D851F2F1A66EBC8F211ED20FE7DBA1E","PCM_CONTAINER","PARSER_CANDIDATE","V1719_PCM_CONTAINER_RESEARCH","Likely sample container; parser/hardware validation needed.","90","False","False","True","NO_BINARY_OUTPUT_METADATA_ONLY"
"RAM52.PCM","E:\UAOS_OPEN_LIBRARY_SOURCE\pa3x\ABOUD NEXT-MG.SET\ABOUD NEXT-MG.SET\PCM\RAM52.PCM",".pcm","5244074","735B1064801487CE418A70D35E8E651FEC8EFB73B0B759AF9D10686E119CA3F1","PCM_CONTAINER","PARSER_CANDIDATE","V1719_PCM_CONTAINER_RESEARCH","Likely sample container; parser/hardware validation needed.","90","False","False","True","NO_BINARY_OUTPUT_METADATA_ONLY"
"RAM52.PCM","E:\UAOS_OPEN_LIBRARY_SOURCE\pa3x\a1111.SET\a1111.SET\PCM\RAM52.PCM",".pcm","4889166","883EACE70A186A1D4235810EC944A6B737CFAD63C006CDD1B7DCC0E52AF836BE","PCM_CONTAINER","PARSER_CANDIDATE","V1719_PCM_CONTAINER_RESEARCH","Likely sample container; parser/hardware validation needed.","90","False","False","True","NO_BINARY_OUTPUT_METADATA_ONLY"
"RAM52.PCM","E:\UAOS_OPEN_LIBRARY_SOURCE\pa3x\omar44.SET\omar44.SET\PCM\RAM52.PCM",".pcm","4346736","EDCD55A285BE9F797BFD54749D743ED42B92EA0BFE8672CDFF140AF199282E96","PCM_CONTAINER","PARSER_CANDIDATE","V1719_PCM_CONTAINER_RESEARCH","Likely sample container; parser/hardware validation needed.","90","False","False","True","NO_BINARY_OUTPUT_METADATA_ONLY"
"RAM52.PCM","E:\UAOS_OPEN_LIBRARY_SOURCE\pa3x\ROTANA. 2022.SET\ROTANA. 2022.SET\PCM\RAM52.PCM",".pcm","4092924","442178DCC469A796A37411E37ADFBB25632F6885B9DFB803727DF40685053FEA","PCM_CONTAINER","PARSER_CANDIDATE","V1719_PCM_CONTAINER_RESEARCH","Likely sample container; parser/hardware validation needed.","90","False","False","True","NO_BINARY_OUTPUT_METADATA_ONLY"
"RAM52.PCM","E:\UAOS_OPEN_LIBRARY_SOURCE\pa3x\rahm pa3x.SET\rahm pa3x.SET\PCM\RAM52.PCM",".pcm","2106471","E781F95D93808B556C0DDEE0F8FE91FDD2AF46F4DC89E13CF099667DB838AC0A","PCM_CONTAINER","PARSER_CANDIDATE","V1719_PCM_CONTAINER_RESEARCH","Likely sample container; parser/hardware validation needed.","90","False","False","True","NO_BINARY_OUTPUT_METADATA_ONLY"
"RAM52.PCM","E:\UAOS_OPEN_LIBRARY_SOURCE\pa3x\SUPER4X.3X ASLY2018.SET\SUPER4X.3X ASLY2018.SET\PCM\RAM52.PCM",".pcm","2640098","1C361AD56494396B1220183B060BB16B447ADD266891DE1A7DEAA005C2DCFE72","PCM_CONTAINER","PARSER_CANDIDATE","V1719_PCM_CONTAINER_RESEARCH","Likely sample container; parser/hardware validation needed.","90","False","False","True","NO_BINARY_OUTPUT_METADATA_ONLY"
"RAM52.PCM","E:\UAOS_OPEN_LIBRARY_SOURCE\pa3x\LIVE CHARKI 3 2.SET\LIVE CHARKI 3 2.SET\PCM\RAM52.PCM",".pcm","1452110","EDE6253B4A3EB39D570ABBBDDB6632055AC27292B207C7DB2C1F46DAAF3A99BD","PCM_CONTAINER","PARSER_CANDIDATE","V1719_PCM_CONTAINER_RESEARCH","Likely sample container; parser/hardware validation needed.","90","False","False","True","NO_BINARY_OUTPUT_METADATA_ONLY"
"RAM52.PCM","E:\UAOS_OPEN_LIBRARY_SOURCE\pa3x\‏‏RoTaNa(1) pa3x.SET - نسخة\tareq pa3x.SET\PCM\RAM52.PCM",".pcm","2578897","D3A6990EC98433437724AA3764A8C9247753DB91DA7009F1DD57CD0D66564B7C","PCM_CONTAINER","PARSER_CANDIDATE","V1719_PCM_CONTAINER_RESEARCH","Likely sample container; parser/hardware validation needed.","90","False","False","True","NO_BINARY_OUTPUT_METADATA_ONLY"
"RAM52.PCM","E:\UAOS_OPEN_LIBRARY_SOURCE\pa3x\RoTaNa(1) pa3x.SET\tareq pa3x.SET\PCM\RAM52.PCM",".pcm","2578897","D3A6990EC98433437724AA3764A8C9247753DB91DA7009F1DD57CD0D66564B7C","PCM_CONTAINER","PARSER_CANDIDATE","V1719_PCM_CONTAINER_RESEARCH","Likely sample container; parser/hardware validation needed.","90","False","False","True","NO_BINARY_OUTPUT_METADATA_ONLY"
"RAM52.PCM","E:\UAOS_OPEN_LIBRARY_SOURCE\pa3x\2020 pa1000 pa4x.SET\2020 pa1000 pa4x.SET\PCM\RAM52.PCM",".pcm","2888424","A038C4B12B167E116EAB0ED67B30063E5F4AB95D15E30A8F8EB109D39E3DD8DA","PCM_CONTAINER","PARSER_CANDIDATE","V1719_PCM_CONTAINER_RESEARCH","Likely sample container; parser/hardware validation needed.","90","False","False","True","NO_BINARY_OUTPUT_METADATA_ONLY"
"RAM53.PCM","E:\UAOS_OPEN_LIBRARY_SOURCE\pa3x\‏‏RoTaNa(1) pa3x.SET - نسخة\tareq pa3x.SET\PCM\RAM53.PCM",".pcm","2593242","ABF0B974D1EAAD55502BD37BF3F66888BC9A4BFC557BB6A5596F3B17B3243AFF","PCM_CONTAINER","PARSER_CANDIDATE","V1719_PCM_CONTAINER_RESEARCH","Likely sample container; parser/hardware validation needed.","90","False","False","True","NO_BINARY_OUTPUT_METADATA_ONLY"
"RAM53.PCM","E:\UAOS_OPEN_LIBRARY_SOURCE\pa3x\ABOUD NEXT-MG.SET\ABOUD NEXT-MG.SET\PCM\RAM53.PCM",".pcm","3755281","347FBD50AB9E895130BF26CA5F72948015E8D051BD485E627DC38ADC95F6D47C","PCM_CONTAINER","PARSER_CANDIDATE","V1719_PCM_CONTAINER_RESEARCH","Likely sample container; parser/hardware validation needed.","90","False","False","True","NO_BINARY_OUTPUT_METADATA_ONLY"
"RAM53.PCM","E:\UAOS_OPEN_LIBRARY_SOURCE\pa3x\ROTANA. 2022.SET\ROTANA. 2022.SET\PCM\RAM53.PCM",".pcm","5207710","D7425FBD5EB791CC07FACC986EC5163496B340CA69E91F468E3D0708585702F6","PCM_CONTAINER","PARSER_CANDIDATE","V1719_PCM_CONTAINER_RESEARCH","Likely sample container; parser/hardware validation needed.","90","False","False","True","NO_BINARY_OUTPUT_METADATA_ONLY"
"RAM53.PCM","E:\UAOS_OPEN_LIBRARY_SOURCE\pa3x\a1111.SET\a1111.SET\PCM\RAM53.PCM",".pcm","6700731","F8F52ED9733FE97496B70E9DD70FAAD0681F59C33D56C3ECCB921AD8253788F8","PCM_CONTAINER","PARSER_CANDIDATE","V1719_PCM_CONTAINER_RESEARCH","Likely sample container; parser/hardware validation needed.","90","False","False","True","NO_BINARY_OUTPUT_METADATA_ONLY"
"RAM53.PCM","E:\UAOS_OPEN_LIBRARY_SOURCE\pa3x\2020 pa1000 pa4x.SET\2020 pa1000 pa4x.SET\PCM\RAM53.PCM",".pcm","3632128","B5B6EE25D9C27D6F8BC005C184D98D38A9A79F1C88E28870BF67FB4EAA11ED55","PCM_CONTAINER","PARSER_CANDIDATE","V1719_PCM_CONTAINER_RESEARCH","Likely sample container; parser/hardware validation needed.","90","False","False","True","NO_BINARY_OUTPUT_METADATA_ONLY"
"RAM53.PCM","E:\UAOS_OPEN_LIBRARY_SOURCE\pa3x\SUPER4X.3X ASLY2018.SET\SUPER4X.3X ASLY2018.SET\PCM\RAM53.PCM",".pcm","2682688","5E433BDE0398DFB0C04658B555B7E85B028FDCD84D2AF27F52F9F8A4A116BBE8","PCM_CONTAINER","PARSER_CANDIDATE","V1719_PCM_CONTAINER_RESEARCH","Likely sample container; parser/hardware validation needed.","90","False","False","True","NO_BINARY_OUTPUT_METADATA_ONLY"
"RAM53.PCM","E:\UAOS_OPEN_LIBRARY_SOURCE\pa3x\rahm pa3x.SET\rahm pa3x.SET\PCM\RAM53.PCM",".pcm","2418496","F568CBF4C9B53399D5B2682A56BC22C0CC7A49C92554B71BE1694F6D18B4F7A2","PCM_CONTAINER","PARSER_CANDIDATE","V1719_PCM_CONTAINER_RESEARCH","Likely sample container; parser/hardware validation needed.","90","False","False","True","NO_BINARY_OUTPUT_METADATA_ONLY"
"RAM53.PCM","E:\UAOS_OPEN_LIBRARY_SOURCE\pa3x\LIVE CHARKI 3 2.SET\LIVE CHARKI 3 2.SET\PCM\RAM53.PCM",".pcm","1302541","A95CDF35AE185A3756ECC730854282C39796F0EDA13972189192AFC089C1F80F","PCM_CONTAINER","PARSER_CANDIDATE","V1719_PCM_CONTAINER_RESEARCH","Likely sample container; parser/hardware validation needed.","90","False","False","True","NO_BINARY_OUTPUT_METADATA_ONLY"
"RAM53.PCM","E:\UAOS_OPEN_LIBRARY_SOURCE\pa3x\omar44.SET\omar44.SET\PCM\RAM53.PCM",".pcm","4107888","27DB373AE0581F13A8D557A2076D3C8375E966BFAE02BA497AD77F5907CB56BD","PCM_CONTAINER","PARSER_CANDIDATE","V1719_PCM_CONTAINER_RESEARCH","Likely sample container; parser/hardware validation needed.","90","False","False","True","NO_BINARY_OUTPUT_METADATA_ONLY"
"RAM53.PCM","E:\UAOS_OPEN_LIBRARY_SOURCE\pa3x\3xxxxx.SET\3xxxxx.SET\PCM\RAM53.PCM",".pcm","2557475","95C6A727F9E02D37375584B9BFB3A78B50FD2B5A6A5F8EBD8665437D65064031","PCM_CONTAINER","PARSER_CANDIDATE","V1719_PCM_CONTAINER_RESEARCH","Likely sample container; parser/hardware validation needed.","90","False","False","True","NO_BINARY_OUTPUT_METADATA_ONLY"
"RAM53.PCM","E:\UAOS_OPEN_LIBRARY_SOURCE\pa3x\RoTaNa(1) pa3x.SET\tareq pa3x.SET\PCM\RAM53.PCM",".pcm","2593242","ABF0B974D1EAAD55502BD37BF3F66888BC9A4BFC557BB6A5596F3B17B3243AFF","PCM_CONTAINER","PARSER_CANDIDATE","V1719_PCM_CONTAINER_RESEARCH","Likely sample container; parser/hardware validation needed.","90","False","False","True","NO_BINARY_OUTPUT_METADATA_ONLY"
"RAM54.PCM","E:\UAOS_OPEN_LIBRARY_SOURCE\pa3x\‏‏RoTaNa(1) pa3x.SET - نسخة\tareq pa3x.SET\PCM\RAM54.PCM",".pcm","2571908","09D8AE86DAF7DEA02DEE9DB28436F53D0BDD7790119402299F20296643D9E4A8","PCM_CONTAINER","PARSER_CANDIDATE","V1719_PCM_CONTAINER_RESEARCH","Likely sample container; parser/hardware validation needed.","90","False","False","True","NO_BINARY_OUTPUT_METADATA_ONLY"
"RAM54.PCM","E:\UAOS_OPEN_LIBRARY_SOURCE\pa3x\3xxxxx.SET\3xxxxx.SET\PCM\RAM54.PCM",".pcm","3166841","AE028965F2E9716195CB879C5F39F8ADC6E814F1F229D41B7CD9F6DE62561193","PCM_CONTAINER","PARSER_CANDIDATE","V1719_PCM_CONTAINER_RESEARCH","Likely sample container; parser/hardware validation needed.","90","False","False","True","NO_BINARY_OUTPUT_METADATA_ONLY"
"RAM54.PCM","E:\UAOS_OPEN_LIBRARY_SOURCE\pa3x\a1111.SET\a1111.SET\PCM\RAM54.PCM",".pcm","7345332","F4102F770A1ABF34B28821163A211A82E0A458F7A8DE9249D7B9A11028486EAF","PCM_CONTAINER","PARSER_CANDIDATE","V1719_PCM_CONTAINER_RESEARCH","Likely sample container; parser/hardware validation needed.","90","False","False","True","NO_BINARY_OUTPUT_METADATA_ONLY"
"RAM54.PCM","E:\UAOS_OPEN_LIBRARY_SOURCE\pa3x\SUPER4X.3X ASLY2018.SET\SUPER4X.3X ASLY2018.SET\PCM\RAM54.PCM",".pcm","2927296","5BE7548C3C8300841F6F9ABD69F9D3AB823538E5D4F81EBD43A60882E1338D53","PCM_CONTAINER","PARSER_CANDIDATE","V1719_PCM_CONTAINER_RESEARCH","Likely sample container; parser/hardware validation needed.","90","False","False","True","NO_BINARY_OUTPUT_METADATA_ONLY"
"RAM54.PCM","E:\UAOS_OPEN_LIBRARY_SOURCE\pa3x\LIVE CHARKI 3 2.SET\LIVE CHARKI 3 2.SET\PCM\RAM54.PCM",".pcm","1404380","1F50797AF260DE257F552C77D2B5B9744789611E70DD8518BA027EEE7F91BF8A","PCM_CONTAINER","PARSER_CANDIDATE","V1719_PCM_CONTAINER_RESEARCH","Likely sample container; parser/hardware validation needed.","90","False","False","True","NO_BINARY_OUTPUT_METADATA_ONLY"
"RAM54.PCM","E:\UAOS_OPEN_LIBRARY_SOURCE\pa3x\ROTANA. 2022.SET\ROTANA. 2022.SET\PCM\RAM54.PCM",".pcm","5377104","8F0B44832D05CE30CA13614CE47373740E2F82341F6BA1BF9BE9A766661E3535","PCM_CONTAINER","PARSER_CANDIDATE","V1719_PCM_CONTAINER_RESEARCH","Likely sample container; parser/hardware validation needed.","90","False","False","True","NO_BINARY_OUTPUT_METADATA_ONLY"
"RAM54.PCM","E:\UAOS_OPEN_LIBRARY_SOURCE\pa3x\RoTaNa(1) pa3x.SET\tareq pa3x.SET\PCM\RAM54.PCM",".pcm","2571908","09D8AE86DAF7DEA02DEE9DB28436F53D0BDD7790119402299F20296643D9E4A8","PCM_CONTAINER","PARSER_CANDIDATE","V1719_PCM_CONTAINER_RESEARCH","Likely sample container; parser/hardware validation needed.","90","False","False","True","NO_BINARY_OUTPUT_METADATA_ONLY"
"RAM54.PCM","E:\UAOS_OPEN_LIBRARY_SOURCE\pa3x\2020 pa1000 pa4x.SET\2020 pa1000 pa4x.SET\PCM\RAM54.PCM",".pcm","2888498","146674D9DDCA19F30DFAD06ABFF8CC98C351AB3ED7EAEEDE05F242F75AC34426","PCM_CONTAINER","PARSER_CANDIDATE","V1719_PCM_CONTAINER_RESEARCH","Likely sample container; parser/hardware validation needed.","90","False","False","True","NO_BINARY_OUTPUT_METADATA_ONLY"
"RAM54.PCM","E:\UAOS_OPEN_LIBRARY_SOURCE\pa3x\omar44.SET\omar44.SET\PCM\RAM54.PCM",".pcm","5901023","EF0EA9E0D3B199C387B900EEC239C461EB64011704A0662AFFBCBDBD7D4B3EF2","PCM_CONTAINER","PARSER_CANDIDATE","V1719_PCM_CONTAINER_RESEARCH","Likely sample container; parser/hardware validation needed.","90","False","False","True","NO_BINARY_OUTPUT_METADATA_ONLY"
"RAM54.PCM","E:\UAOS_OPEN_LIBRARY_SOURCE\pa3x\ABOUD NEXT-MG.SET\ABOUD NEXT-MG.SET\PCM\RAM54.PCM",".pcm","5932468","60DE2FA52D574CDC1A55AE5AB2A2AA1186A4B9C889CC4CC1BD2D27FBF563D501","PCM_CONTAINER","PARSER_CANDIDATE","V1719_PCM_CONTAINER_RESEARCH","Likely sample container; parser/hardware validation needed.","90","False","False","True","NO_BINARY_OUTPUT_METADATA_ONLY"
"RAM54.PCM","E:\UAOS_OPEN_LIBRARY_SOURCE\pa3x\rahm pa3x.SET\rahm pa3x.SET\PCM\RAM54.PCM",".pcm","2104602","F1660684CCEAB44FD86E323EA685D8CD4DFBE6686F2C6D9734241A5197CD6482","PCM_CONTAINER","PARSER_CANDIDATE","V1719_PCM_CONTAINER_RESEARCH","Likely sample container; parser/hardware validation needed.","90","False","False","True","NO_BINARY_OUTPUT_METADATA_ONLY"
"RAM55.PCM","E:\UAOS_OPEN_LIBRARY_SOURCE\pa3x\ROTANA. 2022.SET\ROTANA. 2022.SET\PCM\RAM55.PCM",".pcm","4447846","F3F81A101ECA412226D6CC62524F3A9CAEE32F3D0372D1AD88A78A86106E935A","PCM_CONTAINER","PARSER_CANDIDATE","V1719_PCM_CONTAINER_RESEARCH","Likely sample container; parser/hardware validation needed.","90","False","False","True","NO_BINARY_OUTPUT_METADATA_ONLY"
"RAM55.PCM","E:\UAOS_OPEN_LIBRARY_SOURCE\pa3x\ABOUD NEXT-MG.SET\ABOUD NEXT-MG.SET\PCM\RAM55.PCM",".pcm","3381583","CC562D1A138E172852EEFD3BC6D34DD0D474DA3101E4408A7533AA0909E1A5F3","PCM_CONTAINER","PARSER_CANDIDATE","V1719_PCM_CONTAINER_RESEARCH","Likely sample container; parser/hardware validation needed.","90","False","False","True","NO_BINARY_OUTPUT_METADATA_ONLY"
"RAM55.PCM","E:\UAOS_OPEN_LIBRARY_SOURCE\pa3x\SUPER4X.3X ASLY2018.SET\SUPER4X.3X ASLY2018.SET\PCM\RAM55.PCM",".pcm","2646678","DFA2BD63C406EE79BF4B38433507823A53456B5BE467AE1E6857DBEB1F8E5E7B","PCM_CONTAINER","PARSER_CANDIDATE","V1719_PCM_CONTAINER_RESEARCH","Likely sample container; parser/hardware validation needed.","90","False","False","True","NO_BINARY_OUTPUT_METADATA_ONLY"
"RAM55.PCM","E:\UAOS_OPEN_LIBRARY_SOURCE\pa3x\rahm pa3x.SET\rahm pa3x.SET\PCM\RAM55.PCM",".pcm","2680616","FA81D1DE3A0B38E6A8E284083C2D01F101516A17D48D87AABB0F810DBCC5CF2C","PCM_CONTAINER","PARSER_CANDIDATE","V1719_PCM_CONTAINER_RESEARCH","Likely sample container; parser/hardware validation needed.","90","False","False","True","NO_BINARY_OUTPUT_METADATA_ONLY"
"RAM55.PCM","E:\UAOS_OPEN_LIBRARY_SOURCE\pa3x\RoTaNa(1) pa3x.SET\tareq pa3x.SET\PCM\RAM55.PCM",".pcm","2586136","047BA3C6944E8B6CAC50E7C30FA0813ECE6558A3C767BDA94AE006A83846D794","PCM_CONTAINER","PARSER_CANDIDATE","V1719_PCM_CONTAINER_RESEARCH","Likely sample container; parser/hardware validation needed.","90","False","False","True","NO_BINARY_OUTPUT_METADATA_ONLY"
"RAM55.PCM","E:\UAOS_OPEN_LIBRARY_SOURCE\pa3x\2020 pa1000 pa4x.SET\2020 pa1000 pa4x.SET\PCM\RAM55.PCM",".pcm","2891467","BD066184DE7F0BDE68C60441F2A7B5E40CFEE1D045A597077BC9E5CC57A9CE43","PCM_CONTAINER","PARSER_CANDIDATE","V1719_PCM_CONTAINER_RESEARCH","Likely sample container; parser/hardware validation needed.","90","False","False","True","NO_BINARY_OUTPUT_METADATA_ONLY"
"RAM55.PCM","E:\UAOS_OPEN_LIBRARY_SOURCE\pa3x\LIVE CHARKI 3 2.SET\LIVE CHARKI 3 2.SET\PCM\RAM55.PCM",".pcm","1419572","239B2B16D98EC6A51DEBE99ECB9048311EA99E642664FDB5A11CDAB13FF5F07C","PCM_CONTAINER","PARSER_CANDIDATE","V1719_PCM_CONTAINER_RESEARCH","Likely sample container; parser/hardware validation needed.","90","False","False","True","NO_BINARY_OUTPUT_METADATA_ONLY"
"RAM55.PCM","E:\UAOS_OPEN_LIBRARY_SOURCE\pa3x\omar44.SET\omar44.SET\PCM\RAM55.PCM",".pcm","4355292","296E7B051977AE8CD21B4CC15BC56A5CB72CE4AE440ECE9027F0BE74221F8F59","PCM_CONTAINER","PARSER_CANDIDATE","V1719_PCM_CONTAINER_RESEARCH","Likely sample container; parser/hardware validation needed.","90","False","False","True","NO_BINARY_OUTPUT_METADATA_ONLY"
"RAM55.PCM","E:\UAOS_OPEN_LIBRARY_SOURCE\pa3x\3xxxxx.SET\3xxxxx.SET\PCM\RAM55.PCM",".pcm","2805078","D8E6025111882593B974D59837F31D957C20F9FF9624B95AE10ED5CFDB8C13F9","PCM_CONTAINER","PARSER_CANDIDATE","V1719_PCM_CONTAINER_RESEARCH","Likely sample container; parser/hardware validation needed.","90","False","False","True","NO_BINARY_OUTPUT_METADATA_ONLY"
"RAM55.PCM","E:\UAOS_OPEN_LIBRARY_SOURCE\pa3x\a1111.SET\a1111.SET\PCM\RAM55.PCM",".pcm","7129588","B9BE457A7CB5527E8BE75E7D17128BA01ED9E6CE2D28761EDEDC56EF37F1E8FE","PCM_CONTAINER","PARSER_CANDIDATE","V1719_PCM_CONTAINER_RESEARCH","Likely sample container; parser/hardware validation needed.","90","False","False","True","NO_BINARY_OUTPUT_METADATA_ONLY"
"RAM55.PCM","E:\UAOS_OPEN_LIBRARY_SOURCE\pa3x\‏‏RoTaNa(1) pa3x.SET - نسخة\tareq pa3x.SET\PCM\RAM55.PCM",".pcm","2586136","047BA3C6944E8B6CAC50E7C30FA0813ECE6558A3C767BDA94AE006A83846D794","PCM_CONTAINER","PARSER_CANDIDATE","V1719_PCM_CONTAINER_RESEARCH","Likely sample container; parser/hardware validation needed.","90","False","False","True","NO_BINARY_OUTPUT_METADATA_ONLY"
"RAM56.PCM","E:\UAOS_OPEN_LIBRARY_SOURCE\pa3x\ROTANA. 2022.SET\ROTANA. 2022.SET\PCM\RAM56.PCM",".pcm","5683364","97670EC5F3E8E81E161AFB05CEAC85A1FE116811827743652C56163DAD69C881","PCM_CONTAINER","PARSER_CANDIDATE","V1719_PCM_CONTAINER_RESEARCH","Likely sample container; parser/hardware validation needed.","90","False","False","True","NO_BINARY_OUTPUT_METADATA_ONLY"
"RAM56.PCM","E:\UAOS_OPEN_LIBRARY_SOURCE\pa3x\rahm pa3x.SET\rahm pa3x.SET\PCM\RAM56.PCM",".pcm","2119304","16EBB2FB8F683BC303E4A7849E8DB0FC15A974447E95EFB48CA0F78398175500","PCM_CONTAINER","PARSER_CANDIDATE","V1719_PCM_CONTAINER_RESEARCH","Likely sample container; parser/hardware validation needed.","90","False","False","True","NO_BINARY_OUTPUT_METADATA_ONLY"
"RAM56.PCM","E:\UAOS_OPEN_LIBRARY_SOURCE\pa3x\‏‏RoTaNa(1) pa3x.SET - نسخة\tareq pa3x.SET\PCM\RAM56.PCM",".pcm","2572221","B1C999B8F12414AD4AC0B09DCDE48E25A949A0819B1605B69D36C22CCB14BFC0","PCM_CONTAINER","PARSER_CANDIDATE","V1719_PCM_CONTAINER_RESEARCH","Likely sample container; parser/hardware validation needed.","90","False","False","True","NO_BINARY_OUTPUT_METADATA_ONLY"
"RAM56.PCM","E:\UAOS_OPEN_LIBRARY_SOURCE\pa3x\RoTaNa(1) pa3x.SET\tareq pa3x.SET\PCM\RAM56.PCM",".pcm","2572221","B1C999B8F12414AD4AC0B09DCDE48E25A949A0819B1605B69D36C22CCB14BFC0","PCM_CONTAINER","PARSER_CANDIDATE","V1719_PCM_CONTAINER_RESEARCH","Likely sample container; parser/hardware validation needed.","90","False","False","True","NO_BINARY_OUTPUT_METADATA_ONLY"
"RAM56.PCM","E:\UAOS_OPEN_LIBRARY_SOURCE\pa3x\omar44.SET\omar44.SET\PCM\RAM56.PCM",".pcm","4043009","D4D62AFB66CB395EDBF8D0F3B51CE598E207C1E8EC8C4736434A1487E72824DA","PCM_CONTAINER","PARSER_CANDIDATE","V1719_PCM_CONTAINER_RESEARCH","Likely sample container; parser/hardware validation needed.","90","False","False","True","NO_BINARY_OUTPUT_METADATA_ONLY"
"RAM56.PCM","E:\UAOS_OPEN_LIBRARY_SOURCE\pa3x\LIVE CHARKI 3 2.SET\LIVE CHARKI 3 2.SET\PCM\RAM56.PCM",".pcm","1252512","833C9D8AAC561DB675621ED7F60E0177DCDF197C57CA475154B934CD1029A75D","PCM_CONTAINER","PARSER_CANDIDATE","V1719_PCM_CONTAINER_RESEARCH","Likely sample container; parser/hardware validation needed.","90","False","False","True","NO_BINARY_OUTPUT_METADATA_ONLY"
"RAM56.PCM","E:\UAOS_OPEN_LIBRARY_SOURCE\pa3x\a1111.SET\a1111.SET\PCM\RAM56.PCM",".pcm","8229989","4565981F067D5FBDE18704E445C6F20541A94048FEE8BEC9CC24B50566AA2B6C","PCM_CONTAINER","PARSER_CANDIDATE","V1719_PCM_CONTAINER_RESEARCH","Likely sample container; parser/hardware validation needed.","90","False","False","True","NO_BINARY_OUTPUT_METADATA_ONLY"
"RAM56.PCM","E:\UAOS_OPEN_LIBRARY_SOURCE\pa3x\ABOUD NEXT-MG.SET\ABOUD NEXT-MG.SET\PCM\RAM56.PCM",".pcm","4291316","E09B7123C2191757D8A7F7CFCC33D93A8B68696B793612264173CB2FA4758193","PCM_CONTAINER","PARSER_CANDIDATE","V1719_PCM_CONTAINER_RESEARCH","Likely sample container; parser/hardware validation needed.","90","False","False","True","NO_BINARY_OUTPUT_METADATA_ONLY"
"RAM56.PCM","E:\UAOS_OPEN_LIBRARY_SOURCE\pa3x\SUPER4X.3X ASLY2018.SET\SUPER4X.3X ASLY2018.SET\PCM\RAM56.PCM",".pcm","2671512","D6B5E25E836B85C9C9710701802750AAA93E227B377FBE9E5753BAC2AA62449F","PCM_CONTAINER","PARSER_CANDIDATE","V1719_PCM_CONTAINER_RESEARCH","Likely sample container; parser/hardware validation needed.","90","False","False","True","NO_BINARY_OUTPUT_METADATA_ONLY"
"RAM56.PCM","E:\UAOS_OPEN_LIBRARY_SOURCE\pa3x\2020 pa1000 pa4x.SET\2020 pa1000 pa4x.SET\PCM\RAM56.PCM",".pcm","3141331","3CB9D382FFEC6D33574F6D846EEBC287C44A82048E41322449A475F9F615B1F6","PCM_CONTAINER","PARSER_CANDIDATE","V1719_PCM_CONTAINER_RESEARCH","Likely sample container; parser/hardware validation needed.","90","False","False","True","NO_BINARY_OUTPUT_METADATA_ONLY"
"RAM56.PCM","E:\UAOS_OPEN_LIBRARY_SOURCE\pa3x\3xxxxx.SET\3xxxxx.SET\PCM\RAM56.PCM",".pcm","2650115","339C35BB68A2A9CF0C38A10E7D42EA9C2CD79BAF8F62F11C2517D388AFA49BF4","PCM_CONTAINER","PARSER_CANDIDATE","V1719_PCM_CONTAINER_RESEARCH","Likely sample container; parser/hardware validation needed.","90","False","False","True","NO_BINARY_OUTPUT_METADATA_ONLY"
"RAM57.PCM","E:\UAOS_OPEN_LIBRARY_SOURCE\pa3x\RoTaNa(1) pa3x.SET\tareq pa3x.SET\PCM\RAM57.PCM",".pcm","2607754","06A442BC9AE84DF5CAE2E4A1799C47715A038E01A98D4B842DAF75EA9F89C614","PCM_CONTAINER","PARSER_CANDIDATE","V1719_PCM_CONTAINER_RESEARCH","Likely sample container; parser/hardware validation needed.","90","False","False","True","NO_BINARY_OUTPUT_METADATA_ONLY"
"RAM57.PCM","E:\UAOS_OPEN_LIBRARY_SOURCE\pa3x\ROTANA. 2022.SET\ROTANA. 2022.SET\PCM\RAM57.PCM",".pcm","5194080","0169181BC1491668AEC42CD773BE95C587A773D19385ABF7E4F8EC1E3EFC626A","PCM_CONTAINER","PARSER_CANDIDATE","V1719_PCM_CONTAINER_RESEARCH","Likely sample container; parser/hardware validation needed.","90","False","False","True","NO_BINARY_OUTPUT_METADATA_ONLY"
"RAM57.PCM","E:\UAOS_OPEN_LIBRARY_SOURCE\pa3x\SUPER4X.3X ASLY2018.SET\SUPER4X.3X ASLY2018.SET\PCM\RAM57.PCM",".pcm","2639348","9AE70E90EFB1BAF362A508DA3543EA1C14BA65B36E8C7E721473D3BA02808A17","PCM_CONTAINER","PARSER_CANDIDATE","V1719_PCM_CONTAINER_RESEARCH","Likely sample container; parser/hardware validation needed.","90","False","False","True","NO_BINARY_OUTPUT_METADATA_ONLY"
"RAM57.PCM","E:\UAOS_OPEN_LIBRARY_SOURCE\pa3x\3xxxxx.SET\3xxxxx.SET\PCM\RAM57.PCM",".pcm","2686301","9980333F99C10215CA23DE2B59F3E91BA584E0A580DAA675E028C6AB378E167E","PCM_CONTAINER","PARSER_CANDIDATE","V1719_PCM_CONTAINER_RESEARCH","Likely sample container; parser/hardware validation needed.","90","False","False","True","NO_BINARY_OUTPUT_METADATA_ONLY"
"RAM57.PCM","E:\UAOS_OPEN_LIBRARY_SOURCE\pa3x\a1111.SET\a1111.SET\PCM\RAM57.PCM",".pcm","6232211","CE921192E4606D71B1A75295A2A8AA9C8A7684F788DF396E0ED1E440D72BF763","PCM_CONTAINER","PARSER_CANDIDATE","V1719_PCM_CONTAINER_RESEARCH","Likely sample container; parser/hardware validation needed.","90","False","False","True","NO_BINARY_OUTPUT_METADATA_ONLY"
"RAM57.PCM","E:\UAOS_OPEN_LIBRARY_SOURCE\pa3x\omar44.SET\omar44.SET\PCM\RAM57.PCM",".pcm","4170962","0AA51A054E98BFF60089B5EA07BDC306970476C92C191667E53FDC6EE74182F8","PCM_CONTAINER","PARSER_CANDIDATE","V1719_PCM_CONTAINER_RESEARCH","Likely sample container; parser/hardware validation needed.","90","False","False","True","NO_BINARY_OUTPUT_METADATA_ONLY"
"RAM57.PCM","E:\UAOS_OPEN_LIBRARY_SOURCE\pa3x\‏‏RoTaNa(1) pa3x.SET - نسخة\tareq pa3x.SET\PCM\RAM57.PCM",".pcm","2607754","06A442BC9AE84DF5CAE2E4A1799C47715A038E01A98D4B842DAF75EA9F89C614","PCM_CONTAINER","PARSER_CANDIDATE","V1719_PCM_CONTAINER_RESEARCH","Likely sample container; parser/hardware validation needed.","90","False","False","True","NO_BINARY_OUTPUT_METADATA_ONLY"
"RAM57.PCM","E:\UAOS_OPEN_LIBRARY_SOURCE\pa3x\rahm pa3x.SET\rahm pa3x.SET\PCM\RAM57.PCM",".pcm","2588794","CF036EA90CACBE9DFEAFAC0C2AB0AADBBB7220CF82F34048DC48B8E263B06843","PCM_CONTAINER","PARSER_CANDIDATE","V1719_PCM_CONTAINER_RESEARCH","Likely sample container; parser/hardware validation needed.","90","False","False","True","NO_BINARY_OUTPUT_METADATA_ONLY"
"RAM57.PCM","E:\UAOS_OPEN_LIBRARY_SOURCE\pa3x\2020 pa1000 pa4x.SET\2020 pa1000 pa4x.SET\PCM\RAM57.PCM",".pcm","2923099","3AFA52FBA9DD5A35984F990F4D883C96985AAFE7CF437332608140143240A3A6","PCM_CONTAINER","PARSER_CANDIDATE","V1719_PCM_CONTAINER_RESEARCH","Likely sample container; parser/hardware validation needed.","90","False","False","True","NO_BINARY_OUTPUT_METADATA_ONLY"
"RAM57.PCM","E:\UAOS_OPEN_LIBRARY_SOURCE\pa3x\LIVE CHARKI 3 2.SET\LIVE CHARKI 3 2.SET\PCM\RAM57.PCM",".pcm","1117612","7100AB04522388E5E291FD350892BF8F9A7BA09CD530250EECC921AD24AD155A","PCM_CONTAINER","PARSER_CANDIDATE","V1719_PCM_CONTAINER_RESEARCH","Likely sample container; parser/hardware validation needed.","90","False","False","True","NO_BINARY_OUTPUT_METADATA_ONLY"
"RAM57.PCM","E:\UAOS_OPEN_LIBRARY_SOURCE\pa3x\ABOUD NEXT-MG.SET\ABOUD NEXT-MG.SET\PCM\RAM57.PCM",".pcm","3528537","C22E20828EF2FC6FC90FEF537BAC6F9B6BF2FC81D63C4600F38260DFB35685F8","PCM_CONTAINER","PARSER_CANDIDATE","V1719_PCM_CONTAINER_RESEARCH","Likely sample container; parser/hardware validation needed.","90","False","False","True","NO_BINARY_OUTPUT_METADATA_ONLY"
"RAM58.PCM","E:\UAOS_OPEN_LIBRARY_SOURCE\pa3x\rahm pa3x.SET\rahm pa3x.SET\PCM\RAM58.PCM",".pcm","2200412","4359D2E8A654927C1A402C54594E3C7B2DB5701CF5E570CBDAA9FB7720516982","PCM_CONTAINER","PARSER_CANDIDATE","V1719_PCM_CONTAINER_RESEARCH","Likely sample container; parser/hardware validation needed.","90","False","False","True","NO_BINARY_OUTPUT_METADATA_ONLY"
"RAM58.PCM","E:\UAOS_OPEN_LIBRARY_SOURCE\pa3x\a1111.SET\a1111.SET\PCM\RAM58.PCM",".pcm","7728899","C094A394A02FE24E495AC26028A6F8BF081A49305343951996B76D4DF691178B","PCM_CONTAINER","PARSER_CANDIDATE","V1719_PCM_CONTAINER_RESEARCH","Likely sample container; parser/hardware validation needed.","90","False","False","True","NO_BINARY_OUTPUT_METADATA_ONLY"
"RAM58.PCM","E:\UAOS_OPEN_LIBRARY_SOURCE\pa3x\‏‏RoTaNa(1) pa3x.SET - نسخة\tareq pa3x.SET\PCM\RAM58.PCM",".pcm","2581648","7A3BF1EE8C270E15052AA3A29ABF2EB4A95B7F25F4C941839C4AA8A0B6FF6700","PCM_CONTAINER","PARSER_CANDIDATE","V1719_PCM_CONTAINER_RESEARCH","Likely sample container; parser/hardware validation needed.","90","False","False","True","NO_BINARY_OUTPUT_METADATA_ONLY"
"RAM58.PCM","E:\UAOS_OPEN_LIBRARY_SOURCE\pa3x\ROTANA. 2022.SET\ROTANA. 2022.SET\PCM\RAM58.PCM",".pcm","6124230","144EC47BF5DDF10138E2F704E46A4EFE0AF94B9BAA0324182CC4123B88106304","PCM_CONTAINER","PARSER_CANDIDATE","V1719_PCM_CONTAINER_RESEARCH","Likely sample container; parser/hardware validation needed.","90","False","False","True","NO_BINARY_OUTPUT_METADATA_ONLY"
"RAM58.PCM","E:\UAOS_OPEN_LIBRARY_SOURCE\pa3x\ABOUD NEXT-MG.SET\ABOUD NEXT-MG.SET\PCM\RAM58.PCM",".pcm","5408429","AD8C35E8CC30836A06407C31C29F59449F607A1F81FE2BA6FDA2A4C6B4B9547C","PCM_CONTAINER","PARSER_CANDIDATE","V1719_PCM_CONTAINER_RESEARCH","Likely sample container; parser/hardware validation needed.","90","False","False","True","NO_BINARY_OUTPUT_METADATA_ONLY"
"RAM58.PCM","E:\UAOS_OPEN_LIBRARY_SOURCE\pa3x\omar44.SET\omar44.SET\PCM\RAM58.PCM",".pcm","4351784","9D1C2DC4B74FC78B5067710FA570A215EB5ED3ADE2E8949861FB9782FB9F3BBC","PCM_CONTAINER","PARSER_CANDIDATE","V1719_PCM_CONTAINER_RESEARCH","Likely sample container; parser/hardware validation needed.","90","False","False","True","NO_BINARY_OUTPUT_METADATA_ONLY"
"RAM58.PCM","E:\UAOS_OPEN_LIBRARY_SOURCE\pa3x\LIVE CHARKI 3 2.SET\LIVE CHARKI 3 2.SET\PCM\RAM58.PCM",".pcm","1594489","BDC585EB60D8A19AC8375D72D85F2E40BE1C79595345D80ABCAE9E02C6B4DBEC","PCM_CONTAINER","PARSER_CANDIDATE","V1719_PCM_CONTAINER_RESEARCH","Likely sample container; parser/hardware validation needed.","90","False","False","True","NO_BINARY_OUTPUT_METADATA_ONLY"
"RAM58.PCM","E:\UAOS_OPEN_LIBRARY_SOURCE\pa3x\RoTaNa(1) pa3x.SET\tareq pa3x.SET\PCM\RAM58.PCM",".pcm","2581648","7A3BF1EE8C270E15052AA3A29ABF2EB4A95B7F25F4C941839C4AA8A0B6FF6700","PCM_CONTAINER","PARSER_CANDIDATE","V1719_PCM_CONTAINER_RESEARCH","Likely sample container; parser/hardware validation needed.","90","False","False","True","NO_BINARY_OUTPUT_METADATA_ONLY"
"RAM58.PCM","E:\UAOS_OPEN_LIBRARY_SOURCE\pa3x\SUPER4X.3X ASLY2018.SET\SUPER4X.3X ASLY2018.SET\PCM\RAM58.PCM",".pcm","2683154","8D19E410672A591FBB31D585B2369715B65F8C5D24BF044DBFD5A524A85CCD1F","PCM_CONTAINER","PARSER_CANDIDATE","V1719_PCM_CONTAINER_RESEARCH","Likely sample container; parser/hardware validation needed.","90","False","False","True","NO_BINARY_OUTPUT_METADATA_ONLY"
"RAM58.PCM","E:\UAOS_OPEN_LIBRARY_SOURCE\pa3x\2020 pa1000 pa4x.SET\2020 pa1000 pa4x.SET\PCM\RAM58.PCM",".pcm","2883942","A08CCE1C4EBD13C438ACC71CBE50B7BF9B6A8B086D89EA36B670D4A5F1E8E525","PCM_CONTAINER","PARSER_CANDIDATE","V1719_PCM_CONTAINER_RESEARCH","Likely sample container; parser/hardware validation needed.","90","False","False","True","NO_BINARY_OUTPUT_METADATA_ONLY"
"RAM58.PCM","E:\UAOS_OPEN_LIBRARY_SOURCE\pa3x\3xxxxx.SET\3xxxxx.SET\PCM\RAM58.PCM",".pcm","2830773","DDC403334242195032F341AE258659FA202C91CF2F8449D25633EBB4B5AD8CCA","PCM_CONTAINER","PARSER_CANDIDATE","V1719_PCM_CONTAINER_RESEARCH","Likely sample container; parser/hardware validation needed.","90","False","False","True","NO_BINARY_OUTPUT_METADATA_ONLY"
"RAM59.PCM","E:\UAOS_OPEN_LIBRARY_SOURCE\pa3x\RoTaNa(1) pa3x.SET\tareq pa3x.SET\PCM\RAM59.PCM",".pcm","2579580","843A4E2BF4A4FCA2BD4E15E41062A7C768A560D5E2709BB1F9E61DF4930C3042","PCM_CONTAINER","PARSER_CANDIDATE","V1719_PCM_CONTAINER_RESEARCH","Likely sample container; parser/hardware validation needed.","90","False","False","True","NO_BINARY_OUTPUT_METADATA_ONLY"
"RAM59.PCM","E:\UAOS_OPEN_LIBRARY_SOURCE\pa3x\LIVE CHARKI 3 2.SET\LIVE CHARKI 3 2.SET\PCM\RAM59.PCM",".pcm","1261697","3B7F9BC46FCA9312FB6F49F24819147EA405948FA662F243F1FEF04DF8A33171","PCM_CONTAINER","PARSER_CANDIDATE","V1719_PCM_CONTAINER_RESEARCH","Likely sample container; parser/hardware validation needed.","90","False","False","True","NO_BINARY_OUTPUT_METADATA_ONLY"
"RAM59.PCM","E:\UAOS_OPEN_LIBRARY_SOURCE\pa3x\2020 pa1000 pa4x.SET\2020 pa1000 pa4x.SET\PCM\RAM59.PCM",".pcm","2893099","3114774E1A66658BD1BE22E925090317B8181A0B2AABBBBC78938CA5F834C81D","PCM_CONTAINER","PARSER_CANDIDATE","V1719_PCM_CONTAINER_RESEARCH","Likely sample container; parser/hardware validation needed.","90","False","False","True","NO_BINARY_OUTPUT_METADATA_ONLY"
"RAM59.PCM","E:\UAOS_OPEN_LIBRARY_SOURCE\pa3x\‏‏RoTaNa(1) pa3x.SET - نسخة\tareq pa3x.SET\PCM\RAM59.PCM",".pcm","2579580","843A4E2BF4A4FCA2BD4E15E41062A7C768A560D5E2709BB1F9E61DF4930C3042","PCM_CONTAINER","PARSER_CANDIDATE","V1719_PCM_CONTAINER_RESEARCH","Likely sample container; parser/hardware validation needed.","90","False","False","True","NO_BINARY_OUTPUT_METADATA_ONLY"
"RAM59.PCM","E:\UAOS_OPEN_LIBRARY_SOURCE\pa3x\ABOUD NEXT-MG.SET\ABOUD NEXT-MG.SET\PCM\RAM59.PCM",".pcm","5058994","E8508DE25019348A11D55A31D8199E6638837ACAA8FD54B6338E9DF9A2EB50DF","PCM_CONTAINER","PARSER_CANDIDATE","V1719_PCM_CONTAINER_RESEARCH","Likely sample container; parser/hardware validation needed.","90","False","False","True","NO_BINARY_OUTPUT_METADATA_ONLY"
"RAM59.PCM","E:\UAOS_OPEN_LIBRARY_SOURCE\pa3x\ROTANA. 2022.SET\ROTANA. 2022.SET\PCM\RAM59.PCM",".pcm","5665658","CA74FCE8A27F67555241C3A4D08DC1F005B232BBE7DF66461DDC2E6B17ADCAAB","PCM_CONTAINER","PARSER_CANDIDATE","V1719_PCM_CONTAINER_RESEARCH","Likely sample container; parser/hardware validation needed.","90","False","False","True","NO_BINARY_OUTPUT_METADATA_ONLY"
"RAM59.PCM","E:\UAOS_OPEN_LIBRARY_SOURCE\pa3x\SUPER4X.3X ASLY2018.SET\SUPER4X.3X ASLY2018.SET\PCM\RAM59.PCM",".pcm","2850994","A843948062F842ECE319D6782FC86825D9393FE3A4E2F119CAFE416C1154B71F","PCM_CONTAINER","PARSER_CANDIDATE","V1719_PCM_CONTAINER_RESEARCH","Likely sample container; parser/hardware validation needed.","90","False","False","True","NO_BINARY_OUTPUT_METADATA_ONLY"
"RAM59.PCM","E:\UAOS_OPEN_LIBRARY_SOURCE\pa3x\omar44.SET\omar44.SET\PCM\RAM59.PCM",".pcm","4286889","4DB5C4A4F96C04C9732D4BE285413C068DA1B214F2B20AEDCF2B130B05540B5D","PCM_CONTAINER","PARSER_CANDIDATE","V1719_PCM_CONTAINER_RESEARCH","Likely sample container; parser/hardware validation needed.","90","False","False","True","NO_BINARY_OUTPUT_METADATA_ONLY"
"RAM59.PCM","E:\UAOS_OPEN_LIBRARY_SOURCE\pa3x\3xxxxx.SET\3xxxxx.SET\PCM\RAM59.PCM",".pcm","2678565","44D8A86A7AB99CA004805E601429BB54D663D6C96077FDB62E79A92BBFEBF6EA","PCM_CONTAINER","PARSER_CANDIDATE","V1719_PCM_CONTAINER_RESEARCH","Likely sample container; parser/hardware validation needed.","90","False","False","True","NO_BINARY_OUTPUT_METADATA_ONLY"
"RAM59.PCM","E:\UAOS_OPEN_LIBRARY_SOURCE\pa3x\a1111.SET\a1111.SET\PCM\RAM59.PCM",".pcm","4882428","151D2383D4AF0BBEFBB38CC023E73F16DE8C61AD544B92AC5F34B1CE27BF35BB","PCM_CONTAINER","PARSER_CANDIDATE","V1719_PCM_CONTAINER_RESEARCH","Likely sample container; parser/hardware validation needed.","90","False","False","True","NO_BINARY_OUTPUT_METADATA_ONLY"
"RAM59.PCM","E:\UAOS_OPEN_LIBRARY_SOURCE\pa3x\rahm pa3x.SET\rahm pa3x.SET\PCM\RAM59.PCM",".pcm","2235785","C840C64CC9FAC4F0BE4C51A50DF6F2E0146D6BAC4EE1C70C3A2E564F7FA9C95D","PCM_CONTAINER","PARSER_CANDIDATE","V1719_PCM_CONTAINER_RESEARCH","Likely sample container; parser/hardware validation needed.","90","False","False","True","NO_BINARY_OUTPUT_METADATA_ONLY"
"RAM60.PCM","E:\UAOS_OPEN_LIBRARY_SOURCE\pa3x\rahm pa3x.SET\rahm pa3x.SET\PCM\RAM60.PCM",".pcm","3076590","D4D8BF3CCE2F9BD17006E493E366ACA53FB7BE78771EA865E81625A6EA7BE8EA","PCM_CONTAINER","PARSER_CANDIDATE","V1719_PCM_CONTAINER_RESEARCH","Likely sample container; parser/hardware validation needed.","90","False","False","True","NO_BINARY_OUTPUT_METADATA_ONLY"
"RAM60.PCM","E:\UAOS_OPEN_LIBRARY_SOURCE\pa3x\ABOUD NEXT-MG.SET\ABOUD NEXT-MG.SET\PCM\RAM60.PCM",".pcm","4662523","48ADA0EE4684B506D7A70C8DFAFC8637B927B3A64C514E217AA8458225E00DD4","PCM_CONTAINER","PARSER_CANDIDATE","V1719_PCM_CONTAINER_RESEARCH","Likely sample container; parser/hardware validation needed.","90","False","False","True","NO_BINARY_OUTPUT_METADATA_ONLY"
"RAM60.PCM","E:\UAOS_OPEN_LIBRARY_SOURCE\pa3x\LIVE CHARKI 3 2.SET\LIVE CHARKI 3 2.SET\PCM\RAM60.PCM",".pcm","1584936","40A313B3E005954F1F2D43F3E1A702EB58DA26F2118E33838BD94CFD0A8B1ABC","PCM_CONTAINER","PARSER_CANDIDATE","V1719_PCM_CONTAINER_RESEARCH","Likely sample container; parser/hardware validation needed.","90","False","False","True","NO_BINARY_OUTPUT_METADATA_ONLY"
"RAM60.PCM","E:\UAOS_OPEN_LIBRARY_SOURCE\pa3x\3xxxxx.SET\3xxxxx.SET\PCM\RAM60.PCM",".pcm","2638382","6AAEB976F83FB77164BDA10BAD4540A0B85278B4CB380E45C22F82BA3F3BE65D","PCM_CONTAINER","PARSER_CANDIDATE","V1719_PCM_CONTAINER_RESEARCH","Likely sample container; parser/hardware validation needed.","90","False","False","True","NO_BINARY_OUTPUT_METADATA_ONLY"
"RAM60.PCM","E:\UAOS_OPEN_LIBRARY_SOURCE\pa3x\SUPER4X.3X ASLY2018.SET\SUPER4X.3X ASLY2018.SET\PCM\RAM60.PCM",".pcm","3506460","47DE67D7AA1B818236E9483173A8E15BDD330B34C777C49C577456CCC933D7F4","PCM_CONTAINER","PARSER_CANDIDATE","V1719_PCM_CONTAINER_RESEARCH","Likely sample container; parser/hardware validation needed.","90","False","False","True","NO_BINARY_OUTPUT_METADATA_ONLY"
"RAM60.PCM","E:\UAOS_OPEN_LIBRARY_SOURCE\pa3x\a1111.SET\a1111.SET\PCM\RAM60.PCM",".pcm","6687810","DE94AC13653F199B0E7B31454B5414A48EFF4D52441EB2BA8E6F786A47ED393C","PCM_CONTAINER","PARSER_CANDIDATE","V1719_PCM_CONTAINER_RESEARCH","Likely sample container; parser/hardware validation needed.","90","False","False","True","NO_BINARY_OUTPUT_METADATA_ONLY"
"RAM60.PCM","E:\UAOS_OPEN_LIBRARY_SOURCE\pa3x\omar44.SET\omar44.SET\PCM\RAM60.PCM",".pcm","4264168","0D868E7F525A032DEA8834998F81F799EB67543670A01EF80A76ED7FC4B1C0E4","PCM_CONTAINER","PARSER_CANDIDATE","V1719_PCM_CONTAINER_RESEARCH","Likely sample container; parser/hardware validation needed.","90","False","False","True","NO_BINARY_OUTPUT_METADATA_ONLY"
"RAM60.PCM","E:\UAOS_OPEN_LIBRARY_SOURCE\pa3x\ROTANA. 2022.SET\ROTANA. 2022.SET\PCM\RAM60.PCM",".pcm","3973304","24F03DFD45FFB0A78985A1C431EE79C90CFA4FF9402C2A40D506B48539888767","PCM_CONTAINER","PARSER_CANDIDATE","V1719_PCM_CONTAINER_RESEARCH","Likely sample container; parser/hardware validation needed.","90","False","False","True","NO_BINARY_OUTPUT_METADATA_ONLY"
"RAM60.PCM","E:\UAOS_OPEN_LIBRARY_SOURCE\pa3x\RoTaNa(1) pa3x.SET\tareq pa3x.SET\PCM\RAM60.PCM",".pcm","2582532","130556C8E4DA6C7647F2562FBFA43D6251B2FE8DF3A8786D74279A8E1FA8ADAA","PCM_CONTAINER","PARSER_CANDIDATE","V1719_PCM_CONTAINER_RESEARCH","Likely sample container; parser/hardware validation needed.","90","False","False","True","NO_BINARY_OUTPUT_METADATA_ONLY"
"RAM60.PCM","E:\UAOS_OPEN_LIBRARY_SOURCE\pa3x\2020 pa1000 pa4x.SET\2020 pa1000 pa4x.SET\PCM\RAM60.PCM",".pcm","2910096","1BCDFAC6C1CC8B7E29AA6B4D06B7104FF830E2EEC9561B25521CF08EF54EA096","PCM_CONTAINER","PARSER_CANDIDATE","V1719_PCM_CONTAINER_RESEARCH","Likely sample container; parser/hardware validation needed.","90","False","False","True","NO_BINARY_OUTPUT_METADATA_ONLY"
"RAM60.PCM","E:\UAOS_OPEN_LIBRARY_SOURCE\pa3x\‏‏RoTaNa(1) pa3x.SET - نسخة\tareq pa3x.SET\PCM\RAM60.PCM",".pcm","2582532","130556C8E4DA6C7647F2562FBFA43D6251B2FE8DF3A8786D74279A8E1FA8ADAA","PCM_CONTAINER","PARSER_CANDIDATE","V1719_PCM_CONTAINER_RESEARCH","Likely sample container; parser/hardware validation needed.","90","False","False","True","NO_BINARY_OUTPUT_METADATA_ONLY"
"RAM61.PCM","E:\UAOS_OPEN_LIBRARY_SOURCE\pa3x\2020 pa1000 pa4x.SET\2020 pa1000 pa4x.SET\PCM\RAM61.PCM",".pcm","2920896","B75E7B35917541519CAB8337B1AAB24E2A04409B0AA244D8B560B5307ABA9CD6","PCM_CONTAINER","PARSER_CANDIDATE","V1719_PCM_CONTAINER_RESEARCH","Likely sample container; parser/hardware validation needed.","90","False","False","True","NO_BINARY_OUTPUT_METADATA_ONLY"
"RAM61.PCM","E:\UAOS_OPEN_LIBRARY_SOURCE\pa3x\LIVE CHARKI 3 2.SET\LIVE CHARKI 3 2.SET\PCM\RAM61.PCM",".pcm","1256156","708BD0AE573B2A107CAE620378FEBABE0476B7CB26F5CBB756CF70B52DF6C811","PCM_CONTAINER","PARSER_CANDIDATE","V1719_PCM_CONTAINER_RESEARCH","Likely sample container; parser/hardware validation needed.","90","False","False","True","NO_BINARY_OUTPUT_METADATA_ONLY"
"RAM61.PCM","E:\UAOS_OPEN_LIBRARY_SOURCE\pa3x\RoTaNa(1) pa3x.SET\tareq pa3x.SET\PCM\RAM61.PCM",".pcm","2583032","9825D1089F22A16D08A8FB43AA455F1065A434DCE49D1827BB4B0F7581930EF3","PCM_CONTAINER","PARSER_CANDIDATE","V1719_PCM_CONTAINER_RESEARCH","Likely sample container; parser/hardware validation needed.","90","False","False","True","NO_BINARY_OUTPUT_METADATA_ONLY"
"RAM61.PCM","E:\UAOS_OPEN_LIBRARY_SOURCE\pa3x\3xxxxx.SET\3xxxxx.SET\PCM\RAM61.PCM",".pcm","2591614","8CBBDA07273E465BE780C3C9AA001890A0994DC70026339038E06B89997C3527","PCM_CONTAINER","PARSER_CANDIDATE","V1719_PCM_CONTAINER_RESEARCH","Likely sample container; parser/hardware validation needed.","90","False","False","True","NO_BINARY_OUTPUT_METADATA_ONLY"
"RAM61.PCM","E:\UAOS_OPEN_LIBRARY_SOURCE\pa3x\ROTANA. 2022.SET\ROTANA. 2022.SET\PCM\RAM61.PCM",".pcm","4134750","D7DCFC7F80087C5488FAFF463BFE71BBB2CA726F4FC9D919062FC0437A6F2719","PCM_CONTAINER","PARSER_CANDIDATE","V1719_PCM_CONTAINER_RESEARCH","Likely sample container; parser/hardware validation needed.","90","False","False","True","NO_BINARY_OUTPUT_METADATA_ONLY"
"RAM61.PCM","E:\UAOS_OPEN_LIBRARY_SOURCE\pa3x\ABOUD NEXT-MG.SET\ABOUD NEXT-MG.SET\PCM\RAM61.PCM",".pcm","4172237","DD2825A59F5793AE8B4093CA9323796E0E409602718593FA913E6DBE6D44CE79","PCM_CONTAINER","PARSER_CANDIDATE","V1719_PCM_CONTAINER_RESEARCH","Likely sample container; parser/hardware validation needed.","90","False","False","True","NO_BINARY_OUTPUT_METADATA_ONLY"
"RAM61.PCM","E:\UAOS_OPEN_LIBRARY_SOURCE\pa3x\omar44.SET\omar44.SET\PCM\RAM61.PCM",".pcm","4279581","FD5709E8F0059D2F66488E6C669FA7E0E303EC43874082D837EBA48EEA470DAD","PCM_CONTAINER","PARSER_CANDIDATE","V1719_PCM_CONTAINER_RESEARCH","Likely sample container; parser/hardware validation needed.","90","False","False","True","NO_BINARY_OUTPUT_METADATA_ONLY"
"RAM61.PCM","E:\UAOS_OPEN_LIBRARY_SOURCE\pa3x\‏‏RoTaNa(1) pa3x.SET - نسخة\tareq pa3x.SET\PCM\RAM61.PCM",".pcm","2583032","9825D1089F22A16D08A8FB43AA455F1065A434DCE49D1827BB4B0F7581930EF3","PCM_CONTAINER","PARSER_CANDIDATE","V1719_PCM_CONTAINER_RESEARCH","Likely sample container; parser/hardware validation needed.","90","False","False","True","NO_BINARY_OUTPUT_METADATA_ONLY"
"RAM61.PCM","E:\UAOS_OPEN_LIBRARY_SOURCE\pa3x\SUPER4X.3X ASLY2018.SET\SUPER4X.3X ASLY2018.SET\PCM\RAM61.PCM",".pcm","2940706","238D9BAE5B2CF4B1BD463AACEFAC111D56AF88A85B1752AB27C5654BCB54AD81","PCM_CONTAINER","PARSER_CANDIDATE","V1719_PCM_CONTAINER_RESEARCH","Likely sample container; parser/hardware validation needed.","90","False","False","True","NO_BINARY_OUTPUT_METADATA_ONLY"
"RAM61.PCM","E:\UAOS_OPEN_LIBRARY_SOURCE\pa3x\rahm pa3x.SET\rahm pa3x.SET\PCM\RAM61.PCM",".pcm","2573348","FCEC8E8160DD7848993818FF17304BA9CEAD30C77B31346294DB7165226BDBA6","PCM_CONTAINER","PARSER_CANDIDATE","V1719_PCM_CONTAINER_RESEARCH","Likely sample container; parser/hardware validation needed.","90","False","False","True","NO_BINARY_OUTPUT_METADATA_ONLY"
"RAM61.PCM","E:\UAOS_OPEN_LIBRARY_SOURCE\pa3x\a1111.SET\a1111.SET\PCM\RAM61.PCM",".pcm","6778742","4CA2887F45C943643D9D230A735012DA37D71F29123DBC83D0BB56B6A8D18641","PCM_CONTAINER","PARSER_CANDIDATE","V1719_PCM_CONTAINER_RESEARCH","Likely sample container; parser/hardware validation needed.","90","False","False","True","NO_BINARY_OUTPUT_METADATA_ONLY"
"RAM62.PCM","E:\UAOS_OPEN_LIBRARY_SOURCE\pa3x\‏‏RoTaNa(1) pa3x.SET - نسخة\tareq pa3x.SET\PCM\RAM62.PCM",".pcm","2571578","C0DA7D9F473F83F1B30A4C6F69FE4A2B6A44134E17317266BAD38F29C88A9FB8","PCM_CONTAINER","PARSER_CANDIDATE","V1719_PCM_CONTAINER_RESEARCH","Likely sample container; parser/hardware validation needed.","90","False","False","True","NO_BINARY_OUTPUT_METADATA_ONLY"
"RAM62.PCM","E:\UAOS_OPEN_LIBRARY_SOURCE\pa3x\omar44.SET\omar44.SET\PCM\RAM62.PCM",".pcm","4360514","834F148AD77845F7FDC66638502853A992B10D8760C6286206D8ECB2DEA8A6DD","PCM_CONTAINER","PARSER_CANDIDATE","V1719_PCM_CONTAINER_RESEARCH","Likely sample container; parser/hardware validation needed.","90","False","False","True","NO_BINARY_OUTPUT_METADATA_ONLY"
"RAM62.PCM","E:\UAOS_OPEN_LIBRARY_SOURCE\pa3x\rahm pa3x.SET\rahm pa3x.SET\PCM\RAM62.PCM",".pcm","2123898","24DFA82AC3F8823614E3E0289749BC91B2D3DCEF852CCF72766DD2A3F2773EF7","PCM_CONTAINER","PARSER_CANDIDATE","V1719_PCM_CONTAINER_RESEARCH","Likely sample container; parser/hardware validation needed.","90","False","False","True","NO_BINARY_OUTPUT_METADATA_ONLY"
"RAM62.PCM","E:\UAOS_OPEN_LIBRARY_SOURCE\pa3x\a1111.SET\a1111.SET\PCM\RAM62.PCM",".pcm","6681783","00EEFD1765F8FBA34A07856C708EE6DA1F4D51169D5DA5BCA01E5D13D4FA68E9","PCM_CONTAINER","PARSER_CANDIDATE","V1719_PCM_CONTAINER_RESEARCH","Likely sample container; parser/hardware validation needed.","90","False","False","True","NO_BINARY_OUTPUT_METADATA_ONLY"
"RAM62.PCM","E:\UAOS_OPEN_LIBRARY_SOURCE\pa3x\RoTaNa(1) pa3x.SET\tareq pa3x.SET\PCM\RAM62.PCM",".pcm","2571578","C0DA7D9F473F83F1B30A4C6F69FE4A2B6A44134E17317266BAD38F29C88A9FB8","PCM_CONTAINER","PARSER_CANDIDATE","V1719_PCM_CONTAINER_RESEARCH","Likely sample container; parser/hardware validation needed.","90","False","False","True","NO_BINARY_OUTPUT_METADATA_ONLY"
"RAM62.PCM","E:\UAOS_OPEN_LIBRARY_SOURCE\pa3x\LIVE CHARKI 3 2.SET\LIVE CHARKI 3 2.SET\PCM\RAM62.PCM",".pcm","1114941","C442C7B02F58E7DF334CF0A1D5A265D5D6536DE5E760C2CBBACC96681A599346","PCM_CONTAINER","PARSER_CANDIDATE","V1719_PCM_CONTAINER_RESEARCH","Likely sample container; parser/hardware validation needed.","90","False","False","True","NO_BINARY_OUTPUT_METADATA_ONLY"
"RAM62.PCM","E:\UAOS_OPEN_LIBRARY_SOURCE\pa3x\3xxxxx.SET\3xxxxx.SET\PCM\RAM62.PCM",".pcm","2563164","532FD4214184FAD8F6C180283F68B6436E2BB1B122B1F2704D322A305D812DE0","PCM_CONTAINER","PARSER_CANDIDATE","V1719_PCM_CONTAINER_RESEARCH","Likely sample container; parser/hardware validation needed.","90","False","False","True","NO_BINARY_OUTPUT_METADATA_ONLY"
"RAM62.PCM","E:\UAOS_OPEN_LIBRARY_SOURCE\pa3x\ABOUD NEXT-MG.SET\ABOUD NEXT-MG.SET\PCM\RAM62.PCM",".pcm","4117995","DFE321FCF6F1D1C3CE7DFE7EC721991F63512FF21D89E62355F47604BA396E22","PCM_CONTAINER","PARSER_CANDIDATE","V1719_PCM_CONTAINER_RESEARCH","Likely sample container; parser/hardware validation needed.","90","False","False","True","NO_BINARY_OUTPUT_METADATA_ONLY"
"RAM62.PCM","E:\UAOS_OPEN_LIBRARY_SOURCE\pa3x\ROTANA. 2022.SET\ROTANA. 2022.SET\PCM\RAM62.PCM",".pcm","4461213","4B7F1CC4E731EA9D925096559BFDF132AAFDE2564A1966725DF0E3CE115C08AE","PCM_CONTAINER","PARSER_CANDIDATE","V1719_PCM_CONTAINER_RESEARCH","Likely sample container; parser/hardware validation needed.","90","False","False","True","NO_BINARY_OUTPUT_METADATA_ONLY"
"RAM62.PCM","E:\UAOS_OPEN_LIBRARY_SOURCE\pa3x\2020 pa1000 pa4x.SET\2020 pa1000 pa4x.SET\PCM\RAM62.PCM",".pcm","3003187","130E246894668A16102441D2F10119F07D1B8A9477A0E3AD0B02A3ACE315910C","PCM_CONTAINER","PARSER_CANDIDATE","V1719_PCM_CONTAINER_RESEARCH","Likely sample container; parser/hardware validation needed.","90","False","False","True","NO_BINARY_OUTPUT_METADATA_ONLY"
"RAM62.PCM","E:\UAOS_OPEN_LIBRARY_SOURCE\pa3x\SUPER4X.3X ASLY2018.SET\SUPER4X.3X ASLY2018.SET\PCM\RAM62.PCM",".pcm","2850140","5D28339FC2027AC3C8E049F98AC3B5944BECDDDCE5842239B3697918368BEB0F","PCM_CONTAINER","PARSER_CANDIDATE","V1719_PCM_CONTAINER_RESEARCH","Likely sample container; parser/hardware validation needed.","90","False","False","True","NO_BINARY_OUTPUT_METADATA_ONLY"
"RAM63.PCM","E:\UAOS_OPEN_LIBRARY_SOURCE\pa3x\a1111.SET\a1111.SET\PCM\RAM63.PCM",".pcm","4768386","AE2DE352BE9EC2117DFEB2B95CBDD9315CD959C257D0D74CA6D51F9DAF0BACEA","PCM_CONTAINER","PARSER_CANDIDATE","V1719_PCM_CONTAINER_RESEARCH","Likely sample container; parser/hardware validation needed.","90","False","False","True","NO_BINARY_OUTPUT_METADATA_ONLY"
"RAM63.PCM","E:\UAOS_OPEN_LIBRARY_SOURCE\pa3x\rahm pa3x.SET\rahm pa3x.SET\PCM\RAM63.PCM",".pcm","2159944","FCFD674C9B5447EA49D29DFBCD0288DD7D86BB87B1ACE7BB0A8BE4984F9F4CBD","PCM_CONTAINER","PARSER_CANDIDATE","V1719_PCM_CONTAINER_RESEARCH","Likely sample container; parser/hardware validation needed.","90","False","False","True","NO_BINARY_OUTPUT_METADATA_ONLY"
"RAM63.PCM","E:\UAOS_OPEN_LIBRARY_SOURCE\pa3x\RoTaNa(1) pa3x.SET\tareq pa3x.SET\PCM\RAM63.PCM",".pcm","2582262","356F2122A59E5E621B994626604ABAD031C267CFA46D87FFE6FC67A00569561E","PCM_CONTAINER","PARSER_CANDIDATE","V1719_PCM_CONTAINER_RESEARCH","Likely sample container; parser/hardware validation needed.","90","False","False","True","NO_BINARY_OUTPUT_METADATA_ONLY"
"RAM63.PCM","E:\UAOS_OPEN_LIBRARY_SOURCE\pa3x\3xxxxx.SET\3xxxxx.SET\PCM\RAM63.PCM",".pcm","3248252","FB2D91714597EF292E2C94A7EFBA4CA7C83A371D517C4218353F0BB35333539F","PCM_CONTAINER","PARSER_CANDIDATE","V1719_PCM_CONTAINER_RESEARCH","Likely sample container; parser/hardware validation needed.","90","False","False","True","NO_BINARY_OUTPUT_METADATA_ONLY"
"RAM63.PCM","E:\UAOS_OPEN_LIBRARY_SOURCE\pa3x\SUPER4X.3X ASLY2018.SET\SUPER4X.3X ASLY2018.SET\PCM\RAM63.PCM",".pcm","2928100","B43EF8AEF0AF7A3A613D64B17AB0D7C1F1AC1BE99BA5F9641895C292C8B4AB1D","PCM_CONTAINER","PARSER_CANDIDATE","V1719_PCM_CONTAINER_RESEARCH","Likely sample container; parser/hardware validation needed.","90","False","False","True","NO_BINARY_OUTPUT_METADATA_ONLY"
"RAM63.PCM","E:\UAOS_OPEN_LIBRARY_SOURCE\pa3x\‏‏RoTaNa(1) pa3x.SET - نسخة\tareq pa3x.SET\PCM\RAM63.PCM",".pcm","2582262","356F2122A59E5E621B994626604ABAD031C267CFA46D87FFE6FC67A00569561E","PCM_CONTAINER","PARSER_CANDIDATE","V1719_PCM_CONTAINER_RESEARCH","Likely sample container; parser/hardware validation needed.","90","False","False","True","NO_BINARY_OUTPUT_METADATA_ONLY"
"RAM63.PCM","E:\UAOS_OPEN_LIBRARY_SOURCE\pa3x\ROTANA. 2022.SET\ROTANA. 2022.SET\PCM\RAM63.PCM",".pcm","6478612","66EAE2BDFF0A19820987FE40458207CB52DA4EA9FE8D8C53483EBAED192448F2","PCM_CONTAINER","PARSER_CANDIDATE","V1719_PCM_CONTAINER_RESEARCH","Likely sample container; parser/hardware validation needed.","90","False","False","True","NO_BINARY_OUTPUT_METADATA_ONLY"
"RAM63.PCM","E:\UAOS_OPEN_LIBRARY_SOURCE\pa3x\omar44.SET\omar44.SET\PCM\RAM63.PCM",".pcm","4195152","0596E9129DD9C62CF63FD1A7DBC16B989364751FF5EBDA126F1C8BF12F3E3753","PCM_CONTAINER","PARSER_CANDIDATE","V1719_PCM_CONTAINER_RESEARCH","Likely sample container; parser/hardware validation needed.","90","False","False","True","NO_BINARY_OUTPUT_METADATA_ONLY"
"RAM63.PCM","E:\UAOS_OPEN_LIBRARY_SOURCE\pa3x\2020 pa1000 pa4x.SET\2020 pa1000 pa4x.SET\PCM\RAM63.PCM",".pcm","2894734","5CF4CE067F65DF06E817B0BA42808F548AC0EA2E1DDC7463974AF016E73BEA0D","PCM_CONTAINER","PARSER_CANDIDATE","V1719_PCM_CONTAINER_RESEARCH","Likely sample container; parser/hardware validation needed.","90","False","False","True","NO_BINARY_OUTPUT_METADATA_ONLY"
"RAM63.PCM","E:\UAOS_OPEN_LIBRARY_SOURCE\pa3x\ABOUD NEXT-MG.SET\ABOUD NEXT-MG.SET\PCM\RAM63.PCM",".pcm","3946998","3514866AAD4F85FD460364AB3EB5BA157D18855E950C60D1BE2CC0601EB452F2","PCM_CONTAINER","PARSER_CANDIDATE","V1719_PCM_CONTAINER_RESEARCH","Likely sample container; parser/hardware validation needed.","90","False","False","True","NO_BINARY_OUTPUT_METADATA_ONLY"
"RAM63.PCM","E:\UAOS_OPEN_LIBRARY_SOURCE\pa3x\LIVE CHARKI 3 2.SET\LIVE CHARKI 3 2.SET\PCM\RAM63.PCM",".pcm","1277809","5D97BB425962DC31F9969C35BED1FCBB55DDF57CF812D2A346234800A4F9637A","PCM_CONTAINER","PARSER_CANDIDATE","V1719_PCM_CONTAINER_RESEARCH","Likely sample container; parser/hardware validation needed.","90","False","False","True","NO_BINARY_OUTPUT_METADATA_ONLY"
"RAM64.PCM","E:\UAOS_OPEN_LIBRARY_SOURCE\pa3x\rahm pa3x.SET\rahm pa3x.SET\PCM\RAM64.PCM",".pcm","2105212","193B6B571AF2EBF84845A6C31CB179B6EE027E572D84E8DCCB45928A0B39FA3A","PCM_CONTAINER","PARSER_CANDIDATE","V1719_PCM_CONTAINER_RESEARCH","Likely sample container; parser/hardware validation needed.","90","False","False","True","NO_BINARY_OUTPUT_METADATA_ONLY"
"RAM64.PCM","E:\UAOS_OPEN_LIBRARY_SOURCE\pa3x\LIVE CHARKI 3 2.SET\LIVE CHARKI 3 2.SET\PCM\RAM64.PCM",".pcm","1400511","43417B390B3B53FFE2D35D469593336E553277BE078171A8C472F14872FC2EA0","PCM_CONTAINER","PARSER_CANDIDATE","V1719_PCM_CONTAINER_RESEARCH","Likely sample container; parser/hardware validation needed.","90","False","False","True","NO_BINARY_OUTPUT_METADATA_ONLY"
"RAM64.PCM","E:\UAOS_OPEN_LIBRARY_SOURCE\pa3x\omar44.SET\omar44.SET\PCM\RAM64.PCM",".pcm","4736137","633B6A63B60CA2938C1493245D935741E2BFE52B26E4D907B04B8052A4CCB38D","PCM_CONTAINER","PARSER_CANDIDATE","V1719_PCM_CONTAINER_RESEARCH","Likely sample container; parser/hardware validation needed.","90","False","False","True","NO_BINARY_OUTPUT_METADATA_ONLY"
"RAM64.PCM","E:\UAOS_OPEN_LIBRARY_SOURCE\pa3x\2020 pa1000 pa4x.SET\2020 pa1000 pa4x.SET\PCM\RAM64.PCM",".pcm","3123447","73321C79DCD1DBE9C4BDF7F6070065537D919A91D64152BCA7704051472F0242","PCM_CONTAINER","PARSER_CANDIDATE","V1719_PCM_CONTAINER_RESEARCH","Likely sample container; parser/hardware validation needed.","90","False","False","True","NO_BINARY_OUTPUT_METADATA_ONLY"
"RAM64.PCM","E:\UAOS_OPEN_LIBRARY_SOURCE\pa3x\a1111.SET\a1111.SET\PCM\RAM64.PCM",".pcm","6022311","B2B4E48868825C545E096DD9A9A331DB980B47FE97E9F6C06C3A63ED516978D2","PCM_CONTAINER","PARSER_CANDIDATE","V1719_PCM_CONTAINER_RESEARCH","Likely sample container; parser/hardware validation needed.","90","False","False","True","NO_BINARY_OUTPUT_METADATA_ONLY"
"RAM64.PCM","E:\UAOS_OPEN_LIBRARY_SOURCE\pa3x\3xxxxx.SET\3xxxxx.SET\PCM\RAM64.PCM",".pcm","2538332","36E9C54192CAA12A0CD34C78444E86574A3C4AB029E7013DCC9EE8084CB11DF3","PCM_CONTAINER","PARSER_CANDIDATE","V1719_PCM_CONTAINER_RESEARCH","Likely sample container; parser/hardware validation needed.","90","False","False","True","NO_BINARY_OUTPUT_METADATA_ONLY"
"RAM64.PCM","E:\UAOS_OPEN_LIBRARY_SOURCE\pa3x\SUPER4X.3X ASLY2018.SET\SUPER4X.3X ASLY2018.SET\PCM\RAM64.PCM",".pcm","2717748","F593064D3B98709ECFD64E39149678FCBB63BD18EA16D67663AA68643B2A723C","PCM_CONTAINER","PARSER_CANDIDATE","V1719_PCM_CONTAINER_RESEARCH","Likely sample container; parser/hardware validation needed.","90","False","False","True","NO_BINARY_OUTPUT_METADATA_ONLY"
"RAM64.PCM","E:\UAOS_OPEN_LIBRARY_SOURCE\pa3x\RoTaNa(1) pa3x.SET\tareq pa3x.SET\PCM\RAM64.PCM",".pcm","2587783","DF9343C4C146B8574953A81FE4BDD25E4A59380770EC7BEC3EB5CA16F4B66233","PCM_CONTAINER","PARSER_CANDIDATE","V1719_PCM_CONTAINER_RESEARCH","Likely sample container; parser/hardware validation needed.","90","False","False","True","NO_BINARY_OUTPUT_METADATA_ONLY"
"RAM64.PCM","E:\UAOS_OPEN_LIBRARY_SOURCE\pa3x\ROTANA. 2022.SET\ROTANA. 2022.SET\PCM\RAM64.PCM",".pcm","6232684","C6EA4E8C3F664B958332EED4B1AC5F724A19F8449493C36282104C0F678259BC","PCM_CONTAINER","PARSER_CANDIDATE","V1719_PCM_CONTAINER_RESEARCH","Likely sample container; parser/hardware validation needed.","90","False","False","True","NO_BINARY_OUTPUT_METADATA_ONLY"
"RAM64.PCM","E:\UAOS_OPEN_LIBRARY_SOURCE\pa3x\‏‏RoTaNa(1) pa3x.SET - نسخة\tareq pa3x.SET\PCM\RAM64.PCM",".pcm","2587783","DF9343C4C146B8574953A81FE4BDD25E4A59380770EC7BEC3EB5CA16F4B66233","PCM_CONTAINER","PARSER_CANDIDATE","V1719_PCM_CONTAINER_RESEARCH","Likely sample container; parser/hardware validation needed.","90","False","False","True","NO_BINARY_OUTPUT_METADATA_ONLY"
"RAM64.PCM","E:\UAOS_OPEN_LIBRARY_SOURCE\pa3x\ABOUD NEXT-MG.SET\ABOUD NEXT-MG.SET\PCM\RAM64.PCM",".pcm","3986717","E88BE0E8E63688472B8A4191CB66AA7AB7978CC6CB840EC4BCC1934B10B0D245","PCM_CONTAINER","PARSER_CANDIDATE","V1719_PCM_CONTAINER_RESEARCH","Likely sample container; parser/hardware validation needed.","90","False","False","True","NO_BINARY_OUTPUT_METADATA_ONLY"
"RAM65.PCM","E:\UAOS_OPEN_LIBRARY_SOURCE\pa3x\omar44.SET\omar44.SET\PCM\RAM65.PCM",".pcm","4737430","405D10CC65F638B9FA63861F80BCD061CB57E19997E041C293A69F26BC80C5F5","PCM_CONTAINER","PARSER_CANDIDATE","V1719_PCM_CONTAINER_RESEARCH","Likely sample container; parser/hardware validation needed.","90","False","False","True","NO_BINARY_OUTPUT_METADATA_ONLY"
"RAM65.PCM","E:\UAOS_OPEN_LIBRARY_SOURCE\pa3x\‏‏RoTaNa(1) pa3x.SET - نسخة\tareq pa3x.SET\PCM\RAM65.PCM",".pcm","2614555","E78DD4CCCD87114F9C1723524A18FD3FFFAA903D019573F4C76AB59E2433AD14","PCM_CONTAINER","PARSER_CANDIDATE","V1719_PCM_CONTAINER_RESEARCH","Likely sample container; parser/hardware validation needed.","90","False","False","True","NO_BINARY_OUTPUT_METADATA_ONLY"
"RAM65.PCM","E:\UAOS_OPEN_LIBRARY_SOURCE\pa3x\ABOUD NEXT-MG.SET\ABOUD NEXT-MG.SET\PCM\RAM65.PCM",".pcm","5602506","4BE610314131909A60FE602494E7F967C7F1EFC5A3461752C4BEE76E5BC709B5","PCM_CONTAINER","PARSER_CANDIDATE","V1719_PCM_CONTAINER_RESEARCH","Likely sample container; parser/hardware validation needed.","90","False","False","True","NO_BINARY_OUTPUT_METADATA_ONLY"
"RAM65.PCM","E:\UAOS_OPEN_LIBRARY_SOURCE\pa3x\ROTANA. 2022.SET\ROTANA. 2022.SET\PCM\RAM65.PCM",".pcm","5273012","D9DB4192214D2EDBF1B2C1A6F7704A9C74DE31F8A671F68BC741B7F200F2E38E","PCM_CONTAINER","PARSER_CANDIDATE","V1719_PCM_CONTAINER_RESEARCH","Likely sample container; parser/hardware validation needed.","90","False","False","True","NO_BINARY_OUTPUT_METADATA_ONLY"
"RAM65.PCM","E:\UAOS_OPEN_LIBRARY_SOURCE\pa3x\RoTaNa(1) pa3x.SET\tareq pa3x.SET\PCM\RAM65.PCM",".pcm","2614555","E78DD4CCCD87114F9C1723524A18FD3FFFAA903D019573F4C76AB59E2433AD14","PCM_CONTAINER","PARSER_CANDIDATE","V1719_PCM_CONTAINER_RESEARCH","Likely sample container; parser/hardware validation needed.","90","False","False","True","NO_BINARY_OUTPUT_METADATA_ONLY"
"RAM65.PCM","E:\UAOS_OPEN_LIBRARY_SOURCE\pa3x\3xxxxx.SET\3xxxxx.SET\PCM\RAM65.PCM",".pcm","2697680","33F02DDB5B2671A2D72BBC2224D5376ABB9E0070D863B6F04E5D802DB785FE38","PCM_CONTAINER","PARSER_CANDIDATE","V1719_PCM_CONTAINER_RESEARCH","Likely sample container; parser/hardware validation needed.","90","False","False","True","NO_BINARY_OUTPUT_METADATA_ONLY"
"RAM65.PCM","E:\UAOS_OPEN_LIBRARY_SOURCE\pa3x\LIVE CHARKI 3 2.SET\LIVE CHARKI 3 2.SET\PCM\RAM65.PCM",".pcm","1022941","468E3A7B58CC366DEDDEFB011F91E20953882670B566BB4716D09744CBF20CDF","PCM_CONTAINER","PARSER_CANDIDATE","V1719_PCM_CONTAINER_RESEARCH","Likely sample container; parser/hardware validation needed.","90","False","False","True","NO_BINARY_OUTPUT_METADATA_ONLY"
"RAM65.PCM","E:\UAOS_OPEN_LIBRARY_SOURCE\pa3x\a1111.SET\a1111.SET\PCM\RAM65.PCM",".pcm","5581068","E8793113100D0A50FDA16EED1D68F208C2586BAD0746EFE6EA5BA0BB0C6D2A97","PCM_CONTAINER","PARSER_CANDIDATE","V1719_PCM_CONTAINER_RESEARCH","Likely sample container; parser/hardware validation needed.","90","False","False","True","NO_BINARY_OUTPUT_METADATA_ONLY"
"RAM65.PCM","E:\UAOS_OPEN_LIBRARY_SOURCE\pa3x\SUPER4X.3X ASLY2018.SET\SUPER4X.3X ASLY2018.SET\PCM\RAM65.PCM",".pcm","2701640","53276CBBB4F6E36A0E86A9A94910B7D21A7753320D185B32C642C12A824C35D9","PCM_CONTAINER","PARSER_CANDIDATE","V1719_PCM_CONTAINER_RESEARCH","Likely sample container; parser/hardware validation needed.","90","False","False","True","NO_BINARY_OUTPUT_METADATA_ONLY"
"RAM65.PCM","E:\UAOS_OPEN_LIBRARY_SOURCE\pa3x\2020 pa1000 pa4x.SET\2020 pa1000 pa4x.SET\PCM\RAM65.PCM",".pcm","2894634","8A62269C9CAA8801C5BF00BEFD2C735D98BC7E4A674F69AF41A1A0C084E78276","PCM_CONTAINER","PARSER_CANDIDATE","V1719_PCM_CONTAINER_RESEARCH","Likely sample container; parser/hardware validation needed.","90","False","False","True","NO_BINARY_OUTPUT_METADATA_ONLY"
"RAM65.PCM","E:\UAOS_OPEN_LIBRARY_SOURCE\pa3x\rahm pa3x.SET\rahm pa3x.SET\PCM\RAM65.PCM",".pcm","2104508","64A20A1E764D6E3B3D28A21A1D1248B03D1307A585ADA3FAB1BAD5AC10A630E6","PCM_CONTAINER","PARSER_CANDIDATE","V1719_PCM_CONTAINER_RESEARCH","Likely sample container; parser/hardware validation needed.","90","False","False","True","NO_BINARY_OUTPUT_METADATA_ONLY"
"RAM66.PCM","E:\UAOS_OPEN_LIBRARY_SOURCE\pa3x\a1111.SET\a1111.SET\PCM\RAM66.PCM",".pcm","6069274","1054251D50B8C7CFE46877B2D511366232D603DE1CF2F8C3E8D7F3706F7B3573","PCM_CONTAINER","PARSER_CANDIDATE","V1719_PCM_CONTAINER_RESEARCH","Likely sample container; parser/hardware validation needed.","90","False","False","True","NO_BINARY_OUTPUT_METADATA_ONLY"
"RAM66.PCM","E:\UAOS_OPEN_LIBRARY_SOURCE\pa3x\3xxxxx.SET\3xxxxx.SET\PCM\RAM66.PCM",".pcm","2549660","DFD498C9110D5FD72C2F24A0096513361C0DAD54B44E1A1EE32DADEB695BCF26","PCM_CONTAINER","PARSER_CANDIDATE","V1719_PCM_CONTAINER_RESEARCH","Likely sample container; parser/hardware validation needed.","90","False","False","True","NO_BINARY_OUTPUT_METADATA_ONLY"
"RAM66.PCM","E:\UAOS_OPEN_LIBRARY_SOURCE\pa3x\SUPER4X.3X ASLY2018.SET\SUPER4X.3X ASLY2018.SET\PCM\RAM66.PCM",".pcm","2691823","74DF2FC9AC15A0EC4F1E6B9D895C35D052C4F3D5EB6A12BC57F6B1C353E8D764","PCM_CONTAINER","PARSER_CANDIDATE","V1719_PCM_CONTAINER_RESEARCH","Likely sample container; parser/hardware validation needed.","90","False","False","True","NO_BINARY_OUTPUT_METADATA_ONLY"
"RAM66.PCM","E:\UAOS_OPEN_LIBRARY_SOURCE\pa3x\ROTANA. 2022.SET\ROTANA. 2022.SET\PCM\RAM66.PCM",".pcm","4917364","F653A1D1CE40326C75403BE2B4C1042E63A03337FFD0831600051F52419BA876","PCM_CONTAINER","PARSER_CANDIDATE","V1719_PCM_CONTAINER_RESEARCH","Likely sample container; parser/hardware validation needed.","90","False","False","True","NO_BINARY_OUTPUT_METADATA_ONLY"
"RAM66.PCM","E:\UAOS_OPEN_LIBRARY_SOURCE\pa3x\‏‏RoTaNa(1) pa3x.SET - نسخة\tareq pa3x.SET\PCM\RAM66.PCM",".pcm","2584842","D98D19B3A105D9AEDF97B9603A6741E4BA07A6768C54690F0C0F5A1964493426","PCM_CONTAINER","PARSER_CANDIDATE","V1719_PCM_CONTAINER_RESEARCH","Likely sample container; parser/hardware validation needed.","90","False","False","True","NO_BINARY_OUTPUT_METADATA_ONLY"
"RAM66.PCM","E:\UAOS_OPEN_LIBRARY_SOURCE\pa3x\ABOUD NEXT-MG.SET\ABOUD NEXT-MG.SET\PCM\RAM66.PCM",".pcm","4577818","E13C4160FCD6830833B7A2B0AB13E411490487780240BDA6C6BB069215821355","PCM_CONTAINER","PARSER_CANDIDATE","V1719_PCM_CONTAINER_RESEARCH","Likely sample container; parser/hardware validation needed.","90","False","False","True","NO_BINARY_OUTPUT_METADATA_ONLY"
"RAM66.PCM","E:\UAOS_OPEN_LIBRARY_SOURCE\pa3x\RoTaNa(1) pa3x.SET\tareq pa3x.SET\PCM\RAM66.PCM",".pcm","2584842","D98D19B3A105D9AEDF97B9603A6741E4BA07A6768C54690F0C0F5A1964493426","PCM_CONTAINER","PARSER_CANDIDATE","V1719_PCM_CONTAINER_RESEARCH","Likely sample container; parser/hardware validation needed.","90","False","False","True","NO_BINARY_OUTPUT_METADATA_ONLY"
"RAM66.PCM","E:\UAOS_OPEN_LIBRARY_SOURCE\pa3x\LIVE CHARKI 3 2.SET\LIVE CHARKI 3 2.SET\PCM\RAM66.PCM",".pcm","1351098","60E765F33668E93582F24DE72A5D3D145947F4AA321F9286B1E946A3D3A65903","PCM_CONTAINER","PARSER_CANDIDATE","V1719_PCM_CONTAINER_RESEARCH","Likely sample container; parser/hardware validation needed.","90","False","False","True","NO_BINARY_OUTPUT_METADATA_ONLY"
"RAM66.PCM","E:\UAOS_OPEN_LIBRARY_SOURCE\pa3x\rahm pa3x.SET\rahm pa3x.SET\PCM\RAM66.PCM",".pcm","2234762","66FF18C8AA3A2BBDA8C95CED2E56A68036197FA8EAC1F4E05312630181C5326B","PCM_CONTAINER","PARSER_CANDIDATE","V1719_PCM_CONTAINER_RESEARCH","Likely sample container; parser/hardware validation needed.","90","False","False","True","NO_BINARY_OUTPUT_METADATA_ONLY"
"RAM66.PCM","E:\UAOS_OPEN_LIBRARY_SOURCE\pa3x\omar44.SET\omar44.SET\PCM\RAM66.PCM",".pcm","4344064","846DF3B9F4CCBDBFF411FBD416100201FBA7C1418F530C47E1A2210EBDFED4EB","PCM_CONTAINER","PARSER_CANDIDATE","V1719_PCM_CONTAINER_RESEARCH","Likely sample container; parser/hardware validation needed.","90","False","False","True","NO_BINARY_OUTPUT_METADATA_ONLY"
"RAM66.PCM","E:\UAOS_OPEN_LIBRARY_SOURCE\pa3x\2020 pa1000 pa4x.SET\2020 pa1000 pa4x.SET\PCM\RAM66.PCM",".pcm","3140580","A034996A768170B96F12AE68CA337ADBA3C9E7B40277C4CAF74E25EE88C83F65","PCM_CONTAINER","PARSER_CANDIDATE","V1719_PCM_CONTAINER_RESEARCH","Likely sample container; parser/hardware validation needed.","90","False","False","True","NO_BINARY_OUTPUT_METADATA_ONLY"
"RAM67.PCM","E:\UAOS_OPEN_LIBRARY_SOURCE\pa3x\‏‏RoTaNa(1) pa3x.SET - نسخة\tareq pa3x.SET\PCM\RAM67.PCM",".pcm","2603681","8641F9DAC0BBE4B9B5C04A7731D2161586240F11ADF6F5DAA43A8D31E53B3B32","PCM_CONTAINER","PARSER_CANDIDATE","V1719_PCM_CONTAINER_RESEARCH","Likely sample container; parser/hardware validation needed.","90","False","False","True","NO_BINARY_OUTPUT_METADATA_ONLY"
"RAM67.PCM","E:\UAOS_OPEN_LIBRARY_SOURCE\pa3x\a1111.SET\a1111.SET\PCM\RAM67.PCM",".pcm","7015501","A7581DDAE87A0C181DF8C62D7EF3836820D6F6CFEE0F6C7297B63C49677372C6","PCM_CONTAINER","PARSER_CANDIDATE","V1719_PCM_CONTAINER_RESEARCH","Likely sample container; parser/hardware validation needed.","90","False","False","True","NO_BINARY_OUTPUT_METADATA_ONLY"
"RAM67.PCM","E:\UAOS_OPEN_LIBRARY_SOURCE\pa3x\RoTaNa(1) pa3x.SET\tareq pa3x.SET\PCM\RAM67.PCM",".pcm","2603681","8641F9DAC0BBE4B9B5C04A7731D2161586240F11ADF6F5DAA43A8D31E53B3B32","PCM_CONTAINER","PARSER_CANDIDATE","V1719_PCM_CONTAINER_RESEARCH","Likely sample container; parser/hardware validation needed.","90","False","False","True","NO_BINARY_OUTPUT_METADATA_ONLY"
"RAM67.PCM","E:\UAOS_OPEN_LIBRARY_SOURCE\pa3x\2020 pa1000 pa4x.SET\2020 pa1000 pa4x.SET\PCM\RAM67.PCM",".pcm","2898297","61FBD0CF72B5B78475DEA3DFF76E3D9D73176973718346FD42322A22BCECFED8","PCM_CONTAINER","PARSER_CANDIDATE","V1719_PCM_CONTAINER_RESEARCH","Likely sample container; parser/hardware validation needed.","90","False","False","True","NO_BINARY_OUTPUT_METADATA_ONLY"
"RAM67.PCM","E:\UAOS_OPEN_LIBRARY_SOURCE\pa3x\LIVE CHARKI 3 2.SET\LIVE CHARKI 3 2.SET\PCM\RAM67.PCM",".pcm","1393205","66B7F9053CD152B5D32B4D4969BEB499E51E799B14E0299164D7D76AC3B88467","PCM_CONTAINER","PARSER_CANDIDATE","V1719_PCM_CONTAINER_RESEARCH","Likely sample container; parser/hardware validation needed.","90","False","False","True","NO_BINARY_OUTPUT_METADATA_ONLY"
"RAM67.PCM","E:\UAOS_OPEN_LIBRARY_SOURCE\pa3x\SUPER4X.3X ASLY2018.SET\SUPER4X.3X ASLY2018.SET\PCM\RAM67.PCM",".pcm","2687660","21E1CE157C4101FD260DCE54FD8E3D625A68771E3225C2247E003CFBBAF4A803","PCM_CONTAINER","PARSER_CANDIDATE","V1719_PCM_CONTAINER_RESEARCH","Likely sample container; parser/hardware validation needed.","90","False","False","True","NO_BINARY_OUTPUT_METADATA_ONLY"
"RAM67.PCM","E:\UAOS_OPEN_LIBRARY_SOURCE\pa3x\3xxxxx.SET\3xxxxx.SET\PCM\RAM67.PCM",".pcm","2693913","A5499BC765736E16FCF19038CFD9892FBE7B95627B314B3A2B9F66F1155A2303","PCM_CONTAINER","PARSER_CANDIDATE","V1719_PCM_CONTAINER_RESEARCH","Likely sample container; parser/hardware validation needed.","90","False","False","True","NO_BINARY_OUTPUT_METADATA_ONLY"
"RAM67.PCM","E:\UAOS_OPEN_LIBRARY_SOURCE\pa3x\ROTANA. 2022.SET\ROTANA. 2022.SET\PCM\RAM67.PCM",".pcm","5677087","ED4DDEE8EECF76C4DBD0020354481C7427B9CB17B092808687FC1519445DD0F0","PCM_CONTAINER","PARSER_CANDIDATE","V1719_PCM_CONTAINER_RESEARCH","Likely sample container; parser/hardware validation needed.","90","False","False","True","NO_BINARY_OUTPUT_METADATA_ONLY"
"RAM67.PCM","E:\UAOS_OPEN_LIBRARY_SOURCE\pa3x\ABOUD NEXT-MG.SET\ABOUD NEXT-MG.SET\PCM\RAM67.PCM",".pcm","6683345","8A9230DBF6D8B130467D94772336D01559B4BAF4D6A4E0B7A0518BFE98B08F10","PCM_CONTAINER","PARSER_CANDIDATE","V1719_PCM_CONTAINER_RESEARCH","Likely sample container; parser/hardware validation needed.","90","False","False","True","NO_BINARY_OUTPUT_METADATA_ONLY"
"RAM67.PCM","E:\UAOS_OPEN_LIBRARY_SOURCE\pa3x\rahm pa3x.SET\rahm pa3x.SET\PCM\RAM67.PCM",".pcm","2142780","169DF1A6648CBC953DCC08D84E728C68A6C8C80A3726A11105345AB97CAB4A32","PCM_CONTAINER","PARSER_CANDIDATE","V1719_PCM_CONTAINER_RESEARCH","Likely sample container; parser/hardware validation needed.","90","False","False","True","NO_BINARY_OUTPUT_METADATA_ONLY"
"RAM67.PCM","E:\UAOS_OPEN_LIBRARY_SOURCE\pa3x\omar44.SET\omar44.SET\PCM\RAM67.PCM",".pcm","4350503","EB196000A004218E44702A675E4FDF049C751431BEF86BC61F05B04905204A4F","PCM_CONTAINER","PARSER_CANDIDATE","V1719_PCM_CONTAINER_RESEARCH","Likely sample container; parser/hardware validation needed.","90","False","False","True","NO_BINARY_OUTPUT_METADATA_ONLY"
"RAM68.PCM","E:\UAOS_OPEN_LIBRARY_SOURCE\pa3x\LIVE CHARKI 3 2.SET\LIVE CHARKI 3 2.SET\PCM\RAM68.PCM",".pcm","1123903","71AA18D5BCD57B38DC998057E601157CE0EF6D33054AD785E89EC993F9A82E58","PCM_CONTAINER","PARSER_CANDIDATE","V1719_PCM_CONTAINER_RESEARCH","Likely sample container; parser/hardware validation needed.","90","False","False","True","NO_BINARY_OUTPUT_METADATA_ONLY"
"RAM68.PCM","E:\UAOS_OPEN_LIBRARY_SOURCE\pa3x\2020 pa1000 pa4x.SET\2020 pa1000 pa4x.SET\PCM\RAM68.PCM",".pcm","2929268","9CD63BCD5C31BB2F254975B0913FFE5AD959BA7031A7FAB9C763D4F36C146DB3","PCM_CONTAINER","PARSER_CANDIDATE","V1719_PCM_CONTAINER_RESEARCH","Likely sample container; parser/hardware validation needed.","90","False","False","True","NO_BINARY_OUTPUT_METADATA_ONLY"
"RAM68.PCM","E:\UAOS_OPEN_LIBRARY_SOURCE\pa3x\rahm pa3x.SET\rahm pa3x.SET\PCM\RAM68.PCM",".pcm","2664604","BC55EA7CBADAA0B1F962883415E730D3B0BD25A689D991B12D88C648B1D5962B","PCM_CONTAINER","PARSER_CANDIDATE","V1719_PCM_CONTAINER_RESEARCH","Likely sample container; parser/hardware validation needed.","90","False","False","True","NO_BINARY_OUTPUT_METADATA_ONLY"
"RAM68.PCM","E:\UAOS_OPEN_LIBRARY_SOURCE\pa3x\omar44.SET\omar44.SET\PCM\RAM68.PCM",".pcm","4265735","6C54DCAB95E30C8FA5BB93A2435EBA766B3E04757B91BAD042465B26A61EB913","PCM_CONTAINER","PARSER_CANDIDATE","V1719_PCM_CONTAINER_RESEARCH","Likely sample container; parser/hardware validation needed.","90","False","False","True","NO_BINARY_OUTPUT_METADATA_ONLY"
"RAM68.PCM","E:\UAOS_OPEN_LIBRARY_SOURCE\pa3x\SUPER4X.3X ASLY2018.SET\SUPER4X.3X ASLY2018.SET\PCM\RAM68.PCM",".pcm","2712994","21CC633C26C42D7B3F4B900519DE4F49E8402EA76F3BAF60FBDC08652C05384B","PCM_CONTAINER","PARSER_CANDIDATE","V1719_PCM_CONTAINER_RESEARCH","Likely sample container; parser/hardware validation needed.","90","False","False","True","NO_BINARY_OUTPUT_METADATA_ONLY"
"RAM68.PCM","E:\UAOS_OPEN_LIBRARY_SOURCE\pa3x\3xxxxx.SET\3xxxxx.SET\PCM\RAM68.PCM",".pcm","2561503","02FA75250CA5CA73D2E5AA948605DCA1D54F9E7CD15CD9A6CB575EC5E8D4C6D1","PCM_CONTAINER","PARSER_CANDIDATE","V1719_PCM_CONTAINER_RESEARCH","Likely sample container; parser/hardware validation needed.","90","False","False","True","NO_BINARY_OUTPUT_METADATA_ONLY"
"RAM68.PCM","E:\UAOS_OPEN_LIBRARY_SOURCE\pa3x\ROTANA. 2022.SET\ROTANA. 2022.SET\PCM\RAM68.PCM",".pcm","5393014","9BA985B6054A48F3045FD6D2CB45A0E97ADDA57BB0AC01968E6540036A2601C6","PCM_CONTAINER","PARSER_CANDIDATE","V1719_PCM_CONTAINER_RESEARCH","Likely sample container; parser/hardware validation needed.","90","False","False","True","NO_BINARY_OUTPUT_METADATA_ONLY"
"RAM68.PCM","E:\UAOS_OPEN_LIBRARY_SOURCE\pa3x\ABOUD NEXT-MG.SET\ABOUD NEXT-MG.SET\PCM\RAM68.PCM",".pcm","4172060","8C8F712F7DF77BC35FB8F139BE0B7194405E1A7512EDF96A5E5E4D3831AE9E5D","PCM_CONTAINER","PARSER_CANDIDATE","V1719_PCM_CONTAINER_RESEARCH","Likely sample container; parser/hardware validation needed.","90","False","False","True","NO_BINARY_OUTPUT_METADATA_ONLY"
"RAM68.PCM","E:\UAOS_OPEN_LIBRARY_SOURCE\pa3x\‏‏RoTaNa(1) pa3x.SET - نسخة\tareq pa3x.SET\PCM\RAM68.PCM",".pcm","2595614","53D2ED05A21D6F5D8BC6F2F69D31BDED1718022B466945E46379B3F5058EBDC5","PCM_CONTAINER","PARSER_CANDIDATE","V1719_PCM_CONTAINER_RESEARCH","Likely sample container; parser/hardware validation needed.","90","False","False","True","NO_BINARY_OUTPUT_METADATA_ONLY"
"RAM68.PCM","E:\UAOS_OPEN_LIBRARY_SOURCE\pa3x\RoTaNa(1) pa3x.SET\tareq pa3x.SET\PCM\RAM68.PCM",".pcm","2595614","53D2ED05A21D6F5D8BC6F2F69D31BDED1718022B466945E46379B3F5058EBDC5","PCM_CONTAINER","PARSER_CANDIDATE","V1719_PCM_CONTAINER_RESEARCH","Likely sample container; parser/hardware validation needed.","90","False","False","True","NO_BINARY_OUTPUT_METADATA_ONLY"
"RAM68.PCM","E:\UAOS_OPEN_LIBRARY_SOURCE\pa3x\a1111.SET\a1111.SET\PCM\RAM68.PCM",".pcm","6629968","EF06B26937C416AE9BA6459854DBED2EE19F94E39A6605146C14562B0EB02F71","PCM_CONTAINER","PARSER_CANDIDATE","V1719_PCM_CONTAINER_RESEARCH","Likely sample container; parser/hardware validation needed.","90","False","False","True","NO_BINARY_OUTPUT_METADATA_ONLY"
"RAM69.PCM","E:\UAOS_OPEN_LIBRARY_SOURCE\pa3x\ABOUD NEXT-MG.SET\ABOUD NEXT-MG.SET\PCM\RAM69.PCM",".pcm","5139073","229076E6D0238804C8FEC23A52913C600E46C41D653D55807FB66902DC7C0F70","PCM_CONTAINER","PARSER_CANDIDATE","V1719_PCM_CONTAINER_RESEARCH","Likely sample container; parser/hardware validation needed.","90","False","False","True","NO_BINARY_OUTPUT_METADATA_ONLY"
"RAM69.PCM","E:\UAOS_OPEN_LIBRARY_SOURCE\pa3x\LIVE CHARKI 3 2.SET\LIVE CHARKI 3 2.SET\PCM\RAM69.PCM",".pcm","1378721","1F046748413DF05D963FA22A052D6A174D2864A2628DE51164B0FB1B16F031B5","PCM_CONTAINER","PARSER_CANDIDATE","V1719_PCM_CONTAINER_RESEARCH","Likely sample container; parser/hardware validation needed.","90","False","False","True","NO_BINARY_OUTPUT_METADATA_ONLY"
"RAM69.PCM","E:\UAOS_OPEN_LIBRARY_SOURCE\pa3x\omar44.SET\omar44.SET\PCM\RAM69.PCM",".pcm","4258321","F0370ECC40AE6E66EDBEED29B6FEF9A0D306C8580792CA8D4C8973C61139CB0C","PCM_CONTAINER","PARSER_CANDIDATE","V1719_PCM_CONTAINER_RESEARCH","Likely sample container; parser/hardware validation needed.","90","False","False","True","NO_BINARY_OUTPUT_METADATA_ONLY"
"RAM69.PCM","E:\UAOS_OPEN_LIBRARY_SOURCE\pa3x\‏‏RoTaNa(1) pa3x.SET - نسخة\tareq pa3x.SET\PCM\RAM69.PCM",".pcm","2574791","CD7BEDCE946C32DB54B78225FE846A92B6C20357BB04036CDE9A8A90DE4C47A4","PCM_CONTAINER","PARSER_CANDIDATE","V1719_PCM_CONTAINER_RESEARCH","Likely sample container; parser/hardware validation needed.","90","False","False","True","NO_BINARY_OUTPUT_METADATA_ONLY"
"RAM69.PCM","E:\UAOS_OPEN_LIBRARY_SOURCE\pa3x\3xxxxx.SET\3xxxxx.SET\PCM\RAM69.PCM",".pcm","2698505","6AE22A5A5E03CD8D7568915FC4A40824FC7FCF6A22425CD3DFF7CA2423C7BAA4","PCM_CONTAINER","PARSER_CANDIDATE","V1719_PCM_CONTAINER_RESEARCH","Likely sample container; parser/hardware validation needed.","90","False","False","True","NO_BINARY_OUTPUT_METADATA_ONLY"
"RAM69.PCM","E:\UAOS_OPEN_LIBRARY_SOURCE\pa3x\ROTANA. 2022.SET\ROTANA. 2022.SET\PCM\RAM69.PCM",".pcm","6342910","39930B386E801238A3B665CE03FF889E3C6407E7308D278312A314CF24DBED86","PCM_CONTAINER","PARSER_CANDIDATE","V1719_PCM_CONTAINER_RESEARCH","Likely sample container; parser/hardware validation needed.","90","False","False","True","NO_BINARY_OUTPUT_METADATA_ONLY"
"RAM69.PCM","E:\UAOS_OPEN_LIBRARY_SOURCE\pa3x\SUPER4X.3X ASLY2018.SET\SUPER4X.3X ASLY2018.SET\PCM\RAM69.PCM",".pcm","2680249","6BEF4B8BB79670EC467574688D92A833F6ACCC9EC6679EA589CE5B14FC4064C0","PCM_CONTAINER","PARSER_CANDIDATE","V1719_PCM_CONTAINER_RESEARCH","Likely sample container; parser/hardware validation needed.","90","False","False","True","NO_BINARY_OUTPUT_METADATA_ONLY"
"RAM69.PCM","E:\UAOS_OPEN_LIBRARY_SOURCE\pa3x\2020 pa1000 pa4x.SET\2020 pa1000 pa4x.SET\PCM\RAM69.PCM",".pcm","2915102","8EA23390220C6CDB2A493CBEB4131A5FC496EC1748625620C9569BCBC2F3CDCD","PCM_CONTAINER","PARSER_CANDIDATE","V1719_PCM_CONTAINER_RESEARCH","Likely sample container; parser/hardware validation needed.","90","False","False","True","NO_BINARY_OUTPUT_METADATA_ONLY"
"RAM69.PCM","E:\UAOS_OPEN_LIBRARY_SOURCE\pa3x\RoTaNa(1) pa3x.SET\tareq pa3x.SET\PCM\RAM69.PCM",".pcm","2574791","CD7BEDCE946C32DB54B78225FE846A92B6C20357BB04036CDE9A8A90DE4C47A4","PCM_CONTAINER","PARSER_CANDIDATE","V1719_PCM_CONTAINER_RESEARCH","Likely sample container; parser/hardware validation needed.","90","False","False","True","NO_BINARY_OUTPUT_METADATA_ONLY"
"RAM69.PCM","E:\UAOS_OPEN_LIBRARY_SOURCE\pa3x\rahm pa3x.SET\rahm pa3x.SET\PCM\RAM69.PCM",".pcm","2109053","952F66ED3BC5C70E83B1D5F35541ECDDC2E63F3BD3E35107ED1CAE45629A7BD7","PCM_CONTAINER","PARSER_CANDIDATE","V1719_PCM_CONTAINER_RESEARCH","Likely sample container; parser/hardware validation needed.","90","False","False","True","NO_BINARY_OUTPUT_METADATA_ONLY"
"RAM69.PCM","E:\UAOS_OPEN_LIBRARY_SOURCE\pa3x\a1111.SET\a1111.SET\PCM\RAM69.PCM",".pcm","6729254","A3FDF54B6255900877ED23DE50209DFB703187F381515A98FC93325A71A9B624","PCM_CONTAINER","PARSER_CANDIDATE","V1719_PCM_CONTAINER_RESEARCH","Likely sample container; parser/hardware validation needed.","90","False","False","True","NO_BINARY_OUTPUT_METADATA_ONLY"
"RAM70.PCM","E:\UAOS_OPEN_LIBRARY_SOURCE\pa3x\SUPER4X.3X ASLY2018.SET\SUPER4X.3X ASLY2018.SET\PCM\RAM70.PCM",".pcm","2633934","F62350653920F9141B892B14228C381EDFAD36FF9A63570EC91153FEB3FCC4C4","PCM_CONTAINER","PARSER_CANDIDATE","V1719_PCM_CONTAINER_RESEARCH","Likely sample container; parser/hardware validation needed.","90","False","False","True","NO_BINARY_OUTPUT_METADATA_ONLY"
"RAM70.PCM","E:\UAOS_OPEN_LIBRARY_SOURCE\pa3x\‏‏RoTaNa(1) pa3x.SET - نسخة\tareq pa3x.SET\PCM\RAM70.PCM",".pcm","2572704","6C5CF0655AC27795F3E85800B251217457A1788D6F932AEA7A43CFFE10D37DEC","PCM_CONTAINER","PARSER_CANDIDATE","V1719_PCM_CONTAINER_RESEARCH","Likely sample container; parser/hardware validation needed.","90","False","False","True","NO_BINARY_OUTPUT_METADATA_ONLY"
"RAM70.PCM","E:\UAOS_OPEN_LIBRARY_SOURCE\pa3x\ROTANA. 2022.SET\ROTANA. 2022.SET\PCM\RAM70.PCM",".pcm","5413538","46145E0922618411E94A537B9B0BDCCF8F30C1C4593FCCBC1C97B79994EC9660","PCM_CONTAINER","PARSER_CANDIDATE","V1719_PCM_CONTAINER_RESEARCH","Likely sample container; parser/hardware validation needed.","90","False","False","True","NO_BINARY_OUTPUT_METADATA_ONLY"
"RAM70.PCM","E:\UAOS_OPEN_LIBRARY_SOURCE\pa3x\3xxxxx.SET\3xxxxx.SET\PCM\RAM70.PCM",".pcm","2700720","91DF7D011BC44B69E198A5771E61005033E7883984765970A6E644582B95F0AC","PCM_CONTAINER","PARSER_CANDIDATE","V1719_PCM_CONTAINER_RESEARCH","Likely sample container; parser/hardware validation needed.","90","False","False","True","NO_BINARY_OUTPUT_METADATA_ONLY"
"RAM70.PCM","E:\UAOS_OPEN_LIBRARY_SOURCE\pa3x\a1111.SET\a1111.SET\PCM\RAM70.PCM",".pcm","6432770","B2A333B873B1A8DCFFF76772F0B17A4E03465BFCD50ECD99DCEBA8A159271934","PCM_CONTAINER","PARSER_CANDIDATE","V1719_PCM_CONTAINER_RESEARCH","Likely sample container; parser/hardware validation needed.","90","False","False","True","NO_BINARY_OUTPUT_METADATA_ONLY"
"RAM70.PCM","E:\UAOS_OPEN_LIBRARY_SOURCE\pa3x\omar44.SET\omar44.SET\PCM\RAM70.PCM",".pcm","4356166","DB19DF7C6F3B14A937212D244D191A457217AFCBF457012B64977E151DF2E147","PCM_CONTAINER","PARSER_CANDIDATE","V1719_PCM_CONTAINER_RESEARCH","Likely sample container; parser/hardware validation needed.","90","False","False","True","NO_BINARY_OUTPUT_METADATA_ONLY"
"RAM70.PCM","E:\UAOS_OPEN_LIBRARY_SOURCE\pa3x\ABOUD NEXT-MG.SET\ABOUD NEXT-MG.SET\PCM\RAM70.PCM",".pcm","4036487","B5CDECF652B94E1024B2523C911C16250FC0AEEA765581C0E2A23B9114C8ACFE","PCM_CONTAINER","PARSER_CANDIDATE","V1719_PCM_CONTAINER_RESEARCH","Likely sample container; parser/hardware validation needed.","90","False","False","True","NO_BINARY_OUTPUT_METADATA_ONLY"
"RAM70.PCM","E:\UAOS_OPEN_LIBRARY_SOURCE\pa3x\LIVE CHARKI 3 2.SET\LIVE CHARKI 3 2.SET\PCM\RAM70.PCM",".pcm","1462396","6740EC6439DDE1541D9CD2AAE727A8CE2BB828F0AEBC0F71983C4129C4A6D598","PCM_CONTAINER","PARSER_CANDIDATE","V1719_PCM_CONTAINER_RESEARCH","Likely sample container; parser/hardware validation needed.","90","False","False","True","NO_BINARY_OUTPUT_METADATA_ONLY"
"RAM70.PCM","E:\UAOS_OPEN_LIBRARY_SOURCE\pa3x\rahm pa3x.SET\rahm pa3x.SET\PCM\RAM70.PCM",".pcm","3010678","17DFDCEFD65432989F5264FA9F2C586BB1C453FD5CB01A8C00B311AB366F45D3","PCM_CONTAINER","PARSER_CANDIDATE","V1719_PCM_CONTAINER_RESEARCH","Likely sample container; parser/hardware validation needed.","90","False","False","True","NO_BINARY_OUTPUT_METADATA_ONLY"
"RAM70.PCM","E:\UAOS_OPEN_LIBRARY_SOURCE\pa3x\2020 pa1000 pa4x.SET\2020 pa1000 pa4x.SET\PCM\RAM70.PCM",".pcm","2925361","74C21B9A6C5BE2AC5CC1C07DD5D909A4B8517B88DCDFF73C4DC27A0BF4E056F6","PCM_CONTAINER","PARSER_CANDIDATE","V1719_PCM_CONTAINER_RESEARCH","Likely sample container; parser/hardware validation needed.","90","False","False","True","NO_BINARY_OUTPUT_METADATA_ONLY"
"RAM70.PCM","E:\UAOS_OPEN_LIBRARY_SOURCE\pa3x\RoTaNa(1) pa3x.SET\tareq pa3x.SET\PCM\RAM70.PCM",".pcm","2572704","6C5CF0655AC27795F3E85800B251217457A1788D6F932AEA7A43CFFE10D37DEC","PCM_CONTAINER","PARSER_CANDIDATE","V1719_PCM_CONTAINER_RESEARCH","Likely sample container; parser/hardware validation needed.","90","False","False","True","NO_BINARY_OUTPUT_METADATA_ONLY"
"RAM71.PCM","E:\UAOS_OPEN_LIBRARY_SOURCE\pa3x\ABOUD NEXT-MG.SET\ABOUD NEXT-MG.SET\PCM\RAM71.PCM",".pcm","5238136","C70C26B01E2ED033B8A55E054A9CDDA25017BCEF56DA9EFFDBCEAE1FDA015004","PCM_CONTAINER","PARSER_CANDIDATE","V1719_PCM_CONTAINER_RESEARCH","Likely sample container; parser/hardware validation needed.","90","False","False","True","NO_BINARY_OUTPUT_METADATA_ONLY"
"RAM71.PCM","E:\UAOS_OPEN_LIBRARY_SOURCE\pa3x\omar44.SET\omar44.SET\PCM\RAM71.PCM",".pcm","6059792","E4F72A12F23BD1FFD25E18DCFCD3B4ECD64947BF817BE429B6D910BB396A4D63","PCM_CONTAINER","PARSER_CANDIDATE","V1719_PCM_CONTAINER_RESEARCH","Likely sample container; parser/hardware validation needed.","90","False","False","True","NO_BINARY_OUTPUT_METADATA_ONLY"
"RAM71.PCM","E:\UAOS_OPEN_LIBRARY_SOURCE\pa3x\2020 pa1000 pa4x.SET\2020 pa1000 pa4x.SET\PCM\RAM71.PCM",".pcm","2885724","A6EF0DDD50538C870B65629E373177040C255B4E8882E34E201F5D7C9F4EFAE4","PCM_CONTAINER","PARSER_CANDIDATE","V1719_PCM_CONTAINER_RESEARCH","Likely sample container; parser/hardware validation needed.","90","False","False","True","NO_BINARY_OUTPUT_METADATA_ONLY"
"RAM71.PCM","E:\UAOS_OPEN_LIBRARY_SOURCE\pa3x\RoTaNa(1) pa3x.SET\tareq pa3x.SET\PCM\RAM71.PCM",".pcm","2596921","CD623CD4E0DBA2A4D60986234C56382B87ED29459371C4DA907FE5ED4E81A4D5","PCM_CONTAINER","PARSER_CANDIDATE","V1719_PCM_CONTAINER_RESEARCH","Likely sample container; parser/hardware validation needed.","90","False","False","True","NO_BINARY_OUTPUT_METADATA_ONLY"
"RAM71.PCM","E:\UAOS_OPEN_LIBRARY_SOURCE\pa3x\LIVE CHARKI 3 2.SET\LIVE CHARKI 3 2.SET\PCM\RAM71.PCM",".pcm","1279055","E57699090D55EF294E2A9231A90C168239F2E0B88CDB77278CA3BC818CC9DE59","PCM_CONTAINER","PARSER_CANDIDATE","V1719_PCM_CONTAINER_RESEARCH","Likely sample container; parser/hardware validation needed.","90","False","False","True","NO_BINARY_OUTPUT_METADATA_ONLY"
"RAM71.PCM","E:\UAOS_OPEN_LIBRARY_SOURCE\pa3x\rahm pa3x.SET\rahm pa3x.SET\PCM\RAM71.PCM",".pcm","2555644","3751B2ABAAC6DE52FEA4B5F2C8BA73BD19A48DD688DB6BF9499089703FE66DBF","PCM_CONTAINER","PARSER_CANDIDATE","V1719_PCM_CONTAINER_RESEARCH","Likely sample container; parser/hardware validation needed.","90","False","False","True","NO_BINARY_OUTPUT_METADATA_ONLY"
"RAM71.PCM","E:\UAOS_OPEN_LIBRARY_SOURCE\pa3x\SUPER4X.3X ASLY2018.SET\SUPER4X.3X ASLY2018.SET\PCM\RAM71.PCM",".pcm","2819942","A4F2902AE7D381CBA6CC85AF006718290C6512F9C56C333D347219DB03EF9A10","PCM_CONTAINER","PARSER_CANDIDATE","V1719_PCM_CONTAINER_RESEARCH","Likely sample container; parser/hardware validation needed.","90","False","False","True","NO_BINARY_OUTPUT_METADATA_ONLY"
"RAM71.PCM","E:\UAOS_OPEN_LIBRARY_SOURCE\pa3x\a1111.SET\a1111.SET\PCM\RAM71.PCM",".pcm","4770842","B810ECC728A5F1E340285FAD4612C8A57D340A260634FDA8D6F082E73CB80FB4","PCM_CONTAINER","PARSER_CANDIDATE","V1719_PCM_CONTAINER_RESEARCH","Likely sample container; parser/hardware validation needed.","90","False","False","True","NO_BINARY_OUTPUT_METADATA_ONLY"
"RAM71.PCM","E:\UAOS_OPEN_LIBRARY_SOURCE\pa3x\‏‏RoTaNa(1) pa3x.SET - نسخة\tareq pa3x.SET\PCM\RAM71.PCM",".pcm","2596921","CD623CD4E0DBA2A4D60986234C56382B87ED29459371C4DA907FE5ED4E81A4D5","PCM_CONTAINER","PARSER_CANDIDATE","V1719_PCM_CONTAINER_RESEARCH","Likely sample container; parser/hardware validation needed.","90","False","False","True","NO_BINARY_OUTPUT_METADATA_ONLY"
"RAM71.PCM","E:\UAOS_OPEN_LIBRARY_SOURCE\pa3x\ROTANA. 2022.SET\ROTANA. 2022.SET\PCM\RAM71.PCM",".pcm","4709012","DD109A6C89AD69A4E3AD014AE530A32A1C134D9D9D03B06A66CE455DDB67590B","PCM_CONTAINER","PARSER_CANDIDATE","V1719_PCM_CONTAINER_RESEARCH","Likely sample container; parser/hardware validation needed.","90","False","False","True","NO_BINARY_OUTPUT_METADATA_ONLY"
"RAM71.PCM","E:\UAOS_OPEN_LIBRARY_SOURCE\pa3x\3xxxxx.SET\3xxxxx.SET\PCM\RAM71.PCM",".pcm","2671407","E4F24828907D2E55E01740CEAEE15D1EF7DEB89B205D18F28D7D03B71A5DE280","PCM_CONTAINER","PARSER_CANDIDATE","V1719_PCM_CONTAINER_RESEARCH","Likely sample container; parser/hardware validation needed.","90","False","False","True","NO_BINARY_OUTPUT_METADATA_ONLY"
"RAM72.PCM","E:\UAOS_OPEN_LIBRARY_SOURCE\pa3x\omar44.SET\omar44.SET\PCM\RAM72.PCM",".pcm","4216747","A49FAB1E607F7C4784AA37DF5B48964BF23CFFF51DE59B31E45C8C678D22AEE0","PCM_CONTAINER","PARSER_CANDIDATE","V1719_PCM_CONTAINER_RESEARCH","Likely sample container; parser/hardware validation needed.","90","False","False","True","NO_BINARY_OUTPUT_METADATA_ONLY"
"RAM72.PCM","E:\UAOS_OPEN_LIBRARY_SOURCE\pa3x\‏‏RoTaNa(1) pa3x.SET - نسخة\tareq pa3x.SET\PCM\RAM72.PCM",".pcm","2613019","31963463F16AA14A44B1F9A8E62B6D5B61EAD931FC5EA97789F2EBDEDF8A85C5","PCM_CONTAINER","PARSER_CANDIDATE","V1719_PCM_CONTAINER_RESEARCH","Likely sample container; parser/hardware validation needed.","90","False","False","True","NO_BINARY_OUTPUT_METADATA_ONLY"
"RAM72.PCM","E:\UAOS_OPEN_LIBRARY_SOURCE\pa3x\rahm pa3x.SET\rahm pa3x.SET\PCM\RAM72.PCM",".pcm","2104818","392579028EF595548E6C497B22C9962A923D66F8CF54FECD35876E430AB4AB8E","PCM_CONTAINER","PARSER_CANDIDATE","V1719_PCM_CONTAINER_RESEARCH","Likely sample container; parser/hardware validation needed.","90","False","False","True","NO_BINARY_OUTPUT_METADATA_ONLY"
"RAM72.PCM","E:\UAOS_OPEN_LIBRARY_SOURCE\pa3x\2020 pa1000 pa4x.SET\2020 pa1000 pa4x.SET\PCM\RAM72.PCM",".pcm","2925557","F31F11028DF957B80863294D50C8270D4B8E57CC458F3ED9F02D45CF001773C2","PCM_CONTAINER","PARSER_CANDIDATE","V1719_PCM_CONTAINER_RESEARCH","Likely sample container; parser/hardware validation needed.","90","False","False","True","NO_BINARY_OUTPUT_METADATA_ONLY"
"RAM72.PCM","E:\UAOS_OPEN_LIBRARY_SOURCE\pa3x\a1111.SET\a1111.SET\PCM\RAM72.PCM",".pcm","6648384","56F39DB01D4CEB8EDC17F161FD35C4D37DE5BF80505A6E911915F63ED772369A","PCM_CONTAINER","PARSER_CANDIDATE","V1719_PCM_CONTAINER_RESEARCH","Likely sample container; parser/hardware validation needed.","90","False","False","True","NO_BINARY_OUTPUT_METADATA_ONLY"
"RAM72.PCM","E:\UAOS_OPEN_LIBRARY_SOURCE\pa3x\ROTANA. 2022.SET\ROTANA. 2022.SET\PCM\RAM72.PCM",".pcm","4125076","80DE02133A740918FC197F6095642C631B3B8A9DFD8C95A48E72891155105511","PCM_CONTAINER","PARSER_CANDIDATE","V1719_PCM_CONTAINER_RESEARCH","Likely sample container; parser/hardware validation needed.","90","False","False","True","NO_BINARY_OUTPUT_METADATA_ONLY"
"RAM72.PCM","E:\UAOS_OPEN_LIBRARY_SOURCE\pa3x\ABOUD NEXT-MG.SET\ABOUD NEXT-MG.SET\PCM\RAM72.PCM",".pcm","3859510","7F272FAA6C979839AF39B210C22AFCD7E2C5ADD260A8E7E4089CD35762D94F5B","PCM_CONTAINER","PARSER_CANDIDATE","V1719_PCM_CONTAINER_RESEARCH","Likely sample container; parser/hardware validation needed.","90","False","False","True","NO_BINARY_OUTPUT_METADATA_ONLY"
"RAM72.PCM","E:\UAOS_OPEN_LIBRARY_SOURCE\pa3x\LIVE CHARKI 3 2.SET\LIVE CHARKI 3 2.SET\PCM\RAM72.PCM",".pcm","1273762","0DF658A5F3FF79C299BDFB7F9CA594C93C80EC3E73DD42291447C8BCA4496544","PCM_CONTAINER","PARSER_CANDIDATE","V1719_PCM_CONTAINER_RESEARCH","Likely sample container; parser/hardware validation needed.","90","False","False","True","NO_BINARY_OUTPUT_METADATA_ONLY"
"RAM72.PCM","E:\UAOS_OPEN_LIBRARY_SOURCE\pa3x\3xxxxx.SET\3xxxxx.SET\PCM\RAM72.PCM",".pcm","2541169","07C2F35F5FCD63017A26092F4159CEED73BCFAC4496EA6D88DEB3FDB49942FBB","PCM_CONTAINER","PARSER_CANDIDATE","V1719_PCM_CONTAINER_RESEARCH","Likely sample container; parser/hardware validation needed.","90","False","False","True","NO_BINARY_OUTPUT_METADATA_ONLY"
"RAM72.PCM","E:\UAOS_OPEN_LIBRARY_SOURCE\pa3x\RoTaNa(1) pa3x.SET\tareq pa3x.SET\PCM\RAM72.PCM",".pcm","2613019","31963463F16AA14A44B1F9A8E62B6D5B61EAD931FC5EA97789F2EBDEDF8A85C5","PCM_CONTAINER","PARSER_CANDIDATE","V1719_PCM_CONTAINER_RESEARCH","Likely sample container; parser/hardware validation needed.","90","False","False","True","NO_BINARY_OUTPUT_METADATA_ONLY"
"RAM72.PCM","E:\UAOS_OPEN_LIBRARY_SOURCE\pa3x\SUPER4X.3X ASLY2018.SET\SUPER4X.3X ASLY2018.SET\PCM\RAM72.PCM",".pcm","2690448","C19A7511E5F4ECFF476158E291274DDF5FE43F5DBF1478AC818F23055AC45EED","PCM_CONTAINER","PARSER_CANDIDATE","V1719_PCM_CONTAINER_RESEARCH","Likely sample container; parser/hardware validation needed.","90","False","False","True","NO_BINARY_OUTPUT_METADATA_ONLY"
"RAM73.PCM","E:\UAOS_OPEN_LIBRARY_SOURCE\pa3x\omar44.SET\omar44.SET\PCM\RAM73.PCM",".pcm","4157643","E4811DCC0367C4CAE0D6F4B8EBF90CDEB235D11E1B0F5E5692FE66B751DAE940","PCM_CONTAINER","PARSER_CANDIDATE","V1719_PCM_CONTAINER_RESEARCH","Likely sample container; parser/hardware validation needed.","90","False","False","True","NO_BINARY_OUTPUT_METADATA_ONLY"
"RAM73.PCM","E:\UAOS_OPEN_LIBRARY_SOURCE\pa3x\ROTANA. 2022.SET\ROTANA. 2022.SET\PCM\RAM73.PCM",".pcm","5561348","993CD582CDB409584F5B52E4592870FDA1899A637F98643D61A751DE9CEA8411","PCM_CONTAINER","PARSER_CANDIDATE","V1719_PCM_CONTAINER_RESEARCH","Likely sample container; parser/hardware validation needed.","90","False","False","True","NO_BINARY_OUTPUT_METADATA_ONLY"
"RAM73.PCM","E:\UAOS_OPEN_LIBRARY_SOURCE\pa3x\3xxxxx.SET\3xxxxx.SET\PCM\RAM73.PCM",".pcm","2566126","FDE3D5FE03300E2C826C709B141E0E33215651B4BCFF9E02DF1E0D2755EAB1D5","PCM_CONTAINER","PARSER_CANDIDATE","V1719_PCM_CONTAINER_RESEARCH","Likely sample container; parser/hardware validation needed.","90","False","False","True","NO_BINARY_OUTPUT_METADATA_ONLY"
"RAM73.PCM","E:\UAOS_OPEN_LIBRARY_SOURCE\pa3x\SUPER4X.3X ASLY2018.SET\SUPER4X.3X ASLY2018.SET\PCM\RAM73.PCM",".pcm","2709322","7029F2500E4B4B728D1A9C23BB199506E1BDB7835F911A99A0E4424DAFFBC1EE","PCM_CONTAINER","PARSER_CANDIDATE","V1719_PCM_CONTAINER_RESEARCH","Likely sample container; parser/hardware validation needed.","90","False","False","True","NO_BINARY_OUTPUT_METADATA_ONLY"
"RAM73.PCM","E:\UAOS_OPEN_LIBRARY_SOURCE\pa3x\2020 pa1000 pa4x.SET\2020 pa1000 pa4x.SET\PCM\RAM73.PCM",".pcm","3142937","D74D8C01BE1EF5CE9F2E336147C7AB11BFA6194BFE0557D7B8A85EA361A31C8B","PCM_CONTAINER","PARSER_CANDIDATE","V1719_PCM_CONTAINER_RESEARCH","Likely sample container; parser/hardware validation needed.","90","False","False","True","NO_BINARY_OUTPUT_METADATA_ONLY"
"RAM73.PCM","E:\UAOS_OPEN_LIBRARY_SOURCE\pa3x\RoTaNa(1) pa3x.SET\tareq pa3x.SET\PCM\RAM73.PCM",".pcm","2578310","0F04765D2E1CA0A67046332E3CC7AEC6C2575BE21C95DBED0C052ED47B449C1E","PCM_CONTAINER","PARSER_CANDIDATE","V1719_PCM_CONTAINER_RESEARCH","Likely sample container; parser/hardware validation needed.","90","False","False","True","NO_BINARY_OUTPUT_METADATA_ONLY"
"RAM73.PCM","E:\UAOS_OPEN_LIBRARY_SOURCE\pa3x\‏‏RoTaNa(1) pa3x.SET - نسخة\tareq pa3x.SET\PCM\RAM73.PCM",".pcm","2578310","0F04765D2E1CA0A67046332E3CC7AEC6C2575BE21C95DBED0C052ED47B449C1E","PCM_CONTAINER","PARSER_CANDIDATE","V1719_PCM_CONTAINER_RESEARCH","Likely sample container; parser/hardware validation needed.","90","False","False","True","NO_BINARY_OUTPUT_METADATA_ONLY"
"RAM73.PCM","E:\UAOS_OPEN_LIBRARY_SOURCE\pa3x\a1111.SET\a1111.SET\PCM\RAM73.PCM",".pcm","5860730","950779BF5276C92CC1DB0FD448D9EEEF9F97BA03BFCE873AF576F5769604AC20","PCM_CONTAINER","PARSER_CANDIDATE","V1719_PCM_CONTAINER_RESEARCH","Likely sample container; parser/hardware validation needed.","90","False","False","True","NO_BINARY_OUTPUT_METADATA_ONLY"
"RAM73.PCM","E:\UAOS_OPEN_LIBRARY_SOURCE\pa3x\ABOUD NEXT-MG.SET\ABOUD NEXT-MG.SET\PCM\RAM73.PCM",".pcm","3935243","E0F9AC760516563A16E8D9C552C651504F4D084347C3727589C9C232FB03595B","PCM_CONTAINER","PARSER_CANDIDATE","V1719_PCM_CONTAINER_RESEARCH","Likely sample container; parser/hardware validation needed.","90","False","False","True","NO_BINARY_OUTPUT_METADATA_ONLY"
"RAM73.PCM","E:\UAOS_OPEN_LIBRARY_SOURCE\pa3x\LIVE CHARKI 3 2.SET\LIVE CHARKI 3 2.SET\PCM\RAM73.PCM",".pcm","1304429","DA93A755ADB9BBDA5AB8A790B56C6EAE8877DB6AD11A1B339459CEA78B1B9B7B","PCM_CONTAINER","PARSER_CANDIDATE","V1719_PCM_CONTAINER_RESEARCH","Likely sample container; parser/hardware validation needed.","90","False","False","True","NO_BINARY_OUTPUT_METADATA_ONLY"
"RAM73.PCM","E:\UAOS_OPEN_LIBRARY_SOURCE\pa3x\rahm pa3x.SET\rahm pa3x.SET\PCM\RAM73.PCM",".pcm","2563920","D3F361AEAFC97D23736139F50D46B968346334BE2861817A27F34E6EA6ED1D36","PCM_CONTAINER","PARSER_CANDIDATE","V1719_PCM_CONTAINER_RESEARCH","Likely sample container; parser/hardware validation needed.","90","False","False","True","NO_BINARY_OUTPUT_METADATA_ONLY"
"RAM74.PCM","E:\UAOS_OPEN_LIBRARY_SOURCE\pa3x\2020 pa1000 pa4x.SET\2020 pa1000 pa4x.SET\PCM\RAM74.PCM",".pcm","2929186","067F02AF60E370F8D73BF4E52FD42EB6CC9EF1DFEF93396B9A6F76AD995642DA","PCM_CONTAINER","PARSER_CANDIDATE","V1719_PCM_CONTAINER_RESEARCH","Likely sample container; parser/hardware validation needed.","90","False","False","True","NO_BINARY_OUTPUT_METADATA_ONLY"
"RAM74.PCM","E:\UAOS_OPEN_LIBRARY_SOURCE\pa3x\‏‏RoTaNa(1) pa3x.SET - نسخة\tareq pa3x.SET\PCM\RAM74.PCM",".pcm","2728334","8DAAC391075CC7A3E827FC80388E79189F0A5A46815AEF9C038A1BA06465CE3D","PCM_CONTAINER","PARSER_CANDIDATE","V1719_PCM_CONTAINER_RESEARCH","Likely sample container; parser/hardware validation needed.","90","False","False","True","NO_BINARY_OUTPUT_METADATA_ONLY"
"RAM74.PCM","E:\UAOS_OPEN_LIBRARY_SOURCE\pa3x\rahm pa3x.SET\rahm pa3x.SET\PCM\RAM74.PCM",".pcm","2174226","DF7E43482F59EB72744CF12BFD30494BE30E8429DA5CBEB89DD645517F80EB36","PCM_CONTAINER","PARSER_CANDIDATE","V1719_PCM_CONTAINER_RESEARCH","Likely sample container; parser/hardware validation needed.","90","False","False","True","NO_BINARY_OUTPUT_METADATA_ONLY"
"RAM74.PCM","E:\UAOS_OPEN_LIBRARY_SOURCE\pa3x\3xxxxx.SET\3xxxxx.SET\PCM\RAM74.PCM",".pcm","2758291","118809EE8FB58206A4FC1E22FA0ED5D933738322229FB80EB35DE375AF43A4C3","PCM_CONTAINER","PARSER_CANDIDATE","V1719_PCM_CONTAINER_RESEARCH","Likely sample container; parser/hardware validation needed.","90","False","False","True","NO_BINARY_OUTPUT_METADATA_ONLY"
"RAM74.PCM","E:\UAOS_OPEN_LIBRARY_SOURCE\pa3x\ABOUD NEXT-MG.SET\ABOUD NEXT-MG.SET\PCM\RAM74.PCM",".pcm","5640411","D7FE5AF7E62EEEBDB504EB525AC9A86CC4C45244D3322990254B6C9198057FC3","PCM_CONTAINER","PARSER_CANDIDATE","V1719_PCM_CONTAINER_RESEARCH","Likely sample container; parser/hardware validation needed.","90","False","False","True","NO_BINARY_OUTPUT_METADATA_ONLY"
"RAM74.PCM","E:\UAOS_OPEN_LIBRARY_SOURCE\pa3x\a1111.SET\a1111.SET\PCM\RAM74.PCM",".pcm","6159724","A738D127EC85C62F97DAED14FBDB44F0CFF781F8EBFB33CDBD90CFE54A86C203","PCM_CONTAINER","PARSER_CANDIDATE","V1719_PCM_CONTAINER_RESEARCH","Likely sample container; parser/hardware validation needed.","90","False","False","True","NO_BINARY_OUTPUT_METADATA_ONLY"
"RAM74.PCM","E:\UAOS_OPEN_LIBRARY_SOURCE\pa3x\LIVE CHARKI 3 2.SET\LIVE CHARKI 3 2.SET\PCM\RAM74.PCM",".pcm","1105247","E1B8F36D81DC3D8BC2E15BA03D5198A05A17509EB93744E53DCB26B273315059","PCM_CONTAINER","PARSER_CANDIDATE","V1719_PCM_CONTAINER_RESEARCH","Likely sample container; parser/hardware validation needed.","90","False","False","True","NO_BINARY_OUTPUT_METADATA_ONLY"
"RAM74.PCM","E:\UAOS_OPEN_LIBRARY_SOURCE\pa3x\RoTaNa(1) pa3x.SET\tareq pa3x.SET\PCM\RAM74.PCM",".pcm","2728334","8DAAC391075CC7A3E827FC80388E79189F0A5A46815AEF9C038A1BA06465CE3D","PCM_CONTAINER","PARSER_CANDIDATE","V1719_PCM_CONTAINER_RESEARCH","Likely sample container; parser/hardware validation needed.","90","False","False","True","NO_BINARY_OUTPUT_METADATA_ONLY"
"RAM74.PCM","E:\UAOS_OPEN_LIBRARY_SOURCE\pa3x\ROTANA. 2022.SET\ROTANA. 2022.SET\PCM\RAM74.PCM",".pcm","4530900","44873F8326C3EEDD29BCB586F1AA950F73ABA5C589D6FC2BA361E64C220948CA","PCM_CONTAINER","PARSER_CANDIDATE","V1719_PCM_CONTAINER_RESEARCH","Likely sample container; parser/hardware validation needed.","90","False","False","True","NO_BINARY_OUTPUT_METADATA_ONLY"
"RAM74.PCM","E:\UAOS_OPEN_LIBRARY_SOURCE\pa3x\omar44.SET\omar44.SET\PCM\RAM74.PCM",".pcm","4252976","F34FFF47B1F3A0DD2AEA821790F7A3BB854FEB6815900BC0BF4F9AE1EC37015D","PCM_CONTAINER","PARSER_CANDIDATE","V1719_PCM_CONTAINER_RESEARCH","Likely sample container; parser/hardware validation needed.","90","False","False","True","NO_BINARY_OUTPUT_METADATA_ONLY"
"RAM74.PCM","E:\UAOS_OPEN_LIBRARY_SOURCE\pa3x\SUPER4X.3X ASLY2018.SET\SUPER4X.3X ASLY2018.SET\PCM\RAM74.PCM",".pcm","2889903","D3DFDDFF49D755B5D01B2FF0F794A52CA65880F5ACCCA122FADD260659143FFB","PCM_CONTAINER","PARSER_CANDIDATE","V1719_PCM_CONTAINER_RESEARCH","Likely sample container; parser/hardware validation needed.","90","False","False","True","NO_BINARY_OUTPUT_METADATA_ONLY"
"RAM75.PCM","E:\UAOS_OPEN_LIBRARY_SOURCE\pa3x\SUPER4X.3X ASLY2018.SET\SUPER4X.3X ASLY2018.SET\PCM\RAM75.PCM",".pcm","2837318","C1575E045611292E77E1949B3103F510E95483472C76C1B4422475A08A20B44D","PCM_CONTAINER","PARSER_CANDIDATE","V1719_PCM_CONTAINER_RESEARCH","Likely sample container; parser/hardware validation needed.","90","False","False","True","NO_BINARY_OUTPUT_METADATA_ONLY"
"RAM75.PCM","E:\UAOS_OPEN_LIBRARY_SOURCE\pa3x\ABOUD NEXT-MG.SET\ABOUD NEXT-MG.SET\PCM\RAM75.PCM",".pcm","5175609","14F1575B4D3E7AA7EE3E10A9F0258F9D48FE5713963BEF3CA45C48A2C4E69B24","PCM_CONTAINER","PARSER_CANDIDATE","V1719_PCM_CONTAINER_RESEARCH","Likely sample container; parser/hardware validation needed.","90","False","False","True","NO_BINARY_OUTPUT_METADATA_ONLY"
"RAM75.PCM","E:\UAOS_OPEN_LIBRARY_SOURCE\pa3x\3xxxxx.SET\3xxxxx.SET\PCM\RAM75.PCM",".pcm","2774864","6D0C397C0E7EFD24CCF99F26D6D00F85F15229A05CD99A94881BE778D88BA859","PCM_CONTAINER","PARSER_CANDIDATE","V1719_PCM_CONTAINER_RESEARCH","Likely sample container; parser/hardware validation needed.","90","False","False","True","NO_BINARY_OUTPUT_METADATA_ONLY"
"RAM75.PCM","E:\UAOS_OPEN_LIBRARY_SOURCE\pa3x\a1111.SET\a1111.SET\PCM\RAM75.PCM",".pcm","8118180","220B9CE4E0EE81A5A2A8A0B7AD393B8200686A9EC0061FD93D099784EA6FC038","PCM_CONTAINER","PARSER_CANDIDATE","V1719_PCM_CONTAINER_RESEARCH","Likely sample container; parser/hardware validation needed.","90","False","False","True","NO_BINARY_OUTPUT_METADATA_ONLY"
"RAM75.PCM","E:\UAOS_OPEN_LIBRARY_SOURCE\pa3x\LIVE CHARKI 3 2.SET\LIVE CHARKI 3 2.SET\PCM\RAM75.PCM",".pcm","1019524","A262BC33CAE5285093A06097645B7008AE367C1CF59A526B0FE84EFE9B09E53C","PCM_CONTAINER","PARSER_CANDIDATE","V1719_PCM_CONTAINER_RESEARCH","Likely sample container; parser/hardware validation needed.","90","False","False","True","NO_BINARY_OUTPUT_METADATA_ONLY"
"RAM75.PCM","E:\UAOS_OPEN_LIBRARY_SOURCE\pa3x\RoTaNa(1) pa3x.SET\tareq pa3x.SET\PCM\RAM75.PCM",".pcm","2605900","2AF8F299B23D21010C20880649D98EFB5E0C14B68829BE9796ACAE93745832B0","PCM_CONTAINER","PARSER_CANDIDATE","V1719_PCM_CONTAINER_RESEARCH","Likely sample container; parser/hardware validation needed.","90","False","False","True","NO_BINARY_OUTPUT_METADATA_ONLY"
"RAM75.PCM","E:\UAOS_OPEN_LIBRARY_SOURCE\pa3x\‏‏RoTaNa(1) pa3x.SET - نسخة\tareq pa3x.SET\PCM\RAM75.PCM",".pcm","2605900","2AF8F299B23D21010C20880649D98EFB5E0C14B68829BE9796ACAE93745832B0","PCM_CONTAINER","PARSER_CANDIDATE","V1719_PCM_CONTAINER_RESEARCH","Likely sample container; parser/hardware validation needed.","90","False","False","True","NO_BINARY_OUTPUT_METADATA_ONLY"
"RAM75.PCM","E:\UAOS_OPEN_LIBRARY_SOURCE\pa3x\omar44.SET\omar44.SET\PCM\RAM75.PCM",".pcm","4903781","33E300138F9405E5F4AB6E1E8EC9A472DF9D7D38D26559795CA91D8004CA77D4","PCM_CONTAINER","PARSER_CANDIDATE","V1719_PCM_CONTAINER_RESEARCH","Likely sample container; parser/hardware validation needed.","90","False","False","True","NO_BINARY_OUTPUT_METADATA_ONLY"
"RAM75.PCM","E:\UAOS_OPEN_LIBRARY_SOURCE\pa3x\2020 pa1000 pa4x.SET\2020 pa1000 pa4x.SET\PCM\RAM75.PCM",".pcm","2931183","83776026BE2DC0FB07744F90ACF6F10DE75BDCFDC86AB82B46EDC4D565ED12DA","PCM_CONTAINER","PARSER_CANDIDATE","V1719_PCM_CONTAINER_RESEARCH","Likely sample container; parser/hardware validation needed.","90","False","False","True","NO_BINARY_OUTPUT_METADATA_ONLY"
"RAM75.PCM","E:\UAOS_OPEN_LIBRARY_SOURCE\pa3x\ROTANA. 2022.SET\ROTANA. 2022.SET\PCM\RAM75.PCM",".pcm","5700628","E6A42C84DA344B6DE21006033A0E61EC2DAA2926D53BF538A477911FF0AAD2A0","PCM_CONTAINER","PARSER_CANDIDATE","V1719_PCM_CONTAINER_RESEARCH","Likely sample container; parser/hardware validation needed.","90","False","False","True","NO_BINARY_OUTPUT_METADATA_ONLY"
"RAM75.PCM","E:\UAOS_OPEN_LIBRARY_SOURCE\pa3x\rahm pa3x.SET\rahm pa3x.SET\PCM\RAM75.PCM",".pcm","2107418","8D76C376D05722723818A6F6BB27819D31D872D4ECC8F61A505CAC0FC06AC4BB","PCM_CONTAINER","PARSER_CANDIDATE","V1719_PCM_CONTAINER_RESEARCH","Likely sample container; parser/hardware validation needed.","90","False","False","True","NO_BINARY_OUTPUT_METADATA_ONLY"
"RAM76.PCM","E:\UAOS_OPEN_LIBRARY_SOURCE\pa3x\omar44.SET\omar44.SET\PCM\RAM76.PCM",".pcm","5409629","4B6DAAC4E318A64B72853DC0643BC8A21FD8CF734EA30E6A20899E6B66714C09","PCM_CONTAINER","PARSER_CANDIDATE","V1719_PCM_CONTAINER_RESEARCH","Likely sample container; parser/hardware validation needed.","90","False","False","True","NO_BINARY_OUTPUT_METADATA_ONLY"
"RAM76.PCM","E:\UAOS_OPEN_LIBRARY_SOURCE\pa3x\LIVE CHARKI 3 2.SET\LIVE CHARKI 3 2.SET\PCM\RAM76.PCM",".pcm","1174631","B5C17134869FE01751B5CFDE3DDFC80BA662E72C43026A437B4F54E5B2D6079B","PCM_CONTAINER","PARSER_CANDIDATE","V1719_PCM_CONTAINER_RESEARCH","Likely sample container; parser/hardware validation needed.","90","False","False","True","NO_BINARY_OUTPUT_METADATA_ONLY"
"RAM76.PCM","E:\UAOS_OPEN_LIBRARY_SOURCE\pa3x\3xxxxx.SET\3xxxxx.SET\PCM\RAM76.PCM",".pcm","2719740","0950D0AD2B9B9A497EF55B7867E512B10C29A78DDF1B0598405757F20A8D57F3","PCM_CONTAINER","PARSER_CANDIDATE","V1719_PCM_CONTAINER_RESEARCH","Likely sample container; parser/hardware validation needed.","90","False","False","True","NO_BINARY_OUTPUT_METADATA_ONLY"
"RAM76.PCM","E:\UAOS_OPEN_LIBRARY_SOURCE\pa3x\SUPER4X.3X ASLY2018.SET\SUPER4X.3X ASLY2018.SET\PCM\RAM76.PCM",".pcm","2657700","E638F89938C9CDCEA14D5017CCCDD1F3B442439361A83564C338197670BEA24C","PCM_CONTAINER","PARSER_CANDIDATE","V1719_PCM_CONTAINER_RESEARCH","Likely sample container; parser/hardware validation needed.","90","False","False","True","NO_BINARY_OUTPUT_METADATA_ONLY"
"RAM76.PCM","E:\UAOS_OPEN_LIBRARY_SOURCE\pa3x\ABOUD NEXT-MG.SET\ABOUD NEXT-MG.SET\PCM\RAM76.PCM",".pcm","4638026","E8E214C16C35FCCC44DF2FB9DA4D4ABB41F8DADC6136CEFBA2C1420A113851EE","PCM_CONTAINER","PARSER_CANDIDATE","V1719_PCM_CONTAINER_RESEARCH","Likely sample container; parser/hardware validation needed.","90","False","False","True","NO_BINARY_OUTPUT_METADATA_ONLY"
"RAM76.PCM","E:\UAOS_OPEN_LIBRARY_SOURCE\pa3x\2020 pa1000 pa4x.SET\2020 pa1000 pa4x.SET\PCM\RAM76.PCM",".pcm","2881692","8EA41A7B0BC6A14BCECA67ABCDA09847B419CE8FF9A57CEF69DB9FBA3A1B012B","PCM_CONTAINER","PARSER_CANDIDATE","V1719_PCM_CONTAINER_RESEARCH","Likely sample container; parser/hardware validation needed.","90","False","False","True","NO_BINARY_OUTPUT_METADATA_ONLY"
"RAM76.PCM","E:\UAOS_OPEN_LIBRARY_SOURCE\pa3x\ROTANA. 2022.SET\ROTANA. 2022.SET\PCM\RAM76.PCM",".pcm","8744954","D4951849DE68CF32952A49D701B71490B657E4DBDFBC81E47C82B1F0CAE068EF","PCM_CONTAINER","PARSER_CANDIDATE","V1719_PCM_CONTAINER_RESEARCH","Likely sample container; parser/hardware validation needed.","90","False","False","True","NO_BINARY_OUTPUT_METADATA_ONLY"
"RAM76.PCM","E:\UAOS_OPEN_LIBRARY_SOURCE\pa3x\rahm pa3x.SET\rahm pa3x.SET\PCM\RAM76.PCM",".pcm","2224106","F12844BFFBC7B8633DE410F3238AD39CC090565221CD5F5F6A8412AF568B4140","PCM_CONTAINER","PARSER_CANDIDATE","V1719_PCM_CONTAINER_RESEARCH","Likely sample container; parser/hardware validation needed.","90","False","False","True","NO_BINARY_OUTPUT_METADATA_ONLY"
"RAM76.PCM","E:\UAOS_OPEN_LIBRARY_SOURCE\pa3x\RoTaNa(1) pa3x.SET\tareq pa3x.SET\PCM\RAM76.PCM",".pcm","2581492","9880FFE790E70E2632685C5F6765DC564F97EFD842D3C32F3827EB1187C0F659","PCM_CONTAINER","PARSER_CANDIDATE","V1719_PCM_CONTAINER_RESEARCH","Likely sample container; parser/hardware validation needed.","90","False","False","True","NO_BINARY_OUTPUT_METADATA_ONLY"
"RAM76.PCM","E:\UAOS_OPEN_LIBRARY_SOURCE\pa3x\‏‏RoTaNa(1) pa3x.SET - نسخة\tareq pa3x.SET\PCM\RAM76.PCM",".pcm","2581492","9880FFE790E70E2632685C5F6765DC564F97EFD842D3C32F3827EB1187C0F659","PCM_CONTAINER","PARSER_CANDIDATE","V1719_PCM_CONTAINER_RESEARCH","Likely sample container; parser/hardware validation needed.","90","False","False","True","NO_BINARY_OUTPUT_METADATA_ONLY"
"RAM76.PCM","E:\UAOS_OPEN_LIBRARY_SOURCE\pa3x\a1111.SET\a1111.SET\PCM\RAM76.PCM",".pcm","6301875","4AABDAF52909F02EEA58CDB9EAE3EBE02FBC9F2C8108C3468B4C2F90EE6B28A1","PCM_CONTAINER","PARSER_CANDIDATE","V1719_PCM_CONTAINER_RESEARCH","Likely sample container; parser/hardware validation needed.","90","False","False","True","NO_BINARY_OUTPUT_METADATA_ONLY"
"RAM77.PCM","E:\UAOS_OPEN_LIBRARY_SOURCE\pa3x\a1111.SET\a1111.SET\PCM\RAM77.PCM",".pcm","5916892","5374086574811649C03CA7F490C5577FD82B954E2860406E0AF19D6DF8BA1DC3","PCM_CONTAINER","PARSER_CANDIDATE","V1719_PCM_CONTAINER_RESEARCH","Likely sample container; parser/hardware validation needed.","90","False","False","True","NO_BINARY_OUTPUT_METADATA_ONLY"
"RAM77.PCM","E:\UAOS_OPEN_LIBRARY_SOURCE\pa3x\rahm pa3x.SET\rahm pa3x.SET\PCM\RAM77.PCM",".pcm","2249824","7346EBF1C208A3274D2E78D1315AC6A5A88C86CF4297B9D57A4BCA9928575BAB","PCM_CONTAINER","PARSER_CANDIDATE","V1719_PCM_CONTAINER_RESEARCH","Likely sample container; parser/hardware validation needed.","90","False","False","True","NO_BINARY_OUTPUT_METADATA_ONLY"
"RAM77.PCM","E:\UAOS_OPEN_LIBRARY_SOURCE\pa3x\ABOUD NEXT-MG.SET\ABOUD NEXT-MG.SET\PCM\RAM77.PCM",".pcm","6429410","5CF8A2D5B51358EF158AEA45F294DB207F8B8713EC2802CB0CF03F4D65791AC5","PCM_CONTAINER","PARSER_CANDIDATE","V1719_PCM_CONTAINER_RESEARCH","Likely sample container; parser/hardware validation needed.","90","False","False","True","NO_BINARY_OUTPUT_METADATA_ONLY"
"RAM77.PCM","E:\UAOS_OPEN_LIBRARY_SOURCE\pa3x\RoTaNa(1) pa3x.SET\tareq pa3x.SET\PCM\RAM77.PCM",".pcm","2618918","46E71FA022A07DEDEC392B71774FCC2442C04492736E9E62528275A9EB45777D","PCM_CONTAINER","PARSER_CANDIDATE","V1719_PCM_CONTAINER_RESEARCH","Likely sample container; parser/hardware validation needed.","90","False","False","True","NO_BINARY_OUTPUT_METADATA_ONLY"
"RAM77.PCM","E:\UAOS_OPEN_LIBRARY_SOURCE\pa3x\2020 pa1000 pa4x.SET\2020 pa1000 pa4x.SET\PCM\RAM77.PCM",".pcm","2962884","364C218E4BE2EB42D8C79AAF323D3EDBFF4CDAE5824DC96F26847472F53395D8","PCM_CONTAINER","PARSER_CANDIDATE","V1719_PCM_CONTAINER_RESEARCH","Likely sample container; parser/hardware validation needed.","90","False","False","True","NO_BINARY_OUTPUT_METADATA_ONLY"
"RAM77.PCM","E:\UAOS_OPEN_LIBRARY_SOURCE\pa3x\ROTANA. 2022.SET\ROTANA. 2022.SET\PCM\RAM77.PCM",".pcm","5971514","04C3EFA6D67B9A96B4FE97B22463415A21CD2DF0A950221A15C6B7D4EF8316EE","PCM_CONTAINER","PARSER_CANDIDATE","V1719_PCM_CONTAINER_RESEARCH","Likely sample container; parser/hardware validation needed.","90","False","False","True","NO_BINARY_OUTPUT_METADATA_ONLY"
"RAM77.PCM","E:\UAOS_OPEN_LIBRARY_SOURCE\pa3x\omar44.SET\omar44.SET\PCM\RAM77.PCM",".pcm","4257040","C8A138A00E8067704DA56505706DBAE71003330A23B612699AB5DF5CB5FC169F","PCM_CONTAINER","PARSER_CANDIDATE","V1719_PCM_CONTAINER_RESEARCH","Likely sample container; parser/hardware validation needed.","90","False","False","True","NO_BINARY_OUTPUT_METADATA_ONLY"
"RAM77.PCM","E:\UAOS_OPEN_LIBRARY_SOURCE\pa3x\3xxxxx.SET\3xxxxx.SET\PCM\RAM77.PCM",".pcm","2570564","5C46077011F748158D474B77A5E9F0642DF0ED3952E2B5473346E527FC545326","PCM_CONTAINER","PARSER_CANDIDATE","V1719_PCM_CONTAINER_RESEARCH","Likely sample container; parser/hardware validation needed.","90","False","False","True","NO_BINARY_OUTPUT_METADATA_ONLY"
"RAM77.PCM","E:\UAOS_OPEN_LIBRARY_SOURCE\pa3x\‏‏RoTaNa(1) pa3x.SET - نسخة\tareq pa3x.SET\PCM\RAM77.PCM",".pcm","2618918","46E71FA022A07DEDEC392B71774FCC2442C04492736E9E62528275A9EB45777D","PCM_CONTAINER","PARSER_CANDIDATE","V1719_PCM_CONTAINER_RESEARCH","Likely sample container; parser/hardware validation needed.","90","False","False","True","NO_BINARY_OUTPUT_METADATA_ONLY"
"RAM77.PCM","E:\UAOS_OPEN_LIBRARY_SOURCE\pa3x\SUPER4X.3X ASLY2018.SET\SUPER4X.3X ASLY2018.SET\PCM\RAM77.PCM",".pcm","2694828","41F8EC1881962E162AB1EC5EA6190453403A2C5918EAA5A779999282FEC0D7D7","PCM_CONTAINER","PARSER_CANDIDATE","V1719_PCM_CONTAINER_RESEARCH","Likely sample container; parser/hardware validation needed.","90","False","False","True","NO_BINARY_OUTPUT_METADATA_ONLY"
"RAM77.PCM","E:\UAOS_OPEN_LIBRARY_SOURCE\pa3x\LIVE CHARKI 3 2.SET\LIVE CHARKI 3 2.SET\PCM\RAM77.PCM",".pcm","993339","D6E68192BBFE07BA9D79AC6C8DDB49D416947EA52CF3B463A34A31C777430989","PCM_CONTAINER","PARSER_CANDIDATE","V1719_PCM_CONTAINER_RESEARCH","Likely sample container; parser/hardware validation needed.","90","False","False","True","NO_BINARY_OUTPUT_METADATA_ONLY"
"RAM78.PCM","E:\UAOS_OPEN_LIBRARY_SOURCE\pa3x\‏‏RoTaNa(1) pa3x.SET - نسخة\tareq pa3x.SET\PCM\RAM78.PCM",".pcm","2620978","796867C6DCB768B3A26362C44BDEBB8436D28C2FB9F71F1072DC1773B95AF773","PCM_CONTAINER","PARSER_CANDIDATE","V1719_PCM_CONTAINER_RESEARCH","Likely sample container; parser/hardware validation needed.","90","False","False","True","NO_BINARY_OUTPUT_METADATA_ONLY"
"RAM78.PCM","E:\UAOS_OPEN_LIBRARY_SOURCE\pa3x\SUPER4X.3X ASLY2018.SET\SUPER4X.3X ASLY2018.SET\PCM\RAM78.PCM",".pcm","2655506","04F2F5FC6FDB7F466B4B6DC0129C7EF4EFD68AE9DA9B6B397E6C71C422E25C3A","PCM_CONTAINER","PARSER_CANDIDATE","V1719_PCM_CONTAINER_RESEARCH","Likely sample container; parser/hardware validation needed.","90","False","False","True","NO_BINARY_OUTPUT_METADATA_ONLY"
"RAM78.PCM","E:\UAOS_OPEN_LIBRARY_SOURCE\pa3x\omar44.SET\omar44.SET\PCM\RAM78.PCM",".pcm","4063830","A8EBD3C407D5C4DB0DB760CCCE99A911435D10F360BC05C2AB273718E6DAF9E0","PCM_CONTAINER","PARSER_CANDIDATE","V1719_PCM_CONTAINER_RESEARCH","Likely sample container; parser/hardware validation needed.","90","False","False","True","NO_BINARY_OUTPUT_METADATA_ONLY"
"RAM78.PCM","E:\UAOS_OPEN_LIBRARY_SOURCE\pa3x\3xxxxx.SET\3xxxxx.SET\PCM\RAM78.PCM",".pcm","2724137","8CB2FCF951F9A7DF65DCFD5159AC99A03B126597E0BB80702A8AF013CD300CB6","PCM_CONTAINER","PARSER_CANDIDATE","V1719_PCM_CONTAINER_RESEARCH","Likely sample container; parser/hardware validation needed.","90","False","False","True","NO_BINARY_OUTPUT_METADATA_ONLY"
"RAM78.PCM","E:\UAOS_OPEN_LIBRARY_SOURCE\pa3x\rahm pa3x.SET\rahm pa3x.SET\PCM\RAM78.PCM",".pcm","2225004","53F5AA59150E67CDEF4A69C6DA0376FA5945EBF31CC783FE1BBC6632942A8F2D","PCM_CONTAINER","PARSER_CANDIDATE","V1719_PCM_CONTAINER_RESEARCH","Likely sample container; parser/hardware validation needed.","90","False","False","True","NO_BINARY_OUTPUT_METADATA_ONLY"
"RAM78.PCM","E:\UAOS_OPEN_LIBRARY_SOURCE\pa3x\RoTaNa(1) pa3x.SET\tareq pa3x.SET\PCM\RAM78.PCM",".pcm","2620978","796867C6DCB768B3A26362C44BDEBB8436D28C2FB9F71F1072DC1773B95AF773","PCM_CONTAINER","PARSER_CANDIDATE","V1719_PCM_CONTAINER_RESEARCH","Likely sample container; parser/hardware validation needed.","90","False","False","True","NO_BINARY_OUTPUT_METADATA_ONLY"
"RAM78.PCM","E:\UAOS_OPEN_LIBRARY_SOURCE\pa3x\2020 pa1000 pa4x.SET\2020 pa1000 pa4x.SET\PCM\RAM78.PCM",".pcm","2924242","FEA2C667B56AF28E9896921C9BD398034CA0B261B04B6517D25AE8EF37FA6A50","PCM_CONTAINER","PARSER_CANDIDATE","V1719_PCM_CONTAINER_RESEARCH","Likely sample container; parser/hardware validation needed.","90","False","False","True","NO_BINARY_OUTPUT_METADATA_ONLY"
"RAM78.PCM","E:\UAOS_OPEN_LIBRARY_SOURCE\pa3x\LIVE CHARKI 3 2.SET\LIVE CHARKI 3 2.SET\PCM\RAM78.PCM",".pcm","1089591","FBAA7088954344A47B11A931878797F3CFE93699A21BBA13A752E76A1B55C248","PCM_CONTAINER","PARSER_CANDIDATE","V1719_PCM_CONTAINER_RESEARCH","Likely sample container; parser/hardware validation needed.","90","False","False","True","NO_BINARY_OUTPUT_METADATA_ONLY"
"RAM78.PCM","E:\UAOS_OPEN_LIBRARY_SOURCE\pa3x\ABOUD NEXT-MG.SET\ABOUD NEXT-MG.SET\PCM\RAM78.PCM",".pcm","5702498","834C8442C150614D4A4DAFA291D4B4729F5305DD0CCFE536669C734163F54528","PCM_CONTAINER","PARSER_CANDIDATE","V1719_PCM_CONTAINER_RESEARCH","Likely sample container; parser/hardware validation needed.","90","False","False","True","NO_BINARY_OUTPUT_METADATA_ONLY"
"RAM78.PCM","E:\UAOS_OPEN_LIBRARY_SOURCE\pa3x\ROTANA. 2022.SET\ROTANA. 2022.SET\PCM\RAM78.PCM",".pcm","8913586","06B64E6F056F2718370C903A677E1E85B53CB27838B26B6C21013A38B38C4CAD","PCM_CONTAINER","PARSER_CANDIDATE","V1719_PCM_CONTAINER_RESEARCH","Likely sample container; parser/hardware validation needed.","90","False","False","True","NO_BINARY_OUTPUT_METADATA_ONLY"
"RAM78.PCM","E:\UAOS_OPEN_LIBRARY_SOURCE\pa3x\a1111.SET\a1111.SET\PCM\RAM78.PCM",".pcm","5484110","1CFB5A5A264A923E2270D988611249DE03DF5321CD449F4D815AE8B08E39218F","PCM_CONTAINER","PARSER_CANDIDATE","V1719_PCM_CONTAINER_RESEARCH","Likely sample container; parser/hardware validation needed.","90","False","False","True","NO_BINARY_OUTPUT_METADATA_ONLY"
"RAM79.PCM","E:\UAOS_OPEN_LIBRARY_SOURCE\pa3x\LIVE CHARKI 3 2.SET\LIVE CHARKI 3 2.SET\PCM\RAM79.PCM",".pcm","1255393","6A4DB85742EEEB1376BB29B19C6C785CB932F9696B834824697028B707F7A7B1","PCM_CONTAINER","PARSER_CANDIDATE","V1719_PCM_CONTAINER_RESEARCH","Likely sample container; parser/hardware validation needed.","90","False","False","True","NO_BINARY_OUTPUT_METADATA_ONLY"
"RAM79.PCM","E:\UAOS_OPEN_LIBRARY_SOURCE\pa3x\rahm pa3x.SET\rahm pa3x.SET\PCM\RAM79.PCM",".pcm","2127589","B20F7879B3CFC0B1F1C0B5CB9F594B59B6309BA37620330A21327D8A9E6379BF","PCM_CONTAINER","PARSER_CANDIDATE","V1719_PCM_CONTAINER_RESEARCH","Likely sample container; parser/hardware validation needed.","90","False","False","True","NO_BINARY_OUTPUT_METADATA_ONLY"
"RAM79.PCM","E:\UAOS_OPEN_LIBRARY_SOURCE\pa3x\3xxxxx.SET\3xxxxx.SET\PCM\RAM79.PCM",".pcm","2565131","B8DA860F0CC557F787FFE176F0350AF54D43CC899319C922F7A8462DB212C020","PCM_CONTAINER","PARSER_CANDIDATE","V1719_PCM_CONTAINER_RESEARCH","Likely sample container; parser/hardware validation needed.","90","False","False","True","NO_BINARY_OUTPUT_METADATA_ONLY"
"RAM79.PCM","E:\UAOS_OPEN_LIBRARY_SOURCE\pa3x\omar44.SET\omar44.SET\PCM\RAM79.PCM",".pcm","4288938","7C6DC91BCF79CAB5CA25DEDF37E4662052C5C0CF4C0C2D2AFFBA3BCDD8E4E4FA","PCM_CONTAINER","PARSER_CANDIDATE","V1719_PCM_CONTAINER_RESEARCH","Likely sample container; parser/hardware validation needed.","90","False","False","True","NO_BINARY_OUTPUT_METADATA_ONLY"
"RAM79.PCM","E:\UAOS_OPEN_LIBRARY_SOURCE\pa3x\ABOUD NEXT-MG.SET\ABOUD NEXT-MG.SET\PCM\RAM79.PCM",".pcm","8094344","B4354F7CE0EA2BDA7F79F28D05E264ECDFCD3ABD46ADA0333565AE9D40FEC3E8","PCM_CONTAINER","PARSER_CANDIDATE","V1719_PCM_CONTAINER_RESEARCH","Likely sample container; parser/hardware validation needed.","90","False","False","True","NO_BINARY_OUTPUT_METADATA_ONLY"
"RAM79.PCM","E:\UAOS_OPEN_LIBRARY_SOURCE\pa3x\a1111.SET\a1111.SET\PCM\RAM79.PCM",".pcm","6562974","44AEBF178C08F66944F8789DD4860EDD26FBF5A951763D9382A88AE2AD43CEB3","PCM_CONTAINER","PARSER_CANDIDATE","V1719_PCM_CONTAINER_RESEARCH","Likely sample container; parser/hardware validation needed.","90","False","False","True","NO_BINARY_OUTPUT_METADATA_ONLY"
"RAM79.PCM","E:\UAOS_OPEN_LIBRARY_SOURCE\pa3x\RoTaNa(1) pa3x.SET\tareq pa3x.SET\PCM\RAM79.PCM",".pcm","2627922","07368C9F620301C7F13EB37E32BA202ECE91CEE791693B46AC4AFE69C166FB3E","PCM_CONTAINER","PARSER_CANDIDATE","V1719_PCM_CONTAINER_RESEARCH","Likely sample container; parser/hardware validation needed.","90","False","False","True","NO_BINARY_OUTPUT_METADATA_ONLY"
"RAM79.PCM","E:\UAOS_OPEN_LIBRARY_SOURCE\pa3x\ROTANA. 2022.SET\ROTANA. 2022.SET\PCM\RAM79.PCM",".pcm","4571344","4C1136E6C1492FDE1EA073AA728FC41D042B065878C97D32AB785B324883ECDE","PCM_CONTAINER","PARSER_CANDIDATE","V1719_PCM_CONTAINER_RESEARCH","Likely sample container; parser/hardware validation needed.","90","False","False","True","NO_BINARY_OUTPUT_METADATA_ONLY"
"RAM79.PCM","E:\UAOS_OPEN_LIBRARY_SOURCE\pa3x\2020 pa1000 pa4x.SET\2020 pa1000 pa4x.SET\PCM\RAM79.PCM",".pcm","2976277","BC11ABA7127ADF491E6F57AF5B8F15622D2C373CAB033FAFCC8AE1FA385F4645","PCM_CONTAINER","PARSER_CANDIDATE","V1719_PCM_CONTAINER_RESEARCH","Likely sample container; parser/hardware validation needed.","90","False","False","True","NO_BINARY_OUTPUT_METADATA_ONLY"
"RAM79.PCM","E:\UAOS_OPEN_LIBRARY_SOURCE\pa3x\SUPER4X.3X ASLY2018.SET\SUPER4X.3X ASLY2018.SET\PCM\RAM79.PCM",".pcm","2653854","DAC8007F3C5D8E774F46D248FE9D99049F304D9B69A63DC74660CED776946949","PCM_CONTAINER","PARSER_CANDIDATE","V1719_PCM_CONTAINER_RESEARCH","Likely sample container; parser/hardware validation needed.","90","False","False","True","NO_BINARY_OUTPUT_METADATA_ONLY"
"RAM79.PCM","E:\UAOS_OPEN_LIBRARY_SOURCE\pa3x\‏‏RoTaNa(1) pa3x.SET - نسخة\tareq pa3x.SET\PCM\RAM79.PCM",".pcm","2627922","07368C9F620301C7F13EB37E32BA202ECE91CEE791693B46AC4AFE69C166FB3E","PCM_CONTAINER","PARSER_CANDIDATE","V1719_PCM_CONTAINER_RESEARCH","Likely sample container; parser/hardware validation needed.","90","False","False","True","NO_BINARY_OUTPUT_METADATA_ONLY"
"RAM80.PCM","E:\UAOS_OPEN_LIBRARY_SOURCE\pa3x\ABOUD NEXT-MG.SET\ABOUD NEXT-MG.SET\PCM\RAM80.PCM",".pcm","7791279","01D620BA4E79DF0DFF9E9DAA33A98013766C5440BFBEB69AC0755B303BA96F33","PCM_CONTAINER","PARSER_CANDIDATE","V1719_PCM_CONTAINER_RESEARCH","Likely sample container; parser/hardware validation needed.","90","False","False","True","NO_BINARY_OUTPUT_METADATA_ONLY"
"RAM80.PCM","E:\UAOS_OPEN_LIBRARY_SOURCE\pa3x\SUPER4X.3X ASLY2018.SET\SUPER4X.3X ASLY2018.SET\PCM\RAM80.PCM",".pcm","2648433","A2BB43E01E02CCF410C9CCF37C9B19511C9B152915CD0C1CEBD67D2563577F34","PCM_CONTAINER","PARSER_CANDIDATE","V1719_PCM_CONTAINER_RESEARCH","Likely sample container; parser/hardware validation needed.","90","False","False","True","NO_BINARY_OUTPUT_METADATA_ONLY"
"RAM80.PCM","E:\UAOS_OPEN_LIBRARY_SOURCE\pa3x\RoTaNa(1) pa3x.SET\tareq pa3x.SET\PCM\RAM80.PCM",".pcm","2629198","E8EB1C039453968D621AF8CD157945E84ED171A476F57A1362B54309C2A1B272","PCM_CONTAINER","PARSER_CANDIDATE","V1719_PCM_CONTAINER_RESEARCH","Likely sample container; parser/hardware validation needed.","90","False","False","True","NO_BINARY_OUTPUT_METADATA_ONLY"
"RAM80.PCM","E:\UAOS_OPEN_LIBRARY_SOURCE\pa3x\LIVE CHARKI 3 2.SET\LIVE CHARKI 3 2.SET\PCM\RAM80.PCM",".pcm","1016923","5232D2AF0F9280EAABA49BE557F041D24D8880C68F702831CC5AF38DEDA46B4A","PCM_CONTAINER","PARSER_CANDIDATE","V1719_PCM_CONTAINER_RESEARCH","Likely sample container; parser/hardware validation needed.","90","False","False","True","NO_BINARY_OUTPUT_METADATA_ONLY"
"RAM80.PCM","E:\UAOS_OPEN_LIBRARY_SOURCE\pa3x\3xxxxx.SET\3xxxxx.SET\PCM\RAM80.PCM",".pcm","2566998","315F6183FA8FDA766167E7EC576B06EABCD87544C9B305877C21B4A793F1AF3E","PCM_CONTAINER","PARSER_CANDIDATE","V1719_PCM_CONTAINER_RESEARCH","Likely sample container; parser/hardware validation needed.","90","False","False","True","NO_BINARY_OUTPUT_METADATA_ONLY"
"RAM80.PCM","E:\UAOS_OPEN_LIBRARY_SOURCE\pa3x\‏‏RoTaNa(1) pa3x.SET - نسخة\tareq pa3x.SET\PCM\RAM80.PCM",".pcm","2629198","E8EB1C039453968D621AF8CD157945E84ED171A476F57A1362B54309C2A1B272","PCM_CONTAINER","PARSER_CANDIDATE","V1719_PCM_CONTAINER_RESEARCH","Likely sample container; parser/hardware validation needed.","90","False","False","True","NO_BINARY_OUTPUT_METADATA_ONLY"
"RAM80.PCM","E:\UAOS_OPEN_LIBRARY_SOURCE\pa3x\rahm pa3x.SET\rahm pa3x.SET\PCM\RAM80.PCM",".pcm","2311774","AC7332F8E96A96DD035BCE316BFF7B2D4E0F6578F5EBDC375E21C1B0F809DEE6","PCM_CONTAINER","PARSER_CANDIDATE","V1719_PCM_CONTAINER_RESEARCH","Likely sample container; parser/hardware validation needed.","90","False","False","True","NO_BINARY_OUTPUT_METADATA_ONLY"
"RAM80.PCM","E:\UAOS_OPEN_LIBRARY_SOURCE\pa3x\ROTANA. 2022.SET\ROTANA. 2022.SET\PCM\RAM80.PCM",".pcm","5965286","135F5091FC06BB9592D5BBB4D307D3ECA9021A69424B98FC5491F6115B98AD96","PCM_CONTAINER","PARSER_CANDIDATE","V1719_PCM_CONTAINER_RESEARCH","Likely sample container; parser/hardware validation needed.","90","False","False","True","NO_BINARY_OUTPUT_METADATA_ONLY"
"RAM80.PCM","E:\UAOS_OPEN_LIBRARY_SOURCE\pa3x\a1111.SET\a1111.SET\PCM\RAM80.PCM",".pcm","5011180","BF794B4FB8E3F855CF4595F98714DCCC69D59F1D9B81EE78699426799FDD3D8B","PCM_CONTAINER","PARSER_CANDIDATE","V1719_PCM_CONTAINER_RESEARCH","Likely sample container; parser/hardware validation needed.","90","False","False","True","NO_BINARY_OUTPUT_METADATA_ONLY"
"RAM80.PCM","E:\UAOS_OPEN_LIBRARY_SOURCE\pa3x\omar44.SET\omar44.SET\PCM\RAM80.PCM",".pcm","4614340","607765774EBFA4731A69813ADBE5ECC34DA9572250686768BD7B34DD02DBB3EB","PCM_CONTAINER","PARSER_CANDIDATE","V1719_PCM_CONTAINER_RESEARCH","Likely sample container; parser/hardware validation needed.","90","False","False","True","NO_BINARY_OUTPUT_METADATA_ONLY"
"RAM80.PCM","E:\UAOS_OPEN_LIBRARY_SOURCE\pa3x\2020 pa1000 pa4x.SET\2020 pa1000 pa4x.SET\PCM\RAM80.PCM",".pcm","2921376","59027086232E4419AEDF8A369510CE9FAE9C45B162E7E602AD89143D1117E5A9","PCM_CONTAINER","PARSER_CANDIDATE","V1719_PCM_CONTAINER_RESEARCH","Likely sample container; parser/hardware validation needed.","90","False","False","True","NO_BINARY_OUTPUT_METADATA_ONLY"
"RAM81.PCM","E:\UAOS_OPEN_LIBRARY_SOURCE\pa3x\ROTANA. 2022.SET\ROTANA. 2022.SET\PCM\RAM81.PCM",".pcm","6830497","00739201CEB9A06C8591CC04C18BC7026673E5C36D1A52C63A0D2BCA4CEAA787","PCM_CONTAINER","PARSER_CANDIDATE","V1719_PCM_CONTAINER_RESEARCH","Likely sample container; parser/hardware validation needed.","90","False","False","True","NO_BINARY_OUTPUT_METADATA_ONLY"
"RAM81.PCM","E:\UAOS_OPEN_LIBRARY_SOURCE\pa3x\omar44.SET\omar44.SET\PCM\RAM81.PCM",".pcm","4261563","14F6E55C86F8DE1FB39F51D10E6912129B298137B6FED90A02DD3FFE8557B912","PCM_CONTAINER","PARSER_CANDIDATE","V1719_PCM_CONTAINER_RESEARCH","Likely sample container; parser/hardware validation needed.","90","False","False","True","NO_BINARY_OUTPUT_METADATA_ONLY"
"RAM81.PCM","E:\UAOS_OPEN_LIBRARY_SOURCE\pa3x\SUPER4X.3X ASLY2018.SET\SUPER4X.3X ASLY2018.SET\PCM\RAM81.PCM",".pcm","2836197","C6A35122925CC62BB02FF45FF3AE8F32A5F489C441E7D1DE5D6DD11C3379B94F","PCM_CONTAINER","PARSER_CANDIDATE","V1719_PCM_CONTAINER_RESEARCH","Likely sample container; parser/hardware validation needed.","90","False","False","True","NO_BINARY_OUTPUT_METADATA_ONLY"
"RAM81.PCM","E:\UAOS_OPEN_LIBRARY_SOURCE\pa3x\RoTaNa(1) pa3x.SET\tareq pa3x.SET\PCM\RAM81.PCM",".pcm","2580565","541AFF709AC8B6F491AA6F7378D8643FBED584EFAAED1DDC7D80818AD15E05F3","PCM_CONTAINER","PARSER_CANDIDATE","V1719_PCM_CONTAINER_RESEARCH","Likely sample container; parser/hardware validation needed.","90","False","False","True","NO_BINARY_OUTPUT_METADATA_ONLY"
"RAM81.PCM","E:\UAOS_OPEN_LIBRARY_SOURCE\pa3x\2020 pa1000 pa4x.SET\2020 pa1000 pa4x.SET\PCM\RAM81.PCM",".pcm","3145878","4ABCA33B1B08116BA364846D195EF81042AD7059305833E96BA18A57CCB69145","PCM_CONTAINER","PARSER_CANDIDATE","V1719_PCM_CONTAINER_RESEARCH","Likely sample container; parser/hardware validation needed.","90","False","False","True","NO_BINARY_OUTPUT_METADATA_ONLY"
"RAM81.PCM","E:\UAOS_OPEN_LIBRARY_SOURCE\pa3x\‏‏RoTaNa(1) pa3x.SET - نسخة\tareq pa3x.SET\PCM\RAM81.PCM",".pcm","2580565","541AFF709AC8B6F491AA6F7378D8643FBED584EFAAED1DDC7D80818AD15E05F3","PCM_CONTAINER","PARSER_CANDIDATE","V1719_PCM_CONTAINER_RESEARCH","Likely sample container; parser/hardware validation needed.","90","False","False","True","NO_BINARY_OUTPUT_METADATA_ONLY"
"RAM81.PCM","E:\UAOS_OPEN_LIBRARY_SOURCE\pa3x\rahm pa3x.SET\rahm pa3x.SET\PCM\RAM81.PCM",".pcm","2231038","3B78C81E1FC4174AC89950833A13945977F88B01E335C364AC102FA4B74E3D0F","PCM_CONTAINER","PARSER_CANDIDATE","V1719_PCM_CONTAINER_RESEARCH","Likely sample container; parser/hardware validation needed.","90","False","False","True","NO_BINARY_OUTPUT_METADATA_ONLY"
"RAM81.PCM","E:\UAOS_OPEN_LIBRARY_SOURCE\pa3x\LIVE CHARKI 3 2.SET\LIVE CHARKI 3 2.SET\PCM\RAM81.PCM",".pcm","1316672","8A6268020C99A26A8FBE5D6025CB9533D4FD77B5CE57F56B9D874B69B9E042D1","PCM_CONTAINER","PARSER_CANDIDATE","V1719_PCM_CONTAINER_RESEARCH","Likely sample container; parser/hardware validation needed.","90","False","False","True","NO_BINARY_OUTPUT_METADATA_ONLY"
"RAM81.PCM","E:\UAOS_OPEN_LIBRARY_SOURCE\pa3x\a1111.SET\a1111.SET\PCM\RAM81.PCM",".pcm","5731839","3BA42F7A0DD04192960E55112DD1EEB19B4C86F3FAF63E405C5646582394BC19","PCM_CONTAINER","PARSER_CANDIDATE","V1719_PCM_CONTAINER_RESEARCH","Likely sample container; parser/hardware validation needed.","90","False","False","True","NO_BINARY_OUTPUT_METADATA_ONLY"
"RAM81.PCM","E:\UAOS_OPEN_LIBRARY_SOURCE\pa3x\3xxxxx.SET\3xxxxx.SET\PCM\RAM81.PCM",".pcm","2547478","AE11098BB1D7E2D010625BFBCF4E9C5A8EAC5D217BF1D609239B0C5E5F44EAEC","PCM_CONTAINER","PARSER_CANDIDATE","V1719_PCM_CONTAINER_RESEARCH","Likely sample container; parser/hardware validation needed.","90","False","False","True","NO_BINARY_OUTPUT_METADATA_ONLY"
"RAM81.PCM","E:\UAOS_OPEN_LIBRARY_SOURCE\pa3x\ABOUD NEXT-MG.SET\ABOUD NEXT-MG.SET\PCM\RAM81.PCM",".pcm","5788509","43A7D1453955A154262BA878E9E810C2CECABE3D5464AB369099D4F540469200","PCM_CONTAINER","PARSER_CANDIDATE","V1719_PCM_CONTAINER_RESEARCH","Likely sample container; parser/hardware validation needed.","90","False","False","True","NO_BINARY_OUTPUT_METADATA_ONLY"
"RAM82.PCM","E:\UAOS_OPEN_LIBRARY_SOURCE\pa3x\SUPER4X.3X ASLY2018.SET\SUPER4X.3X ASLY2018.SET\PCM\RAM82.PCM",".pcm","2688427","D8B02E620493CC0241C8DB28405C8032519C2BDD52A772B0D389B6DAF2124116","PCM_CONTAINER","PARSER_CANDIDATE","V1719_PCM_CONTAINER_RESEARCH","Likely sample container; parser/hardware validation needed.","90","False","False","True","NO_BINARY_OUTPUT_METADATA_ONLY"
"RAM82.PCM","E:\UAOS_OPEN_LIBRARY_SOURCE\pa3x\RoTaNa(1) pa3x.SET\tareq pa3x.SET\PCM\RAM82.PCM",".pcm","2629977","D0E1C894436E3BDB91FA5C334CCFAD1A5A14BA492AECA898D9AC6B0E3FE205C4","PCM_CONTAINER","PARSER_CANDIDATE","V1719_PCM_CONTAINER_RESEARCH","Likely sample container; parser/hardware validation needed.","90","False","False","True","NO_BINARY_OUTPUT_METADATA_ONLY"
"RAM82.PCM","E:\UAOS_OPEN_LIBRARY_SOURCE\pa3x\ABOUD NEXT-MG.SET\ABOUD NEXT-MG.SET\PCM\RAM82.PCM",".pcm","6715635","B0CA1AF2A47DBE8FD3016DE9DDFCFE5A1400725B83A41EEC279C3E3CE082F8E9","PCM_CONTAINER","PARSER_CANDIDATE","V1719_PCM_CONTAINER_RESEARCH","Likely sample container; parser/hardware validation needed.","90","False","False","True","NO_BINARY_OUTPUT_METADATA_ONLY"
"RAM82.PCM","E:\UAOS_OPEN_LIBRARY_SOURCE\pa3x\rahm pa3x.SET\rahm pa3x.SET\PCM\RAM82.PCM",".pcm","2144982","2F471A9594B49D0A53563CBF4955D25FC16C69922A81A31CFDFA086A3AAEC6FA","PCM_CONTAINER","PARSER_CANDIDATE","V1719_PCM_CONTAINER_RESEARCH","Likely sample container; parser/hardware validation needed.","90","False","False","True","NO_BINARY_OUTPUT_METADATA_ONLY"
"RAM82.PCM","E:\UAOS_OPEN_LIBRARY_SOURCE\pa3x\ROTANA. 2022.SET\ROTANA. 2022.SET\PCM\RAM82.PCM",".pcm","5099438","4F08AEE339A3483EAA502F05DEAA7388678B66CB7DB6A5D026FEF6D46C1F9F31","PCM_CONTAINER","PARSER_CANDIDATE","V1719_PCM_CONTAINER_RESEARCH","Likely sample container; parser/hardware validation needed.","90","False","False","True","NO_BINARY_OUTPUT_METADATA_ONLY"
"RAM82.PCM","E:\UAOS_OPEN_LIBRARY_SOURCE\pa3x\LIVE CHARKI 3 2.SET\LIVE CHARKI 3 2.SET\PCM\RAM82.PCM",".pcm","1130031","BE39B6FCE3D92B6250B9D14E825DBC6C428597D50CACFBD36B05F6AF31AF6577","PCM_CONTAINER","PARSER_CANDIDATE","V1719_PCM_CONTAINER_RESEARCH","Likely sample container; parser/hardware validation needed.","90","False","False","True","NO_BINARY_OUTPUT_METADATA_ONLY"
"RAM82.PCM","E:\UAOS_OPEN_LIBRARY_SOURCE\pa3x\2020 pa1000 pa4x.SET\2020 pa1000 pa4x.SET\PCM\RAM82.PCM",".pcm","2897426","4C3EFDE95F3DD948351DA9B8D8B0635A235B02995BAAD77284F9FA9333F3AA7C","PCM_CONTAINER","PARSER_CANDIDATE","V1719_PCM_CONTAINER_RESEARCH","Likely sample container; parser/hardware validation needed.","90","False","False","True","NO_BINARY_OUTPUT_METADATA_ONLY"
"RAM82.PCM","E:\UAOS_OPEN_LIBRARY_SOURCE\pa3x\3xxxxx.SET\3xxxxx.SET\PCM\RAM82.PCM",".pcm","2649364","C004BCE9C9966282A8132A26EB2A101C504B8F7EA9AE3EBCE18300E353AECCED","PCM_CONTAINER","PARSER_CANDIDATE","V1719_PCM_CONTAINER_RESEARCH","Likely sample container; parser/hardware validation needed.","90","False","False","True","NO_BINARY_OUTPUT_METADATA_ONLY"
"RAM82.PCM","E:\UAOS_OPEN_LIBRARY_SOURCE\pa3x\‏‏RoTaNa(1) pa3x.SET - نسخة\tareq pa3x.SET\PCM\RAM82.PCM",".pcm","2629977","D0E1C894436E3BDB91FA5C334CCFAD1A5A14BA492AECA898D9AC6B0E3FE205C4","PCM_CONTAINER","PARSER_CANDIDATE","V1719_PCM_CONTAINER_RESEARCH","Likely sample container; parser/hardware validation needed.","90","False","False","True","NO_BINARY_OUTPUT_METADATA_ONLY"
"RAM82.PCM","E:\UAOS_OPEN_LIBRARY_SOURCE\pa3x\a1111.SET\a1111.SET\PCM\RAM82.PCM",".pcm","6217488","F2F5DBEA278A376E3E0E32933C69963DC11D20425B26AE5CA584B6D225C9BD0C","PCM_CONTAINER","PARSER_CANDIDATE","V1719_PCM_CONTAINER_RESEARCH","Likely sample container; parser/hardware validation needed.","90","False","False","True","NO_BINARY_OUTPUT_METADATA_ONLY"
"RAM82.PCM","E:\UAOS_OPEN_LIBRARY_SOURCE\pa3x\omar44.SET\omar44.SET\PCM\RAM82.PCM",".pcm","4171176","C269C0C54E3BE9FEC1EBEEE5B11915E87D05697A10D12F5BDE8F42E905E98146","PCM_CONTAINER","PARSER_CANDIDATE","V1719_PCM_CONTAINER_RESEARCH","Likely sample container; parser/hardware validation needed.","90","False","False","True","NO_BINARY_OUTPUT_METADATA_ONLY"
"RAM83.PCM","E:\UAOS_OPEN_LIBRARY_SOURCE\pa3x\2020 pa1000 pa4x.SET\2020 pa1000 pa4x.SET\PCM\RAM83.PCM",".pcm","2887191","D4792527091B704A1F0F777B930BEF51DEDA50685CC77FC9368D49F295E3AE0F","PCM_CONTAINER","PARSER_CANDIDATE","V1719_PCM_CONTAINER_RESEARCH","Likely sample container; parser/hardware validation needed.","90","False","False","True","NO_BINARY_OUTPUT_METADATA_ONLY"
"RAM83.PCM","E:\UAOS_OPEN_LIBRARY_SOURCE\pa3x\rahm pa3x.SET\rahm pa3x.SET\PCM\RAM83.PCM",".pcm","2229670","E123C0DF892FE0202C89804B7D2E3395BFF0F17528B573D5C5DEA7EEF1DA7BE7","PCM_CONTAINER","PARSER_CANDIDATE","V1719_PCM_CONTAINER_RESEARCH","Likely sample container; parser/hardware validation needed.","90","False","False","True","NO_BINARY_OUTPUT_METADATA_ONLY"
"RAM83.PCM","E:\UAOS_OPEN_LIBRARY_SOURCE\pa3x\ABOUD NEXT-MG.SET\ABOUD NEXT-MG.SET\PCM\RAM83.PCM",".pcm","6185423","82C47647081518618F26ABA49EFEF34CA02A2F69C7860EEBB0DEDCF4FDF02C45","PCM_CONTAINER","PARSER_CANDIDATE","V1719_PCM_CONTAINER_RESEARCH","Likely sample container; parser/hardware validation needed.","90","False","False","True","NO_BINARY_OUTPUT_METADATA_ONLY"
"RAM83.PCM","E:\UAOS_OPEN_LIBRARY_SOURCE\pa3x\a1111.SET\a1111.SET\PCM\RAM83.PCM",".pcm","4954521","DDA62A14CD0DFF3C136B11803C2308C9D3969CF90E616EAE43E2557AD7613B85","PCM_CONTAINER","PARSER_CANDIDATE","V1719_PCM_CONTAINER_RESEARCH","Likely sample container; parser/hardware validation needed.","90","False","False","True","NO_BINARY_OUTPUT_METADATA_ONLY"
"RAM83.PCM","E:\UAOS_OPEN_LIBRARY_SOURCE\pa3x\RoTaNa(1) pa3x.SET\tareq pa3x.SET\PCM\RAM83.PCM",".pcm","2582332","5BAA79500A9F70AAAEDCF8541EAF05C341AD6D9C8A23501633CA9C4EFED6F424","PCM_CONTAINER","PARSER_CANDIDATE","V1719_PCM_CONTAINER_RESEARCH","Likely sample container; parser/hardware validation needed.","90","False","False","True","NO_BINARY_OUTPUT_METADATA_ONLY"
"RAM83.PCM","E:\UAOS_OPEN_LIBRARY_SOURCE\pa3x\‏‏RoTaNa(1) pa3x.SET - نسخة\tareq pa3x.SET\PCM\RAM83.PCM",".pcm","2582332","5BAA79500A9F70AAAEDCF8541EAF05C341AD6D9C8A23501633CA9C4EFED6F424","PCM_CONTAINER","PARSER_CANDIDATE","V1719_PCM_CONTAINER_RESEARCH","Likely sample container; parser/hardware validation needed.","90","False","False","True","NO_BINARY_OUTPUT_METADATA_ONLY"
"RAM83.PCM","E:\UAOS_OPEN_LIBRARY_SOURCE\pa3x\ROTANA. 2022.SET\ROTANA. 2022.SET\PCM\RAM83.PCM",".pcm","5720628","1B9404251C0AA9FE7BF985812920A2A8148DACCE48ACD4C3BD15321D52E6229F","PCM_CONTAINER","PARSER_CANDIDATE","V1719_PCM_CONTAINER_RESEARCH","Likely sample container; parser/hardware validation needed.","90","False","False","True","NO_BINARY_OUTPUT_METADATA_ONLY"
"RAM83.PCM","E:\UAOS_OPEN_LIBRARY_SOURCE\pa3x\SUPER4X.3X ASLY2018.SET\SUPER4X.3X ASLY2018.SET\PCM\RAM83.PCM",".pcm","2679468","4C876D9B4754C7B488D1CA4F2656E613A1A8C7029DC692719E427C01E77026E3","PCM_CONTAINER","PARSER_CANDIDATE","V1719_PCM_CONTAINER_RESEARCH","Likely sample container; parser/hardware validation needed.","90","False","False","True","NO_BINARY_OUTPUT_METADATA_ONLY"
"RAM83.PCM","E:\UAOS_OPEN_LIBRARY_SOURCE\pa3x\3xxxxx.SET\3xxxxx.SET\PCM\RAM83.PCM",".pcm","2693607","31B5CD4C096062F13DA2C568E7FEBA32EFE2AE0B9EAF64AE181FB20705DF2AEC","PCM_CONTAINER","PARSER_CANDIDATE","V1719_PCM_CONTAINER_RESEARCH","Likely sample container; parser/hardware validation needed.","90","False","False","True","NO_BINARY_OUTPUT_METADATA_ONLY"
"RAM83.PCM","E:\UAOS_OPEN_LIBRARY_SOURCE\pa3x\omar44.SET\omar44.SET\PCM\RAM83.PCM",".pcm","4137182","6DF8EA609DC16783707A353F13F5E2E15160879D38EC0E9BA93402C2480B7487","PCM_CONTAINER","PARSER_CANDIDATE","V1719_PCM_CONTAINER_RESEARCH","Likely sample container; parser/hardware validation needed.","90","False","False","True","NO_BINARY_OUTPUT_METADATA_ONLY"
"RAM83.PCM","E:\UAOS_OPEN_LIBRARY_SOURCE\pa3x\LIVE CHARKI 3 2.SET\LIVE CHARKI 3 2.SET\PCM\RAM83.PCM",".pcm","1306464","15DEA6869774F4234AC6EFA80D5FAAD5C508821E0D5345EEA06FCB7E1ACF0065","PCM_CONTAINER","PARSER_CANDIDATE","V1719_PCM_CONTAINER_RESEARCH","Likely sample container; parser/hardware validation needed.","90","False","False","True","NO_BINARY_OUTPUT_METADATA_ONLY"
"RAM84.PCM","E:\UAOS_OPEN_LIBRARY_SOURCE\pa3x\RoTaNa(1) pa3x.SET\tareq pa3x.SET\PCM\RAM84.PCM",".pcm","2591868","46782D7149455E25C09B7374E958BFFF123DB3F15261EE464F9E1BCE0DDE1C1B","PCM_CONTAINER","PARSER_CANDIDATE","V1719_PCM_CONTAINER_RESEARCH","Likely sample container; parser/hardware validation needed.","90","False","False","True","NO_BINARY_OUTPUT_METADATA_ONLY"
"RAM84.PCM","E:\UAOS_OPEN_LIBRARY_SOURCE\pa3x\rahm pa3x.SET\rahm pa3x.SET\PCM\RAM84.PCM",".pcm","2103754","C5A4193DB251C77BD195AC1FAB8FEA11D9B27A4B33E717128A24E5A9499D02C8","PCM_CONTAINER","PARSER_CANDIDATE","V1719_PCM_CONTAINER_RESEARCH","Likely sample container; parser/hardware validation needed.","90","False","False","True","NO_BINARY_OUTPUT_METADATA_ONLY"
"RAM84.PCM","E:\UAOS_OPEN_LIBRARY_SOURCE\pa3x\a1111.SET\a1111.SET\PCM\RAM84.PCM",".pcm","6457404","898D05EC5E16BDD02C49AEDCEE33DE69970D56904F6FD316C19CF089EB004147","PCM_CONTAINER","PARSER_CANDIDATE","V1719_PCM_CONTAINER_RESEARCH","Likely sample container; parser/hardware validation needed.","90","False","False","True","NO_BINARY_OUTPUT_METADATA_ONLY"
"RAM84.PCM","E:\UAOS_OPEN_LIBRARY_SOURCE\pa3x\LIVE CHARKI 3 2.SET\LIVE CHARKI 3 2.SET\PCM\RAM84.PCM",".pcm","1389941","992D7313CA966B82547BA1B288D4F0FBBEF8650AED524F59D8B3D392F859363B","PCM_CONTAINER","PARSER_CANDIDATE","V1719_PCM_CONTAINER_RESEARCH","Likely sample container; parser/hardware validation needed.","90","False","False","True","NO_BINARY_OUTPUT_METADATA_ONLY"
"RAM84.PCM","E:\UAOS_OPEN_LIBRARY_SOURCE\pa3x\‏‏RoTaNa(1) pa3x.SET - نسخة\tareq pa3x.SET\PCM\RAM84.PCM",".pcm","2591868","46782D7149455E25C09B7374E958BFFF123DB3F15261EE464F9E1BCE0DDE1C1B","PCM_CONTAINER","PARSER_CANDIDATE","V1719_PCM_CONTAINER_RESEARCH","Likely sample container; parser/hardware validation needed.","90","False","False","True","NO_BINARY_OUTPUT_METADATA_ONLY"
"RAM84.PCM","E:\UAOS_OPEN_LIBRARY_SOURCE\pa3x\3xxxxx.SET\3xxxxx.SET\PCM\RAM84.PCM",".pcm","2544145","2EFCED6764D9D9383BAF2EAD6C9B7397E7F987A3F1EE716995A24B987D7A63D3","PCM_CONTAINER","PARSER_CANDIDATE","V1719_PCM_CONTAINER_RESEARCH","Likely sample container; parser/hardware validation needed.","90","False","False","True","NO_BINARY_OUTPUT_METADATA_ONLY"
"RAM84.PCM","E:\UAOS_OPEN_LIBRARY_SOURCE\pa3x\ABOUD NEXT-MG.SET\ABOUD NEXT-MG.SET\PCM\RAM84.PCM",".pcm","6540371","D85F74FCC0333C6F39189ACA29071BCDDF3B8CB2BB854783698EB63F9866BB67","PCM_CONTAINER","PARSER_CANDIDATE","V1719_PCM_CONTAINER_RESEARCH","Likely sample container; parser/hardware validation needed.","90","False","False","True","NO_BINARY_OUTPUT_METADATA_ONLY"
"RAM84.PCM","E:\UAOS_OPEN_LIBRARY_SOURCE\pa3x\omar44.SET\omar44.SET\PCM\RAM84.PCM",".pcm","4264839","38C7305A24161F63191917C4DB694CF8D483658E16C57100C5D6D20D5343B7BB","PCM_CONTAINER","PARSER_CANDIDATE","V1719_PCM_CONTAINER_RESEARCH","Likely sample container; parser/hardware validation needed.","90","False","False","True","NO_BINARY_OUTPUT_METADATA_ONLY"
"RAM84.PCM","E:\UAOS_OPEN_LIBRARY_SOURCE\pa3x\2020 pa1000 pa4x.SET\2020 pa1000 pa4x.SET\PCM\RAM84.PCM",".pcm","3142790","44B98216FF910B89E62D814DF73290D0A4FF917B00AB207E8DB8F92D07F55504","PCM_CONTAINER","PARSER_CANDIDATE","V1719_PCM_CONTAINER_RESEARCH","Likely sample container; parser/hardware validation needed.","90","False","False","True","NO_BINARY_OUTPUT_METADATA_ONLY"
"RAM84.PCM","E:\UAOS_OPEN_LIBRARY_SOURCE\pa3x\ROTANA. 2022.SET\ROTANA. 2022.SET\PCM\RAM84.PCM",".pcm","4447216","5DBA623F07547E4C41A99B5601CB1173D5DD4A74047981FE10CFFD2DEFF00EB1","PCM_CONTAINER","PARSER_CANDIDATE","V1719_PCM_CONTAINER_RESEARCH","Likely sample container; parser/hardware validation needed.","90","False","False","True","NO_BINARY_OUTPUT_METADATA_ONLY"
"RAM84.PCM","E:\UAOS_OPEN_LIBRARY_SOURCE\pa3x\SUPER4X.3X ASLY2018.SET\SUPER4X.3X ASLY2018.SET\PCM\RAM84.PCM",".pcm","2671574","1F6DC4D1BC05522BDAAB052A5729B9508F3204FBB488AB4DC2FAD18F8B6903CE","PCM_CONTAINER","PARSER_CANDIDATE","V1719_PCM_CONTAINER_RESEARCH","Likely sample container; parser/hardware validation needed.","90","False","False","True","NO_BINARY_OUTPUT_METADATA_ONLY"
"RAM85.PCM","E:\UAOS_OPEN_LIBRARY_SOURCE\pa3x\2020 pa1000 pa4x.SET\2020 pa1000 pa4x.SET\PCM\RAM85.PCM",".pcm","2881720","3C8DB84E495A03F92D902536952C33AA34ABB9119A4E0F79C2C8595D8E6542EF","PCM_CONTAINER","PARSER_CANDIDATE","V1719_PCM_CONTAINER_RESEARCH","Likely sample container; parser/hardware validation needed.","90","False","False","True","NO_BINARY_OUTPUT_METADATA_ONLY"
"RAM85.PCM","E:\UAOS_OPEN_LIBRARY_SOURCE\pa3x\omar44.SET\omar44.SET\PCM\RAM85.PCM",".pcm","4352277","D89C83DFE0827ADE12CFC5E408671AC129B7AFEBE622C145D18ED59D76746919","PCM_CONTAINER","PARSER_CANDIDATE","V1719_PCM_CONTAINER_RESEARCH","Likely sample container; parser/hardware validation needed.","90","False","False","True","NO_BINARY_OUTPUT_METADATA_ONLY"
"RAM85.PCM","E:\UAOS_OPEN_LIBRARY_SOURCE\pa3x\‏‏RoTaNa(1) pa3x.SET - نسخة\tareq pa3x.SET\PCM\RAM85.PCM",".pcm","2715972","312CC6EFA942ECD83F10835E1BAFF7DA87CC8049F9EE83CCC07515651DDE6BB5","PCM_CONTAINER","PARSER_CANDIDATE","V1719_PCM_CONTAINER_RESEARCH","Likely sample container; parser/hardware validation needed.","90","False","False","True","NO_BINARY_OUTPUT_METADATA_ONLY"
"RAM85.PCM","E:\UAOS_OPEN_LIBRARY_SOURCE\pa3x\RoTaNa(1) pa3x.SET\tareq pa3x.SET\PCM\RAM85.PCM",".pcm","2715972","312CC6EFA942ECD83F10835E1BAFF7DA87CC8049F9EE83CCC07515651DDE6BB5","PCM_CONTAINER","PARSER_CANDIDATE","V1719_PCM_CONTAINER_RESEARCH","Likely sample container; parser/hardware validation needed.","90","False","False","True","NO_BINARY_OUTPUT_METADATA_ONLY"
"RAM85.PCM","E:\UAOS_OPEN_LIBRARY_SOURCE\pa3x\SUPER4X.3X ASLY2018.SET\SUPER4X.3X ASLY2018.SET\PCM\RAM85.PCM",".pcm","3006088","D2EE7F5565DC07D9CA3F09E0D5A57096AC18F539ED6A341AA4A4C3A1D3C1E9F3","PCM_CONTAINER","PARSER_CANDIDATE","V1719_PCM_CONTAINER_RESEARCH","Likely sample container; parser/hardware validation needed.","90","False","False","True","NO_BINARY_OUTPUT_METADATA_ONLY"
"RAM85.PCM","E:\UAOS_OPEN_LIBRARY_SOURCE\pa3x\LIVE CHARKI 3 2.SET\LIVE CHARKI 3 2.SET\PCM\RAM85.PCM",".pcm","1099445","2DB8A2D3B10FE60AC955B712D89BEBD884887895FAA62D625A778D7E3E023ED5","PCM_CONTAINER","PARSER_CANDIDATE","V1719_PCM_CONTAINER_RESEARCH","Likely sample container; parser/hardware validation needed.","90","False","False","True","NO_BINARY_OUTPUT_METADATA_ONLY"
"RAM85.PCM","E:\UAOS_OPEN_LIBRARY_SOURCE\pa3x\ABOUD NEXT-MG.SET\ABOUD NEXT-MG.SET\PCM\RAM85.PCM",".pcm","7849982","01500608B2E07E715663DCAA9863784F68B3CBE5AE5E1DBE86E706A591888695","PCM_CONTAINER","PARSER_CANDIDATE","V1719_PCM_CONTAINER_RESEARCH","Likely sample container; parser/hardware validation needed.","90","False","False","True","NO_BINARY_OUTPUT_METADATA_ONLY"
"RAM85.PCM","E:\UAOS_OPEN_LIBRARY_SOURCE\pa3x\3xxxxx.SET\3xxxxx.SET\PCM\RAM85.PCM",".pcm","2630348","8AE7BF2D34BDF7429D3F842D01566EEE739BAF72D1F487B971FD6166201532D5","PCM_CONTAINER","PARSER_CANDIDATE","V1719_PCM_CONTAINER_RESEARCH","Likely sample container; parser/hardware validation needed.","90","False","False","True","NO_BINARY_OUTPUT_METADATA_ONLY"
"RAM85.PCM","E:\UAOS_OPEN_LIBRARY_SOURCE\pa3x\a1111.SET\a1111.SET\PCM\RAM85.PCM",".pcm","6027237","62460A55FF413AE1E416DEF1D9CE2B9C57148075E83848C1F5EA310C527A145E","PCM_CONTAINER","PARSER_CANDIDATE","V1719_PCM_CONTAINER_RESEARCH","Likely sample container; parser/hardware validation needed.","90","False","False","True","NO_BINARY_OUTPUT_METADATA_ONLY"
"RAM85.PCM","E:\UAOS_OPEN_LIBRARY_SOURCE\pa3x\ROTANA. 2022.SET\ROTANA. 2022.SET\PCM\RAM85.PCM",".pcm","5232338","9DB9E441F3B571AA93F353F170563E72149C822BC53F3F5BB564CCC5A4B6F29C","PCM_CONTAINER","PARSER_CANDIDATE","V1719_PCM_CONTAINER_RESEARCH","Likely sample container; parser/hardware validation needed.","90","False","False","True","NO_BINARY_OUTPUT_METADATA_ONLY"
"RAM85.PCM","E:\UAOS_OPEN_LIBRARY_SOURCE\pa3x\rahm pa3x.SET\rahm pa3x.SET\PCM\RAM85.PCM",".pcm","2129424","EC5E0193A4683B94DFD13E7BE139374E918C279C30CEAB8FFC5949520D6BB816","PCM_CONTAINER","PARSER_CANDIDATE","V1719_PCM_CONTAINER_RESEARCH","Likely sample container; parser/hardware validation needed.","90","False","False","True","NO_BINARY_OUTPUT_METADATA_ONLY"
"RAM86.PCM","E:\UAOS_OPEN_LIBRARY_SOURCE\pa3x\RoTaNa(1) pa3x.SET\tareq pa3x.SET\PCM\RAM86.PCM",".pcm","2580528","FE09026ECCD93EACFAAA7E4F747E69E0172FBC43DF97D63895EF4DEB1AD49CC3","PCM_CONTAINER","PARSER_CANDIDATE","V1719_PCM_CONTAINER_RESEARCH","Likely sample container; parser/hardware validation needed.","90","False","False","True","NO_BINARY_OUTPUT_METADATA_ONLY"
"RAM86.PCM","E:\UAOS_OPEN_LIBRARY_SOURCE\pa3x\ABOUD NEXT-MG.SET\ABOUD NEXT-MG.SET\PCM\RAM86.PCM",".pcm","6041552","C184035BEA0F0254D991EEF8DBDBDD6352B4E65588FCEE3F5A19DFCC5A3B7387","PCM_CONTAINER","PARSER_CANDIDATE","V1719_PCM_CONTAINER_RESEARCH","Likely sample container; parser/hardware validation needed.","90","False","False","True","NO_BINARY_OUTPUT_METADATA_ONLY"
"RAM86.PCM","E:\UAOS_OPEN_LIBRARY_SOURCE\pa3x\2020 pa1000 pa4x.SET\2020 pa1000 pa4x.SET\PCM\RAM86.PCM",".pcm","3143108","F2F4C2CE8072EDE97FAFF4515EEB5FBA660F72AEC183E5EB8694D327D6BFA87A","PCM_CONTAINER","PARSER_CANDIDATE","V1719_PCM_CONTAINER_RESEARCH","Likely sample container; parser/hardware validation needed.","90","False","False","True","NO_BINARY_OUTPUT_METADATA_ONLY"
"RAM86.PCM","E:\UAOS_OPEN_LIBRARY_SOURCE\pa3x\LIVE CHARKI 3 2.SET\LIVE CHARKI 3 2.SET\PCM\RAM86.PCM",".pcm","1061002","4E2F1A420B4197E10D5F8125B9E0204E90C769AF0ADC0BC3B9D554D08EF840C8","PCM_CONTAINER","PARSER_CANDIDATE","V1719_PCM_CONTAINER_RESEARCH","Likely sample container; parser/hardware validation needed.","90","False","False","True","NO_BINARY_OUTPUT_METADATA_ONLY"
"RAM86.PCM","E:\UAOS_OPEN_LIBRARY_SOURCE\pa3x\3xxxxx.SET\3xxxxx.SET\PCM\RAM86.PCM",".pcm","2539942","3FF46EBFE9DC3E16D33348260EFE27CF4C8CAFCA4A13699092D883A64E0789C0","PCM_CONTAINER","PARSER_CANDIDATE","V1719_PCM_CONTAINER_RESEARCH","Likely sample container; parser/hardware validation needed.","90","False","False","True","NO_BINARY_OUTPUT_METADATA_ONLY"
"RAM86.PCM","E:\UAOS_OPEN_LIBRARY_SOURCE\pa3x\rahm pa3x.SET\rahm pa3x.SET\PCM\RAM86.PCM",".pcm","2110545","52910B6EF8050ACB2FCB4DB0B8BD43CA6802F2A04F0581E4F6D584244372CA73","PCM_CONTAINER","PARSER_CANDIDATE","V1719_PCM_CONTAINER_RESEARCH","Likely sample container; parser/hardware validation needed.","90","False","False","True","NO_BINARY_OUTPUT_METADATA_ONLY"
"RAM86.PCM","E:\UAOS_OPEN_LIBRARY_SOURCE\pa3x\‏‏RoTaNa(1) pa3x.SET - نسخة\tareq pa3x.SET\PCM\RAM86.PCM",".pcm","2580528","FE09026ECCD93EACFAAA7E4F747E69E0172FBC43DF97D63895EF4DEB1AD49CC3","PCM_CONTAINER","PARSER_CANDIDATE","V1719_PCM_CONTAINER_RESEARCH","Likely sample container; parser/hardware validation needed.","90","False","False","True","NO_BINARY_OUTPUT_METADATA_ONLY"
"RAM86.PCM","E:\UAOS_OPEN_LIBRARY_SOURCE\pa3x\a1111.SET\a1111.SET\PCM\RAM86.PCM",".pcm","5306262","3A90A97337666609E49995B7D3977CF564B45536A015B84DFF54FC71BB744DE3","PCM_CONTAINER","PARSER_CANDIDATE","V1719_PCM_CONTAINER_RESEARCH","Likely sample container; parser/hardware validation needed.","90","False","False","True","NO_BINARY_OUTPUT_METADATA_ONLY"
"RAM86.PCM","E:\UAOS_OPEN_LIBRARY_SOURCE\pa3x\omar44.SET\omar44.SET\PCM\RAM86.PCM",".pcm","4365385","4EC3716AD8235CFC488D643BBF67210859532DD7E8CAB69D26CFC96D47D24777","PCM_CONTAINER","PARSER_CANDIDATE","V1719_PCM_CONTAINER_RESEARCH","Likely sample container; parser/hardware validation needed.","90","False","False","True","NO_BINARY_OUTPUT_METADATA_ONLY"
"RAM86.PCM","E:\UAOS_OPEN_LIBRARY_SOURCE\pa3x\SUPER4X.3X ASLY2018.SET\SUPER4X.3X ASLY2018.SET\PCM\RAM86.PCM",".pcm","2651528","5687FB20CE5163EC07A6A51ED848E6BC82BE6EFC824507DB1E489445D48482C4","PCM_CONTAINER","PARSER_CANDIDATE","V1719_PCM_CONTAINER_RESEARCH","Likely sample container; parser/hardware validation needed.","90","False","False","True","NO_BINARY_OUTPUT_METADATA_ONLY"
"RAM86.PCM","E:\UAOS_OPEN_LIBRARY_SOURCE\pa3x\ROTANA. 2022.SET\ROTANA. 2022.SET\PCM\RAM86.PCM",".pcm","5572988","4F6530D6859CBB771DED947D21B276527054CC3C28307A5A694C389AA53CB098","PCM_CONTAINER","PARSER_CANDIDATE","V1719_PCM_CONTAINER_RESEARCH","Likely sample container; parser/hardware validation needed.","90","False","False","True","NO_BINARY_OUTPUT_METADATA_ONLY"
"RAM87.PCM","E:\UAOS_OPEN_LIBRARY_SOURCE\pa3x\LIVE CHARKI 3 2.SET\LIVE CHARKI 3 2.SET\PCM\RAM87.PCM",".pcm","1240483","C08CC83ECD8D573F93ABBCFFA0DF314A6FCD5300BB0DBABB4B3564FBBD806E4D","PCM_CONTAINER","PARSER_CANDIDATE","V1719_PCM_CONTAINER_RESEARCH","Likely sample container; parser/hardware validation needed.","90","False","False","True","NO_BINARY_OUTPUT_METADATA_ONLY"
"RAM87.PCM","E:\UAOS_OPEN_LIBRARY_SOURCE\pa3x\‏‏RoTaNa(1) pa3x.SET - نسخة\tareq pa3x.SET\PCM\RAM87.PCM",".pcm","2582968","6DD632C307825FB355C87EBB97FB8DB3B9FC9FED7B4BD7F6579C8E8935E5FDAC","PCM_CONTAINER","PARSER_CANDIDATE","V1719_PCM_CONTAINER_RESEARCH","Likely sample container; parser/hardware validation needed.","90","False","False","True","NO_BINARY_OUTPUT_METADATA_ONLY"
"RAM87.PCM","E:\UAOS_OPEN_LIBRARY_SOURCE\pa3x\omar44.SET\omar44.SET\PCM\RAM87.PCM",".pcm","4360404","EB37AB942460A945711A0B27C6D40392EE4CE0A2D53200C6658979DCBFE5A131","PCM_CONTAINER","PARSER_CANDIDATE","V1719_PCM_CONTAINER_RESEARCH","Likely sample container; parser/hardware validation needed.","90","False","False","True","NO_BINARY_OUTPUT_METADATA_ONLY"
"RAM87.PCM","E:\UAOS_OPEN_LIBRARY_SOURCE\pa3x\a1111.SET\a1111.SET\PCM\RAM87.PCM",".pcm","6560476","544D3417327BD8845EE047782D57FABD0F721F36CE2539B66ABC0AE777524F96","PCM_CONTAINER","PARSER_CANDIDATE","V1719_PCM_CONTAINER_RESEARCH","Likely sample container; parser/hardware validation needed.","90","False","False","True","NO_BINARY_OUTPUT_METADATA_ONLY"
"RAM87.PCM","E:\UAOS_OPEN_LIBRARY_SOURCE\pa3x\SUPER4X.3X ASLY2018.SET\SUPER4X.3X ASLY2018.SET\PCM\RAM87.PCM",".pcm","2747710","E764766B80891954CBC2AECB8F5877E2C4B1F0605FC7C596EE9D022E87491A5C","PCM_CONTAINER","PARSER_CANDIDATE","V1719_PCM_CONTAINER_RESEARCH","Likely sample container; parser/hardware validation needed.","90","False","False","True","NO_BINARY_OUTPUT_METADATA_ONLY"
"RAM87.PCM","E:\UAOS_OPEN_LIBRARY_SOURCE\pa3x\RoTaNa(1) pa3x.SET\tareq pa3x.SET\PCM\RAM87.PCM",".pcm","2582968","6DD632C307825FB355C87EBB97FB8DB3B9FC9FED7B4BD7F6579C8E8935E5FDAC","PCM_CONTAINER","PARSER_CANDIDATE","V1719_PCM_CONTAINER_RESEARCH","Likely sample container; parser/hardware validation needed.","90","False","False","True","NO_BINARY_OUTPUT_METADATA_ONLY"
"RAM87.PCM","E:\UAOS_OPEN_LIBRARY_SOURCE\pa3x\2020 pa1000 pa4x.SET\2020 pa1000 pa4x.SET\PCM\RAM87.PCM",".pcm","2937748","F1278C3FC78BC5EC9CA17F28264B442B432A2D8568DFEFB473AAD59045994AC1","PCM_CONTAINER","PARSER_CANDIDATE","V1719_PCM_CONTAINER_RESEARCH","Likely sample container; parser/hardware validation needed.","90","False","False","True","NO_BINARY_OUTPUT_METADATA_ONLY"
"RAM87.PCM","E:\UAOS_OPEN_LIBRARY_SOURCE\pa3x\ROTANA. 2022.SET\ROTANA. 2022.SET\PCM\RAM87.PCM",".pcm","5598104","38395BC706015F705D1C8F58CE1FD35DBBCF5C6330F6283297A5E45B6A11662B","PCM_CONTAINER","PARSER_CANDIDATE","V1719_PCM_CONTAINER_RESEARCH","Likely sample container; parser/hardware validation needed.","90","False","False","True","NO_BINARY_OUTPUT_METADATA_ONLY"
"RAM87.PCM","E:\UAOS_OPEN_LIBRARY_SOURCE\pa3x\rahm pa3x.SET\rahm pa3x.SET\PCM\RAM87.PCM",".pcm","2149295","7D7D8BA17695F3ABF4EDDFBCE3B1CF471AEF3D9E5B4FA694774B1EF4087A8779","PCM_CONTAINER","PARSER_CANDIDATE","V1719_PCM_CONTAINER_RESEARCH","Likely sample container; parser/hardware validation needed.","90","False","False","True","NO_BINARY_OUTPUT_METADATA_ONLY"
"RAM87.PCM","E:\UAOS_OPEN_LIBRARY_SOURCE\pa3x\3xxxxx.SET\3xxxxx.SET\PCM\RAM87.PCM",".pcm","3719367","AB9640A0CC38668B9866615D9F3F9115A77B8C8961CB974A11E85044351903FC","PCM_CONTAINER","PARSER_CANDIDATE","V1719_PCM_CONTAINER_RESEARCH","Likely sample container; parser/hardware validation needed.","90","False","False","True","NO_BINARY_OUTPUT_METADATA_ONLY"
"RAM87.PCM","E:\UAOS_OPEN_LIBRARY_SOURCE\pa3x\ABOUD NEXT-MG.SET\ABOUD NEXT-MG.SET\PCM\RAM87.PCM",".pcm","6389117","856AC22E5787458758B14B0AB4BFA73AB5B0AF24E7D0DE8F7CFDBF63199368FD","PCM_CONTAINER","PARSER_CANDIDATE","V1719_PCM_CONTAINER_RESEARCH","Likely sample container; parser/hardware validation needed.","90","False","False","True","NO_BINARY_OUTPUT_METADATA_ONLY"
"RAM88.PCM","E:\UAOS_OPEN_LIBRARY_SOURCE\pa3x\3xxxxx.SET\3xxxxx.SET\PCM\RAM88.PCM",".pcm","2565472","F705B88BAE3CE11498FD8154C0F6DF7770C1E66305B3D45EF5765C806AB13101","PCM_CONTAINER","PARSER_CANDIDATE","V1719_PCM_CONTAINER_RESEARCH","Likely sample container; parser/hardware validation needed.","90","False","False","True","NO_BINARY_OUTPUT_METADATA_ONLY"
"RAM88.PCM","E:\UAOS_OPEN_LIBRARY_SOURCE\pa3x\2020 pa1000 pa4x.SET\2020 pa1000 pa4x.SET\PCM\RAM88.PCM",".pcm","3383504","DC08599301279E20BF26EC07A837FA8E248EE29D90E92FBBCCC9A8C4F4012AD6","PCM_CONTAINER","PARSER_CANDIDATE","V1719_PCM_CONTAINER_RESEARCH","Likely sample container; parser/hardware validation needed.","90","False","False","True","NO_BINARY_OUTPUT_METADATA_ONLY"
"RAM88.PCM","E:\UAOS_OPEN_LIBRARY_SOURCE\pa3x\ABOUD NEXT-MG.SET\ABOUD NEXT-MG.SET\PCM\RAM88.PCM",".pcm","4737688","E95812ACD5938E814ACDBCD7874F710D56AFD477BFAD834F81F75F63327B3353","PCM_CONTAINER","PARSER_CANDIDATE","V1719_PCM_CONTAINER_RESEARCH","Likely sample container; parser/hardware validation needed.","90","False","False","True","NO_BINARY_OUTPUT_METADATA_ONLY"
"RAM88.PCM","E:\UAOS_OPEN_LIBRARY_SOURCE\pa3x\rahm pa3x.SET\rahm pa3x.SET\PCM\RAM88.PCM",".pcm","3576036","169CADFD60DF39B7CEA411B2EC7AC576BB32AB14425387F8A4DDF8C8CB6EA236","PCM_CONTAINER","PARSER_CANDIDATE","V1719_PCM_CONTAINER_RESEARCH","Likely sample container; parser/hardware validation needed.","90","False","False","True","NO_BINARY_OUTPUT_METADATA_ONLY"
"RAM88.PCM","E:\UAOS_OPEN_LIBRARY_SOURCE\pa3x\‏‏RoTaNa(1) pa3x.SET - نسخة\tareq pa3x.SET\PCM\RAM88.PCM",".pcm","2570972","055F0D3FFA621AFB3A64C4E04077912C6D99CE6D8F7C8501F448555CD27C16E2","PCM_CONTAINER","PARSER_CANDIDATE","V1719_PCM_CONTAINER_RESEARCH","Likely sample container; parser/hardware validation needed.","90","False","False","True","NO_BINARY_OUTPUT_METADATA_ONLY"
"RAM88.PCM","E:\UAOS_OPEN_LIBRARY_SOURCE\pa3x\SUPER4X.3X ASLY2018.SET\SUPER4X.3X ASLY2018.SET\PCM\RAM88.PCM",".pcm","2728026","FC11D8828F44EF3DA881EE24367A6EA76EFEFD7EA94A02B38479AE0D410F7069","PCM_CONTAINER","PARSER_CANDIDATE","V1719_PCM_CONTAINER_RESEARCH","Likely sample container; parser/hardware validation needed.","90","False","False","True","NO_BINARY_OUTPUT_METADATA_ONLY"
"RAM88.PCM","E:\UAOS_OPEN_LIBRARY_SOURCE\pa3x\ROTANA. 2022.SET\ROTANA. 2022.SET\PCM\RAM88.PCM",".pcm","5542492","4CF23502B46022094F34830E3E3F6518F4AFBF786EC69FFCCD17293026063E77","PCM_CONTAINER","PARSER_CANDIDATE","V1719_PCM_CONTAINER_RESEARCH","Likely sample container; parser/hardware validation needed.","90","False","False","True","NO_BINARY_OUTPUT_METADATA_ONLY"
"RAM88.PCM","E:\UAOS_OPEN_LIBRARY_SOURCE\pa3x\omar44.SET\omar44.SET\PCM\RAM88.PCM",".pcm","4700328","8C77D9F55E656097BA337CABC20E633144F4746E81CC27DB8DAA6DEC160C9F74","PCM_CONTAINER","PARSER_CANDIDATE","V1719_PCM_CONTAINER_RESEARCH","Likely sample container; parser/hardware validation needed.","90","False","False","True","NO_BINARY_OUTPUT_METADATA_ONLY"
"RAM88.PCM","E:\UAOS_OPEN_LIBRARY_SOURCE\pa3x\RoTaNa(1) pa3x.SET\tareq pa3x.SET\PCM\RAM88.PCM",".pcm","2570972","055F0D3FFA621AFB3A64C4E04077912C6D99CE6D8F7C8501F448555CD27C16E2","PCM_CONTAINER","PARSER_CANDIDATE","V1719_PCM_CONTAINER_RESEARCH","Likely sample container; parser/hardware validation needed.","90","False","False","True","NO_BINARY_OUTPUT_METADATA_ONLY"
"RAM88.PCM","E:\UAOS_OPEN_LIBRARY_SOURCE\pa3x\a1111.SET\a1111.SET\PCM\RAM88.PCM",".pcm","7411636","8C89395CAB3AE6ADD60DAD20535786B6433B39A8903B672FBC194C841039F37A","PCM_CONTAINER","PARSER_CANDIDATE","V1719_PCM_CONTAINER_RESEARCH","Likely sample container; parser/hardware validation needed.","90","False","False","True","NO_BINARY_OUTPUT_METADATA_ONLY"
"RAM88.PCM","E:\UAOS_OPEN_LIBRARY_SOURCE\pa3x\LIVE CHARKI 3 2.SET\LIVE CHARKI 3 2.SET\PCM\RAM88.PCM",".pcm","1339805","C25B1A5C94F3270BFA8A47F5468E1F088265F21DE06CFA89E7C8BFD8E8DC3509","PCM_CONTAINER","PARSER_CANDIDATE","V1719_PCM_CONTAINER_RESEARCH","Likely sample container; parser/hardware validation needed.","90","False","False","True","NO_BINARY_OUTPUT_METADATA_ONLY"
"RAM89.PCM","E:\UAOS_OPEN_LIBRARY_SOURCE\pa3x\SUPER4X.3X ASLY2018.SET\SUPER4X.3X ASLY2018.SET\PCM\RAM89.PCM",".pcm","2673548","EB9CEB7FD97E273E72739111E1E0EBCC1E5B06FF085CA56B26FED61478E41F29","PCM_CONTAINER","PARSER_CANDIDATE","V1719_PCM_CONTAINER_RESEARCH","Likely sample container; parser/hardware validation needed.","90","False","False","True","NO_BINARY_OUTPUT_METADATA_ONLY"
"RAM89.PCM","E:\UAOS_OPEN_LIBRARY_SOURCE\pa3x\ABOUD NEXT-MG.SET\ABOUD NEXT-MG.SET\PCM\RAM89.PCM",".pcm","5666887","3DCC6DB2623885D906B159C6B6A7FB580A8ADCA834E44D531C2C727D2A4D3526","PCM_CONTAINER","PARSER_CANDIDATE","V1719_PCM_CONTAINER_RESEARCH","Likely sample container; parser/hardware validation needed.","90","False","False","True","NO_BINARY_OUTPUT_METADATA_ONLY"
"RAM89.PCM","E:\UAOS_OPEN_LIBRARY_SOURCE\pa3x\3xxxxx.SET\3xxxxx.SET\PCM\RAM89.PCM",".pcm","2541796","2B9286B4C69ACF2B226BE9DF101B68181CD7B38FF3422EDB5CA422A1275B3877","PCM_CONTAINER","PARSER_CANDIDATE","V1719_PCM_CONTAINER_RESEARCH","Likely sample container; parser/hardware validation needed.","90","False","False","True","NO_BINARY_OUTPUT_METADATA_ONLY"
"RAM89.PCM","E:\UAOS_OPEN_LIBRARY_SOURCE\pa3x\omar44.SET\omar44.SET\PCM\RAM89.PCM",".pcm","4112447","894E5A83811A17A2245A3139E3505F13C24AD8D788B0293475F8E84BF3B2E209","PCM_CONTAINER","PARSER_CANDIDATE","V1719_PCM_CONTAINER_RESEARCH","Likely sample container; parser/hardware validation needed.","90","False","False","True","NO_BINARY_OUTPUT_METADATA_ONLY"
"RAM89.PCM","E:\UAOS_OPEN_LIBRARY_SOURCE\pa3x\rahm pa3x.SET\rahm pa3x.SET\PCM\RAM89.PCM",".pcm","2117490","590DB816117CFD6A11B8550FC38924A140DEF10B442E1FD2E9B78755455DC23D","PCM_CONTAINER","PARSER_CANDIDATE","V1719_PCM_CONTAINER_RESEARCH","Likely sample container; parser/hardware validation needed.","90","False","False","True","NO_BINARY_OUTPUT_METADATA_ONLY"
"RAM89.PCM","E:\UAOS_OPEN_LIBRARY_SOURCE\pa3x\ROTANA. 2022.SET\ROTANA. 2022.SET\PCM\RAM89.PCM",".pcm","5289592","6D0FA686ACD7C43FC71A64F5A7990743D0A5E6218A4D09BAE65F0AD7CF330035","PCM_CONTAINER","PARSER_CANDIDATE","V1719_PCM_CONTAINER_RESEARCH","Likely sample container; parser/hardware validation needed.","90","False","False","True","NO_BINARY_OUTPUT_METADATA_ONLY"
"RAM89.PCM","E:\UAOS_OPEN_LIBRARY_SOURCE\pa3x\2020 pa1000 pa4x.SET\2020 pa1000 pa4x.SET\PCM\RAM89.PCM",".pcm","2969279","082E3A364E5C9B54D89698670F6A6B46D13A9996E30BC0236878963FA1281502","PCM_CONTAINER","PARSER_CANDIDATE","V1719_PCM_CONTAINER_RESEARCH","Likely sample container; parser/hardware validation needed.","90","False","False","True","NO_BINARY_OUTPUT_METADATA_ONLY"
"RAM89.PCM","E:\UAOS_OPEN_LIBRARY_SOURCE\pa3x\RoTaNa(1) pa3x.SET\tareq pa3x.SET\PCM\RAM89.PCM",".pcm","2606811","5D3261AB2CE813ED4B8CBA6218093307DAF079C2D03DF52134599486FBCA0238","PCM_CONTAINER","PARSER_CANDIDATE","V1719_PCM_CONTAINER_RESEARCH","Likely sample container; parser/hardware validation needed.","90","False","False","True","NO_BINARY_OUTPUT_METADATA_ONLY"
"RAM89.PCM","E:\UAOS_OPEN_LIBRARY_SOURCE\pa3x\a1111.SET\a1111.SET\PCM\RAM89.PCM",".pcm","5900832","F4479E94F057597819CE45427E972298534F71407C54D67A6A5D7BBC755FB456","PCM_CONTAINER","PARSER_CANDIDATE","V1719_PCM_CONTAINER_RESEARCH","Likely sample container; parser/hardware validation needed.","90","False","False","True","NO_BINARY_OUTPUT_METADATA_ONLY"
"RAM89.PCM","E:\UAOS_OPEN_LIBRARY_SOURCE\pa3x\LIVE CHARKI 3 2.SET\LIVE CHARKI 3 2.SET\PCM\RAM89.PCM",".pcm","1359844","05E9F1779B0EE2B9323698DB7AFE023FE566D17C0E6982CBB81AA031D4E7EE1F","PCM_CONTAINER","PARSER_CANDIDATE","V1719_PCM_CONTAINER_RESEARCH","Likely sample container; parser/hardware validation needed.","90","False","False","True","NO_BINARY_OUTPUT_METADATA_ONLY"
"RAM89.PCM","E:\UAOS_OPEN_LIBRARY_SOURCE\pa3x\‏‏RoTaNa(1) pa3x.SET - نسخة\tareq pa3x.SET\PCM\RAM89.PCM",".pcm","2606811","5D3261AB2CE813ED4B8CBA6218093307DAF079C2D03DF52134599486FBCA0238","PCM_CONTAINER","PARSER_CANDIDATE","V1719_PCM_CONTAINER_RESEARCH","Likely sample container; parser/hardware validation needed.","90","False","False","True","NO_BINARY_OUTPUT_METADATA_ONLY"
"RAM90.PCM","E:\UAOS_OPEN_LIBRARY_SOURCE\pa3x\ABOUD NEXT-MG.SET\ABOUD NEXT-MG.SET\PCM\RAM90.PCM",".pcm","6215705","6EBCC3E4C98CC187773395C2F2B53A8295E0D42EA84B992E45ADC873F5CB9E03","PCM_CONTAINER","PARSER_CANDIDATE","V1719_PCM_CONTAINER_RESEARCH","Likely sample container; parser/hardware validation needed.","90","False","False","True","NO_BINARY_OUTPUT_METADATA_ONLY"
"RAM90.PCM","E:\UAOS_OPEN_LIBRARY_SOURCE\pa3x\SUPER4X.3X ASLY2018.SET\SUPER4X.3X ASLY2018.SET\PCM\RAM90.PCM",".pcm","2652732","7808680B9F7B64813083CE27C62C9F1DE0F0143F2A469E28789F5D994998433F","PCM_CONTAINER","PARSER_CANDIDATE","V1719_PCM_CONTAINER_RESEARCH","Likely sample container; parser/hardware validation needed.","90","False","False","True","NO_BINARY_OUTPUT_METADATA_ONLY"
"RAM90.PCM","E:\UAOS_OPEN_LIBRARY_SOURCE\pa3x\rahm pa3x.SET\rahm pa3x.SET\PCM\RAM90.PCM",".pcm","2099908","EBA01A4E168F53E65823F9A9AF346F597C4183BE9CAACFF2FD03C2C2BAE43BBF","PCM_CONTAINER","PARSER_CANDIDATE","V1719_PCM_CONTAINER_RESEARCH","Likely sample container; parser/hardware validation needed.","90","False","False","True","NO_BINARY_OUTPUT_METADATA_ONLY"
"RAM90.PCM","E:\UAOS_OPEN_LIBRARY_SOURCE\pa3x\RoTaNa(1) pa3x.SET\tareq pa3x.SET\PCM\RAM90.PCM",".pcm","2625317","7C137E2D70777E61AB5B68A4B5371CDABB56C2209E6BEB82B0A0F6A8005B24F2","PCM_CONTAINER","PARSER_CANDIDATE","V1719_PCM_CONTAINER_RESEARCH","Likely sample container; parser/hardware validation needed.","90","False","False","True","NO_BINARY_OUTPUT_METADATA_ONLY"
"RAM90.PCM","E:\UAOS_OPEN_LIBRARY_SOURCE\pa3x\2020 pa1000 pa4x.SET\2020 pa1000 pa4x.SET\PCM\RAM90.PCM",".pcm","3141862","EC8DD6F5958CE9EDF4E6A0543DEDAED745C7D3A1A5981D54590B3ACEA370D629","PCM_CONTAINER","PARSER_CANDIDATE","V1719_PCM_CONTAINER_RESEARCH","Likely sample container; parser/hardware validation needed.","90","False","False","True","NO_BINARY_OUTPUT_METADATA_ONLY"
"RAM90.PCM","E:\UAOS_OPEN_LIBRARY_SOURCE\pa3x\3xxxxx.SET\3xxxxx.SET\PCM\RAM90.PCM",".pcm","2826090","F33667C1C0E7AA04876F2D7BDB93561991E0FF2F1CC7DA412C3FCB8FCE71D781","PCM_CONTAINER","PARSER_CANDIDATE","V1719_PCM_CONTAINER_RESEARCH","Likely sample container; parser/hardware validation needed.","90","False","False","True","NO_BINARY_OUTPUT_METADATA_ONLY"
"RAM90.PCM","E:\UAOS_OPEN_LIBRARY_SOURCE\pa3x\omar44.SET\omar44.SET\PCM\RAM90.PCM",".pcm","4124667","AF1133636083B9015E4A0CD179C2C5C13FC5D0B38A8361619765EC376C1C9A27","PCM_CONTAINER","PARSER_CANDIDATE","V1719_PCM_CONTAINER_RESEARCH","Likely sample container; parser/hardware validation needed.","90","False","False","True","NO_BINARY_OUTPUT_METADATA_ONLY"
"RAM90.PCM","E:\UAOS_OPEN_LIBRARY_SOURCE\pa3x\a1111.SET\a1111.SET\PCM\RAM90.PCM",".pcm","5683478","193BF5916ADBDD12804100EA9B53AB9D614D2012E0C73C73585F58CE6422ACF5","PCM_CONTAINER","PARSER_CANDIDATE","V1719_PCM_CONTAINER_RESEARCH","Likely sample container; parser/hardware validation needed.","90","False","False","True","NO_BINARY_OUTPUT_METADATA_ONLY"
"RAM90.PCM","E:\UAOS_OPEN_LIBRARY_SOURCE\pa3x\‏‏RoTaNa(1) pa3x.SET - نسخة\tareq pa3x.SET\PCM\RAM90.PCM",".pcm","2625317","7C137E2D70777E61AB5B68A4B5371CDABB56C2209E6BEB82B0A0F6A8005B24F2","PCM_CONTAINER","PARSER_CANDIDATE","V1719_PCM_CONTAINER_RESEARCH","Likely sample container; parser/hardware validation needed.","90","False","False","True","NO_BINARY_OUTPUT_METADATA_ONLY"
"RAM90.PCM","E:\UAOS_OPEN_LIBRARY_SOURCE\pa3x\ROTANA. 2022.SET\ROTANA. 2022.SET\PCM\RAM90.PCM",".pcm","5175414","2578F599B31A388262D8F346C0E5D7F90F19799F97AC0FA5F379BD47129035DB","PCM_CONTAINER","PARSER_CANDIDATE","V1719_PCM_CONTAINER_RESEARCH","Likely sample container; parser/hardware validation needed.","90","False","False","True","NO_BINARY_OUTPUT_METADATA_ONLY"
"RAM90.PCM","E:\UAOS_OPEN_LIBRARY_SOURCE\pa3x\LIVE CHARKI 3 2.SET\LIVE CHARKI 3 2.SET\PCM\RAM90.PCM",".pcm","1155500","7CCF971B34DC884A4D1EA5EA2DB099FC25D130377A27406BA843A0D4E029B6DB","PCM_CONTAINER","PARSER_CANDIDATE","V1719_PCM_CONTAINER_RESEARCH","Likely sample container; parser/hardware validation needed.","90","False","False","True","NO_BINARY_OUTPUT_METADATA_ONLY"
"RAM91.PCM","E:\UAOS_OPEN_LIBRARY_SOURCE\pa3x\omar44.SET\omar44.SET\PCM\RAM91.PCM",".pcm","4165071","7B500E7525C788390B49F491B29BFC81234914613463AC059968C3EBAB007460","PCM_CONTAINER","PARSER_CANDIDATE","V1719_PCM_CONTAINER_RESEARCH","Likely sample container; parser/hardware validation needed.","90","False","False","True","NO_BINARY_OUTPUT_METADATA_ONLY"
"RAM91.PCM","E:\UAOS_OPEN_LIBRARY_SOURCE\pa3x\SUPER4X.3X ASLY2018.SET\SUPER4X.3X ASLY2018.SET\PCM\RAM91.PCM",".pcm","2683654","FF18C6BA84B67882293367704DE72854D941ADE96F6820CD66F0F3A9F593D132","PCM_CONTAINER","PARSER_CANDIDATE","V1719_PCM_CONTAINER_RESEARCH","Likely sample container; parser/hardware validation needed.","90","False","False","True","NO_BINARY_OUTPUT_METADATA_ONLY"
"RAM91.PCM","E:\UAOS_OPEN_LIBRARY_SOURCE\pa3x\rahm pa3x.SET\rahm pa3x.SET\PCM\RAM91.PCM",".pcm","2120763","5BED9CBD0B5E4CF7E9ABD3F53E8F6A87916EAEBAEE6A5A8909DA636640745BB3","PCM_CONTAINER","PARSER_CANDIDATE","V1719_PCM_CONTAINER_RESEARCH","Likely sample container; parser/hardware validation needed.","90","False","False","True","NO_BINARY_OUTPUT_METADATA_ONLY"
"RAM91.PCM","E:\UAOS_OPEN_LIBRARY_SOURCE\pa3x\ROTANA. 2022.SET\ROTANA. 2022.SET\PCM\RAM91.PCM",".pcm","4012948","41D81A25CE6CD2E6B20138C1390F2B4DD141683B5A29574E7B3310AADCEF9123","PCM_CONTAINER","PARSER_CANDIDATE","V1719_PCM_CONTAINER_RESEARCH","Likely sample container; parser/hardware validation needed.","90","False","False","True","NO_BINARY_OUTPUT_METADATA_ONLY"
"RAM91.PCM","E:\UAOS_OPEN_LIBRARY_SOURCE\pa3x\a1111.SET\a1111.SET\PCM\RAM91.PCM",".pcm","6241283","DE7E6ECD4E37E89BA4B29C65EC46CF3DF805995269697C0099D4EA473B6D1BC2","PCM_CONTAINER","PARSER_CANDIDATE","V1719_PCM_CONTAINER_RESEARCH","Likely sample container; parser/hardware validation needed.","90","False","False","True","NO_BINARY_OUTPUT_METADATA_ONLY"
"RAM91.PCM","E:\UAOS_OPEN_LIBRARY_SOURCE\pa3x\2020 pa1000 pa4x.SET\2020 pa1000 pa4x.SET\PCM\RAM91.PCM",".pcm","2906371","F85F8C1B9C0F922AB4DCF35BECDB6FBBA6CF40BBF9F06B0A9B6B9275C77BFCE2","PCM_CONTAINER","PARSER_CANDIDATE","V1719_PCM_CONTAINER_RESEARCH","Likely sample container; parser/hardware validation needed.","90","False","False","True","NO_BINARY_OUTPUT_METADATA_ONLY"
"RAM91.PCM","E:\UAOS_OPEN_LIBRARY_SOURCE\pa3x\ABOUD NEXT-MG.SET\ABOUD NEXT-MG.SET\PCM\RAM91.PCM",".pcm","5902793","3D8F69E7ABF75007213BA3E4F49C48BCD18D6239E9FA14C7F10A72B19EBEFE62","PCM_CONTAINER","PARSER_CANDIDATE","V1719_PCM_CONTAINER_RESEARCH","Likely sample container; parser/hardware validation needed.","90","False","False","True","NO_BINARY_OUTPUT_METADATA_ONLY"
"RAM91.PCM","E:\UAOS_OPEN_LIBRARY_SOURCE\pa3x\LIVE CHARKI 3 2.SET\LIVE CHARKI 3 2.SET\PCM\RAM91.PCM",".pcm","1097389","48BB0B43392FA16D23F2E49E755D1978143665D00767A55B6E84DB15611EC3FA","PCM_CONTAINER","PARSER_CANDIDATE","V1719_PCM_CONTAINER_RESEARCH","Likely sample container; parser/hardware validation needed.","90","False","False","True","NO_BINARY_OUTPUT_METADATA_ONLY"
"RAM91.PCM","E:\UAOS_OPEN_LIBRARY_SOURCE\pa3x\‏‏RoTaNa(1) pa3x.SET - نسخة\tareq pa3x.SET\PCM\RAM91.PCM",".pcm","2579532","3BBEC4C1A07822414749AEB2947955CE8AB109A04A230D82AEBADE68071BFA2A","PCM_CONTAINER","PARSER_CANDIDATE","V1719_PCM_CONTAINER_RESEARCH","Likely sample container; parser/hardware validation needed.","90","False","False","True","NO_BINARY_OUTPUT_METADATA_ONLY"
"RAM91.PCM","E:\UAOS_OPEN_LIBRARY_SOURCE\pa3x\3xxxxx.SET\3xxxxx.SET\PCM\RAM91.PCM",".pcm","2590694","E8440E8DDFF37E43398226ADC62215669C36C5009E5893C90BE8C85667EDE0D7","PCM_CONTAINER","PARSER_CANDIDATE","V1719_PCM_CONTAINER_RESEARCH","Likely sample container; parser/hardware validation needed.","90","False","False","True","NO_BINARY_OUTPUT_METADATA_ONLY"
"RAM91.PCM","E:\UAOS_OPEN_LIBRARY_SOURCE\pa3x\RoTaNa(1) pa3x.SET\tareq pa3x.SET\PCM\RAM91.PCM",".pcm","2579532","3BBEC4C1A07822414749AEB2947955CE8AB109A04A230D82AEBADE68071BFA2A","PCM_CONTAINER","PARSER_CANDIDATE","V1719_PCM_CONTAINER_RESEARCH","Likely sample container; parser/hardware validation needed.","90","False","False","True","NO_BINARY_OUTPUT_METADATA_ONLY"
"RAM92.PCM","E:\UAOS_OPEN_LIBRARY_SOURCE\pa3x\3xxxxx.SET\3xxxxx.SET\PCM\RAM92.PCM",".pcm","2663396","84FC186A5966951AB800E04656F2D6BE459D4FF4D6FA1D9DFD91EB92CF511599","PCM_CONTAINER","PARSER_CANDIDATE","V1719_PCM_CONTAINER_RESEARCH","Likely sample container; parser/hardware validation needed.","90","False","False","True","NO_BINARY_OUTPUT_METADATA_ONLY"
"RAM92.PCM","E:\UAOS_OPEN_LIBRARY_SOURCE\pa3x\rahm pa3x.SET\rahm pa3x.SET\PCM\RAM92.PCM",".pcm","2101560","974E2E38D10D9DCD5541F012F55F8BFED1F3066DF58F90AD25D84C91FCFF96F6","PCM_CONTAINER","PARSER_CANDIDATE","V1719_PCM_CONTAINER_RESEARCH","Likely sample container; parser/hardware validation needed.","90","False","False","True","NO_BINARY_OUTPUT_METADATA_ONLY"
"RAM92.PCM","E:\UAOS_OPEN_LIBRARY_SOURCE\pa3x\SUPER4X.3X ASLY2018.SET\SUPER4X.3X ASLY2018.SET\PCM\RAM92.PCM",".pcm","2661806","BA0F5868CBAD5AFEEFC06757665C610354F342FF958F2B09EF843EA46C1B7019","PCM_CONTAINER","PARSER_CANDIDATE","V1719_PCM_CONTAINER_RESEARCH","Likely sample container; parser/hardware validation needed.","90","False","False","True","NO_BINARY_OUTPUT_METADATA_ONLY"
"RAM92.PCM","E:\UAOS_OPEN_LIBRARY_SOURCE\pa3x\‏‏RoTaNa(1) pa3x.SET - نسخة\tareq pa3x.SET\PCM\RAM92.PCM",".pcm","2576418","3CBA45DBE48BEBC6AA5DC6B139E251F8CE1654C1C7B10A71BC35159592CCAB56","PCM_CONTAINER","PARSER_CANDIDATE","V1719_PCM_CONTAINER_RESEARCH","Likely sample container; parser/hardware validation needed.","90","False","False","True","NO_BINARY_OUTPUT_METADATA_ONLY"
"RAM92.PCM","E:\UAOS_OPEN_LIBRARY_SOURCE\pa3x\a1111.SET\a1111.SET\PCM\RAM92.PCM",".pcm","4904166","923EA22C6F1A24FAD948E5EDFAF0EC8BE4BB0CEF21B93776BA0334F7446AEB15","PCM_CONTAINER","PARSER_CANDIDATE","V1719_PCM_CONTAINER_RESEARCH","Likely sample container; parser/hardware validation needed.","90","False","False","True","NO_BINARY_OUTPUT_METADATA_ONLY"
"RAM92.PCM","E:\UAOS_OPEN_LIBRARY_SOURCE\pa3x\ROTANA. 2022.SET\ROTANA. 2022.SET\PCM\RAM92.PCM",".pcm","5410124","C64936E84E805734FDC8F414C5A1C4EF92DE90F13974C0EDE03677864419F8F5","PCM_CONTAINER","PARSER_CANDIDATE","V1719_PCM_CONTAINER_RESEARCH","Likely sample container; parser/hardware validation needed.","90","False","False","True","NO_BINARY_OUTPUT_METADATA_ONLY"
"RAM92.PCM","E:\UAOS_OPEN_LIBRARY_SOURCE\pa3x\LIVE CHARKI 3 2.SET\LIVE CHARKI 3 2.SET\PCM\RAM92.PCM",".pcm","992429","C407CB8D9A4756DFD4C8FCF6EEB809DB17F2FB9323D17D568B72E7DEEF91CBE6","PCM_CONTAINER","PARSER_CANDIDATE","V1719_PCM_CONTAINER_RESEARCH","Likely sample container; parser/hardware validation needed.","90","False","False","True","NO_BINARY_OUTPUT_METADATA_ONLY"
"RAM92.PCM","E:\UAOS_OPEN_LIBRARY_SOURCE\pa3x\2020 pa1000 pa4x.SET\2020 pa1000 pa4x.SET\PCM\RAM92.PCM",".pcm","3151658","95866B5D48FEF846766F2DE694911F62945C3F3F7DFECD07307B07C765C132CB","PCM_CONTAINER","PARSER_CANDIDATE","V1719_PCM_CONTAINER_RESEARCH","Likely sample container; parser/hardware validation needed.","90","False","False","True","NO_BINARY_OUTPUT_METADATA_ONLY"
"RAM92.PCM","E:\UAOS_OPEN_LIBRARY_SOURCE\pa3x\omar44.SET\omar44.SET\PCM\RAM92.PCM",".pcm","4259005","A858A589F1E63EE3F3BAC92ABFE1D682FF904C52D35D9E39A01B0CD279A10053","PCM_CONTAINER","PARSER_CANDIDATE","V1719_PCM_CONTAINER_RESEARCH","Likely sample container; parser/hardware validation needed.","90","False","False","True","NO_BINARY_OUTPUT_METADATA_ONLY"
"RAM92.PCM","E:\UAOS_OPEN_LIBRARY_SOURCE\pa3x\RoTaNa(1) pa3x.SET\tareq pa3x.SET\PCM\RAM92.PCM",".pcm","2576418","3CBA45DBE48BEBC6AA5DC6B139E251F8CE1654C1C7B10A71BC35159592CCAB56","PCM_CONTAINER","PARSER_CANDIDATE","V1719_PCM_CONTAINER_RESEARCH","Likely sample container; parser/hardware validation needed.","90","False","False","True","NO_BINARY_OUTPUT_METADATA_ONLY"
"RAM92.PCM","E:\UAOS_OPEN_LIBRARY_SOURCE\pa3x\ABOUD NEXT-MG.SET\ABOUD NEXT-MG.SET\PCM\RAM92.PCM",".pcm","5694180","FCD543FFEEDF6FD4B08C7BE574E88687F6ED78F23D5488FDD04F593A41CF3CD1","PCM_CONTAINER","PARSER_CANDIDATE","V1719_PCM_CONTAINER_RESEARCH","Likely sample container; parser/hardware validation needed.","90","False","False","True","NO_BINARY_OUTPUT_METADATA_ONLY"
"RAM93.PCM","E:\UAOS_OPEN_LIBRARY_SOURCE\pa3x\omar44.SET\omar44.SET\PCM\RAM93.PCM",".pcm","4352648","B871C47591D9559E639B7C6AECE873079E3EB0BC0F38DDB972831F0DE4AEC39D","PCM_CONTAINER","PARSER_CANDIDATE","V1719_PCM_CONTAINER_RESEARCH","Likely sample container; parser/hardware validation needed.","90","False","False","True","NO_BINARY_OUTPUT_METADATA_ONLY"
"RAM93.PCM","E:\UAOS_OPEN_LIBRARY_SOURCE\pa3x\RoTaNa(1) pa3x.SET\tareq pa3x.SET\PCM\RAM93.PCM",".pcm","2636884","8C539248040B6FC546D3D7E6511CB92C71AAE93FF0FCACDE9FF015CF287CD0F6","PCM_CONTAINER","PARSER_CANDIDATE","V1719_PCM_CONTAINER_RESEARCH","Likely sample container; parser/hardware validation needed.","90","False","False","True","NO_BINARY_OUTPUT_METADATA_ONLY"
"RAM93.PCM","E:\UAOS_OPEN_LIBRARY_SOURCE\pa3x\a1111.SET\a1111.SET\PCM\RAM93.PCM",".pcm","7506651","4E54688BF4B92D7DF74BB61E539B04CC887B6CFDB9DDEA6E4D0DBF3129C61EFB","PCM_CONTAINER","PARSER_CANDIDATE","V1719_PCM_CONTAINER_RESEARCH","Likely sample container; parser/hardware validation needed.","90","False","False","True","NO_BINARY_OUTPUT_METADATA_ONLY"
"RAM93.PCM","E:\UAOS_OPEN_LIBRARY_SOURCE\pa3x\ABOUD NEXT-MG.SET\ABOUD NEXT-MG.SET\PCM\RAM93.PCM",".pcm","6378279","9FA2D69FD52B8CA54B05C85C1F54AB91E4E958321395A050F5A266ECF8E27936","PCM_CONTAINER","PARSER_CANDIDATE","V1719_PCM_CONTAINER_RESEARCH","Likely sample container; parser/hardware validation needed.","90","False","False","True","NO_BINARY_OUTPUT_METADATA_ONLY"
"RAM93.PCM","E:\UAOS_OPEN_LIBRARY_SOURCE\pa3x\ROTANA. 2022.SET\ROTANA. 2022.SET\PCM\RAM93.PCM",".pcm","6003952","2BEED16CB9F22D10E0FD887B009D7363A603804CC5DF8D5A001D186AF3032646","PCM_CONTAINER","PARSER_CANDIDATE","V1719_PCM_CONTAINER_RESEARCH","Likely sample container; parser/hardware validation needed.","90","False","False","True","NO_BINARY_OUTPUT_METADATA_ONLY"
"RAM93.PCM","E:\UAOS_OPEN_LIBRARY_SOURCE\pa3x\‏‏RoTaNa(1) pa3x.SET - نسخة\tareq pa3x.SET\PCM\RAM93.PCM",".pcm","2636884","8C539248040B6FC546D3D7E6511CB92C71AAE93FF0FCACDE9FF015CF287CD0F6","PCM_CONTAINER","PARSER_CANDIDATE","V1719_PCM_CONTAINER_RESEARCH","Likely sample container; parser/hardware validation needed.","90","False","False","True","NO_BINARY_OUTPUT_METADATA_ONLY"
"RAM93.PCM","E:\UAOS_OPEN_LIBRARY_SOURCE\pa3x\SUPER4X.3X ASLY2018.SET\SUPER4X.3X ASLY2018.SET\PCM\RAM93.PCM",".pcm","2687578","EC3F25985D9FB1FD5ADDFE42CFE261BDC98367AD61A6BA35CE5578D46D6D99EC","PCM_CONTAINER","PARSER_CANDIDATE","V1719_PCM_CONTAINER_RESEARCH","Likely sample container; parser/hardware validation needed.","90","False","False","True","NO_BINARY_OUTPUT_METADATA_ONLY"
"RAM93.PCM","E:\UAOS_OPEN_LIBRARY_SOURCE\pa3x\2020 pa1000 pa4x.SET\2020 pa1000 pa4x.SET\PCM\RAM93.PCM",".pcm","2888560","19D3E158EF0D23D82215C2D9ECF7AB1548C17C7BC05860B37E13D4C2A4FEEDC6","PCM_CONTAINER","PARSER_CANDIDATE","V1719_PCM_CONTAINER_RESEARCH","Likely sample container; parser/hardware validation needed.","90","False","False","True","NO_BINARY_OUTPUT_METADATA_ONLY"
"RAM93.PCM","E:\UAOS_OPEN_LIBRARY_SOURCE\pa3x\LIVE CHARKI 3 2.SET\LIVE CHARKI 3 2.SET\PCM\RAM93.PCM",".pcm","1218488","CE8C38BCECEFAE2ECE8EC016F03A7601832371069A316485B640875665F64D2C","PCM_CONTAINER","PARSER_CANDIDATE","V1719_PCM_CONTAINER_RESEARCH","Likely sample container; parser/hardware validation needed.","90","False","False","True","NO_BINARY_OUTPUT_METADATA_ONLY"
"RAM93.PCM","E:\UAOS_OPEN_LIBRARY_SOURCE\pa3x\3xxxxx.SET\3xxxxx.SET\PCM\RAM93.PCM",".pcm","2609739","73D1E7A02870D59EFD0F0BCA27ECB1ED64C9E18F8E55F090BCA1E79752C62069","PCM_CONTAINER","PARSER_CANDIDATE","V1719_PCM_CONTAINER_RESEARCH","Likely sample container; parser/hardware validation needed.","90","False","False","True","NO_BINARY_OUTPUT_METADATA_ONLY"
"RAM93.PCM","E:\UAOS_OPEN_LIBRARY_SOURCE\pa3x\rahm pa3x.SET\rahm pa3x.SET\PCM\RAM93.PCM",".pcm","2831858","D0E87D3FD6C5696E092992B093EAC366A1EF29D5CE2DAB1EF70952DC41160503","PCM_CONTAINER","PARSER_CANDIDATE","V1719_PCM_CONTAINER_RESEARCH","Likely sample container; parser/hardware validation needed.","90","False","False","True","NO_BINARY_OUTPUT_METADATA_ONLY"
"RAM94.PCM","E:\UAOS_OPEN_LIBRARY_SOURCE\pa3x\ABOUD NEXT-MG.SET\ABOUD NEXT-MG.SET\PCM\RAM94.PCM",".pcm","5625593","23AD69DC759FB347A663D5B2DDDD7AECF3DE398F73BA89F147C66FFA84BE8F4A","PCM_CONTAINER","PARSER_CANDIDATE","V1719_PCM_CONTAINER_RESEARCH","Likely sample container; parser/hardware validation needed.","90","False","False","True","NO_BINARY_OUTPUT_METADATA_ONLY"
"RAM94.PCM","E:\UAOS_OPEN_LIBRARY_SOURCE\pa3x\omar44.SET\omar44.SET\PCM\RAM94.PCM",".pcm","4348193","367EBB1A00AD71C089A0EFA4D9C4CAD5B171354816225EB8949DE9929F76B03E","PCM_CONTAINER","PARSER_CANDIDATE","V1719_PCM_CONTAINER_RESEARCH","Likely sample container; parser/hardware validation needed.","90","False","False","True","NO_BINARY_OUTPUT_METADATA_ONLY"
"RAM94.PCM","E:\UAOS_OPEN_LIBRARY_SOURCE\pa3x\SUPER4X.3X ASLY2018.SET\SUPER4X.3X ASLY2018.SET\PCM\RAM94.PCM",".pcm","2684328","7819B772F6A51E8D229496191A61539ED24C6CBB3783950FF534C4071EBB8CA8","PCM_CONTAINER","PARSER_CANDIDATE","V1719_PCM_CONTAINER_RESEARCH","Likely sample container; parser/hardware validation needed.","90","False","False","True","NO_BINARY_OUTPUT_METADATA_ONLY"
"RAM94.PCM","E:\UAOS_OPEN_LIBRARY_SOURCE\pa3x\ROTANA. 2022.SET\ROTANA. 2022.SET\PCM\RAM94.PCM",".pcm","4049136","A720CC8734FA7DD5C8109213636DC9B48A14A04FAD005F3A36E1C4A8D084F008","PCM_CONTAINER","PARSER_CANDIDATE","V1719_PCM_CONTAINER_RESEARCH","Likely sample container; parser/hardware validation needed.","90","False","False","True","NO_BINARY_OUTPUT_METADATA_ONLY"
"RAM94.PCM","E:\UAOS_OPEN_LIBRARY_SOURCE\pa3x\2020 pa1000 pa4x.SET\2020 pa1000 pa4x.SET\PCM\RAM94.PCM",".pcm","2961520","E3EA070B9898F52721AA2B1B473782E80F22B9AF87802AB7BDE865931740077F","PCM_CONTAINER","PARSER_CANDIDATE","V1719_PCM_CONTAINER_RESEARCH","Likely sample container; parser/hardware validation needed.","90","False","False","True","NO_BINARY_OUTPUT_METADATA_ONLY"
"RAM94.PCM","E:\UAOS_OPEN_LIBRARY_SOURCE\pa3x\rahm pa3x.SET\rahm pa3x.SET\PCM\RAM94.PCM",".pcm","2198728","DF365CAA88BB64A751D62F04B8E4FE62780C783D84FEA7106F9D0D3C94C2CC44","PCM_CONTAINER","PARSER_CANDIDATE","V1719_PCM_CONTAINER_RESEARCH","Likely sample container; parser/hardware validation needed.","90","False","False","True","NO_BINARY_OUTPUT_METADATA_ONLY"
"RAM94.PCM","E:\UAOS_OPEN_LIBRARY_SOURCE\pa3x\a1111.SET\a1111.SET\PCM\RAM94.PCM",".pcm","7338328","8BF27784AC5208040BDD214F71158A47DB41701C02401BF59C611AEAA17310B3","PCM_CONTAINER","PARSER_CANDIDATE","V1719_PCM_CONTAINER_RESEARCH","Likely sample container; parser/hardware validation needed.","90","False","False","True","NO_BINARY_OUTPUT_METADATA_ONLY"
"RAM94.PCM","E:\UAOS_OPEN_LIBRARY_SOURCE\pa3x\RoTaNa(1) pa3x.SET\tareq pa3x.SET\PCM\RAM94.PCM",".pcm","2598058","2215BF009F01C3698E178E07DAFE1093899E976EB5B19CF30065ED718259677E","PCM_CONTAINER","PARSER_CANDIDATE","V1719_PCM_CONTAINER_RESEARCH","Likely sample container; parser/hardware validation needed.","90","False","False","True","NO_BINARY_OUTPUT_METADATA_ONLY"
"RAM94.PCM","E:\UAOS_OPEN_LIBRARY_SOURCE\pa3x\LIVE CHARKI 3 2.SET\LIVE CHARKI 3 2.SET\PCM\RAM94.PCM",".pcm","1258931","F1F37980066C5881A9DFE5E05FAB08FE1E2FFD8F77BD164A88AF3F62C7C59025","PCM_CONTAINER","PARSER_CANDIDATE","V1719_PCM_CONTAINER_RESEARCH","Likely sample container; parser/hardware validation needed.","90","False","False","True","NO_BINARY_OUTPUT_METADATA_ONLY"
"RAM94.PCM","E:\UAOS_OPEN_LIBRARY_SOURCE\pa3x\3xxxxx.SET\3xxxxx.SET\PCM\RAM94.PCM",".pcm","2610758","D3A8AD91EC09D16DDC74BCEF5D53D45B9360CB452095F1A84582BD0BB2CEF14C","PCM_CONTAINER","PARSER_CANDIDATE","V1719_PCM_CONTAINER_RESEARCH","Likely sample container; parser/hardware validation needed.","90","False","False","True","NO_BINARY_OUTPUT_METADATA_ONLY"
"RAM94.PCM","E:\UAOS_OPEN_LIBRARY_SOURCE\pa3x\‏‏RoTaNa(1) pa3x.SET - نسخة\tareq pa3x.SET\PCM\RAM94.PCM",".pcm","2598058","2215BF009F01C3698E178E07DAFE1093899E976EB5B19CF30065ED718259677E","PCM_CONTAINER","PARSER_CANDIDATE","V1719_PCM_CONTAINER_RESEARCH","Likely sample container; parser/hardware validation needed.","90","False","False","True","NO_BINARY_OUTPUT_METADATA_ONLY"
"RAM95.PCM","E:\UAOS_OPEN_LIBRARY_SOURCE\pa3x\SUPER4X.3X ASLY2018.SET\SUPER4X.3X ASLY2018.SET\PCM\RAM95.PCM",".pcm","2724804","9291A4CBE728178B74E67A6B48B2280548F96D6677563504FA27373C1B706FB3","PCM_CONTAINER","PARSER_CANDIDATE","V1719_PCM_CONTAINER_RESEARCH","Likely sample container; parser/hardware validation needed.","90","False","False","True","NO_BINARY_OUTPUT_METADATA_ONLY"
"RAM95.PCM","E:\UAOS_OPEN_LIBRARY_SOURCE\pa3x\LIVE CHARKI 3 2.SET\LIVE CHARKI 3 2.SET\PCM\RAM95.PCM",".pcm","1074999","CB6DFDAB2EBD4BEE21E781989BBAE19F554FBD29FB6DD1E29BAEAF08B4ECB719","PCM_CONTAINER","PARSER_CANDIDATE","V1719_PCM_CONTAINER_RESEARCH","Likely sample container; parser/hardware validation needed.","90","False","False","True","NO_BINARY_OUTPUT_METADATA_ONLY"
"RAM95.PCM","E:\UAOS_OPEN_LIBRARY_SOURCE\pa3x\a1111.SET\a1111.SET\PCM\RAM95.PCM",".pcm","6633740","6E4DC77F7C3D28025A92AE95085EEC844771A5DA7D4C4B62344311DCBFB13A58","PCM_CONTAINER","PARSER_CANDIDATE","V1719_PCM_CONTAINER_RESEARCH","Likely sample container; parser/hardware validation needed.","90","False","False","True","NO_BINARY_OUTPUT_METADATA_ONLY"
"RAM95.PCM","E:\UAOS_OPEN_LIBRARY_SOURCE\pa3x\rahm pa3x.SET\rahm pa3x.SET\PCM\RAM95.PCM",".pcm","2109464","65081A8788AC6DFB7A97DAA72AE45DAF5D272542102054C33AE629B28C3DA4A0","PCM_CONTAINER","PARSER_CANDIDATE","V1719_PCM_CONTAINER_RESEARCH","Likely sample container; parser/hardware validation needed.","90","False","False","True","NO_BINARY_OUTPUT_METADATA_ONLY"
"RAM95.PCM","E:\UAOS_OPEN_LIBRARY_SOURCE\pa3x\‏‏RoTaNa(1) pa3x.SET - نسخة\tareq pa3x.SET\PCM\RAM95.PCM",".pcm","2589852","E0B3DD2231E39596094E285583B976C6F05B649927A78300B2C9944C22EE4B61","PCM_CONTAINER","PARSER_CANDIDATE","V1719_PCM_CONTAINER_RESEARCH","Likely sample container; parser/hardware validation needed.","90","False","False","True","NO_BINARY_OUTPUT_METADATA_ONLY"
"RAM95.PCM","E:\UAOS_OPEN_LIBRARY_SOURCE\pa3x\3xxxxx.SET\3xxxxx.SET\PCM\RAM95.PCM",".pcm","2603828","84F1E7DC9CB46432304AFEEC959D8D7FA86564C88B5447A685FEA4A3513A9949","PCM_CONTAINER","PARSER_CANDIDATE","V1719_PCM_CONTAINER_RESEARCH","Likely sample container; parser/hardware validation needed.","90","False","False","True","NO_BINARY_OUTPUT_METADATA_ONLY"
"RAM95.PCM","E:\UAOS_OPEN_LIBRARY_SOURCE\pa3x\2020 pa1000 pa4x.SET\2020 pa1000 pa4x.SET\PCM\RAM95.PCM",".pcm","2945112","CEAD3FD2F675FE34D8D0097DB009422C8483F45815FDA71DE4270996C81A1845","PCM_CONTAINER","PARSER_CANDIDATE","V1719_PCM_CONTAINER_RESEARCH","Likely sample container; parser/hardware validation needed.","90","False","False","True","NO_BINARY_OUTPUT_METADATA_ONLY"
"RAM95.PCM","E:\UAOS_OPEN_LIBRARY_SOURCE\pa3x\ABOUD NEXT-MG.SET\ABOUD NEXT-MG.SET\PCM\RAM95.PCM",".pcm","6532109","E887102748A57A34152DAB7EDED1811EF5630AACDFBC22A88B7E77CFA0E87CA9","PCM_CONTAINER","PARSER_CANDIDATE","V1719_PCM_CONTAINER_RESEARCH","Likely sample container; parser/hardware validation needed.","90","False","False","True","NO_BINARY_OUTPUT_METADATA_ONLY"
"RAM95.PCM","E:\UAOS_OPEN_LIBRARY_SOURCE\pa3x\ROTANA. 2022.SET\ROTANA. 2022.SET\PCM\RAM95.PCM",".pcm","5280794","0D3E819E97AD73009F6432ED8A57B37449D4354A87C1F6DD45D32645CB0545F9","PCM_CONTAINER","PARSER_CANDIDATE","V1719_PCM_CONTAINER_RESEARCH","Likely sample container; parser/hardware validation needed.","90","False","False","True","NO_BINARY_OUTPUT_METADATA_ONLY"
"RAM95.PCM","E:\UAOS_OPEN_LIBRARY_SOURCE\pa3x\omar44.SET\omar44.SET\PCM\RAM95.PCM",".pcm","4075546","4B935A88CECD493E9C8F2FF49C9D759452AEA65274883507A5F8DE1AF13AE05C","PCM_CONTAINER","PARSER_CANDIDATE","V1719_PCM_CONTAINER_RESEARCH","Likely sample container; parser/hardware validation needed.","90","False","False","True","NO_BINARY_OUTPUT_METADATA_ONLY"
"RAM95.PCM","E:\UAOS_OPEN_LIBRARY_SOURCE\pa3x\RoTaNa(1) pa3x.SET\tareq pa3x.SET\PCM\RAM95.PCM",".pcm","2589852","E0B3DD2231E39596094E285583B976C6F05B649927A78300B2C9944C22EE4B61","PCM_CONTAINER","PARSER_CANDIDATE","V1719_PCM_CONTAINER_RESEARCH","Likely sample container; parser/hardware validation needed.","90","False","False","True","NO_BINARY_OUTPUT_METADATA_ONLY"
"RAM96.PCM","E:\UAOS_OPEN_LIBRARY_SOURCE\pa3x\SUPER4X.3X ASLY2018.SET\SUPER4X.3X ASLY2018.SET\PCM\RAM96.PCM",".pcm","2681013","63BD3E3F68523F5661851A04EC6351BABDB848894DCAB8B8D4E28031F21BCD76","PCM_CONTAINER","PARSER_CANDIDATE","V1719_PCM_CONTAINER_RESEARCH","Likely sample container; parser/hardware validation needed.","90","False","False","True","NO_BINARY_OUTPUT_METADATA_ONLY"
"RAM96.PCM","E:\UAOS_OPEN_LIBRARY_SOURCE\pa3x\3xxxxx.SET\3xxxxx.SET\PCM\RAM96.PCM",".pcm","2577408","53EC5CEE26D1A2296870844432AE724A6B1EEB8B17079EE3F529701CEBDF7B27","PCM_CONTAINER","PARSER_CANDIDATE","V1719_PCM_CONTAINER_RESEARCH","Likely sample container; parser/hardware validation needed.","90","False","False","True","NO_BINARY_OUTPUT_METADATA_ONLY"
"RAM96.PCM","E:\UAOS_OPEN_LIBRARY_SOURCE\pa3x\RoTaNa(1) pa3x.SET\tareq pa3x.SET\PCM\RAM96.PCM",".pcm","2572710","DAD8E0D0A66BB13F0A677667964E7A13B71C2F452FE6DDD24D88F7FAF6E75157","PCM_CONTAINER","PARSER_CANDIDATE","V1719_PCM_CONTAINER_RESEARCH","Likely sample container; parser/hardware validation needed.","90","False","False","True","NO_BINARY_OUTPUT_METADATA_ONLY"
"RAM96.PCM","E:\UAOS_OPEN_LIBRARY_SOURCE\pa3x\2020 pa1000 pa4x.SET\2020 pa1000 pa4x.SET\PCM\RAM96.PCM",".pcm","2931449","A6EE08C0C9A94AD4AAABFAFA5615E3A560A6B97C0DCDDDBB46592DFA482C5C40","PCM_CONTAINER","PARSER_CANDIDATE","V1719_PCM_CONTAINER_RESEARCH","Likely sample container; parser/hardware validation needed.","90","False","False","True","NO_BINARY_OUTPUT_METADATA_ONLY"
"RAM96.PCM","E:\UAOS_OPEN_LIBRARY_SOURCE\pa3x\‏‏RoTaNa(1) pa3x.SET - نسخة\tareq pa3x.SET\PCM\RAM96.PCM",".pcm","2572710","DAD8E0D0A66BB13F0A677667964E7A13B71C2F452FE6DDD24D88F7FAF6E75157","PCM_CONTAINER","PARSER_CANDIDATE","V1719_PCM_CONTAINER_RESEARCH","Likely sample container; parser/hardware validation needed.","90","False","False","True","NO_BINARY_OUTPUT_METADATA_ONLY"
"RAM96.PCM","E:\UAOS_OPEN_LIBRARY_SOURCE\pa3x\ROTANA. 2022.SET\ROTANA. 2022.SET\PCM\RAM96.PCM",".pcm","4194648","B652F25A1BF7372D9FCAFD73B6BD648785E0DD203CB05CD28D8EC1707EE4679D","PCM_CONTAINER","PARSER_CANDIDATE","V1719_PCM_CONTAINER_RESEARCH","Likely sample container; parser/hardware validation needed.","90","False","False","True","NO_BINARY_OUTPUT_METADATA_ONLY"
"RAM96.PCM","E:\UAOS_OPEN_LIBRARY_SOURCE\pa3x\rahm pa3x.SET\rahm pa3x.SET\PCM\RAM96.PCM",".pcm","2100085","1F9DD3370EF298915F1E17FE3B03A32E981B2EF29CE8727E57AA8E286BC0C243","PCM_CONTAINER","PARSER_CANDIDATE","V1719_PCM_CONTAINER_RESEARCH","Likely sample container; parser/hardware validation needed.","90","False","False","True","NO_BINARY_OUTPUT_METADATA_ONLY"
"RAM96.PCM","E:\UAOS_OPEN_LIBRARY_SOURCE\pa3x\ABOUD NEXT-MG.SET\ABOUD NEXT-MG.SET\PCM\RAM96.PCM",".pcm","5969772","5830E96B6C019E1A32BD3F51A8B6B59C3627E162651CD62AB0581747DB0820A6","PCM_CONTAINER","PARSER_CANDIDATE","V1719_PCM_CONTAINER_RESEARCH","Likely sample container; parser/hardware validation needed.","90","False","False","True","NO_BINARY_OUTPUT_METADATA_ONLY"
"RAM96.PCM","E:\UAOS_OPEN_LIBRARY_SOURCE\pa3x\omar44.SET\omar44.SET\PCM\RAM96.PCM",".pcm","4276291","22C89ED4E036FC984954DD8A64113B7DE69BCF2FD49A47BB49B58B99E17883F4","PCM_CONTAINER","PARSER_CANDIDATE","V1719_PCM_CONTAINER_RESEARCH","Likely sample container; parser/hardware validation needed.","90","False","False","True","NO_BINARY_OUTPUT_METADATA_ONLY"
"RAM96.PCM","E:\UAOS_OPEN_LIBRARY_SOURCE\pa3x\a1111.SET\a1111.SET\PCM\RAM96.PCM",".pcm","7268960","9CC8BD9B89E01614110EC25DB5BCE62F10D7E3A6E06A8DFD8032294CCB5B8185","PCM_CONTAINER","PARSER_CANDIDATE","V1719_PCM_CONTAINER_RESEARCH","Likely sample container; parser/hardware validation needed.","90","False","False","True","NO_BINARY_OUTPUT_METADATA_ONLY"
"RAM96.PCM","E:\UAOS_OPEN_LIBRARY_SOURCE\pa3x\LIVE CHARKI 3 2.SET\LIVE CHARKI 3 2.SET\PCM\RAM96.PCM",".pcm","1584496","D16D346F3B3574380894F558F1E3D0DD5D77C4DE4ECC17951F9685CFD6498E03","PCM_CONTAINER","PARSER_CANDIDATE","V1719_PCM_CONTAINER_RESEARCH","Likely sample container; parser/hardware validation needed.","90","False","False","True","NO_BINARY_OUTPUT_METADATA_ONLY"
"RAM97.PCM","E:\UAOS_OPEN_LIBRARY_SOURCE\pa3x\ABOUD NEXT-MG.SET\ABOUD NEXT-MG.SET\PCM\RAM97.PCM",".pcm","7024909","3AE02E0BCB68DC818B11C33959B2DA945D4B76E13039C6E380DF233F17DE5DD2","PCM_CONTAINER","PARSER_CANDIDATE","V1719_PCM_CONTAINER_RESEARCH","Likely sample container; parser/hardware validation needed.","90","False","False","True","NO_BINARY_OUTPUT_METADATA_ONLY"
"RAM97.PCM","E:\UAOS_OPEN_LIBRARY_SOURCE\pa3x\rahm pa3x.SET\rahm pa3x.SET\PCM\RAM97.PCM",".pcm","2188122","016D2A36B4EAB4DE7454AB13843C1734813023124BA70E8EBD0C06AF33334D26","PCM_CONTAINER","PARSER_CANDIDATE","V1719_PCM_CONTAINER_RESEARCH","Likely sample container; parser/hardware validation needed.","90","False","False","True","NO_BINARY_OUTPUT_METADATA_ONLY"
"RAM97.PCM","E:\UAOS_OPEN_LIBRARY_SOURCE\pa3x\omar44.SET\omar44.SET\PCM\RAM97.PCM",".pcm","4274722","9DAC77DFBD78582095D9B347FBF5086049ADC85E9410DD14C3C0D09DED995F62","PCM_CONTAINER","PARSER_CANDIDATE","V1719_PCM_CONTAINER_RESEARCH","Likely sample container; parser/hardware validation needed.","90","False","False","True","NO_BINARY_OUTPUT_METADATA_ONLY"
"RAM97.PCM","E:\UAOS_OPEN_LIBRARY_SOURCE\pa3x\RoTaNa(1) pa3x.SET\tareq pa3x.SET\PCM\RAM97.PCM",".pcm","2618134","F4A866E7D5205B1FD6C433C81A96769EDEC1E05108677657D11DAF42A9537B82","PCM_CONTAINER","PARSER_CANDIDATE","V1719_PCM_CONTAINER_RESEARCH","Likely sample container; parser/hardware validation needed.","90","False","False","True","NO_BINARY_OUTPUT_METADATA_ONLY"
"RAM97.PCM","E:\UAOS_OPEN_LIBRARY_SOURCE\pa3x\3xxxxx.SET\3xxxxx.SET\PCM\RAM97.PCM",".pcm","2591542","0BF52C6B6C92B6DE75B4709F29B8D09BD895308534CCB8E528FAE2BFF18EE161","PCM_CONTAINER","PARSER_CANDIDATE","V1719_PCM_CONTAINER_RESEARCH","Likely sample container; parser/hardware validation needed.","90","False","False","True","NO_BINARY_OUTPUT_METADATA_ONLY"
"RAM97.PCM","E:\UAOS_OPEN_LIBRARY_SOURCE\pa3x\ROTANA. 2022.SET\ROTANA. 2022.SET\PCM\RAM97.PCM",".pcm","5725476","CBB6A35B0EEC51EBCFFA72841D9F37797AB84EF82E9465B2CCC91A938092E582","PCM_CONTAINER","PARSER_CANDIDATE","V1719_PCM_CONTAINER_RESEARCH","Likely sample container; parser/hardware validation needed.","90","False","False","True","NO_BINARY_OUTPUT_METADATA_ONLY"
"RAM97.PCM","E:\UAOS_OPEN_LIBRARY_SOURCE\pa3x\a1111.SET\a1111.SET\PCM\RAM97.PCM",".pcm","5805895","F9B482B0F02F612AB184BC62BAF4380FD2D3C5CAD2128C62197D9B66911D3C03","PCM_CONTAINER","PARSER_CANDIDATE","V1719_PCM_CONTAINER_RESEARCH","Likely sample container; parser/hardware validation needed.","90","False","False","True","NO_BINARY_OUTPUT_METADATA_ONLY"
"RAM97.PCM","E:\UAOS_OPEN_LIBRARY_SOURCE\pa3x\2020 pa1000 pa4x.SET\2020 pa1000 pa4x.SET\PCM\RAM97.PCM",".pcm","3147717","C13DF7CA6CB803098151B81BD9BDA23D23820958A0935CEAD1E7F3790A53B99E","PCM_CONTAINER","PARSER_CANDIDATE","V1719_PCM_CONTAINER_RESEARCH","Likely sample container; parser/hardware validation needed.","90","False","False","True","NO_BINARY_OUTPUT_METADATA_ONLY"
"RAM97.PCM","E:\UAOS_OPEN_LIBRARY_SOURCE\pa3x\LIVE CHARKI 3 2.SET\LIVE CHARKI 3 2.SET\PCM\RAM97.PCM",".pcm","1063336","B0DF8143426FBB6ADC7FCFA841A89FF8D635420BF03F23E6CD93782EA9C4DEBD","PCM_CONTAINER","PARSER_CANDIDATE","V1719_PCM_CONTAINER_RESEARCH","Likely sample container; parser/hardware validation needed.","90","False","False","True","NO_BINARY_OUTPUT_METADATA_ONLY"
"RAM97.PCM","E:\UAOS_OPEN_LIBRARY_SOURCE\pa3x\SUPER4X.3X ASLY2018.SET\SUPER4X.3X ASLY2018.SET\PCM\RAM97.PCM",".pcm","2657204","7DA6EA0D2F9EEEB4AE4519037C3AB04EB4437FA643155A2E8E710B8B4C787123","PCM_CONTAINER","PARSER_CANDIDATE","V1719_PCM_CONTAINER_RESEARCH","Likely sample container; parser/hardware validation needed.","90","False","False","True","NO_BINARY_OUTPUT_METADATA_ONLY"
"RAM97.PCM","E:\UAOS_OPEN_LIBRARY_SOURCE\pa3x\‏‏RoTaNa(1) pa3x.SET - نسخة\tareq pa3x.SET\PCM\RAM97.PCM",".pcm","2618134","F4A866E7D5205B1FD6C433C81A96769EDEC1E05108677657D11DAF42A9537B82","PCM_CONTAINER","PARSER_CANDIDATE","V1719_PCM_CONTAINER_RESEARCH","Likely sample container; parser/hardware validation needed.","90","False","False","True","NO_BINARY_OUTPUT_METADATA_ONLY"
"RAM98.PCM","E:\UAOS_OPEN_LIBRARY_SOURCE\pa3x\SUPER4X.3X ASLY2018.SET\SUPER4X.3X ASLY2018.SET\PCM\RAM98.PCM",".pcm","3170616","7D4CA959695FF077103BC8568278FAF4D3B9ACBECB7B8ACAE85C4835730FB98E","PCM_CONTAINER","PARSER_CANDIDATE","V1719_PCM_CONTAINER_RESEARCH","Likely sample container; parser/hardware validation needed.","90","False","False","True","NO_BINARY_OUTPUT_METADATA_ONLY"
"RAM98.PCM","E:\UAOS_OPEN_LIBRARY_SOURCE\pa3x\RoTaNa(1) pa3x.SET\tareq pa3x.SET\PCM\RAM98.PCM",".pcm","2574924","0AFA0CFD83BB20D7F466F28D3152014255896636328B64317EE859F87C728945","PCM_CONTAINER","PARSER_CANDIDATE","V1719_PCM_CONTAINER_RESEARCH","Likely sample container; parser/hardware validation needed.","90","False","False","True","NO_BINARY_OUTPUT_METADATA_ONLY"
"RAM98.PCM","E:\UAOS_OPEN_LIBRARY_SOURCE\pa3x\LIVE CHARKI 3 2.SET\LIVE CHARKI 3 2.SET\PCM\RAM98.PCM",".pcm","1005972","187FFF518C6C3BB1C9AF6C074948D3662A3E17D6428E273F17CAC19ADEE05439","PCM_CONTAINER","PARSER_CANDIDATE","V1719_PCM_CONTAINER_RESEARCH","Likely sample container; parser/hardware validation needed.","90","False","False","True","NO_BINARY_OUTPUT_METADATA_ONLY"
"RAM98.PCM","E:\UAOS_OPEN_LIBRARY_SOURCE\pa3x\a1111.SET\a1111.SET\PCM\RAM98.PCM",".pcm","6107026","2A9C858992E0BC1225C252E564234112F0BE8B176BFD3179F0A7EB730AA41F38","PCM_CONTAINER","PARSER_CANDIDATE","V1719_PCM_CONTAINER_RESEARCH","Likely sample container; parser/hardware validation needed.","90","False","False","True","NO_BINARY_OUTPUT_METADATA_ONLY"
"RAM98.PCM","E:\UAOS_OPEN_LIBRARY_SOURCE\pa3x\2020 pa1000 pa4x.SET\2020 pa1000 pa4x.SET\PCM\RAM98.PCM",".pcm","2915652","88E919D379E4EAC8CAA53022A42FD672B050D563644CD52EEF6033E9F7DDBE3D","PCM_CONTAINER","PARSER_CANDIDATE","V1719_PCM_CONTAINER_RESEARCH","Likely sample container; parser/hardware validation needed.","90","False","False","True","NO_BINARY_OUTPUT_METADATA_ONLY"
"RAM98.PCM","E:\UAOS_OPEN_LIBRARY_SOURCE\pa3x\rahm pa3x.SET\rahm pa3x.SET\PCM\RAM98.PCM",".pcm","2492414","DF472A1AAE1276F7EAA0D36C9954963D2EC70EF275152DAE64F9ACCED2FFC553","PCM_CONTAINER","PARSER_CANDIDATE","V1719_PCM_CONTAINER_RESEARCH","Likely sample container; parser/hardware validation needed.","90","False","False","True","NO_BINARY_OUTPUT_METADATA_ONLY"
"RAM98.PCM","E:\UAOS_OPEN_LIBRARY_SOURCE\pa3x\‏‏RoTaNa(1) pa3x.SET - نسخة\tareq pa3x.SET\PCM\RAM98.PCM",".pcm","2574924","0AFA0CFD83BB20D7F466F28D3152014255896636328B64317EE859F87C728945","PCM_CONTAINER","PARSER_CANDIDATE","V1719_PCM_CONTAINER_RESEARCH","Likely sample container; parser/hardware validation needed.","90","False","False","True","NO_BINARY_OUTPUT_METADATA_ONLY"
"RAM98.PCM","E:\UAOS_OPEN_LIBRARY_SOURCE\pa3x\ROTANA. 2022.SET\ROTANA. 2022.SET\PCM\RAM98.PCM",".pcm","5248908","F268AB74872F26007B8DEEEE15F3D85D31311722FF22C0CE6CAB6C2B2E0430EF","PCM_CONTAINER","PARSER_CANDIDATE","V1719_PCM_CONTAINER_RESEARCH","Likely sample container; parser/hardware validation needed.","90","False","False","True","NO_BINARY_OUTPUT_METADATA_ONLY"
"RAM98.PCM","E:\UAOS_OPEN_LIBRARY_SOURCE\pa3x\ABOUD NEXT-MG.SET\ABOUD NEXT-MG.SET\PCM\RAM98.PCM",".pcm","3759162","E2C135CA945EFFA97FE4ED3F5A88F09216B6D9BC55A1CB4FD73448A6DD7A0DBA","PCM_CONTAINER","PARSER_CANDIDATE","V1719_PCM_CONTAINER_RESEARCH","Likely sample container; parser/hardware validation needed.","90","False","False","True","NO_BINARY_OUTPUT_METADATA_ONLY"
"RAM98.PCM","E:\UAOS_OPEN_LIBRARY_SOURCE\pa3x\omar44.SET\omar44.SET\PCM\RAM98.PCM",".pcm","4199123","CEF85916D12367BAF3891D3A2C7856CC86226EF2B075589688576A994B684B43","PCM_CONTAINER","PARSER_CANDIDATE","V1719_PCM_CONTAINER_RESEARCH","Likely sample container; parser/hardware validation needed.","90","False","False","True","NO_BINARY_OUTPUT_METADATA_ONLY"
"RAM98.PCM","E:\UAOS_OPEN_LIBRARY_SOURCE\pa3x\3xxxxx.SET\3xxxxx.SET\PCM\RAM98.PCM",".pcm","2603530","509B1C78CF2EF8184C68E0BBCB429DC61A40939C36D05A8435D321ACE857C5DD","PCM_CONTAINER","PARSER_CANDIDATE","V1719_PCM_CONTAINER_RESEARCH","Likely sample container; parser/hardware validation needed.","90","False","False","True","NO_BINARY_OUTPUT_METADATA_ONLY"
"RAM99.PCM","E:\UAOS_OPEN_LIBRARY_SOURCE\pa3x\3xxxxx.SET\3xxxxx.SET\PCM\RAM99.PCM",".pcm","2650680","6140E4B7731C9919A6493F21F9AEF3C5334E38F34E51D445AF6ABF0E5FDE0BBF","PCM_CONTAINER","PARSER_CANDIDATE","V1719_PCM_CONTAINER_RESEARCH","Likely sample container; parser/hardware validation needed.","90","False","False","True","NO_BINARY_OUTPUT_METADATA_ONLY"
"RAM99.PCM","E:\UAOS_OPEN_LIBRARY_SOURCE\pa3x\ROTANA. 2022.SET\ROTANA. 2022.SET\PCM\RAM99.PCM",".pcm","5610698","C56649CDA6248AC96863B062A5471457704D0C82DB5F7A4C33E8F2C949EB92C6","PCM_CONTAINER","PARSER_CANDIDATE","V1719_PCM_CONTAINER_RESEARCH","Likely sample container; parser/hardware validation needed.","90","False","False","True","NO_BINARY_OUTPUT_METADATA_ONLY"
"RAM99.PCM","E:\UAOS_OPEN_LIBRARY_SOURCE\pa3x\ABOUD NEXT-MG.SET\ABOUD NEXT-MG.SET\PCM\RAM99.PCM",".pcm","4619285","4F13F024030BAB6ACC03425B7B15288DEA9EAB5B0C4606659C0FCD73D7B8C36A","PCM_CONTAINER","PARSER_CANDIDATE","V1719_PCM_CONTAINER_RESEARCH","Likely sample container; parser/hardware validation needed.","90","False","False","True","NO_BINARY_OUTPUT_METADATA_ONLY"
"RAM99.PCM","E:\UAOS_OPEN_LIBRARY_SOURCE\pa3x\RoTaNa(1) pa3x.SET\tareq pa3x.SET\PCM\RAM99.PCM",".pcm","2725894","0E912497ADC93008103C7DB9285A0F3860A302DE8A756EEBC602CA04931BDDF7","PCM_CONTAINER","PARSER_CANDIDATE","V1719_PCM_CONTAINER_RESEARCH","Likely sample container; parser/hardware validation needed.","90","False","False","True","NO_BINARY_OUTPUT_METADATA_ONLY"
"RAM99.PCM","E:\UAOS_OPEN_LIBRARY_SOURCE\pa3x\rahm pa3x.SET\rahm pa3x.SET\PCM\RAM99.PCM",".pcm","2159722","30A6861EA7E295E8AF3F586E67EEE469E7E5FB9AE44EBFBE7A2AB008ED821028","PCM_CONTAINER","PARSER_CANDIDATE","V1719_PCM_CONTAINER_RESEARCH","Likely sample container; parser/hardware validation needed.","90","False","False","True","NO_BINARY_OUTPUT_METADATA_ONLY"
"RAM99.PCM","E:\UAOS_OPEN_LIBRARY_SOURCE\pa3x\‏‏RoTaNa(1) pa3x.SET - نسخة\tareq pa3x.SET\PCM\RAM99.PCM",".pcm","2725894","0E912497ADC93008103C7DB9285A0F3860A302DE8A756EEBC602CA04931BDDF7","PCM_CONTAINER","PARSER_CANDIDATE","V1719_PCM_CONTAINER_RESEARCH","Likely sample container; parser/hardware validation needed.","90","False","False","True","NO_BINARY_OUTPUT_METADATA_ONLY"
"RAM99.PCM","E:\UAOS_OPEN_LIBRARY_SOURCE\pa3x\omar44.SET\omar44.SET\PCM\RAM99.PCM",".pcm","4263360","00538D6C63BA778C2A7392BAD690985CBE8FFA3830C548ADA4DC5A0B0A74D7B5","PCM_CONTAINER","PARSER_CANDIDATE","V1719_PCM_CONTAINER_RESEARCH","Likely sample container; parser/hardware validation needed.","90","False","False","True","NO_BINARY_OUTPUT_METADATA_ONLY"
"RAM99.PCM","E:\UAOS_OPEN_LIBRARY_SOURCE\pa3x\SUPER4X.3X ASLY2018.SET\SUPER4X.3X ASLY2018.SET\PCM\RAM99.PCM",".pcm","2691356","6CC3DACA48E2727BD3B2AC4AC10507E71F802E76D37A4FB7AB9B4E9B8841838D","PCM_CONTAINER","PARSER_CANDIDATE","V1719_PCM_CONTAINER_RESEARCH","Likely sample container; parser/hardware validation needed.","90","False","False","True","NO_BINARY_OUTPUT_METADATA_ONLY"
"RAM99.PCM","E:\UAOS_OPEN_LIBRARY_SOURCE\pa3x\2020 pa1000 pa4x.SET\2020 pa1000 pa4x.SET\PCM\RAM99.PCM",".pcm","2948841","DC5AB31C55991040B9B85E131C814CEBFD6643D85847A9623993287D98DA15E4","PCM_CONTAINER","PARSER_CANDIDATE","V1719_PCM_CONTAINER_RESEARCH","Likely sample container; parser/hardware validation needed.","90","False","False","True","NO_BINARY_OUTPUT_METADATA_ONLY"
"RAM99.PCM","E:\UAOS_OPEN_LIBRARY_SOURCE\pa3x\LIVE CHARKI 3 2.SET\LIVE CHARKI 3 2.SET\PCM\RAM99.PCM",".pcm","1595638","8466D53FFD16072976A63E1697C0E37FA66ACAD913D85D893BDDAC7E2E448653","PCM_CONTAINER","PARSER_CANDIDATE","V1719_PCM_CONTAINER_RESEARCH","Likely sample container; parser/hardware validation needed.","90","False","False","True","NO_BINARY_OUTPUT_METADATA_ONLY"
"RAM99.PCM","E:\UAOS_OPEN_LIBRARY_SOURCE\pa3x\a1111.SET\a1111.SET\PCM\RAM99.PCM",".pcm","5414108","F930C485C0AAD7DA306629A0F829D191D3813C5CEC477FC92D89EB46978259EA","PCM_CONTAINER","PARSER_CANDIDATE","V1719_PCM_CONTAINER_RESEARCH","Likely sample container; parser/hardware validation needed.","90","False","False","True","NO_BINARY_OUTPUT_METADATA_ONLY"
"USER01.PCG","E:\UAOS_OPEN_LIBRARY_SOURCE\pa3x\rahm pa3x.SET\rahm pa3x.SET\SOUND\USER01.PCG",".pcg","17841","2F9D19650851DD7632728671076389C30A825B3EBB3707F08A9A1403EA5EFD98","PCG_PROGRAM_BANK","PROGRAM_METADATA_CANDIDATE","V1719_PROGRAM_METADATA_READER","Program bank metadata candidate.","80","False","False","True","NO_BINARY_OUTPUT_METADATA_ONLY"
"USER01.PCG","E:\UAOS_OPEN_LIBRARY_SOURCE\pa3x\3xxxxx.SET\3xxxxx.SET\SOUND\USER01.PCG",".pcg","26795","15B65E361DC7A7A78C9073984C32D415A3BF2C46B60C1BAECC019100D0AB10A0","PCG_PROGRAM_BANK","PROGRAM_METADATA_CANDIDATE","V1719_PROGRAM_METADATA_READER","Program bank metadata candidate.","80","False","False","True","NO_BINARY_OUTPUT_METADATA_ONLY"
"USER01.PCG","E:\UAOS_OPEN_LIBRARY_SOURCE\pa3x\omar44.SET\omar44.SET\SOUND\USER01.PCG",".pcg","47156","3F03EF7696EE484331C14ED936C93F2C3CBF47D36031DB2FFE6BE940D81A506F","PCG_PROGRAM_BANK","PROGRAM_METADATA_CANDIDATE","V1719_PROGRAM_METADATA_READER","Program bank metadata candidate.","80","False","False","True","NO_BINARY_OUTPUT_METADATA_ONLY"
"USER01.PCG","E:\UAOS_OPEN_LIBRARY_SOURCE\pa3x\2020 pa1000 pa4x.SET\2020 pa1000 pa4x.SET\SOUND\USER01.PCG",".pcg","39434","2BD863F53D1E723B474EF22F7F3CDCC5F7CB7CF6441AE159D9C8B2BDEBD82DE1","PCG_PROGRAM_BANK","PROGRAM_METADATA_CANDIDATE","V1719_PROGRAM_METADATA_READER","Program bank metadata candidate.","80","False","False","True","NO_BINARY_OUTPUT_METADATA_ONLY"
"USER01.PCG","E:\UAOS_OPEN_LIBRARY_SOURCE\pa3x\‏‏RoTaNa(1) pa3x.SET - نسخة\tareq pa3x.SET\SOUND\USER01.PCG",".pcg","26544","D564275805B3ECF21C31D3835E1B3C76CC4192C160FF22DDE9EB4BF118984B4D","PCG_PROGRAM_BANK","PROGRAM_METADATA_CANDIDATE","V1719_PROGRAM_METADATA_READER","Program bank metadata candidate.","80","False","False","True","NO_BINARY_OUTPUT_METADATA_ONLY"
"USER01.PCG","E:\UAOS_OPEN_LIBRARY_SOURCE\pa3x\SUPER4X.3X ASLY2018.SET\SUPER4X.3X ASLY2018.SET\SOUND\USER01.PCG",".pcg","28425","DD099D408D5A776732C8E4A25F364CA7BA539A4A62E011104E4854C6C10A57ED","PCG_PROGRAM_BANK","PROGRAM_METADATA_CANDIDATE","V1719_PROGRAM_METADATA_READER","Program bank metadata candidate.","80","False","False","True","NO_BINARY_OUTPUT_METADATA_ONLY"
"USER01.PCG","E:\UAOS_OPEN_LIBRARY_SOURCE\pa3x\a1111.SET\a1111.SET\SOUND\USER01.PCG",".pcg","50172","A8890759207E8022E7396D2162082C68895CAAEB49451DB9494C1E85BF9AEE14","PCG_PROGRAM_BANK","PROGRAM_METADATA_CANDIDATE","V1719_PROGRAM_METADATA_READER","Program bank metadata candidate.","80","False","False","True","NO_BINARY_OUTPUT_METADATA_ONLY"
"USER01.PCG","E:\UAOS_OPEN_LIBRARY_SOURCE\pa3x\RoTaNa(1) pa3x.SET\tareq pa3x.SET\SOUND\USER01.PCG",".pcg","26544","D564275805B3ECF21C31D3835E1B3C76CC4192C160FF22DDE9EB4BF118984B4D","PCG_PROGRAM_BANK","PROGRAM_METADATA_CANDIDATE","V1719_PROGRAM_METADATA_READER","Program bank metadata candidate.","80","False","False","True","NO_BINARY_OUTPUT_METADATA_ONLY"
"USER01.PCG","E:\UAOS_OPEN_LIBRARY_SOURCE\pa3x\ROTANA. 2022.SET\ROTANA. 2022.SET\SOUND\USER01.PCG",".pcg","36143","0EA1A05B483A62D3E51151945493D609FD54C4EC7A689C308C550E538D0ED285","PCG_PROGRAM_BANK","PROGRAM_METADATA_CANDIDATE","V1719_PROGRAM_METADATA_READER","Program bank metadata candidate.","80","False","False","True","NO_BINARY_OUTPUT_METADATA_ONLY"
"USER01.PCG","E:\UAOS_OPEN_LIBRARY_SOURCE\pa3x\ABOUD NEXT-MG.SET\ABOUD NEXT-MG.SET\SOUND\USER01.PCG",".pcg","34610","6E5E4C464CAFBB82A389901F4CEED7968A492955836D15F6D25EFB80F81440AB","PCG_PROGRAM_BANK","PROGRAM_METADATA_CANDIDATE","V1719_PROGRAM_METADATA_READER","Program bank metadata candidate.","80","False","False","True","NO_BINARY_OUTPUT_METADATA_ONLY"
"USER01.PCG","E:\UAOS_OPEN_LIBRARY_SOURCE\pa3x\LIVE CHARKI 3 2.SET\LIVE CHARKI 3 2.SET\SOUND\USER01.PCG",".pcg","25250","4272D6AEFC54A11F32461885270CA3D43B122E3978623BFD327E9715843C742D","PCG_PROGRAM_BANK","PROGRAM_METADATA_CANDIDATE","V1719_PROGRAM_METADATA_READER","Program bank metadata candidate.","80","False","False","True","NO_BINARY_OUTPUT_METADATA_ONLY"
"USER02.PCG","E:\UAOS_OPEN_LIBRARY_SOURCE\pa3x\omar44.SET\omar44.SET\SOUND\USER02.PCG",".pcg","46503","B5CDC17123F1E8C74621468B86A9ACF6A0CFD4FB716D7FC7BBCFB70315079708","PCG_PROGRAM_BANK","PROGRAM_METADATA_CANDIDATE","V1719_PROGRAM_METADATA_READER","Program bank metadata candidate.","80","False","False","True","NO_BINARY_OUTPUT_METADATA_ONLY"
"USER02.PCG","E:\UAOS_OPEN_LIBRARY_SOURCE\pa3x\3xxxxx.SET\3xxxxx.SET\SOUND\USER02.PCG",".pcg","18383","4A000BCA51B7DE1138F5177D9CA9B8FDA3CFC11A8A36A8F114803BDEEE281244","PCG_PROGRAM_BANK","PROGRAM_METADATA_CANDIDATE","V1719_PROGRAM_METADATA_READER","Program bank metadata candidate.","80","False","False","True","NO_BINARY_OUTPUT_METADATA_ONLY"
"USER02.PCG","E:\UAOS_OPEN_LIBRARY_SOURCE\pa3x\‏‏RoTaNa(1) pa3x.SET - نسخة\tareq pa3x.SET\SOUND\USER02.PCG",".pcg","24505","DE2B77400C9A8ADF564D86BD2F97F570B19CE3AD2B7D0A8533AA878954888A5C","PCG_PROGRAM_BANK","PROGRAM_METADATA_CANDIDATE","V1719_PROGRAM_METADATA_READER","Program bank metadata candidate.","80","False","False","True","NO_BINARY_OUTPUT_METADATA_ONLY"
"USER02.PCG","E:\UAOS_OPEN_LIBRARY_SOURCE\pa3x\ROTANA. 2022.SET\ROTANA. 2022.SET\SOUND\USER02.PCG",".pcg","29313","AC8C6832F7C3579A81A683E768F634B63342096AA3A6E97F3E7DD1639DAD9ACD","PCG_PROGRAM_BANK","PROGRAM_METADATA_CANDIDATE","V1719_PROGRAM_METADATA_READER","Program bank metadata candidate.","80","False","False","True","NO_BINARY_OUTPUT_METADATA_ONLY"
"USER02.PCG","E:\UAOS_OPEN_LIBRARY_SOURCE\pa3x\SUPER4X.3X ASLY2018.SET\SUPER4X.3X ASLY2018.SET\SOUND\USER02.PCG",".pcg","23306","A40F3AE2C501DC8FFDBF73EC3AC94B5875132F2EB91A3B806FBBF5C3E4274ED0","PCG_PROGRAM_BANK","PROGRAM_METADATA_CANDIDATE","V1719_PROGRAM_METADATA_READER","Program bank metadata candidate.","80","False","False","True","NO_BINARY_OUTPUT_METADATA_ONLY"
"USER02.PCG","E:\UAOS_OPEN_LIBRARY_SOURCE\pa3x\RoTaNa(1) pa3x.SET\tareq pa3x.SET\SOUND\USER02.PCG",".pcg","24505","DE2B77400C9A8ADF564D86BD2F97F570B19CE3AD2B7D0A8533AA878954888A5C","PCG_PROGRAM_BANK","PROGRAM_METADATA_CANDIDATE","V1719_PROGRAM_METADATA_READER","Program bank metadata candidate.","80","False","False","True","NO_BINARY_OUTPUT_METADATA_ONLY"
"USER02.PCG","E:\UAOS_OPEN_LIBRARY_SOURCE\pa3x\2020 pa1000 pa4x.SET\2020 pa1000 pa4x.SET\SOUND\USER02.PCG",".pcg","36925","5591788C8F99319EC705526FAD5A2CB47C3F305BAF5ED0AE63D5C6BFAF19C735","PCG_PROGRAM_BANK","PROGRAM_METADATA_CANDIDATE","V1719_PROGRAM_METADATA_READER","Program bank metadata candidate.","80","False","False","True","NO_BINARY_OUTPUT_METADATA_ONLY"
"USER02.PCG","E:\UAOS_OPEN_LIBRARY_SOURCE\pa3x\ABOUD NEXT-MG.SET\ABOUD NEXT-MG.SET\SOUND\USER02.PCG",".pcg","14646","CF892206B6733D93DBF288CB8A676CCE0003BF0DA1FBFBF2AAF5B5A8B696FC7F","PCG_PROGRAM_BANK","PROGRAM_METADATA_CANDIDATE","V1719_PROGRAM_METADATA_READER","Program bank metadata candidate.","80","False","False","True","NO_BINARY_OUTPUT_METADATA_ONLY"
"USER02.PCG","E:\UAOS_OPEN_LIBRARY_SOURCE\pa3x\LIVE CHARKI 3 2.SET\LIVE CHARKI 3 2.SET\SOUND\USER02.PCG",".pcg","19749","0303A406532DCFF8D82280C8ABCA19C46E1820979E03A35830DD7F140E566F35","PCG_PROGRAM_BANK","PROGRAM_METADATA_CANDIDATE","V1719_PROGRAM_METADATA_READER","Program bank metadata candidate.","80","False","False","True","NO_BINARY_OUTPUT_METADATA_ONLY"
"USER02.PCG","E:\UAOS_OPEN_LIBRARY_SOURCE\pa3x\rahm pa3x.SET\rahm pa3x.SET\SOUND\USER02.PCG",".pcg","18871","40ACAEDE4DF1BF0F3929F5BFF211B403C1307671E7ECA38187C24D635ABE9308","PCG_PROGRAM_BANK","PROGRAM_METADATA_CANDIDATE","V1719_PROGRAM_METADATA_READER","Program bank metadata candidate.","80","False","False","True","NO_BINARY_OUTPUT_METADATA_ONLY"
"USER02.PCG","E:\UAOS_OPEN_LIBRARY_SOURCE\pa3x\a1111.SET\a1111.SET\SOUND\USER02.PCG",".pcg","40010","92CDCD631332F02503A5F17D06C2220C7588CD6D1DBFE90774BD50AFC8D2D3B0","PCG_PROGRAM_BANK","PROGRAM_METADATA_CANDIDATE","V1719_PROGRAM_METADATA_READER","Program bank metadata candidate.","80","False","False","True","NO_BINARY_OUTPUT_METADATA_ONLY"
"USER03.PCG","E:\UAOS_OPEN_LIBRARY_SOURCE\pa3x\SUPER4X.3X ASLY2018.SET\SUPER4X.3X ASLY2018.SET\SOUND\USER03.PCG",".pcg","27462","0D9DECDA376E7BEF8C71235EE18970F1A7B73B0037994104F676BEC897B4E754","PCG_PROGRAM_BANK","PROGRAM_METADATA_CANDIDATE","V1719_PROGRAM_METADATA_READER","Program bank metadata candidate.","80","False","False","True","NO_BINARY_OUTPUT_METADATA_ONLY"
"USER03.PCG","E:\UAOS_OPEN_LIBRARY_SOURCE\pa3x\omar44.SET\omar44.SET\SOUND\USER03.PCG",".pcg","30891","E792BE9C5BEB908EF525A759D4EC170F2308965E064534122715404753BAA00F","PCG_PROGRAM_BANK","PROGRAM_METADATA_CANDIDATE","V1719_PROGRAM_METADATA_READER","Program bank metadata candidate.","80","False","False","True","NO_BINARY_OUTPUT_METADATA_ONLY"
"USER03.PCG","E:\UAOS_OPEN_LIBRARY_SOURCE\pa3x\‏‏RoTaNa(1) pa3x.SET - نسخة\tareq pa3x.SET\SOUND\USER03.PCG",".pcg","24454","6A25FA5BD7DEDFFF86F15742E71193F15A621221F5C4651AA8D83777B46BB6B9","PCG_PROGRAM_BANK","PROGRAM_METADATA_CANDIDATE","V1719_PROGRAM_METADATA_READER","Program bank metadata candidate.","80","False","False","True","NO_BINARY_OUTPUT_METADATA_ONLY"
"USER03.PCG","E:\UAOS_OPEN_LIBRARY_SOURCE\pa3x\ROTANA. 2022.SET\ROTANA. 2022.SET\SOUND\USER03.PCG",".pcg","32869","0B51F1154395A9CAF387BE0C45D60F5351097FA900EFCF4488FB71EE5804B11D","PCG_PROGRAM_BANK","PROGRAM_METADATA_CANDIDATE","V1719_PROGRAM_METADATA_READER","Program bank metadata candidate.","80","False","False","True","NO_BINARY_OUTPUT_METADATA_ONLY"
"USER03.PCG","E:\UAOS_OPEN_LIBRARY_SOURCE\pa3x\RoTaNa(1) pa3x.SET\tareq pa3x.SET\SOUND\USER03.PCG",".pcg","24454","6A25FA5BD7DEDFFF86F15742E71193F15A621221F5C4651AA8D83777B46BB6B9","PCG_PROGRAM_BANK","PROGRAM_METADATA_CANDIDATE","V1719_PROGRAM_METADATA_READER","Program bank metadata candidate.","80","False","False","True","NO_BINARY_OUTPUT_METADATA_ONLY"
"USER03.PCG","E:\UAOS_OPEN_LIBRARY_SOURCE\pa3x\LIVE CHARKI 3 2.SET\LIVE CHARKI 3 2.SET\SOUND\USER03.PCG",".pcg","36204","ABA41F28189B352F7097816314423666851AF7BDFAE45279122578EBCDB7676C","PCG_PROGRAM_BANK","PROGRAM_METADATA_CANDIDATE","V1719_PROGRAM_METADATA_READER","Program bank metadata candidate.","80","False","False","True","NO_BINARY_OUTPUT_METADATA_ONLY"
"USER03.PCG","E:\UAOS_OPEN_LIBRARY_SOURCE\pa3x\3xxxxx.SET\3xxxxx.SET\SOUND\USER03.PCG",".pcg","12527","5A09D2CA6C11D82249D1892D93FE18741ACD4D33D3898D6876B3F7BEEA095DC1","PCG_PROGRAM_BANK","PROGRAM_METADATA_CANDIDATE","V1719_PROGRAM_METADATA_READER","Program bank metadata candidate.","80","False","False","True","NO_BINARY_OUTPUT_METADATA_ONLY"
"USER03.PCG","E:\UAOS_OPEN_LIBRARY_SOURCE\pa3x\rahm pa3x.SET\rahm pa3x.SET\SOUND\USER03.PCG",".pcg","10661","199CBFFC814082D478AA249BF54B8F68F6609B8BA3ABA4AAA6E051969D16BDE9","PCG_PROGRAM_BANK","PROGRAM_METADATA_CANDIDATE","V1719_PROGRAM_METADATA_READER","Program bank metadata candidate.","80","False","False","True","NO_BINARY_OUTPUT_METADATA_ONLY"
"USER03.PCG","E:\UAOS_OPEN_LIBRARY_SOURCE\pa3x\a1111.SET\a1111.SET\SOUND\USER03.PCG",".pcg","29179","CA68454A6B3C209A43F4F397C0A58825A7968BE4FE6E087574324B4AA9C5D9BF","PCG_PROGRAM_BANK","PROGRAM_METADATA_CANDIDATE","V1719_PROGRAM_METADATA_READER","Program bank metadata candidate.","80","False","False","True","NO_BINARY_OUTPUT_METADATA_ONLY"
"USER03.PCG","E:\UAOS_OPEN_LIBRARY_SOURCE\pa3x\2020 pa1000 pa4x.SET\2020 pa1000 pa4x.SET\SOUND\USER03.PCG",".pcg","38616","712FFDED32C7FE20F88429F8BA1E4FFB7E22C6DB8AD32739A64B9C2019776D51","PCG_PROGRAM_BANK","PROGRAM_METADATA_CANDIDATE","V1719_PROGRAM_METADATA_READER","Program bank metadata candidate.","80","False","False","True","NO_BINARY_OUTPUT_METADATA_ONLY"
"USER03.PCG","E:\UAOS_OPEN_LIBRARY_SOURCE\pa3x\ABOUD NEXT-MG.SET\ABOUD NEXT-MG.SET\SOUND\USER03.PCG",".pcg","18695","9D2C21095409CBDD9B4DE51A878F07CFF6D68BCFA4C53D9E3FD7F70E19A5BB53","PCG_PROGRAM_BANK","PROGRAM_METADATA_CANDIDATE","V1719_PROGRAM_METADATA_READER","Program bank metadata candidate.","80","False","False","True","NO_BINARY_OUTPUT_METADATA_ONLY"
"USER04.PCG","E:\UAOS_OPEN_LIBRARY_SOURCE\pa3x\SUPER4X.3X ASLY2018.SET\SUPER4X.3X ASLY2018.SET\SOUND\USER04.PCG",".pcg","22361","7FE346B8EEC83A9A78B0932E6B265D266EF5EB45FA2C5E0E4B387AF40663FDF4","PCG_PROGRAM_BANK","PROGRAM_METADATA_CANDIDATE","V1719_PROGRAM_METADATA_READER","Program bank metadata candidate.","80","False","False","True","NO_BINARY_OUTPUT_METADATA_ONLY"
"USER04.PCG","E:\UAOS_OPEN_LIBRARY_SOURCE\pa3x\omar44.SET\omar44.SET\SOUND\USER04.PCG",".pcg","39775","5B0242D34B7BBF651B217B65B4F70531120D34510469D7E0AD46EF55F9D8C666","PCG_PROGRAM_BANK","PROGRAM_METADATA_CANDIDATE","V1719_PROGRAM_METADATA_READER","Program bank metadata candidate.","80","False","False","True","NO_BINARY_OUTPUT_METADATA_ONLY"
"USER04.PCG","E:\UAOS_OPEN_LIBRARY_SOURCE\pa3x\rahm pa3x.SET\rahm pa3x.SET\SOUND\USER04.PCG",".pcg","7644","9413B99350467BFFA0BA856E8CCA79DFCF81E9E9089BDF7D6563085787189801","PCG_PROGRAM_BANK","PROGRAM_METADATA_CANDIDATE","V1719_PROGRAM_METADATA_READER","Program bank metadata candidate.","80","False","False","True","NO_BINARY_OUTPUT_METADATA_ONLY"
"USER04.PCG","E:\UAOS_OPEN_LIBRARY_SOURCE\pa3x\a1111.SET\a1111.SET\SOUND\USER04.PCG",".pcg","36898","5D824152B42F5AE16B19EEA2BF79F827EC571F43053F25AF3341D816FDE71619","PCG_PROGRAM_BANK","PROGRAM_METADATA_CANDIDATE","V1719_PROGRAM_METADATA_READER","Program bank metadata candidate.","80","False","False","True","NO_BINARY_OUTPUT_METADATA_ONLY"
"USER04.PCG","E:\UAOS_OPEN_LIBRARY_SOURCE\pa3x\ABOUD NEXT-MG.SET\ABOUD NEXT-MG.SET\SOUND\USER04.PCG",".pcg","28399","B84BB6A72A6AFD02A163174A81F09D224328CE34763E62398486F73CA2368B97","PCG_PROGRAM_BANK","PROGRAM_METADATA_CANDIDATE","V1719_PROGRAM_METADATA_READER","Program bank metadata candidate.","80","False","False","True","NO_BINARY_OUTPUT_METADATA_ONLY"
"USER04.PCG","E:\UAOS_OPEN_LIBRARY_SOURCE\pa3x\RoTaNa(1) pa3x.SET\tareq pa3x.SET\SOUND\USER04.PCG",".pcg","16723","C5BA48915B60736A3AC45949314ABFAE4E891A3136A87C030DCCB5A81BAA899A","PCG_PROGRAM_BANK","PROGRAM_METADATA_CANDIDATE","V1719_PROGRAM_METADATA_READER","Program bank metadata candidate.","80","False","False","True","NO_BINARY_OUTPUT_METADATA_ONLY"
"USER04.PCG","E:\UAOS_OPEN_LIBRARY_SOURCE\pa3x\‏‏RoTaNa(1) pa3x.SET - نسخة\tareq pa3x.SET\SOUND\USER04.PCG",".pcg","16723","C5BA48915B60736A3AC45949314ABFAE4E891A3136A87C030DCCB5A81BAA899A","PCG_PROGRAM_BANK","PROGRAM_METADATA_CANDIDATE","V1719_PROGRAM_METADATA_READER","Program bank metadata candidate.","80","False","False","True","NO_BINARY_OUTPUT_METADATA_ONLY"
"USER04.PCG","E:\UAOS_OPEN_LIBRARY_SOURCE\pa3x\ROTANA. 2022.SET\ROTANA. 2022.SET\SOUND\USER04.PCG",".pcg","45645","63F32F588AF2A9DB359D2145928961EBFFBA5B400F6FC6EEE292E4F60229891D","PCG_PROGRAM_BANK","PROGRAM_METADATA_CANDIDATE","V1719_PROGRAM_METADATA_READER","Program bank metadata candidate.","80","False","False","True","NO_BINARY_OUTPUT_METADATA_ONLY"
"USER04.PCG","E:\UAOS_OPEN_LIBRARY_SOURCE\pa3x\3xxxxx.SET\3xxxxx.SET\SOUND\USER04.PCG",".pcg","11511","3A3603A0C09B6D48C7B471FC48ED3D0D106B28F0D8A9506F6753750FD27AFFA9","PCG_PROGRAM_BANK","PROGRAM_METADATA_CANDIDATE","V1719_PROGRAM_METADATA_READER","Program bank metadata candidate.","80","False","False","True","NO_BINARY_OUTPUT_METADATA_ONLY"
"USER04.PCG","E:\UAOS_OPEN_LIBRARY_SOURCE\pa3x\2020 pa1000 pa4x.SET\2020 pa1000 pa4x.SET\SOUND\USER04.PCG",".pcg","27608","97E2B3A5CB372A440592B109B205819037060A83A9E9BFF81ADEE19FB7C92E24","PCG_PROGRAM_BANK","PROGRAM_METADATA_CANDIDATE","V1719_PROGRAM_METADATA_READER","Program bank metadata candidate.","80","False","False","True","NO_BINARY_OUTPUT_METADATA_ONLY"
"USER04.PCG","E:\UAOS_OPEN_LIBRARY_SOURCE\pa3x\LIVE CHARKI 3 2.SET\LIVE CHARKI 3 2.SET\SOUND\USER04.PCG",".pcg","18171","B126D66AAD0DB4B719812A6F9C8A4B29801E11E7CD459F5D12344203FC2AB443","PCG_PROGRAM_BANK","PROGRAM_METADATA_CANDIDATE","V1719_PROGRAM_METADATA_READER","Program bank metadata candidate.","80","False","False","True","NO_BINARY_OUTPUT_METADATA_ONLY"
"USER05.PCG","E:\UAOS_OPEN_LIBRARY_SOURCE\pa3x\a1111.SET\a1111.SET\SOUND\USER05.PCG",".pcg","6041","D04E74881382A483A2BCEC8B90C6D639C5F19CCF7950B91846B455F11A334ED9","PCG_PROGRAM_BANK","PROGRAM_METADATA_CANDIDATE","V1719_PROGRAM_METADATA_READER","Program bank metadata candidate.","80","False","False","True","NO_BINARY_OUTPUT_METADATA_ONLY"
"USER05.PCG","E:\UAOS_OPEN_LIBRARY_SOURCE\pa3x\ROTANA. 2022.SET\ROTANA. 2022.SET\SOUND\USER05.PCG",".pcg","3042","E603FF53F1D16519FE638B054C874C41D53F0BD74C4EAA6BD56CA472820BA7A8","PCG_PROGRAM_BANK","PROGRAM_METADATA_CANDIDATE","V1719_PROGRAM_METADATA_READER","Program bank metadata candidate.","80","False","False","True","NO_BINARY_OUTPUT_METADATA_ONLY"
"USER05.PCG","E:\UAOS_OPEN_LIBRARY_SOURCE\pa3x\ABOUD NEXT-MG.SET\ABOUD NEXT-MG.SET\SOUND\USER05.PCG",".pcg","2949","ED5351701D8483F8B7532874511AF9EC6D4F7C78397EEA67D2BAA93C74113A2F","PCG_PROGRAM_BANK","PROGRAM_METADATA_CANDIDATE","V1719_PROGRAM_METADATA_READER","Program bank metadata candidate.","80","False","False","True","NO_BINARY_OUTPUT_METADATA_ONLY"
"USER06.PCG","E:\UAOS_OPEN_LIBRARY_SOURCE\pa3x\a1111.SET\a1111.SET\SOUND\USER06.PCG",".pcg","15119","4CD05D051F327D56126E8B074952CA7F234DC3C487CBDE08A5317C3D95B1CF5A","PCG_PROGRAM_BANK","PROGRAM_METADATA_CANDIDATE","V1719_PROGRAM_METADATA_READER","Program bank metadata candidate.","80","False","False","True","NO_BINARY_OUTPUT_METADATA_ONLY"
"USER06.PCG","E:\UAOS_OPEN_LIBRARY_SOURCE\pa3x\ROTANA. 2022.SET\ROTANA. 2022.SET\SOUND\USER06.PCG",".pcg","22765","5A7572C5246D1CE80C35F32F3E0081BED6B036EF7A54F88946994CED9F08B443","PCG_PROGRAM_BANK","PROGRAM_METADATA_CANDIDATE","V1719_PROGRAM_METADATA_READER","Program bank metadata candidate.","80","False","False","True","NO_BINARY_OUTPUT_METADATA_ONLY"
"USER06.PCG","E:\UAOS_OPEN_LIBRARY_SOURCE\pa3x\ABOUD NEXT-MG.SET\ABOUD NEXT-MG.SET\SOUND\USER06.PCG",".pcg","2938","FC612E3E57B1C782512B2B4CB82D31831A56343D6EEC562B4A8235FF47B96AFE","PCG_PROGRAM_BANK","PROGRAM_METADATA_CANDIDATE","V1719_PROGRAM_METADATA_READER","Program bank metadata candidate.","80","False","False","True","NO_BINARY_OUTPUT_METADATA_ONLY"
"USERDK.PCG","E:\UAOS_OPEN_LIBRARY_SOURCE\pa3x\3xxxxx.SET\3xxxxx.SET\SOUND\USERDK.PCG",".pcg","215314","48F7746D5A25B390563939DD525A727289EC6D127D1D2083712E32C7B851B907","PCG_PROGRAM_BANK","PROGRAM_METADATA_CANDIDATE","V1719_PROGRAM_METADATA_READER","Program bank metadata candidate.","80","False","False","True","NO_BINARY_OUTPUT_METADATA_ONLY"
"USERDK.PCG","E:\UAOS_OPEN_LIBRARY_SOURCE\pa3x\rahm pa3x.SET\rahm pa3x.SET\SOUND\USERDK.PCG",".pcg","181592","C7CC0F72EFD029593DB3F05747E34F923482CDF0C0EB10BA5754229529B5D17F","PCG_PROGRAM_BANK","PROGRAM_METADATA_CANDIDATE","V1719_PROGRAM_METADATA_READER","Program bank metadata candidate.","80","False","False","True","NO_BINARY_OUTPUT_METADATA_ONLY"
"USERDK.PCG","E:\UAOS_OPEN_LIBRARY_SOURCE\pa3x\SUPER4X.3X ASLY2018.SET\SUPER4X.3X ASLY2018.SET\SOUND\USERDK.PCG",".pcg","132099","73D95634FC97867D035CF1C737D9725ADBA15A83825A1EAB372644BC2C0B1494","PCG_PROGRAM_BANK","PROGRAM_METADATA_CANDIDATE","V1719_PROGRAM_METADATA_READER","Program bank metadata candidate.","80","False","False","True","NO_BINARY_OUTPUT_METADATA_ONLY"
"USERDK.PCG","E:\UAOS_OPEN_LIBRARY_SOURCE\pa3x\RoTaNa(1) pa3x.SET\tareq pa3x.SET\SOUND\USERDK.PCG",".pcg","111742","129052752C3BA8FE2829AE67155DE9D510BF9D4E98D1F92BE11BD823D8BE7530","PCG_PROGRAM_BANK","PROGRAM_METADATA_CANDIDATE","V1719_PROGRAM_METADATA_READER","Program bank metadata candidate.","80","False","False","True","NO_BINARY_OUTPUT_METADATA_ONLY"
"USERDK.PCG","E:\UAOS_OPEN_LIBRARY_SOURCE\pa3x\‏‏RoTaNa(1) pa3x.SET - نسخة\tareq pa3x.SET\SOUND\USERDK.PCG",".pcg","111742","129052752C3BA8FE2829AE67155DE9D510BF9D4E98D1F92BE11BD823D8BE7530","PCG_PROGRAM_BANK","PROGRAM_METADATA_CANDIDATE","V1719_PROGRAM_METADATA_READER","Program bank metadata candidate.","80","False","False","True","NO_BINARY_OUTPUT_METADATA_ONLY"
"USERDK01.PCG","E:\UAOS_OPEN_LIBRARY_SOURCE\pa3x\omar44.SET\omar44.SET\SOUND\USERDK01.PCG",".pcg","240446","9A2B7D28CED475504809FE4D82E69051E7C905ECF2306F6AD1FD93AA4987C0A8","PCG_PROGRAM_BANK","PROGRAM_METADATA_CANDIDATE","V1719_PROGRAM_METADATA_READER","Program bank metadata candidate.","80","False","False","True","NO_BINARY_OUTPUT_METADATA_ONLY"
"USERDK01.PCG","E:\UAOS_OPEN_LIBRARY_SOURCE\pa3x\2020 pa1000 pa4x.SET\2020 pa1000 pa4x.SET\SOUND\USERDK01.PCG",".pcg","271390","683AFB38CCAA0ECC8724D486C2CA1890751B9906DB5A80B5AE2E1434329D32D1","PCG_PROGRAM_BANK","PROGRAM_METADATA_CANDIDATE","V1719_PROGRAM_METADATA_READER","Program bank metadata candidate.","80","False","False","True","NO_BINARY_OUTPUT_METADATA_ONLY"
"USERDK01.PCG","E:\UAOS_OPEN_LIBRARY_SOURCE\pa3x\a1111.SET\a1111.SET\SOUND\USERDK01.PCG",".pcg","295384","0A365D122F338633E241D74B6B20D9E2829579FAACBB4B90D67274658235DD9E","PCG_PROGRAM_BANK","PROGRAM_METADATA_CANDIDATE","V1719_PROGRAM_METADATA_READER","Program bank metadata candidate.","80","False","False","True","NO_BINARY_OUTPUT_METADATA_ONLY"
"USERDK01.PCG","E:\UAOS_OPEN_LIBRARY_SOURCE\pa3x\LIVE CHARKI 3 2.SET\LIVE CHARKI 3 2.SET\SOUND\USERDK01.PCG",".pcg","180644","2D848760C88E0358E6C87042F4B71267679294AF935BF522AD7D37C5E7DCFF96","PCG_PROGRAM_BANK","PROGRAM_METADATA_CANDIDATE","V1719_PROGRAM_METADATA_READER","Program bank metadata candidate.","80","False","False","True","NO_BINARY_OUTPUT_METADATA_ONLY"
"USERDK01.PCG","E:\UAOS_OPEN_LIBRARY_SOURCE\pa3x\ROTANA. 2022.SET\ROTANA. 2022.SET\SOUND\USERDK01.PCG",".pcg","296315","FB88AE877761ACB5CBEB15D253CFD02DD806AF0426CA24F0CD54D309BAE801D4","PCG_PROGRAM_BANK","PROGRAM_METADATA_CANDIDATE","V1719_PROGRAM_METADATA_READER","Program bank metadata candidate.","80","False","False","True","NO_BINARY_OUTPUT_METADATA_ONLY"
"USERDK01.PCG","E:\UAOS_OPEN_LIBRARY_SOURCE\pa3x\ABOUD NEXT-MG.SET\ABOUD NEXT-MG.SET\SOUND\USERDK01.PCG",".pcg","210555","D4D5079070A6DDF4CF9B60878BBC8FA27BEBB8E24259278473E32481E65473FF","PCG_PROGRAM_BANK","PROGRAM_METADATA_CANDIDATE","V1719_PROGRAM_METADATA_READER","Program bank metadata candidate.","80","False","False","True","NO_BINARY_OUTPUT_METADATA_ONLY"
"USERDK02.PCG","E:\UAOS_OPEN_LIBRARY_SOURCE\pa3x\ABOUD NEXT-MG.SET\ABOUD NEXT-MG.SET\SOUND\USERDK02.PCG",".pcg","50241","30663CF446B98CE40BAF7B3F7DD1C6046852EE82349BC5CD4361AC1C780862DD","PCG_PROGRAM_BANK","PROGRAM_METADATA_CANDIDATE","V1719_PROGRAM_METADATA_READER","Program bank metadata candidate.","80","False","False","True","NO_BINARY_OUTPUT_METADATA_ONLY"
"USERDK02.PCG","E:\UAOS_OPEN_LIBRARY_SOURCE\pa3x\omar44.SET\omar44.SET\SOUND\USERDK02.PCG",".pcg","34226","DFBDE763FC6AFE608E9253F83B1EC1CA62C4E80CB1D98A3DF50D5E531FE79761","PCG_PROGRAM_BANK","PROGRAM_METADATA_CANDIDATE","V1719_PROGRAM_METADATA_READER","Program bank metadata candidate.","80","False","False","True","NO_BINARY_OUTPUT_METADATA_ONLY"
"USERDK02.PCG","E:\UAOS_OPEN_LIBRARY_SOURCE\pa3x\a1111.SET\a1111.SET\SOUND\USERDK02.PCG",".pcg","87773","029F41E232F0AC3FE4FA06C6A1A274CDC6AFD779DE1F1E6F38515746E6DBC42D","PCG_PROGRAM_BANK","PROGRAM_METADATA_CANDIDATE","V1719_PROGRAM_METADATA_READER","Program bank metadata candidate.","80","False","False","True","NO_BINARY_OUTPUT_METADATA_ONLY"
"USERDK02.PCG","E:\UAOS_OPEN_LIBRARY_SOURCE\pa3x\ROTANA. 2022.SET\ROTANA. 2022.SET\SOUND\USERDK02.PCG",".pcg","80071","11A84024392297B3E3CA538FF0D3CEF5F1B7D1742A47F114F09602ECB7C91F48","PCG_PROGRAM_BANK","PROGRAM_METADATA_CANDIDATE","V1719_PROGRAM_METADATA_READER","Program bank metadata candidate.","80","False","False","True","NO_BINARY_OUTPUT_METADATA_ONLY"
"USERDK02.PCG","E:\UAOS_OPEN_LIBRARY_SOURCE\pa3x\2020 pa1000 pa4x.SET\2020 pa1000 pa4x.SET\SOUND\USERDK02.PCG",".pcg","224904","4DABD54BBEFF5D260A4B16D77636E0278BBCF9E58EE6FC0FC786C602FA5FA3A6","PCG_PROGRAM_BANK","PROGRAM_METADATA_CANDIDATE","V1719_PROGRAM_METADATA_READER","Program bank metadata candidate.","80","False","False","True","NO_BINARY_OUTPUT_METADATA_ONLY"
"USERDK02.PCG","E:\UAOS_OPEN_LIBRARY_SOURCE\pa3x\LIVE CHARKI 3 2.SET\LIVE CHARKI 3 2.SET\SOUND\USERDK02.PCG",".pcg","49153","064CD8B75BD9D2301100C7F0B5F7D652FA5A1F9DE7DF7999C3B683AA2D2A6295","PCG_PROGRAM_BANK","PROGRAM_METADATA_CANDIDATE","V1719_PROGRAM_METADATA_READER","Program bank metadata candidate.","80","False","False","True","NO_BINARY_OUTPUT_METADATA_ONLY"
"USERDK03.PCG","E:\UAOS_OPEN_LIBRARY_SOURCE\pa3x\a1111.SET\a1111.SET\SOUND\USERDK03.PCG",".pcg","38028","A0FA8687CFAF2D954C937BBB43CA16B02534EAD1A8EBA3C2E6F0652B9B134B26","PCG_PROGRAM_BANK","PROGRAM_METADATA_CANDIDATE","V1719_PROGRAM_METADATA_READER","Program bank metadata candidate.","80","False","False","True","NO_BINARY_OUTPUT_METADATA_ONLY"
"USERDK03.PCG","E:\UAOS_OPEN_LIBRARY_SOURCE\pa3x\ROTANA. 2022.SET\ROTANA. 2022.SET\SOUND\USERDK03.PCG",".pcg","115858","7A787FF558CF80467BAB22302C1735D21EDBD0A33737B7CB9E1A066F6F5AADA9","PCG_PROGRAM_BANK","PROGRAM_METADATA_CANDIDATE","V1719_PROGRAM_METADATA_READER","Program bank metadata candidate.","80","False","False","True","NO_BINARY_OUTPUT_METADATA_ONLY"
"USERDK03.PCG","E:\UAOS_OPEN_LIBRARY_SOURCE\pa3x\ABOUD NEXT-MG.SET\ABOUD NEXT-MG.SET\SOUND\USERDK03.PCG",".pcg","48953","FEB7B4ED1C1B04C6063C4A304769E73DB435A88E956867F798079335BC7AC379","PCG_PROGRAM_BANK","PROGRAM_METADATA_CANDIDATE","V1719_PROGRAM_METADATA_READER","Program bank metadata candidate.","80","False","False","True","NO_BINARY_OUTPUT_METADATA_ONLY"
"BANK01.PRF","E:\UAOS_OPEN_LIBRARY_SOURCE\pa3x\‏‏RoTaNa(1) pa3x.SET - نسخة\tareq pa3x.SET\PERFORM\BANK01.PRF",".prf","29590","AADD336EBBFC7C031BE7F64651AF79E5DF9E1B8BAA4A79F205A1804E92F65E81","PRF_PERFORMANCE","PERFORMANCE_METADATA_CANDIDATE","V1719_PROGRAM_METADATA_READER","Performance metadata candidate.","78","False","False","True","NO_BINARY_OUTPUT_METADATA_ONLY"
"BANK01.PRF","E:\UAOS_OPEN_LIBRARY_SOURCE\pa3x\RoTaNa(1) pa3x.SET\tareq pa3x.SET\PERFORM\BANK01.PRF",".prf","29590","AADD336EBBFC7C031BE7F64651AF79E5DF9E1B8BAA4A79F205A1804E92F65E81","PRF_PERFORMANCE","PERFORMANCE_METADATA_CANDIDATE","V1719_PROGRAM_METADATA_READER","Performance metadata candidate.","78","False","False","True","NO_BINARY_OUTPUT_METADATA_ONLY"
"BANK01.PRF","E:\UAOS_OPEN_LIBRARY_SOURCE\pa3x\SUPER4X.3X ASLY2018.SET\SUPER4X.3X ASLY2018.SET\PERFORM\BANK01.PRF",".prf","30112","F05791775978AEB0FF44BD57E84BBED9F8F88C40027B9C1219528FE4B3A8427C","PRF_PERFORMANCE","PERFORMANCE_METADATA_CANDIDATE","V1719_PROGRAM_METADATA_READER","Performance metadata candidate.","78","False","False","True","NO_BINARY_OUTPUT_METADATA_ONLY"
"BANK01.PRF","E:\UAOS_OPEN_LIBRARY_SOURCE\pa3x\rahm pa3x.SET\rahm pa3x.SET\PERFORM\BANK01.PRF",".prf","31452","8810AF31F00466BCE7E4F28DA169292738C1699C2FBADC3936773B47298AFE0A","PRF_PERFORMANCE","PERFORMANCE_METADATA_CANDIDATE","V1719_PROGRAM_METADATA_READER","Performance metadata candidate.","78","False","False","True","NO_BINARY_OUTPUT_METADATA_ONLY"
"BANK01.PRF","E:\UAOS_OPEN_LIBRARY_SOURCE\pa3x\3xxxxx.SET\3xxxxx.SET\PERFORM\BANK01.PRF",".prf","31194","422F960822DD025FF1BCAFFD0B1925BDCD5056A64A323EC4545D8D3A12463837","PRF_PERFORMANCE","PERFORMANCE_METADATA_CANDIDATE","V1719_PROGRAM_METADATA_READER","Performance metadata candidate.","78","False","False","True","NO_BINARY_OUTPUT_METADATA_ONLY"
"BANK02.PRF","E:\UAOS_OPEN_LIBRARY_SOURCE\pa3x\‏‏RoTaNa(1) pa3x.SET - نسخة\tareq pa3x.SET\PERFORM\BANK02.PRF",".prf","28922","788F48A254531BC62438BF78B55AB0A257517BF4EC245473D059C278A509E6F0","PRF_PERFORMANCE","PERFORMANCE_METADATA_CANDIDATE","V1719_PROGRAM_METADATA_READER","Performance metadata candidate.","78","False","False","True","NO_BINARY_OUTPUT_METADATA_ONLY"
"BANK02.PRF","E:\UAOS_OPEN_LIBRARY_SOURCE\pa3x\3xxxxx.SET\3xxxxx.SET\PERFORM\BANK02.PRF",".prf","30632","7A643F645C1ED3C94005668154A6DB161BACB248536FD2B7E34809694B20FD9F","PRF_PERFORMANCE","PERFORMANCE_METADATA_CANDIDATE","V1719_PROGRAM_METADATA_READER","Performance metadata candidate.","78","False","False","True","NO_BINARY_OUTPUT_METADATA_ONLY"
"BANK02.PRF","E:\UAOS_OPEN_LIBRARY_SOURCE\pa3x\RoTaNa(1) pa3x.SET\tareq pa3x.SET\PERFORM\BANK02.PRF",".prf","28922","788F48A254531BC62438BF78B55AB0A257517BF4EC245473D059C278A509E6F0","PRF_PERFORMANCE","PERFORMANCE_METADATA_CANDIDATE","V1719_PROGRAM_METADATA_READER","Performance metadata candidate.","78","False","False","True","NO_BINARY_OUTPUT_METADATA_ONLY"
"BANK02.PRF","E:\UAOS_OPEN_LIBRARY_SOURCE\pa3x\rahm pa3x.SET\rahm pa3x.SET\PERFORM\BANK02.PRF",".prf","31310","703ED305E75858401D2FFCB4B065F2B9C7D348F42BB15306E053A4B131042816","PRF_PERFORMANCE","PERFORMANCE_METADATA_CANDIDATE","V1719_PROGRAM_METADATA_READER","Performance metadata candidate.","78","False","False","True","NO_BINARY_OUTPUT_METADATA_ONLY"
"BANK02.PRF","E:\UAOS_OPEN_LIBRARY_SOURCE\pa3x\SUPER4X.3X ASLY2018.SET\SUPER4X.3X ASLY2018.SET\PERFORM\BANK02.PRF",".prf","31424","77C9007AD63BF4FAE6132A0CC0D621096AF1EA3DFDDBF9D9CFC4506CFBE201D7","PRF_PERFORMANCE","PERFORMANCE_METADATA_CANDIDATE","V1719_PROGRAM_METADATA_READER","Performance metadata candidate.","78","False","False","True","NO_BINARY_OUTPUT_METADATA_ONLY"
"BANK03.PRF","E:\UAOS_OPEN_LIBRARY_SOURCE\pa3x\SUPER4X.3X ASLY2018.SET\SUPER4X.3X ASLY2018.SET\PERFORM\BANK03.PRF",".prf","30337","5933A475F546FFA09FE0BD0D7AAD9FE5179C81A7C889DDDF3F53C8DA6A44C0AC","PRF_PERFORMANCE","PERFORMANCE_METADATA_CANDIDATE","V1719_PROGRAM_METADATA_READER","Performance metadata candidate.","78","False","False","True","NO_BINARY_OUTPUT_METADATA_ONLY"
"BANK03.PRF","E:\UAOS_OPEN_LIBRARY_SOURCE\pa3x\RoTaNa(1) pa3x.SET\tareq pa3x.SET\PERFORM\BANK03.PRF",".prf","21689","E3DB3F844CC8A62412C5D333791215D715DA042D0917E313A267A0BAB78BFECB","PRF_PERFORMANCE","PERFORMANCE_METADATA_CANDIDATE","V1719_PROGRAM_METADATA_READER","Performance metadata candidate.","78","False","False","True","NO_BINARY_OUTPUT_METADATA_ONLY"
"BANK03.PRF","E:\UAOS_OPEN_LIBRARY_SOURCE\pa3x\‏‏RoTaNa(1) pa3x.SET - نسخة\tareq pa3x.SET\PERFORM\BANK03.PRF",".prf","21689","E3DB3F844CC8A62412C5D333791215D715DA042D0917E313A267A0BAB78BFECB","PRF_PERFORMANCE","PERFORMANCE_METADATA_CANDIDATE","V1719_PROGRAM_METADATA_READER","Performance metadata candidate.","78","False","False","True","NO_BINARY_OUTPUT_METADATA_ONLY"
"BANK03.PRF","E:\UAOS_OPEN_LIBRARY_SOURCE\pa3x\3xxxxx.SET\3xxxxx.SET\PERFORM\BANK03.PRF",".prf","23663","8A3E665714A7522C874D277D8895BC52F16FEF30B1453AB94C38BB74C2B2AF95","PRF_PERFORMANCE","PERFORMANCE_METADATA_CANDIDATE","V1719_PROGRAM_METADATA_READER","Performance metadata candidate.","78","False","False","True","NO_BINARY_OUTPUT_METADATA_ONLY"
"BANK03.PRF","E:\UAOS_OPEN_LIBRARY_SOURCE\pa3x\rahm pa3x.SET\rahm pa3x.SET\PERFORM\BANK03.PRF",".prf","25489","AA29D4E6DFC16D5FA06E41C653084E0FC72C953546B8C55F2E9502B5FE29CECE","PRF_PERFORMANCE","PERFORMANCE_METADATA_CANDIDATE","V1719_PROGRAM_METADATA_READER","Performance metadata candidate.","78","False","False","True","NO_BINARY_OUTPUT_METADATA_ONLY"
"BANK04.PRF","E:\UAOS_OPEN_LIBRARY_SOURCE\pa3x\RoTaNa(1) pa3x.SET\tareq pa3x.SET\PERFORM\BANK04.PRF",".prf","17229","DE21E74D2043634A23079958ED6EBAD4AE87AB23641A483E9FB079BABEE507CE","PRF_PERFORMANCE","PERFORMANCE_METADATA_CANDIDATE","V1719_PROGRAM_METADATA_READER","Performance metadata candidate.","78","False","False","True","NO_BINARY_OUTPUT_METADATA_ONLY"
"BANK04.PRF","E:\UAOS_OPEN_LIBRARY_SOURCE\pa3x\‏‏RoTaNa(1) pa3x.SET - نسخة\tareq pa3x.SET\PERFORM\BANK04.PRF",".prf","17229","DE21E74D2043634A23079958ED6EBAD4AE87AB23641A483E9FB079BABEE507CE","PRF_PERFORMANCE","PERFORMANCE_METADATA_CANDIDATE","V1719_PROGRAM_METADATA_READER","Performance metadata candidate.","78","False","False","True","NO_BINARY_OUTPUT_METADATA_ONLY"
"BANK04.PRF","E:\UAOS_OPEN_LIBRARY_SOURCE\pa3x\rahm pa3x.SET\rahm pa3x.SET\PERFORM\BANK04.PRF",".prf","20502","B335732B9160D51D8C897324A80E7795EC0FD6DD3E4D82F8067CC531340017C1","PRF_PERFORMANCE","PERFORMANCE_METADATA_CANDIDATE","V1719_PROGRAM_METADATA_READER","Performance metadata candidate.","78","False","False","True","NO_BINARY_OUTPUT_METADATA_ONLY"
"BANK04.PRF","E:\UAOS_OPEN_LIBRARY_SOURCE\pa3x\3xxxxx.SET\3xxxxx.SET\PERFORM\BANK04.PRF",".prf","31565","301DF79CF5764BF98036C91DC3D3ADB4B07F02626E6BA2B107680AB212ED5915","PRF_PERFORMANCE","PERFORMANCE_METADATA_CANDIDATE","V1719_PROGRAM_METADATA_READER","Performance metadata candidate.","78","False","False","True","NO_BINARY_OUTPUT_METADATA_ONLY"
"BANK04.PRF","E:\UAOS_OPEN_LIBRARY_SOURCE\pa3x\SUPER4X.3X ASLY2018.SET\SUPER4X.3X ASLY2018.SET\PERFORM\BANK04.PRF",".prf","22275","D60668FB50CAF23914B10412763C0B3F4AB46670B7FFB827B41A894542666D8C","PRF_PERFORMANCE","PERFORMANCE_METADATA_CANDIDATE","V1719_PROGRAM_METADATA_READER","Performance metadata candidate.","78","False","False","True","NO_BINARY_OUTPUT_METADATA_ONLY"
"BANK05.PRF","E:\UAOS_OPEN_LIBRARY_SOURCE\pa3x\rahm pa3x.SET\rahm pa3x.SET\PERFORM\BANK05.PRF",".prf","12851","48B27FF8578568A9EB88835D6882E912412E61F2B5C940475DBF5C60A7EE6CBF","PRF_PERFORMANCE","PERFORMANCE_METADATA_CANDIDATE","V1719_PROGRAM_METADATA_READER","Performance metadata candidate.","78","False","False","True","NO_BINARY_OUTPUT_METADATA_ONLY"
"BANK05.PRF","E:\UAOS_OPEN_LIBRARY_SOURCE\pa3x\RoTaNa(1) pa3x.SET\tareq pa3x.SET\PERFORM\BANK05.PRF",".prf","22469","890FF7019D484633FC43A729E97156BC5446BF311D88C50DD0A457C99DB4A38A","PRF_PERFORMANCE","PERFORMANCE_METADATA_CANDIDATE","V1719_PROGRAM_METADATA_READER","Performance metadata candidate.","78","False","False","True","NO_BINARY_OUTPUT_METADATA_ONLY"
"BANK05.PRF","E:\UAOS_OPEN_LIBRARY_SOURCE\pa3x\3xxxxx.SET\3xxxxx.SET\PERFORM\BANK05.PRF",".prf","8783","B0730F80195620F9D34C79DB342BCCC962D93ABA68E75A3D8CFFAF92FB218DEF","PRF_PERFORMANCE","PERFORMANCE_METADATA_CANDIDATE","V1719_PROGRAM_METADATA_READER","Performance metadata candidate.","78","False","False","True","NO_BINARY_OUTPUT_METADATA_ONLY"
"BANK05.PRF","E:\UAOS_OPEN_LIBRARY_SOURCE\pa3x\SUPER4X.3X ASLY2018.SET\SUPER4X.3X ASLY2018.SET\PERFORM\BANK05.PRF",".prf","15003","F26A3708369355A2F066F18C283F5A25012B593D2B7D10639D99A435AA8FC3BC","PRF_PERFORMANCE","PERFORMANCE_METADATA_CANDIDATE","V1719_PROGRAM_METADATA_READER","Performance metadata candidate.","78","False","False","True","NO_BINARY_OUTPUT_METADATA_ONLY"
"BANK05.PRF","E:\UAOS_OPEN_LIBRARY_SOURCE\pa3x\‏‏RoTaNa(1) pa3x.SET - نسخة\tareq pa3x.SET\PERFORM\BANK05.PRF",".prf","22469","890FF7019D484633FC43A729E97156BC5446BF311D88C50DD0A457C99DB4A38A","PRF_PERFORMANCE","PERFORMANCE_METADATA_CANDIDATE","V1719_PROGRAM_METADATA_READER","Performance metadata candidate.","78","False","False","True","NO_BINARY_OUTPUT_METADATA_ONLY"
"BANK06.PRF","E:\UAOS_OPEN_LIBRARY_SOURCE\pa3x\rahm pa3x.SET\rahm pa3x.SET\PERFORM\BANK06.PRF",".prf","859","6072E6A1AE9A6DBD819FBD632EF7A31B75ECEAE214F026B7F7F487E25C9147ED","PRF_PERFORMANCE","PERFORMANCE_METADATA_CANDIDATE","V1719_PROGRAM_METADATA_READER","Performance metadata candidate.","78","False","False","True","NO_BINARY_OUTPUT_METADATA_ONLY"
"BANK06.PRF","E:\UAOS_OPEN_LIBRARY_SOURCE\pa3x\‏‏RoTaNa(1) pa3x.SET - نسخة\tareq pa3x.SET\PERFORM\BANK06.PRF",".prf","22759","023850F83F022BD58B09F7481DBE8BF3A422E660D36A088DA6CEDA025E590919","PRF_PERFORMANCE","PERFORMANCE_METADATA_CANDIDATE","V1719_PROGRAM_METADATA_READER","Performance metadata candidate.","78","False","False","True","NO_BINARY_OUTPUT_METADATA_ONLY"
"BANK06.PRF","E:\UAOS_OPEN_LIBRARY_SOURCE\pa3x\3xxxxx.SET\3xxxxx.SET\PERFORM\BANK06.PRF",".prf","13577","0EDC1813E89D09AD2515291BFB21D07C995ABC4E56B887B7A65412AD62BBCEC2","PRF_PERFORMANCE","PERFORMANCE_METADATA_CANDIDATE","V1719_PROGRAM_METADATA_READER","Performance metadata candidate.","78","False","False","True","NO_BINARY_OUTPUT_METADATA_ONLY"
"BANK06.PRF","E:\UAOS_OPEN_LIBRARY_SOURCE\pa3x\RoTaNa(1) pa3x.SET\tareq pa3x.SET\PERFORM\BANK06.PRF",".prf","22759","023850F83F022BD58B09F7481DBE8BF3A422E660D36A088DA6CEDA025E590919","PRF_PERFORMANCE","PERFORMANCE_METADATA_CANDIDATE","V1719_PROGRAM_METADATA_READER","Performance metadata candidate.","78","False","False","True","NO_BINARY_OUTPUT_METADATA_ONLY"
"BANK06.PRF","E:\UAOS_OPEN_LIBRARY_SOURCE\pa3x\SUPER4X.3X ASLY2018.SET\SUPER4X.3X ASLY2018.SET\PERFORM\BANK06.PRF",".prf","18585","43BB51FD2C834C1B9082A1C32238DABC10ED9A6E76138D934746A01F62793AE2","PRF_PERFORMANCE","PERFORMANCE_METADATA_CANDIDATE","V1719_PROGRAM_METADATA_READER","Performance metadata candidate.","78","False","False","True","NO_BINARY_OUTPUT_METADATA_ONLY"
"BANK07.PRF","E:\UAOS_OPEN_LIBRARY_SOURCE\pa3x\rahm pa3x.SET\rahm pa3x.SET\PERFORM\BANK07.PRF",".prf","3823","514284D7A875824568773A4B26F8DA289B987571625543A4D8D34A2EA8B9BDC7","PRF_PERFORMANCE","PERFORMANCE_METADATA_CANDIDATE","V1719_PROGRAM_METADATA_READER","Performance metadata candidate.","78","False","False","True","NO_BINARY_OUTPUT_METADATA_ONLY"
"BANK07.PRF","E:\UAOS_OPEN_LIBRARY_SOURCE\pa3x\RoTaNa(1) pa3x.SET\tareq pa3x.SET\PERFORM\BANK07.PRF",".prf","12700","B164BD87E86D704D035AE2EA2D5AB78E9D6AD564A04873F40136BAC9FCAACD2E","PRF_PERFORMANCE","PERFORMANCE_METADATA_CANDIDATE","V1719_PROGRAM_METADATA_READER","Performance metadata candidate.","78","False","False","True","NO_BINARY_OUTPUT_METADATA_ONLY"
"BANK07.PRF","E:\UAOS_OPEN_LIBRARY_SOURCE\pa3x\‏‏RoTaNa(1) pa3x.SET - نسخة\tareq pa3x.SET\PERFORM\BANK07.PRF",".prf","12700","B164BD87E86D704D035AE2EA2D5AB78E9D6AD564A04873F40136BAC9FCAACD2E","PRF_PERFORMANCE","PERFORMANCE_METADATA_CANDIDATE","V1719_PROGRAM_METADATA_READER","Performance metadata candidate.","78","False","False","True","NO_BINARY_OUTPUT_METADATA_ONLY"
"BANK07.PRF","E:\UAOS_OPEN_LIBRARY_SOURCE\pa3x\3xxxxx.SET\3xxxxx.SET\PERFORM\BANK07.PRF",".prf","12996","38C215B022EB70DBAF9ABB8600D6383DCD3DCC8C075BDF266FF40FFFEE1E71CE","PRF_PERFORMANCE","PERFORMANCE_METADATA_CANDIDATE","V1719_PROGRAM_METADATA_READER","Performance metadata candidate.","78","False","False","True","NO_BINARY_OUTPUT_METADATA_ONLY"
"BANK07.PRF","E:\UAOS_OPEN_LIBRARY_SOURCE\pa3x\SUPER4X.3X ASLY2018.SET\SUPER4X.3X ASLY2018.SET\PERFORM\BANK07.PRF",".prf","11302","81AA0710264588B155BE8C9ABC1AA51A3C65EB8052F23ECD61455F91F1C57A49","PRF_PERFORMANCE","PERFORMANCE_METADATA_CANDIDATE","V1719_PROGRAM_METADATA_READER","Performance metadata candidate.","78","False","False","True","NO_BINARY_OUTPUT_METADATA_ONLY"
"BANK08.PRF","E:\UAOS_OPEN_LIBRARY_SOURCE\pa3x\rahm pa3x.SET\rahm pa3x.SET\PERFORM\BANK08.PRF",".prf","2420","182D3345184990106F1B6D0D2E7D264ABBB202863DB0C4D465C52933CB63FEE6","PRF_PERFORMANCE","PERFORMANCE_METADATA_CANDIDATE","V1719_PROGRAM_METADATA_READER","Performance metadata candidate.","78","False","False","True","NO_BINARY_OUTPUT_METADATA_ONLY"
"BANK08.PRF","E:\UAOS_OPEN_LIBRARY_SOURCE\pa3x\RoTaNa(1) pa3x.SET\tareq pa3x.SET\PERFORM\BANK08.PRF",".prf","29597","564B12B43D3FC5A5C13FD69C79E0D95C7D8FBA6BBFFFF57E2C0E29910B866456","PRF_PERFORMANCE","PERFORMANCE_METADATA_CANDIDATE","V1719_PROGRAM_METADATA_READER","Performance metadata candidate.","78","False","False","True","NO_BINARY_OUTPUT_METADATA_ONLY"
"BANK08.PRF","E:\UAOS_OPEN_LIBRARY_SOURCE\pa3x\3xxxxx.SET\3xxxxx.SET\PERFORM\BANK08.PRF",".prf","13304","538992F638F8A3A45752D20A764D1F1B5A9E10D91B426EDC012F28095F239FAD","PRF_PERFORMANCE","PERFORMANCE_METADATA_CANDIDATE","V1719_PROGRAM_METADATA_READER","Performance metadata candidate.","78","False","False","True","NO_BINARY_OUTPUT_METADATA_ONLY"
"BANK08.PRF","E:\UAOS_OPEN_LIBRARY_SOURCE\pa3x\SUPER4X.3X ASLY2018.SET\SUPER4X.3X ASLY2018.SET\PERFORM\BANK08.PRF",".prf","16987","832F2E6DB27E127EE7736A94E3B3E5A70EE4F51A97238D8F8DB8AF1C499EED68","PRF_PERFORMANCE","PERFORMANCE_METADATA_CANDIDATE","V1719_PROGRAM_METADATA_READER","Performance metadata candidate.","78","False","False","True","NO_BINARY_OUTPUT_METADATA_ONLY"
"BANK08.PRF","E:\UAOS_OPEN_LIBRARY_SOURCE\pa3x\‏‏RoTaNa(1) pa3x.SET - نسخة\tareq pa3x.SET\PERFORM\BANK08.PRF",".prf","29597","564B12B43D3FC5A5C13FD69C79E0D95C7D8FBA6BBFFFF57E2C0E29910B866456","PRF_PERFORMANCE","PERFORMANCE_METADATA_CANDIDATE","V1719_PROGRAM_METADATA_READER","Performance metadata candidate.","78","False","False","True","NO_BINARY_OUTPUT_METADATA_ONLY"
"BANK09.PRF","E:\UAOS_OPEN_LIBRARY_SOURCE\pa3x\3xxxxx.SET\3xxxxx.SET\PERFORM\BANK09.PRF",".prf","31565","943C717F49FAB3CE88195A64B8312A7545E2FA75DA5648F797E639E130B1B9E2","PRF_PERFORMANCE","PERFORMANCE_METADATA_CANDIDATE","V1719_PROGRAM_METADATA_READER","Performance metadata candidate.","78","False","False","True","NO_BINARY_OUTPUT_METADATA_ONLY"
"BANK09.PRF","E:\UAOS_OPEN_LIBRARY_SOURCE\pa3x\SUPER4X.3X ASLY2018.SET\SUPER4X.3X ASLY2018.SET\PERFORM\BANK09.PRF",".prf","30596","794E7DA832539853D07EAFD8B45039A625612DB702C5D66EEA518AA2091880DC","PRF_PERFORMANCE","PERFORMANCE_METADATA_CANDIDATE","V1719_PROGRAM_METADATA_READER","Performance metadata candidate.","78","False","False","True","NO_BINARY_OUTPUT_METADATA_ONLY"
"BANK09.PRF","E:\UAOS_OPEN_LIBRARY_SOURCE\pa3x\‏‏RoTaNa(1) pa3x.SET - نسخة\tareq pa3x.SET\PERFORM\BANK09.PRF",".prf","29865","3BBDABB55531E16C9F6C2FE6FCFAB214938645C92403F4C95BDFD48DCA3AAEB9","PRF_PERFORMANCE","PERFORMANCE_METADATA_CANDIDATE","V1719_PROGRAM_METADATA_READER","Performance metadata candidate.","78","False","False","True","NO_BINARY_OUTPUT_METADATA_ONLY"
"BANK09.PRF","E:\UAOS_OPEN_LIBRARY_SOURCE\pa3x\RoTaNa(1) pa3x.SET\tareq pa3x.SET\PERFORM\BANK09.PRF",".prf","29865","3BBDABB55531E16C9F6C2FE6FCFAB214938645C92403F4C95BDFD48DCA3AAEB9","PRF_PERFORMANCE","PERFORMANCE_METADATA_CANDIDATE","V1719_PROGRAM_METADATA_READER","Performance metadata candidate.","78","False","False","True","NO_BINARY_OUTPUT_METADATA_ONLY"
"BANK09.PRF","E:\UAOS_OPEN_LIBRARY_SOURCE\pa3x\rahm pa3x.SET\rahm pa3x.SET\PERFORM\BANK09.PRF",".prf","7722","F85AEB3213B35AB75EC45F097E2FA6D9997E4895690DE6CB72CF6FD9BCB5EC3A","PRF_PERFORMANCE","PERFORMANCE_METADATA_CANDIDATE","V1719_PROGRAM_METADATA_READER","Performance metadata candidate.","78","False","False","True","NO_BINARY_OUTPUT_METADATA_ONLY"
"BANK10.PRF","E:\UAOS_OPEN_LIBRARY_SOURCE\pa3x\3xxxxx.SET\3xxxxx.SET\PERFORM\BANK10.PRF",".prf","27448","6BB526612FF4C742B93357106DA855ED5CD81A6D16003B764692D90C8187915D","PRF_PERFORMANCE","PERFORMANCE_METADATA_CANDIDATE","V1719_PROGRAM_METADATA_READER","Performance metadata candidate.","78","False","False","True","NO_BINARY_OUTPUT_METADATA_ONLY"
"BANK10.PRF","E:\UAOS_OPEN_LIBRARY_SOURCE\pa3x\SUPER4X.3X ASLY2018.SET\SUPER4X.3X ASLY2018.SET\PERFORM\BANK10.PRF",".prf","17956","3D7F437F1DA7389DDBEBB839CD0DD0084E1D4339B17E0CD0B7BC4F4D8C426C22","PRF_PERFORMANCE","PERFORMANCE_METADATA_CANDIDATE","V1719_PROGRAM_METADATA_READER","Performance metadata candidate.","78","False","False","True","NO_BINARY_OUTPUT_METADATA_ONLY"
"BANK10.PRF","E:\UAOS_OPEN_LIBRARY_SOURCE\pa3x\RoTaNa(1) pa3x.SET\tareq pa3x.SET\PERFORM\BANK10.PRF",".prf","20295","CF3BF4875B1F99C932DBE1B066C5B89E7DACEAEBA56ACE0069E26CFAC283D74D","PRF_PERFORMANCE","PERFORMANCE_METADATA_CANDIDATE","V1719_PROGRAM_METADATA_READER","Performance metadata candidate.","78","False","False","True","NO_BINARY_OUTPUT_METADATA_ONLY"
"BANK10.PRF","E:\UAOS_OPEN_LIBRARY_SOURCE\pa3x\‏‏RoTaNa(1) pa3x.SET - نسخة\tareq pa3x.SET\PERFORM\BANK10.PRF",".prf","20295","CF3BF4875B1F99C932DBE1B066C5B89E7DACEAEBA56ACE0069E26CFAC283D74D","PRF_PERFORMANCE","PERFORMANCE_METADATA_CANDIDATE","V1719_PROGRAM_METADATA_READER","Performance metadata candidate.","78","False","False","True","NO_BINARY_OUTPUT_METADATA_ONLY"
"BANK10.PRF","E:\UAOS_OPEN_LIBRARY_SOURCE\pa3x\rahm pa3x.SET\rahm pa3x.SET\PERFORM\BANK10.PRF",".prf","12983","9394CF9B901CCAB4C9C3D518C5F0D830BDB31BF9764A18A922DB0899E9183866","PRF_PERFORMANCE","PERFORMANCE_METADATA_CANDIDATE","V1719_PROGRAM_METADATA_READER","Performance metadata candidate.","78","False","False","True","NO_BINARY_OUTPUT_METADATA_ONLY"
"BANK11.PRF","E:\UAOS_OPEN_LIBRARY_SOURCE\pa3x\‏‏RoTaNa(1) pa3x.SET - نسخة\tareq pa3x.SET\PERFORM\BANK11.PRF",".prf","24081","6AF160D9DA253AD42DCF9ED9FF06BE5AA74116B550F2B4107759A82DC6EB3CCD","PRF_PERFORMANCE","PERFORMANCE_METADATA_CANDIDATE","V1719_PROGRAM_METADATA_READER","Performance metadata candidate.","78","False","False","True","NO_BINARY_OUTPUT_METADATA_ONLY"
"BANK11.PRF","E:\UAOS_OPEN_LIBRARY_SOURCE\pa3x\3xxxxx.SET\3xxxxx.SET\PERFORM\BANK11.PRF",".prf","9556","66139CA1250AFE15A318E107968B960B9C99648F2092FDC60DA9EEA0346C8A58","PRF_PERFORMANCE","PERFORMANCE_METADATA_CANDIDATE","V1719_PROGRAM_METADATA_READER","Performance metadata candidate.","78","False","False","True","NO_BINARY_OUTPUT_METADATA_ONLY"
"BANK11.PRF","E:\UAOS_OPEN_LIBRARY_SOURCE\pa3x\SUPER4X.3X ASLY2018.SET\SUPER4X.3X ASLY2018.SET\PERFORM\BANK11.PRF",".prf","18001","C085823A2A8F182B42B30811699930F02DE853C15D5E7601599E777D3C1AF958","PRF_PERFORMANCE","PERFORMANCE_METADATA_CANDIDATE","V1719_PROGRAM_METADATA_READER","Performance metadata candidate.","78","False","False","True","NO_BINARY_OUTPUT_METADATA_ONLY"
"BANK11.PRF","E:\UAOS_OPEN_LIBRARY_SOURCE\pa3x\rahm pa3x.SET\rahm pa3x.SET\PERFORM\BANK11.PRF",".prf","12917","DAB145E9C3ED006B0BD0BD3FB62F01CAF69807B0FC62362ADE7B82362D51B863","PRF_PERFORMANCE","PERFORMANCE_METADATA_CANDIDATE","V1719_PROGRAM_METADATA_READER","Performance metadata candidate.","78","False","False","True","NO_BINARY_OUTPUT_METADATA_ONLY"
"BANK11.PRF","E:\UAOS_OPEN_LIBRARY_SOURCE\pa3x\RoTaNa(1) pa3x.SET\tareq pa3x.SET\PERFORM\BANK11.PRF",".prf","24081","6AF160D9DA253AD42DCF9ED9FF06BE5AA74116B550F2B4107759A82DC6EB3CCD","PRF_PERFORMANCE","PERFORMANCE_METADATA_CANDIDATE","V1719_PROGRAM_METADATA_READER","Performance metadata candidate.","78","False","False","True","NO_BINARY_OUTPUT_METADATA_ONLY"
"BANK12.PRF","E:\UAOS_OPEN_LIBRARY_SOURCE\pa3x\SUPER4X.3X ASLY2018.SET\SUPER4X.3X ASLY2018.SET\PERFORM\BANK12.PRF",".prf","791","C5CA89A70FBB5F54179504ED1A37475A315E752F85365998669C5F15D90FF0FE","PRF_PERFORMANCE","PERFORMANCE_METADATA_CANDIDATE","V1719_PROGRAM_METADATA_READER","Performance metadata candidate.","78","False","False","True","NO_BINARY_OUTPUT_METADATA_ONLY"
"BANK12.PRF","E:\UAOS_OPEN_LIBRARY_SOURCE\pa3x\RoTaNa(1) pa3x.SET\tareq pa3x.SET\PERFORM\BANK12.PRF",".prf","30396","54A3F0A45D19D6C261268C9CA5F4D9C9C7370EC2EC4AA2EB3EFCEC22A00034B6","PRF_PERFORMANCE","PERFORMANCE_METADATA_CANDIDATE","V1719_PROGRAM_METADATA_READER","Performance metadata candidate.","78","False","False","True","NO_BINARY_OUTPUT_METADATA_ONLY"
"BANK12.PRF","E:\UAOS_OPEN_LIBRARY_SOURCE\pa3x\rahm pa3x.SET\rahm pa3x.SET\PERFORM\BANK12.PRF",".prf","12823","26300EB59FE5F4CBD92408FE6B425B1B7476D9BBD93DC9799EA8C371D8FE98D7","PRF_PERFORMANCE","PERFORMANCE_METADATA_CANDIDATE","V1719_PROGRAM_METADATA_READER","Performance metadata candidate.","78","False","False","True","NO_BINARY_OUTPUT_METADATA_ONLY"
"BANK12.PRF","E:\UAOS_OPEN_LIBRARY_SOURCE\pa3x\‏‏RoTaNa(1) pa3x.SET - نسخة\tareq pa3x.SET\PERFORM\BANK12.PRF",".prf","30396","54A3F0A45D19D6C261268C9CA5F4D9C9C7370EC2EC4AA2EB3EFCEC22A00034B6","PRF_PERFORMANCE","PERFORMANCE_METADATA_CANDIDATE","V1719_PROGRAM_METADATA_READER","Performance metadata candidate.","78","False","False","True","NO_BINARY_OUTPUT_METADATA_ONLY"
"BANK12.PRF","E:\UAOS_OPEN_LIBRARY_SOURCE\pa3x\3xxxxx.SET\3xxxxx.SET\PERFORM\BANK12.PRF",".prf","12823","26300EB59FE5F4CBD92408FE6B425B1B7476D9BBD93DC9799EA8C371D8FE98D7","PRF_PERFORMANCE","PERFORMANCE_METADATA_CANDIDATE","V1719_PROGRAM_METADATA_READER","Performance metadata candidate.","78","False","False","True","NO_BINARY_OUTPUT_METADATA_ONLY"
"BANK13.PRF","E:\UAOS_OPEN_LIBRARY_SOURCE\pa3x\SUPER4X.3X ASLY2018.SET\SUPER4X.3X ASLY2018.SET\PERFORM\BANK13.PRF",".prf","791","C68FEBB99C38AA6F137AF165AAA4C08484C543520F0F32ADE2DECD72DD9CAA74","PRF_PERFORMANCE","PERFORMANCE_METADATA_CANDIDATE","V1719_PROGRAM_METADATA_READER","Performance metadata candidate.","78","False","False","True","NO_BINARY_OUTPUT_METADATA_ONLY"
"BANK13.PRF","E:\UAOS_OPEN_LIBRARY_SOURCE\pa3x\rahm pa3x.SET\rahm pa3x.SET\PERFORM\BANK13.PRF",".prf","12841","2F623FDFDFBAA1DA851259A70A7433B221EC49E52D41454C456E4DD909D8A8C2","PRF_PERFORMANCE","PERFORMANCE_METADATA_CANDIDATE","V1719_PROGRAM_METADATA_READER","Performance metadata candidate.","78","False","False","True","NO_BINARY_OUTPUT_METADATA_ONLY"
"BANK13.PRF","E:\UAOS_OPEN_LIBRARY_SOURCE\pa3x\3xxxxx.SET\3xxxxx.SET\PERFORM\BANK13.PRF",".prf","12841","2F623FDFDFBAA1DA851259A70A7433B221EC49E52D41454C456E4DD909D8A8C2","PRF_PERFORMANCE","PERFORMANCE_METADATA_CANDIDATE","V1719_PROGRAM_METADATA_READER","Performance metadata candidate.","78","False","False","True","NO_BINARY_OUTPUT_METADATA_ONLY"
"BANK13.PRF","E:\UAOS_OPEN_LIBRARY_SOURCE\pa3x\‏‏RoTaNa(1) pa3x.SET - نسخة\tareq pa3x.SET\PERFORM\BANK13.PRF",".prf","29899","7649EF10EA936ABD225C4BD9140F3B5FCBB62BD88628A9F1D14ACFC9F17286FD","PRF_PERFORMANCE","PERFORMANCE_METADATA_CANDIDATE","V1719_PROGRAM_METADATA_READER","Performance metadata candidate.","78","False","False","True","NO_BINARY_OUTPUT_METADATA_ONLY"
"BANK13.PRF","E:\UAOS_OPEN_LIBRARY_SOURCE\pa3x\RoTaNa(1) pa3x.SET\tareq pa3x.SET\PERFORM\BANK13.PRF",".prf","29899","7649EF10EA936ABD225C4BD9140F3B5FCBB62BD88628A9F1D14ACFC9F17286FD","PRF_PERFORMANCE","PERFORMANCE_METADATA_CANDIDATE","V1719_PROGRAM_METADATA_READER","Performance metadata candidate.","78","False","False","True","NO_BINARY_OUTPUT_METADATA_ONLY"
"BANK14.PRF","E:\UAOS_OPEN_LIBRARY_SOURCE\pa3x\SUPER4X.3X ASLY2018.SET\SUPER4X.3X ASLY2018.SET\PERFORM\BANK14.PRF",".prf","791","6BE8184D42FFD831C308427001B02279EB38DB01D47CAC831D47447309B3110F","PRF_PERFORMANCE","PERFORMANCE_METADATA_CANDIDATE","V1719_PROGRAM_METADATA_READER","Performance metadata candidate.","78","False","False","True","NO_BINARY_OUTPUT_METADATA_ONLY"
"BANK14.PRF","E:\UAOS_OPEN_LIBRARY_SOURCE\pa3x\‏‏RoTaNa(1) pa3x.SET - نسخة\tareq pa3x.SET\PERFORM\BANK14.PRF",".prf","31921","6950CAE332A6EBE79C089274AFB4381A1B33605237C2AC16CE9D2A9951B82E57","PRF_PERFORMANCE","PERFORMANCE_METADATA_CANDIDATE","V1719_PROGRAM_METADATA_READER","Performance metadata candidate.","78","False","False","True","NO_BINARY_OUTPUT_METADATA_ONLY"
"BANK14.PRF","E:\UAOS_OPEN_LIBRARY_SOURCE\pa3x\3xxxxx.SET\3xxxxx.SET\PERFORM\BANK14.PRF",".prf","12689","5979DE039D3AC66B9CF3D7FB5CBC2F6A1E60B32E58B7D34472C6AA8B9DAB7FEA","PRF_PERFORMANCE","PERFORMANCE_METADATA_CANDIDATE","V1719_PROGRAM_METADATA_READER","Performance metadata candidate.","78","False","False","True","NO_BINARY_OUTPUT_METADATA_ONLY"
"BANK14.PRF","E:\UAOS_OPEN_LIBRARY_SOURCE\pa3x\RoTaNa(1) pa3x.SET\tareq pa3x.SET\PERFORM\BANK14.PRF",".prf","31921","6950CAE332A6EBE79C089274AFB4381A1B33605237C2AC16CE9D2A9951B82E57","PRF_PERFORMANCE","PERFORMANCE_METADATA_CANDIDATE","V1719_PROGRAM_METADATA_READER","Performance metadata candidate.","78","False","False","True","NO_BINARY_OUTPUT_METADATA_ONLY"
"BANK14.PRF","E:\UAOS_OPEN_LIBRARY_SOURCE\pa3x\rahm pa3x.SET\rahm pa3x.SET\PERFORM\BANK14.PRF",".prf","12689","5979DE039D3AC66B9CF3D7FB5CBC2F6A1E60B32E58B7D34472C6AA8B9DAB7FEA","PRF_PERFORMANCE","PERFORMANCE_METADATA_CANDIDATE","V1719_PROGRAM_METADATA_READER","Performance metadata candidate.","78","False","False","True","NO_BINARY_OUTPUT_METADATA_ONLY"
"BANK15.PRF","E:\UAOS_OPEN_LIBRARY_SOURCE\pa3x\SUPER4X.3X ASLY2018.SET\SUPER4X.3X ASLY2018.SET\PERFORM\BANK15.PRF",".prf","791","4FC6BB04A213E59524618D52474C756F00C1C13EF25D8B8FDE287B1D40437A28","PRF_PERFORMANCE","PERFORMANCE_METADATA_CANDIDATE","V1719_PROGRAM_METADATA_READER","Performance metadata candidate.","78","False","False","True","NO_BINARY_OUTPUT_METADATA_ONLY"
"BANK15.PRF","E:\UAOS_OPEN_LIBRARY_SOURCE\pa3x\RoTaNa(1) pa3x.SET\tareq pa3x.SET\PERFORM\BANK15.PRF",".prf","31861","F73A610FEEC56FE03622F8D039C2F24A0BFCD394531C24C434CEA8FD7B4393A6","PRF_PERFORMANCE","PERFORMANCE_METADATA_CANDIDATE","V1719_PROGRAM_METADATA_READER","Performance metadata candidate.","78","False","False","True","NO_BINARY_OUTPUT_METADATA_ONLY"
"BANK15.PRF","E:\UAOS_OPEN_LIBRARY_SOURCE\pa3x\rahm pa3x.SET\rahm pa3x.SET\PERFORM\BANK15.PRF",".prf","30112","F1CA7923B6ED9B584B0AA5CA46E5C689C7DECE2263954AA3A8DE37DD8384A195","PRF_PERFORMANCE","PERFORMANCE_METADATA_CANDIDATE","V1719_PROGRAM_METADATA_READER","Performance metadata candidate.","78","False","False","True","NO_BINARY_OUTPUT_METADATA_ONLY"
"BANK15.PRF","E:\UAOS_OPEN_LIBRARY_SOURCE\pa3x\3xxxxx.SET\3xxxxx.SET\PERFORM\BANK15.PRF",".prf","30112","F1CA7923B6ED9B584B0AA5CA46E5C689C7DECE2263954AA3A8DE37DD8384A195","PRF_PERFORMANCE","PERFORMANCE_METADATA_CANDIDATE","V1719_PROGRAM_METADATA_READER","Performance metadata candidate.","78","False","False","True","NO_BINARY_OUTPUT_METADATA_ONLY"
"BANK15.PRF","E:\UAOS_OPEN_LIBRARY_SOURCE\pa3x\‏‏RoTaNa(1) pa3x.SET - نسخة\tareq pa3x.SET\PERFORM\BANK15.PRF",".prf","31861","F73A610FEEC56FE03622F8D039C2F24A0BFCD394531C24C434CEA8FD7B4393A6","PRF_PERFORMANCE","PERFORMANCE_METADATA_CANDIDATE","V1719_PROGRAM_METADATA_READER","Performance metadata candidate.","78","False","False","True","NO_BINARY_OUTPUT_METADATA_ONLY"
"BANK16.PRF","E:\UAOS_OPEN_LIBRARY_SOURCE\pa3x\SUPER4X.3X ASLY2018.SET\SUPER4X.3X ASLY2018.SET\PERFORM\BANK16.PRF",".prf","791","1F5A221A6F7A340BF913E7ABE0CA2AA745FD5476288D4FA5D5D839C4747CDCCB","PRF_PERFORMANCE","PERFORMANCE_METADATA_CANDIDATE","V1719_PROGRAM_METADATA_READER","Performance metadata candidate.","78","False","False","True","NO_BINARY_OUTPUT_METADATA_ONLY"
"BANK16.PRF","E:\UAOS_OPEN_LIBRARY_SOURCE\pa3x\rahm pa3x.SET\rahm pa3x.SET\PERFORM\BANK16.PRF",".prf","4080","48D9DE02153F801C58F0ACF276D3155AA3CD99751317D67650D78A5D99B647E0","PRF_PERFORMANCE","PERFORMANCE_METADATA_CANDIDATE","V1719_PROGRAM_METADATA_READER","Performance metadata candidate.","78","False","False","True","NO_BINARY_OUTPUT_METADATA_ONLY"
"BANK16.PRF","E:\UAOS_OPEN_LIBRARY_SOURCE\pa3x\‏‏RoTaNa(1) pa3x.SET - نسخة\tareq pa3x.SET\PERFORM\BANK16.PRF",".prf","29611","61C6D9789B0988A8AF9F09AE3353CC3896CF382B010F25E1AAE913FE1AC7770B","PRF_PERFORMANCE","PERFORMANCE_METADATA_CANDIDATE","V1719_PROGRAM_METADATA_READER","Performance metadata candidate.","78","False","False","True","NO_BINARY_OUTPUT_METADATA_ONLY"
"BANK16.PRF","E:\UAOS_OPEN_LIBRARY_SOURCE\pa3x\3xxxxx.SET\3xxxxx.SET\PERFORM\BANK16.PRF",".prf","32011","D846F23798C2FBB0BD7759B95C5556DC441B50DC06BD8AC5C3BBB50FEA269EC9","PRF_PERFORMANCE","PERFORMANCE_METADATA_CANDIDATE","V1719_PROGRAM_METADATA_READER","Performance metadata candidate.","78","False","False","True","NO_BINARY_OUTPUT_METADATA_ONLY"
"BANK16.PRF","E:\UAOS_OPEN_LIBRARY_SOURCE\pa3x\RoTaNa(1) pa3x.SET\tareq pa3x.SET\PERFORM\BANK16.PRF",".prf","29611","61C6D9789B0988A8AF9F09AE3353CC3896CF382B010F25E1AAE913FE1AC7770B","PRF_PERFORMANCE","PERFORMANCE_METADATA_CANDIDATE","V1719_PROGRAM_METADATA_READER","Performance metadata candidate.","78","False","False","True","NO_BINARY_OUTPUT_METADATA_ONLY"
"USER01.PRF","E:\UAOS_OPEN_LIBRARY_SOURCE\pa3x\a1111.SET\a1111.SET\KEYBOARDSET\USER01.PRF",".prf","50827","E2254B333C36330FC83730C5FB33FE3232E8AA3B9E91B5F19054C29BA612711B","PRF_PERFORMANCE","PERFORMANCE_METADATA_CANDIDATE","V1719_PROGRAM_METADATA_READER","Performance metadata candidate.","78","False","False","True","NO_BINARY_OUTPUT_METADATA_ONLY"
"USER01.PRF","E:\UAOS_OPEN_LIBRARY_SOURCE\pa3x\omar44.SET\omar44.SET\KEYBOARDSET\USER01.PRF",".prf","54376","3FB0A4C9832322FE7767EC38FABF8706D30A31FD7D5CFAD5299EB85E97A29E1A","PRF_PERFORMANCE","PERFORMANCE_METADATA_CANDIDATE","V1719_PROGRAM_METADATA_READER","Performance metadata candidate.","78","False","False","True","NO_BINARY_OUTPUT_METADATA_ONLY"
"USER01.PRF","E:\UAOS_OPEN_LIBRARY_SOURCE\pa3x\LIVE CHARKI 3 2.SET\LIVE CHARKI 3 2.SET\KEYBOARDSET\USER01.PRF",".prf","42582","DC8ACC9099DE983CF49C4DA1731A1458C165D491A3B6141B96EB5F4A49B9F447","PRF_PERFORMANCE","PERFORMANCE_METADATA_CANDIDATE","V1719_PROGRAM_METADATA_READER","Performance metadata candidate.","78","False","False","True","NO_BINARY_OUTPUT_METADATA_ONLY"
"USER01.PRF","E:\UAOS_OPEN_LIBRARY_SOURCE\pa3x\ROTANA. 2022.SET\ROTANA. 2022.SET\KEYBOARDSET\USER01.PRF",".prf","49869","438D2E6528528A320C873F51EC8AE51345C5A2CB82ABE2DF4675A15015622C08","PRF_PERFORMANCE","PERFORMANCE_METADATA_CANDIDATE","V1719_PROGRAM_METADATA_READER","Performance metadata candidate.","78","False","False","True","NO_BINARY_OUTPUT_METADATA_ONLY"
"USER01.PRF","E:\UAOS_OPEN_LIBRARY_SOURCE\pa3x\ABOUD NEXT-MG.SET\ABOUD NEXT-MG.SET\KEYBOARDSET\USER01.PRF",".prf","60298","63BC681C16D88CDC79C0975A22D592491777B034BC51CFD0C44386A1F9ECEBB4","PRF_PERFORMANCE","PERFORMANCE_METADATA_CANDIDATE","V1719_PROGRAM_METADATA_READER","Performance metadata candidate.","78","False","False","True","NO_BINARY_OUTPUT_METADATA_ONLY"
"USER01.PRF","E:\UAOS_OPEN_LIBRARY_SOURCE\pa3x\2020 pa1000 pa4x.SET\2020 pa1000 pa4x.SET\KEYBOARDSET\USER01.PRF",".prf","43860","6D98F5C2E47C790DD9973C35D670C91CB991A9F7803489558670401384194ADA","PRF_PERFORMANCE","PERFORMANCE_METADATA_CANDIDATE","V1719_PROGRAM_METADATA_READER","Performance metadata candidate.","78","False","False","True","NO_BINARY_OUTPUT_METADATA_ONLY"
"USER02.PRF","E:\UAOS_OPEN_LIBRARY_SOURCE\pa3x\omar44.SET\omar44.SET\KEYBOARDSET\USER02.PRF",".prf","39154","74E2C329F30F139597226A9233858BDA2BD91EB122A589353D8FA09202F1EBF7","PRF_PERFORMANCE","PERFORMANCE_METADATA_CANDIDATE","V1719_PROGRAM_METADATA_READER","Performance metadata candidate.","78","False","False","True","NO_BINARY_OUTPUT_METADATA_ONLY"
"USER02.PRF","E:\UAOS_OPEN_LIBRARY_SOURCE\pa3x\LIVE CHARKI 3 2.SET\LIVE CHARKI 3 2.SET\KEYBOARDSET\USER02.PRF",".prf","19225","620FF51FE35FAE53D4E7B065DABDC0A07DFCABFA53C715905357D421FE86DF37","PRF_PERFORMANCE","PERFORMANCE_METADATA_CANDIDATE","V1719_PROGRAM_METADATA_READER","Performance metadata candidate.","78","False","False","True","NO_BINARY_OUTPUT_METADATA_ONLY"
"USER02.PRF","E:\UAOS_OPEN_LIBRARY_SOURCE\pa3x\ABOUD NEXT-MG.SET\ABOUD NEXT-MG.SET\KEYBOARDSET\USER02.PRF",".prf","29632","F6F86AA64C69A57D3F4420CCB8BE023EEEAFE49A47BA2AEE5C287CA444AACC64","PRF_PERFORMANCE","PERFORMANCE_METADATA_CANDIDATE","V1719_PROGRAM_METADATA_READER","Performance metadata candidate.","78","False","False","True","NO_BINARY_OUTPUT_METADATA_ONLY"
"USER02.PRF","E:\UAOS_OPEN_LIBRARY_SOURCE\pa3x\2020 pa1000 pa4x.SET\2020 pa1000 pa4x.SET\KEYBOARDSET\USER02.PRF",".prf","53467","E9B22519B978D990DC6FEE492BF94FDE7C87BBD5A5900AACECDB4118F59B289C","PRF_PERFORMANCE","PERFORMANCE_METADATA_CANDIDATE","V1719_PROGRAM_METADATA_READER","Performance metadata candidate.","78","False","False","True","NO_BINARY_OUTPUT_METADATA_ONLY"
"USER02.PRF","E:\UAOS_OPEN_LIBRARY_SOURCE\pa3x\a1111.SET\a1111.SET\KEYBOARDSET\USER02.PRF",".prf","14767","8525D5D0D9D8D46D1A3C2F77E35A6DE977DF25CF1FEB8209A521F6C2F850AE4C","PRF_PERFORMANCE","PERFORMANCE_METADATA_CANDIDATE","V1719_PROGRAM_METADATA_READER","Performance metadata candidate.","78","False","False","True","NO_BINARY_OUTPUT_METADATA_ONLY"
"USER02.PRF","E:\UAOS_OPEN_LIBRARY_SOURCE\pa3x\ROTANA. 2022.SET\ROTANA. 2022.SET\KEYBOARDSET\USER02.PRF",".prf","30028","3DA61FC10448F0EEAF15A63FFFD0A5D21E2A71C530A4251CE806644F435CAFC1","PRF_PERFORMANCE","PERFORMANCE_METADATA_CANDIDATE","V1719_PROGRAM_METADATA_READER","Performance metadata candidate.","78","False","False","True","NO_BINARY_OUTPUT_METADATA_ONLY"
"USER03.PRF","E:\UAOS_OPEN_LIBRARY_SOURCE\pa3x\omar44.SET\omar44.SET\KEYBOARDSET\USER03.PRF",".prf","28949","088BE6D76EAACD5A0A53880C6E9EF4F0133C4CB9643F0A98CBF0FAB941D9D08F","PRF_PERFORMANCE","PERFORMANCE_METADATA_CANDIDATE","V1719_PROGRAM_METADATA_READER","Performance metadata candidate.","78","False","False","True","NO_BINARY_OUTPUT_METADATA_ONLY"
"USER03.PRF","E:\UAOS_OPEN_LIBRARY_SOURCE\pa3x\ABOUD NEXT-MG.SET\ABOUD NEXT-MG.SET\KEYBOARDSET\USER03.PRF",".prf","53723","779E9AB89648D7CA769C47922946001B2638A982D82772AB8E7E317F69B5CCAD","PRF_PERFORMANCE","PERFORMANCE_METADATA_CANDIDATE","V1719_PROGRAM_METADATA_READER","Performance metadata candidate.","78","False","False","True","NO_BINARY_OUTPUT_METADATA_ONLY"
"USER03.PRF","E:\UAOS_OPEN_LIBRARY_SOURCE\pa3x\LIVE CHARKI 3 2.SET\LIVE CHARKI 3 2.SET\KEYBOARDSET\USER03.PRF",".prf","49456","E09B9FA90CE980F9AC16D390114B6DEA8FDB624458849C16B52E0A9CDFB3BC3C","PRF_PERFORMANCE","PERFORMANCE_METADATA_CANDIDATE","V1719_PROGRAM_METADATA_READER","Performance metadata candidate.","78","False","False","True","NO_BINARY_OUTPUT_METADATA_ONLY"
"USER03.PRF","E:\UAOS_OPEN_LIBRARY_SOURCE\pa3x\ROTANA. 2022.SET\ROTANA. 2022.SET\KEYBOARDSET\USER03.PRF",".prf","33647","0A2AE4C1BB0CBFED0705B1ABA71CE510E49C8CA94B079AA9BE5CAEF51E4C870B","PRF_PERFORMANCE","PERFORMANCE_METADATA_CANDIDATE","V1719_PROGRAM_METADATA_READER","Performance metadata candidate.","78","False","False","True","NO_BINARY_OUTPUT_METADATA_ONLY"
"USER03.PRF","E:\UAOS_OPEN_LIBRARY_SOURCE\pa3x\2020 pa1000 pa4x.SET\2020 pa1000 pa4x.SET\KEYBOARDSET\USER03.PRF",".prf","40069","D8D84023F165C313F03D9E14B90D9EE698B8CBF2918E469E613822307538AE56","PRF_PERFORMANCE","PERFORMANCE_METADATA_CANDIDATE","V1719_PROGRAM_METADATA_READER","Performance metadata candidate.","78","False","False","True","NO_BINARY_OUTPUT_METADATA_ONLY"
"USER03.PRF","E:\UAOS_OPEN_LIBRARY_SOURCE\pa3x\a1111.SET\a1111.SET\KEYBOARDSET\USER03.PRF",".prf","33299","65036D4D4506C03B730063C0EC2DD7BD890E2B57530BDE8BCEBA1C17BF0B6063","PRF_PERFORMANCE","PERFORMANCE_METADATA_CANDIDATE","V1719_PROGRAM_METADATA_READER","Performance metadata candidate.","78","False","False","True","NO_BINARY_OUTPUT_METADATA_ONLY"
"USER04.PRF","E:\UAOS_OPEN_LIBRARY_SOURCE\pa3x\2020 pa1000 pa4x.SET\2020 pa1000 pa4x.SET\KEYBOARDSET\USER04.PRF",".prf","28785","3DE347B5E837183AFDEDC48B5B6129B5E5578F38CEBD638D0D805FE30E1B3E38","PRF_PERFORMANCE","PERFORMANCE_METADATA_CANDIDATE","V1719_PROGRAM_METADATA_READER","Performance metadata candidate.","78","False","False","True","NO_BINARY_OUTPUT_METADATA_ONLY"
"USER04.PRF","E:\UAOS_OPEN_LIBRARY_SOURCE\pa3x\omar44.SET\omar44.SET\KEYBOARDSET\USER04.PRF",".prf","41378","C3BE04631DBA98B8684FEC39138E73E0CEE50D2A5093E8F52469D2782ADAF0DC","PRF_PERFORMANCE","PERFORMANCE_METADATA_CANDIDATE","V1719_PROGRAM_METADATA_READER","Performance metadata candidate.","78","False","False","True","NO_BINARY_OUTPUT_METADATA_ONLY"
"USER04.PRF","E:\UAOS_OPEN_LIBRARY_SOURCE\pa3x\LIVE CHARKI 3 2.SET\LIVE CHARKI 3 2.SET\KEYBOARDSET\USER04.PRF",".prf","20447","4FAC38935F9771ABA1B1F30D39A15F6BE41CE8D6BEE3A4AA2E75E13120BAC75D","PRF_PERFORMANCE","PERFORMANCE_METADATA_CANDIDATE","V1719_PROGRAM_METADATA_READER","Performance metadata candidate.","78","False","False","True","NO_BINARY_OUTPUT_METADATA_ONLY"
"USER04.PRF","E:\UAOS_OPEN_LIBRARY_SOURCE\pa3x\ABOUD NEXT-MG.SET\ABOUD NEXT-MG.SET\KEYBOARDSET\USER04.PRF",".prf","6137","EC4F6599EECD603477028ACC1D51610C234508A96293DC6786E9FF492F192DB3","PRF_PERFORMANCE","PERFORMANCE_METADATA_CANDIDATE","V1719_PROGRAM_METADATA_READER","Performance metadata candidate.","78","False","False","True","NO_BINARY_OUTPUT_METADATA_ONLY"
"USER04.PRF","E:\UAOS_OPEN_LIBRARY_SOURCE\pa3x\a1111.SET\a1111.SET\KEYBOARDSET\USER04.PRF",".prf","38771","FD195150F5C234E8962F8C8DC7C613E367315C46A80065A0ADC4C7A605030370","PRF_PERFORMANCE","PERFORMANCE_METADATA_CANDIDATE","V1719_PROGRAM_METADATA_READER","Performance metadata candidate.","78","False","False","True","NO_BINARY_OUTPUT_METADATA_ONLY"
"USER04.PRF","E:\UAOS_OPEN_LIBRARY_SOURCE\pa3x\ROTANA. 2022.SET\ROTANA. 2022.SET\KEYBOARDSET\USER04.PRF",".prf","42337","CBE806FF55D90E4C0AA97FC56F16CCEAA5F71DE112780A3CB4BFFA9837B57319","PRF_PERFORMANCE","PERFORMANCE_METADATA_CANDIDATE","V1719_PROGRAM_METADATA_READER","Performance metadata candidate.","78","False","False","True","NO_BINARY_OUTPUT_METADATA_ONLY"
"USER05.PRF","E:\UAOS_OPEN_LIBRARY_SOURCE\pa3x\2020 pa1000 pa4x.SET\2020 pa1000 pa4x.SET\KEYBOARDSET\USER05.PRF",".prf","22308","7F05410D85BB94543C01B5B281F83BC8F734847A695BE69219690BF6554EFFA2","PRF_PERFORMANCE","PERFORMANCE_METADATA_CANDIDATE","V1719_PROGRAM_METADATA_READER","Performance metadata candidate.","78","False","False","True","NO_BINARY_OUTPUT_METADATA_ONLY"
"USER05.PRF","E:\UAOS_OPEN_LIBRARY_SOURCE\pa3x\ABOUD NEXT-MG.SET\ABOUD NEXT-MG.SET\KEYBOARDSET\USER05.PRF",".prf","30377","38301C4462BD2EF5D3960341B40F8E0BE8BEB557E332C93B06FD3CD0B08EF6E3","PRF_PERFORMANCE","PERFORMANCE_METADATA_CANDIDATE","V1719_PROGRAM_METADATA_READER","Performance metadata candidate.","78","False","False","True","NO_BINARY_OUTPUT_METADATA_ONLY"
"USER05.PRF","E:\UAOS_OPEN_LIBRARY_SOURCE\pa3x\a1111.SET\a1111.SET\KEYBOARDSET\USER05.PRF",".prf","55117","C440FC9724DB0DE92593DE10A4768A870B1D07798EFF24EF535156BA74A46FE2","PRF_PERFORMANCE","PERFORMANCE_METADATA_CANDIDATE","V1719_PROGRAM_METADATA_READER","Performance metadata candidate.","78","False","False","True","NO_BINARY_OUTPUT_METADATA_ONLY"
"USER05.PRF","E:\UAOS_OPEN_LIBRARY_SOURCE\pa3x\LIVE CHARKI 3 2.SET\LIVE CHARKI 3 2.SET\KEYBOARDSET\USER05.PRF",".prf","38205","4EC4E51BC5059E39CBCC32DA30B753692FEDADE741C2CFF3C4DA27CABE5C072A","PRF_PERFORMANCE","PERFORMANCE_METADATA_CANDIDATE","V1719_PROGRAM_METADATA_READER","Performance metadata candidate.","78","False","False","True","NO_BINARY_OUTPUT_METADATA_ONLY"
"USER05.PRF","E:\UAOS_OPEN_LIBRARY_SOURCE\pa3x\omar44.SET\omar44.SET\KEYBOARDSET\USER05.PRF",".prf","38935","DEC335BEE75BEDF7F58D48FC7A8CF6339ACDD31B4D732F9DB0519F37FEEF4E44","PRF_PERFORMANCE","PERFORMANCE_METADATA_CANDIDATE","V1719_PROGRAM_METADATA_READER","Performance metadata candidate.","78","False","False","True","NO_BINARY_OUTPUT_METADATA_ONLY"
"USER05.PRF","E:\UAOS_OPEN_LIBRARY_SOURCE\pa3x\ROTANA. 2022.SET\ROTANA. 2022.SET\KEYBOARDSET\USER05.PRF",".prf","43572","03E2C29DD5885B98A8F75E7D0BAAF4772FF807D8BEE8FE9AD31D2D03FEDDAFC7","PRF_PERFORMANCE","PERFORMANCE_METADATA_CANDIDATE","V1719_PROGRAM_METADATA_READER","Performance metadata candidate.","78","False","False","True","NO_BINARY_OUTPUT_METADATA_ONLY"
"USER06.PRF","E:\UAOS_OPEN_LIBRARY_SOURCE\pa3x\a1111.SET\a1111.SET\KEYBOARDSET\USER06.PRF",".prf","45438","3B52AF81C9A966532BF72D5DA27CA0ED8045857F82AAF07E1850BD1E5FFDA5FA","PRF_PERFORMANCE","PERFORMANCE_METADATA_CANDIDATE","V1719_PROGRAM_METADATA_READER","Performance metadata candidate.","78","False","False","True","NO_BINARY_OUTPUT_METADATA_ONLY"
"USER06.PRF","E:\UAOS_OPEN_LIBRARY_SOURCE\pa3x\ROTANA. 2022.SET\ROTANA. 2022.SET\KEYBOARDSET\USER06.PRF",".prf","54464","663DCE3B4889C91E068954118DC920725C47DE271B0743701C72ADD705FFF30B","PRF_PERFORMANCE","PERFORMANCE_METADATA_CANDIDATE","V1719_PROGRAM_METADATA_READER","Performance metadata candidate.","78","False","False","True","NO_BINARY_OUTPUT_METADATA_ONLY"
"USER06.PRF","E:\UAOS_OPEN_LIBRARY_SOURCE\pa3x\LIVE CHARKI 3 2.SET\LIVE CHARKI 3 2.SET\KEYBOARDSET\USER06.PRF",".prf","41608","B679B071A9B57F1A0B270F8992C7BB39ECB9E7D9DC2A5258B42A386EF58E6E7B","PRF_PERFORMANCE","PERFORMANCE_METADATA_CANDIDATE","V1719_PROGRAM_METADATA_READER","Performance metadata candidate.","78","False","False","True","NO_BINARY_OUTPUT_METADATA_ONLY"
"USER06.PRF","E:\UAOS_OPEN_LIBRARY_SOURCE\pa3x\ABOUD NEXT-MG.SET\ABOUD NEXT-MG.SET\KEYBOARDSET\USER06.PRF",".prf","38721","FCB7DE1C0581A4F36FFD500341035E39B2FFF5D49640B01AF855348A4DDD1BD3","PRF_PERFORMANCE","PERFORMANCE_METADATA_CANDIDATE","V1719_PROGRAM_METADATA_READER","Performance metadata candidate.","78","False","False","True","NO_BINARY_OUTPUT_METADATA_ONLY"
"USER06.PRF","E:\UAOS_OPEN_LIBRARY_SOURCE\pa3x\2020 pa1000 pa4x.SET\2020 pa1000 pa4x.SET\KEYBOARDSET\USER06.PRF",".prf","35375","773DFF9E6E3DA80DA0F9A58B57584FD735A1720D57356AE3C756F93C619DFAB3","PRF_PERFORMANCE","PERFORMANCE_METADATA_CANDIDATE","V1719_PROGRAM_METADATA_READER","Performance metadata candidate.","78","False","False","True","NO_BINARY_OUTPUT_METADATA_ONLY"
"USER06.PRF","E:\UAOS_OPEN_LIBRARY_SOURCE\pa3x\omar44.SET\omar44.SET\KEYBOARDSET\USER06.PRF",".prf","43609","F9E52035C85D5EAA864704F7AA615D3FC9253B3C36176600CE75169C90A15B83","PRF_PERFORMANCE","PERFORMANCE_METADATA_CANDIDATE","V1719_PROGRAM_METADATA_READER","Performance metadata candidate.","78","False","False","True","NO_BINARY_OUTPUT_METADATA_ONLY"
"USER07.PRF","E:\UAOS_OPEN_LIBRARY_SOURCE\pa3x\omar44.SET\omar44.SET\KEYBOARDSET\USER07.PRF",".prf","48327","6257FC3CB091E32FEF23F4C3FC3690C8D0EDF31B05982BC18B3BB103DF900CDE","PRF_PERFORMANCE","PERFORMANCE_METADATA_CANDIDATE","V1719_PROGRAM_METADATA_READER","Performance metadata candidate.","78","False","False","True","NO_BINARY_OUTPUT_METADATA_ONLY"
"USER07.PRF","E:\UAOS_OPEN_LIBRARY_SOURCE\pa3x\a1111.SET\a1111.SET\KEYBOARDSET\USER07.PRF",".prf","45469","8B9257CAC5135C4316296DA8B8EB91E037DE2364FD82778BABDC7780396979A0","PRF_PERFORMANCE","PERFORMANCE_METADATA_CANDIDATE","V1719_PROGRAM_METADATA_READER","Performance metadata candidate.","78","False","False","True","NO_BINARY_OUTPUT_METADATA_ONLY"
"USER07.PRF","E:\UAOS_OPEN_LIBRARY_SOURCE\pa3x\ROTANA. 2022.SET\ROTANA. 2022.SET\KEYBOARDSET\USER07.PRF",".prf","44715","304FE7CCA50D74FE4A761704C8D247DE2AB5A91CDEDA4381C45D502EB9BF4DA1","PRF_PERFORMANCE","PERFORMANCE_METADATA_CANDIDATE","V1719_PROGRAM_METADATA_READER","Performance metadata candidate.","78","False","False","True","NO_BINARY_OUTPUT_METADATA_ONLY"
"USER07.PRF","E:\UAOS_OPEN_LIBRARY_SOURCE\pa3x\ABOUD NEXT-MG.SET\ABOUD NEXT-MG.SET\KEYBOARDSET\USER07.PRF",".prf","7876","CC5F8EBDEC10FD3D23FFE64EE0F0B38D5BA9C5785171A3732830FAC2E795CD17","PRF_PERFORMANCE","PERFORMANCE_METADATA_CANDIDATE","V1719_PROGRAM_METADATA_READER","Performance metadata candidate.","78","False","False","True","NO_BINARY_OUTPUT_METADATA_ONLY"
"USER07.PRF","E:\UAOS_OPEN_LIBRARY_SOURCE\pa3x\2020 pa1000 pa4x.SET\2020 pa1000 pa4x.SET\KEYBOARDSET\USER07.PRF",".prf","13557","F10009F01E5ACABF1D1D966DB2E3BB54AE25C12264AF2D8D61674F81D03A12AE","PRF_PERFORMANCE","PERFORMANCE_METADATA_CANDIDATE","V1719_PROGRAM_METADATA_READER","Performance metadata candidate.","78","False","False","True","NO_BINARY_OUTPUT_METADATA_ONLY"
"USER07.PRF","E:\UAOS_OPEN_LIBRARY_SOURCE\pa3x\LIVE CHARKI 3 2.SET\LIVE CHARKI 3 2.SET\KEYBOARDSET\USER07.PRF",".prf","39484","7CDC5B877855ED8AE25FC94D1F31418ADA1C9EBF1CCE8B98FBB208D7EAF1C53A","PRF_PERFORMANCE","PERFORMANCE_METADATA_CANDIDATE","V1719_PROGRAM_METADATA_READER","Performance metadata candidate.","78","False","False","True","NO_BINARY_OUTPUT_METADATA_ONLY"
"USER08.PRF","E:\UAOS_OPEN_LIBRARY_SOURCE\pa3x\omar44.SET\omar44.SET\KEYBOARDSET\USER08.PRF",".prf","50979","DB6349BC962B6E40A67618A5155064A1B68D4FE85AFE57FD9208D27A9B4B0AB6","PRF_PERFORMANCE","PERFORMANCE_METADATA_CANDIDATE","V1719_PROGRAM_METADATA_READER","Performance metadata candidate.","78","False","False","True","NO_BINARY_OUTPUT_METADATA_ONLY"
"USER08.PRF","E:\UAOS_OPEN_LIBRARY_SOURCE\pa3x\ABOUD NEXT-MG.SET\ABOUD NEXT-MG.SET\KEYBOARDSET\USER08.PRF",".prf","7203","80E35C74AD35BF62A067D642EC0D62DE6E0B24CAF36231C481BCF85885427AA7","PRF_PERFORMANCE","PERFORMANCE_METADATA_CANDIDATE","V1719_PROGRAM_METADATA_READER","Performance metadata candidate.","78","False","False","True","NO_BINARY_OUTPUT_METADATA_ONLY"
"USER08.PRF","E:\UAOS_OPEN_LIBRARY_SOURCE\pa3x\ROTANA. 2022.SET\ROTANA. 2022.SET\KEYBOARDSET\USER08.PRF",".prf","50843","6ABA4CC01108DC3298FB418B02526952621C5584E2563B4FA28E61B6917F59F1","PRF_PERFORMANCE","PERFORMANCE_METADATA_CANDIDATE","V1719_PROGRAM_METADATA_READER","Performance metadata candidate.","78","False","False","True","NO_BINARY_OUTPUT_METADATA_ONLY"
"USER08.PRF","E:\UAOS_OPEN_LIBRARY_SOURCE\pa3x\a1111.SET\a1111.SET\KEYBOARDSET\USER08.PRF",".prf","30872","8777C7E69EEB3BFCF2320814587FE52E645AB1F3B6735189F02E59FDDCBB1C09","PRF_PERFORMANCE","PERFORMANCE_METADATA_CANDIDATE","V1719_PROGRAM_METADATA_READER","Performance metadata candidate.","78","False","False","True","NO_BINARY_OUTPUT_METADATA_ONLY"
"USER08.PRF","E:\UAOS_OPEN_LIBRARY_SOURCE\pa3x\LIVE CHARKI 3 2.SET\LIVE CHARKI 3 2.SET\KEYBOARDSET\USER08.PRF",".prf","60662","6EB8C5DCA83DF99A6A890469BB09576451A0D9424429746EB3FCFD57E8F2C685","PRF_PERFORMANCE","PERFORMANCE_METADATA_CANDIDATE","V1719_PROGRAM_METADATA_READER","Performance metadata candidate.","78","False","False","True","NO_BINARY_OUTPUT_METADATA_ONLY"
"USER09.PRF","E:\UAOS_OPEN_LIBRARY_SOURCE\pa3x\LIVE CHARKI 3 2.SET\LIVE CHARKI 3 2.SET\KEYBOARDSET\USER09.PRF",".prf","40073","0777577608B0D2FFEFC9977612E61222E2C8939EDAC128EC032EBB67C1830BE0","PRF_PERFORMANCE","PERFORMANCE_METADATA_CANDIDATE","V1719_PROGRAM_METADATA_READER","Performance metadata candidate.","78","False","False","True","NO_BINARY_OUTPUT_METADATA_ONLY"
"USER09.PRF","E:\UAOS_OPEN_LIBRARY_SOURCE\pa3x\ROTANA. 2022.SET\ROTANA. 2022.SET\KEYBOARDSET\USER09.PRF",".prf","52709","0BB136B59FDD1EE22D5B940711A025A9E681A9ED05D28C14E39D1749237D2A96","PRF_PERFORMANCE","PERFORMANCE_METADATA_CANDIDATE","V1719_PROGRAM_METADATA_READER","Performance metadata candidate.","78","False","False","True","NO_BINARY_OUTPUT_METADATA_ONLY"
"USER09.PRF","E:\UAOS_OPEN_LIBRARY_SOURCE\pa3x\ABOUD NEXT-MG.SET\ABOUD NEXT-MG.SET\KEYBOARDSET\USER09.PRF",".prf","32600","8643CF18DB9DEA1BB6A47EAC4CC7BC4FD3F0625098E0773D553E006FC7A427B9","PRF_PERFORMANCE","PERFORMANCE_METADATA_CANDIDATE","V1719_PROGRAM_METADATA_READER","Performance metadata candidate.","78","False","False","True","NO_BINARY_OUTPUT_METADATA_ONLY"
"USER09.PRF","E:\UAOS_OPEN_LIBRARY_SOURCE\pa3x\a1111.SET\a1111.SET\KEYBOARDSET\USER09.PRF",".prf","31826","BEE52809CFCDA4237AD3F1FC3AC621335B5602C40AFC6B8A49E03CA0C96A3FA2","PRF_PERFORMANCE","PERFORMANCE_METADATA_CANDIDATE","V1719_PROGRAM_METADATA_READER","Performance metadata candidate.","78","False","False","True","NO_BINARY_OUTPUT_METADATA_ONLY"
"USER09.PRF","E:\UAOS_OPEN_LIBRARY_SOURCE\pa3x\omar44.SET\omar44.SET\KEYBOARDSET\USER09.PRF",".prf","52301","1540E8EC5024E0DD8C0DB5792D0EB0B1196FFF4639B9BACE30155B070894E9A5","PRF_PERFORMANCE","PERFORMANCE_METADATA_CANDIDATE","V1719_PROGRAM_METADATA_READER","Performance metadata candidate.","78","False","False","True","NO_BINARY_OUTPUT_METADATA_ONLY"
"USER10.PRF","E:\UAOS_OPEN_LIBRARY_SOURCE\pa3x\ROTANA. 2022.SET\ROTANA. 2022.SET\KEYBOARDSET\USER10.PRF",".prf","45437","C141BADFD1AE4E74620F0484C454C039C42B932DE332D3A86B53707F8DE0AD95","PRF_PERFORMANCE","PERFORMANCE_METADATA_CANDIDATE","V1719_PROGRAM_METADATA_READER","Performance metadata candidate.","78","False","False","True","NO_BINARY_OUTPUT_METADATA_ONLY"
"USER10.PRF","E:\UAOS_OPEN_LIBRARY_SOURCE\pa3x\omar44.SET\omar44.SET\KEYBOARDSET\USER10.PRF",".prf","55844","1EEFCBB0D4DA44E813214B34E7EBCAF9C6FB93DD47B94DF40C3FE706078AD2AB","PRF_PERFORMANCE","PERFORMANCE_METADATA_CANDIDATE","V1719_PROGRAM_METADATA_READER","Performance metadata candidate.","78","False","False","True","NO_BINARY_OUTPUT_METADATA_ONLY"
"USER10.PRF","E:\UAOS_OPEN_LIBRARY_SOURCE\pa3x\a1111.SET\a1111.SET\KEYBOARDSET\USER10.PRF",".prf","2217","5D036662548EECCA107BE755B1D4146D38735AB060EFB9DD2F711558C0D57B66","PRF_PERFORMANCE","PERFORMANCE_METADATA_CANDIDATE","V1719_PROGRAM_METADATA_READER","Performance metadata candidate.","78","False","False","True","NO_BINARY_OUTPUT_METADATA_ONLY"
"USER10.PRF","E:\UAOS_OPEN_LIBRARY_SOURCE\pa3x\ABOUD NEXT-MG.SET\ABOUD NEXT-MG.SET\KEYBOARDSET\USER10.PRF",".prf","8992","AD44AB92CE060C57E338E79787E0BDF78F799B8FE00469630FF48DD960A3C6C4","PRF_PERFORMANCE","PERFORMANCE_METADATA_CANDIDATE","V1719_PROGRAM_METADATA_READER","Performance metadata candidate.","78","False","False","True","NO_BINARY_OUTPUT_METADATA_ONLY"
"USER11.PRF","E:\UAOS_OPEN_LIBRARY_SOURCE\pa3x\ABOUD NEXT-MG.SET\ABOUD NEXT-MG.SET\KEYBOARDSET\USER11.PRF",".prf","13306","76CC1FD8B7F716BF9DAAAE37F8792252FB7262BB6B792FCE92FCBD2511E64FE6","PRF_PERFORMANCE","PERFORMANCE_METADATA_CANDIDATE","V1719_PROGRAM_METADATA_READER","Performance metadata candidate.","78","False","False","True","NO_BINARY_OUTPUT_METADATA_ONLY"
"USER11.PRF","E:\UAOS_OPEN_LIBRARY_SOURCE\pa3x\ROTANA. 2022.SET\ROTANA. 2022.SET\KEYBOARDSET\USER11.PRF",".prf","45860","1DF3CBDE5F7F760757D2B4AF75529E093F23B22038217F11D60F2FC5FF513494","PRF_PERFORMANCE","PERFORMANCE_METADATA_CANDIDATE","V1719_PROGRAM_METADATA_READER","Performance metadata candidate.","78","False","False","True","NO_BINARY_OUTPUT_METADATA_ONLY"
"USER11.PRF","E:\UAOS_OPEN_LIBRARY_SOURCE\pa3x\omar44.SET\omar44.SET\KEYBOARDSET\USER11.PRF",".prf","48949","B4D439FCA75EC61BBC9A728EAC2DA22CC06C08BC6EC4E97641AA64A1742DDC37","PRF_PERFORMANCE","PERFORMANCE_METADATA_CANDIDATE","V1719_PROGRAM_METADATA_READER","Performance metadata candidate.","78","False","False","True","NO_BINARY_OUTPUT_METADATA_ONLY"
"USER11.PRF","E:\UAOS_OPEN_LIBRARY_SOURCE\pa3x\a1111.SET\a1111.SET\KEYBOARDSET\USER11.PRF",".prf","5405","0C71851D1E45F90DCBD813268D7A9A6BEE82C822232362A9EB014301E5BB6B20","PRF_PERFORMANCE","PERFORMANCE_METADATA_CANDIDATE","V1719_PROGRAM_METADATA_READER","Performance metadata candidate.","78","False","False","True","NO_BINARY_OUTPUT_METADATA_ONLY"
"FAVORITE01.STY","E:\UAOS_OPEN_LIBRARY_SOURCE\pa3x\rahm pa3x.SET\rahm pa3x.SET\STYLE\FAVORITE01.STY",".sty","567567","8ACC6B38756381D98B8B9E9FC5BCB353FE69A40E6D8AD80FECCF4B5A370CD1B4","STYLE","STYLE_METADATA_CANDIDATE","V1719_STYLE_METADATA_READER","Style metadata candidate.","70","False","False","True","NO_BINARY_OUTPUT_METADATA_ONLY"
"FAVORITE01.STY","E:\UAOS_OPEN_LIBRARY_SOURCE\pa3x\RoTaNa(1) pa3x.SET\tareq pa3x.SET\STYLE\FAVORITE01.STY",".sty","632469","02E45DD1AD0349BC7C72C5EFCE6415E5B20CEFBC9D4D2928A6B0A65DF8B3BB2B","STYLE","STYLE_METADATA_CANDIDATE","V1719_STYLE_METADATA_READER","Style metadata candidate.","70","False","False","True","NO_BINARY_OUTPUT_METADATA_ONLY"
"FAVORITE01.STY","E:\UAOS_OPEN_LIBRARY_SOURCE\pa3x\omar44.SET\omar44.SET\STYLE\FAVORITE01.STY",".sty","461200","4F7FAAF1FC808425CB5023BFD7EBFCAE608AF34030CB2AFAFF64D0B302017F69","STYLE","STYLE_METADATA_CANDIDATE","V1719_STYLE_METADATA_READER","Style metadata candidate.","70","False","False","True","NO_BINARY_OUTPUT_METADATA_ONLY"
"FAVORITE01.STY","E:\UAOS_OPEN_LIBRARY_SOURCE\pa3x\a1111.SET\a1111.SET\STYLE\FAVORITE01.STY",".sty","927821","E118CBCFE7878B4238150E110C4F0C481E8A89833305411991A801FE74432439","STYLE","STYLE_METADATA_CANDIDATE","V1719_STYLE_METADATA_READER","Style metadata candidate.","70","False","False","True","NO_BINARY_OUTPUT_METADATA_ONLY"
"FAVORITE01.STY","E:\UAOS_OPEN_LIBRARY_SOURCE\pa3x\SUPER4X.3X ASLY2018.SET\SUPER4X.3X ASLY2018.SET\STYLE\FAVORITE01.STY",".sty","213182","31F827C1570802C766587A6C6C9ED5EAC8BEA12767F683FF9BA2654AADB07B23","STYLE","STYLE_METADATA_CANDIDATE","V1719_STYLE_METADATA_READER","Style metadata candidate.","70","False","False","True","NO_BINARY_OUTPUT_METADATA_ONLY"
"FAVORITE01.STY","E:\UAOS_OPEN_LIBRARY_SOURCE\pa3x\‏‏RoTaNa(1) pa3x.SET - نسخة\tareq pa3x.SET\STYLE\FAVORITE01.STY",".sty","632469","02E45DD1AD0349BC7C72C5EFCE6415E5B20CEFBC9D4D2928A6B0A65DF8B3BB2B","STYLE","STYLE_METADATA_CANDIDATE","V1719_STYLE_METADATA_READER","Style metadata candidate.","70","False","False","True","NO_BINARY_OUTPUT_METADATA_ONLY"
"FAVORITE01.STY","E:\UAOS_OPEN_LIBRARY_SOURCE\pa3x\ABOUD NEXT-MG.SET\ABOUD NEXT-MG.SET\STYLE\FAVORITE01.STY",".sty","579109","558C5A5C086BD12A582AB2FE9F6625E0A287A55BE99253622D96BD79D0C20A2F","STYLE","STYLE_METADATA_CANDIDATE","V1719_STYLE_METADATA_READER","Style metadata candidate.","70","False","False","True","NO_BINARY_OUTPUT_METADATA_ONLY"
"FAVORITE01.STY","E:\UAOS_OPEN_LIBRARY_SOURCE\pa3x\ROTANA. 2022.SET\ROTANA. 2022.SET\STYLE\FAVORITE01.STY",".sty","391336","D95FF0F18552D1847A7259257B5DE66777532CECDF91170CD20DCC18BAAD10DE","STYLE","STYLE_METADATA_CANDIDATE","V1719_STYLE_METADATA_READER","Style metadata candidate.","70","False","False","True","NO_BINARY_OUTPUT_METADATA_ONLY"
"FAVORITE01.STY","E:\UAOS_OPEN_LIBRARY_SOURCE\pa3x\3xxxxx.SET\3xxxxx.SET\STYLE\FAVORITE01.STY",".sty","444180","7D2A4ADAA45C43FE29FDD53AB3CDB2AC8D513DB3DE17B11FE0E9FA732B27FF18","STYLE","STYLE_METADATA_CANDIDATE","V1719_STYLE_METADATA_READER","Style metadata candidate.","70","False","False","True","NO_BINARY_OUTPUT_METADATA_ONLY"
"FAVORITE02.STY","E:\UAOS_OPEN_LIBRARY_SOURCE\pa3x\a1111.SET\a1111.SET\STYLE\FAVORITE02.STY",".sty","634757","D19E01A165C3165A8FF45B50C3B32A9474E72EB95F73548E23C9F462D26544E9","STYLE","STYLE_METADATA_CANDIDATE","V1719_STYLE_METADATA_READER","Style metadata candidate.","70","False","False","True","NO_BINARY_OUTPUT_METADATA_ONLY"
"FAVORITE02.STY","E:\UAOS_OPEN_LIBRARY_SOURCE\pa3x\omar44.SET\omar44.SET\STYLE\FAVORITE02.STY",".sty","566720","D238986DD410559614019B474CBFD1821DEE149F0F1071AFB23B9F93F2F749ED","STYLE","STYLE_METADATA_CANDIDATE","V1719_STYLE_METADATA_READER","Style metadata candidate.","70","False","False","True","NO_BINARY_OUTPUT_METADATA_ONLY"
"FAVORITE02.STY","E:\UAOS_OPEN_LIBRARY_SOURCE\pa3x\ROTANA. 2022.SET\ROTANA. 2022.SET\STYLE\FAVORITE02.STY",".sty","482884","3610E4DB0B9E7173B97994033C0EE6246ABA1510B84423CA3B8D79D40784C0C9","STYLE","STYLE_METADATA_CANDIDATE","V1719_STYLE_METADATA_READER","Style metadata candidate.","70","False","False","True","NO_BINARY_OUTPUT_METADATA_ONLY"
"FAVORITE02.STY","E:\UAOS_OPEN_LIBRARY_SOURCE\pa3x\rahm pa3x.SET\rahm pa3x.SET\STYLE\FAVORITE02.STY",".sty","404781","EE715E067005B9CBC9A5630F7C25C0A4ACD3DE6412D3DEAC67D61CF8995EDDCB","STYLE","STYLE_METADATA_CANDIDATE","V1719_STYLE_METADATA_READER","Style metadata candidate.","70","False","False","True","NO_BINARY_OUTPUT_METADATA_ONLY"
"FAVORITE02.STY","E:\UAOS_OPEN_LIBRARY_SOURCE\pa3x\‏‏RoTaNa(1) pa3x.SET - نسخة\tareq pa3x.SET\STYLE\FAVORITE02.STY",".sty","2189717","3C0CAAC7CF402436887A85A3D94E4D889C90DBEB2E74E91AD18D5C7ACF94C166","STYLE","STYLE_METADATA_CANDIDATE","V1719_STYLE_METADATA_READER","Style metadata candidate.","70","False","False","True","NO_BINARY_OUTPUT_METADATA_ONLY"
"FAVORITE02.STY","E:\UAOS_OPEN_LIBRARY_SOURCE\pa3x\ABOUD NEXT-MG.SET\ABOUD NEXT-MG.SET\STYLE\FAVORITE02.STY",".sty","838142","F271D63022494F265E1C6F3B0527A401B2D31484342253638B0547289471536D","STYLE","STYLE_METADATA_CANDIDATE","V1719_STYLE_METADATA_READER","Style metadata candidate.","70","False","False","True","NO_BINARY_OUTPUT_METADATA_ONLY"
"FAVORITE02.STY","E:\UAOS_OPEN_LIBRARY_SOURCE\pa3x\3xxxxx.SET\3xxxxx.SET\STYLE\FAVORITE02.STY",".sty","450608","BD63056DDAA5BF94E0C115CCE45BEB862F544F929A81CD66DF780CD257189034","STYLE","STYLE_METADATA_CANDIDATE","V1719_STYLE_METADATA_READER","Style metadata candidate.","70","False","False","True","NO_BINARY_OUTPUT_METADATA_ONLY"
"FAVORITE02.STY","E:\UAOS_OPEN_LIBRARY_SOURCE\pa3x\SUPER4X.3X ASLY2018.SET\SUPER4X.3X ASLY2018.SET\STYLE\FAVORITE02.STY",".sty","186000","2DCE368AFD8EB048289AF10C6341B2090BBC4B3E8EAE20748F5B13EE7B510C62","STYLE","STYLE_METADATA_CANDIDATE","V1719_STYLE_METADATA_READER","Style metadata candidate.","70","False","False","True","NO_BINARY_OUTPUT_METADATA_ONLY"
"FAVORITE02.STY","E:\UAOS_OPEN_LIBRARY_SOURCE\pa3x\RoTaNa(1) pa3x.SET\tareq pa3x.SET\STYLE\FAVORITE02.STY",".sty","2189717","3C0CAAC7CF402436887A85A3D94E4D889C90DBEB2E74E91AD18D5C7ACF94C166","STYLE","STYLE_METADATA_CANDIDATE","V1719_STYLE_METADATA_READER","Style metadata candidate.","70","False","False","True","NO_BINARY_OUTPUT_METADATA_ONLY"
"FAVORITE03.STY","E:\UAOS_OPEN_LIBRARY_SOURCE\pa3x\ROTANA. 2022.SET\ROTANA. 2022.SET\STYLE\FAVORITE03.STY",".sty","230359","7318152389E303EEC3EA395FD91588FBDAAECA9711B151A0CDF9925210794695","STYLE","STYLE_METADATA_CANDIDATE","V1719_STYLE_METADATA_READER","Style metadata candidate.","70","False","False","True","NO_BINARY_OUTPUT_METADATA_ONLY"
"FAVORITE03.STY","E:\UAOS_OPEN_LIBRARY_SOURCE\pa3x\omar44.SET\omar44.SET\STYLE\FAVORITE03.STY",".sty","98180","D22082D6071293E75345C270C49E786F377AB62FC63A6F3A8005C3BE4974A38A","STYLE","STYLE_METADATA_CANDIDATE","V1719_STYLE_METADATA_READER","Style metadata candidate.","70","False","False","True","NO_BINARY_OUTPUT_METADATA_ONLY"
"FAVORITE03.STY","E:\UAOS_OPEN_LIBRARY_SOURCE\pa3x\RoTaNa(1) pa3x.SET\tareq pa3x.SET\STYLE\FAVORITE03.STY",".sty","227062","D2D005D5A855857A3DF0DAA67842E67CC667CF413F4EAAD95BE7D016C8CE33BC","STYLE","STYLE_METADATA_CANDIDATE","V1719_STYLE_METADATA_READER","Style metadata candidate.","70","False","False","True","NO_BINARY_OUTPUT_METADATA_ONLY"
"FAVORITE03.STY","E:\UAOS_OPEN_LIBRARY_SOURCE\pa3x\‏‏RoTaNa(1) pa3x.SET - نسخة\tareq pa3x.SET\STYLE\FAVORITE03.STY",".sty","227062","D2D005D5A855857A3DF0DAA67842E67CC667CF413F4EAAD95BE7D016C8CE33BC","STYLE","STYLE_METADATA_CANDIDATE","V1719_STYLE_METADATA_READER","Style metadata candidate.","70","False","False","True","NO_BINARY_OUTPUT_METADATA_ONLY"
"FAVORITE03.STY","E:\UAOS_OPEN_LIBRARY_SOURCE\pa3x\SUPER4X.3X ASLY2018.SET\SUPER4X.3X ASLY2018.SET\STYLE\FAVORITE03.STY",".sty","382016","44F46C03DE1395357FE95579E7191BCE0B6E9834DCE976511C441D5CD3006CE3","STYLE","STYLE_METADATA_CANDIDATE","V1719_STYLE_METADATA_READER","Style metadata candidate.","70","False","False","True","NO_BINARY_OUTPUT_METADATA_ONLY"
"FAVORITE03.STY","E:\UAOS_OPEN_LIBRARY_SOURCE\pa3x\3xxxxx.SET\3xxxxx.SET\STYLE\FAVORITE03.STY",".sty","1429384","BC265C01AD7B818080936501071BBB8B400E85F69E546F272C7570E759FF4C29","STYLE","STYLE_METADATA_CANDIDATE","V1719_STYLE_METADATA_READER","Style metadata candidate.","70","False","False","True","NO_BINARY_OUTPUT_METADATA_ONLY"
"FAVORITE03.STY","E:\UAOS_OPEN_LIBRARY_SOURCE\pa3x\rahm pa3x.SET\rahm pa3x.SET\STYLE\FAVORITE03.STY",".sty","230582","E4E5C190F3A9680AA753C5CD0C3F8D12EAC947BFA6CCBFB530541F6DB9DE76EF","STYLE","STYLE_METADATA_CANDIDATE","V1719_STYLE_METADATA_READER","Style metadata candidate.","70","False","False","True","NO_BINARY_OUTPUT_METADATA_ONLY"
"FAVORITE03.STY","E:\UAOS_OPEN_LIBRARY_SOURCE\pa3x\ABOUD NEXT-MG.SET\ABOUD NEXT-MG.SET\STYLE\FAVORITE03.STY",".sty","279502","2163D1048D69CD46B97C2A03F381500E0011E296124BF67641F74F9680FB892D","STYLE","STYLE_METADATA_CANDIDATE","V1719_STYLE_METADATA_READER","Style metadata candidate.","70","False","False","True","NO_BINARY_OUTPUT_METADATA_ONLY"
"FAVORITE03.STY","E:\UAOS_OPEN_LIBRARY_SOURCE\pa3x\a1111.SET\a1111.SET\STYLE\FAVORITE03.STY",".sty","1514492","76852DCD9D3551B82C22698D98ECD3A7F92A23ED4AB14D4ED08BFDD11ED55051","STYLE","STYLE_METADATA_CANDIDATE","V1719_STYLE_METADATA_READER","Style metadata candidate.","70","False","False","True","NO_BINARY_OUTPUT_METADATA_ONLY"
"FAVORITE04.STY","E:\UAOS_OPEN_LIBRARY_SOURCE\pa3x\a1111.SET\a1111.SET\STYLE\FAVORITE04.STY",".sty","1643241","F843B22EA7BF2CE0338DA9B736A566A480F882D0CD0B51419D537C28EBCBDD6C","STYLE","STYLE_METADATA_CANDIDATE","V1719_STYLE_METADATA_READER","Style metadata candidate.","70","False","False","True","NO_BINARY_OUTPUT_METADATA_ONLY"
"FAVORITE04.STY","E:\UAOS_OPEN_LIBRARY_SOURCE\pa3x\‏‏RoTaNa(1) pa3x.SET - نسخة\tareq pa3x.SET\STYLE\FAVORITE04.STY",".sty","154693","1A9D58E9D0C3C9A3B2E7A9209EE039BB2F71CB2AA1A4466ABCE876AB9DF0475A","STYLE","STYLE_METADATA_CANDIDATE","V1719_STYLE_METADATA_READER","Style metadata candidate.","70","False","False","True","NO_BINARY_OUTPUT_METADATA_ONLY"
"FAVORITE04.STY","E:\UAOS_OPEN_LIBRARY_SOURCE\pa3x\rahm pa3x.SET\rahm pa3x.SET\STYLE\FAVORITE04.STY",".sty","117901","EB49B87081ECEA4CBB428EE14D511F6791BDFB2553567F40EEB31845A23EBFFF","STYLE","STYLE_METADATA_CANDIDATE","V1719_STYLE_METADATA_READER","Style metadata candidate.","70","False","False","True","NO_BINARY_OUTPUT_METADATA_ONLY"
"FAVORITE04.STY","E:\UAOS_OPEN_LIBRARY_SOURCE\pa3x\ROTANA. 2022.SET\ROTANA. 2022.SET\STYLE\FAVORITE04.STY",".sty","525704","04F8522849EB72329606092345DBA2889169139F58CDF263448198E8A384836B","STYLE","STYLE_METADATA_CANDIDATE","V1719_STYLE_METADATA_READER","Style metadata candidate.","70","False","False","True","NO_BINARY_OUTPUT_METADATA_ONLY"
"FAVORITE04.STY","E:\UAOS_OPEN_LIBRARY_SOURCE\pa3x\ABOUD NEXT-MG.SET\ABOUD NEXT-MG.SET\STYLE\FAVORITE04.STY",".sty","183770","9030C7C02A75256F595E17D4AB3CCF24FE7657EC03D1928434FE8D238A8E864E","STYLE","STYLE_METADATA_CANDIDATE","V1719_STYLE_METADATA_READER","Style metadata candidate.","70","False","False","True","NO_BINARY_OUTPUT_METADATA_ONLY"
"FAVORITE04.STY","E:\UAOS_OPEN_LIBRARY_SOURCE\pa3x\omar44.SET\omar44.SET\STYLE\FAVORITE04.STY",".sty","55073","60E2B8F26375E21FE7106783C3FE16076C1417D0A863378136D49F51C6E3D1D3","STYLE","STYLE_METADATA_CANDIDATE","V1719_STYLE_METADATA_READER","Style metadata candidate.","70","False","False","True","NO_BINARY_OUTPUT_METADATA_ONLY"
"FAVORITE04.STY","E:\UAOS_OPEN_LIBRARY_SOURCE\pa3x\RoTaNa(1) pa3x.SET\tareq pa3x.SET\STYLE\FAVORITE04.STY",".sty","154693","1A9D58E9D0C3C9A3B2E7A9209EE039BB2F71CB2AA1A4466ABCE876AB9DF0475A","STYLE","STYLE_METADATA_CANDIDATE","V1719_STYLE_METADATA_READER","Style metadata candidate.","70","False","False","True","NO_BINARY_OUTPUT_METADATA_ONLY"
"FAVORITE04.STY","E:\UAOS_OPEN_LIBRARY_SOURCE\pa3x\3xxxxx.SET\3xxxxx.SET\STYLE\FAVORITE04.STY",".sty","1371390","C7820293B5720781AD133BD637370C5642E043C1906AD4A0471DF39E7E4150B0","STYLE","STYLE_METADATA_CANDIDATE","V1719_STYLE_METADATA_READER","Style metadata candidate.","70","False","False","True","NO_BINARY_OUTPUT_METADATA_ONLY"
"FAVORITE04.STY","E:\UAOS_OPEN_LIBRARY_SOURCE\pa3x\SUPER4X.3X ASLY2018.SET\SUPER4X.3X ASLY2018.SET\STYLE\FAVORITE04.STY",".sty","174217","87C199FB231C0CF2A6916D673DE33A33650B8C4D9D037BD2E305D585912DF00B","STYLE","STYLE_METADATA_CANDIDATE","V1719_STYLE_METADATA_READER","Style metadata candidate.","70","False","False","True","NO_BINARY_OUTPUT_METADATA_ONLY"
"FAVORITE05.STY","E:\UAOS_OPEN_LIBRARY_SOURCE\pa3x\a1111.SET\a1111.SET\STYLE\FAVORITE05.STY",".sty","1512792","D9B38551DF5CEA048B0668578EDDF9BFE1D3C42BE64D65500696E068745B3F40","STYLE","STYLE_METADATA_CANDIDATE","V1719_STYLE_METADATA_READER","Style metadata candidate.","70","False","False","True","NO_BINARY_OUTPUT_METADATA_ONLY"
"FAVORITE05.STY","E:\UAOS_OPEN_LIBRARY_SOURCE\pa3x\rahm pa3x.SET\rahm pa3x.SET\STYLE\FAVORITE05.STY",".sty","1398575","F4234DDB99A89260EF59A7710E5E1FD11064F3EB6E7903F07B62D841BE33F114","STYLE","STYLE_METADATA_CANDIDATE","V1719_STYLE_METADATA_READER","Style metadata candidate.","70","False","False","True","NO_BINARY_OUTPUT_METADATA_ONLY"
"FAVORITE05.STY","E:\UAOS_OPEN_LIBRARY_SOURCE\pa3x\omar44.SET\omar44.SET\STYLE\FAVORITE05.STY",".sty","223023","18A7C9E6DF5A2D99E2F7BACF2CC250F32B419AC8036B3DD7F9A8F4DB237B09F0","STYLE","STYLE_METADATA_CANDIDATE","V1719_STYLE_METADATA_READER","Style metadata candidate.","70","False","False","True","NO_BINARY_OUTPUT_METADATA_ONLY"
"FAVORITE05.STY","E:\UAOS_OPEN_LIBRARY_SOURCE\pa3x\ABOUD NEXT-MG.SET\ABOUD NEXT-MG.SET\STYLE\FAVORITE05.STY",".sty","113777","4EB9C48A324B4AA865C7D61DEB53BC2501D5E4849E895EB6617A0223DDD35924","STYLE","STYLE_METADATA_CANDIDATE","V1719_STYLE_METADATA_READER","Style metadata candidate.","70","False","False","True","NO_BINARY_OUTPUT_METADATA_ONLY"
"FAVORITE05.STY","E:\UAOS_OPEN_LIBRARY_SOURCE\pa3x\RoTaNa(1) pa3x.SET\tareq pa3x.SET\STYLE\FAVORITE05.STY",".sty","2669779","A5D86D0271C8234F34635EAB160790EB7D2DCE5E78BA7C7A82E2D5FC75B7AC00","STYLE","STYLE_METADATA_CANDIDATE","V1719_STYLE_METADATA_READER","Style metadata candidate.","70","False","False","True","NO_BINARY_OUTPUT_METADATA_ONLY"
"FAVORITE05.STY","E:\UAOS_OPEN_LIBRARY_SOURCE\pa3x\‏‏RoTaNa(1) pa3x.SET - نسخة\tareq pa3x.SET\STYLE\FAVORITE05.STY",".sty","2669779","A5D86D0271C8234F34635EAB160790EB7D2DCE5E78BA7C7A82E2D5FC75B7AC00","STYLE","STYLE_METADATA_CANDIDATE","V1719_STYLE_METADATA_READER","Style metadata candidate.","70","False","False","True","NO_BINARY_OUTPUT_METADATA_ONLY"
"FAVORITE05.STY","E:\UAOS_OPEN_LIBRARY_SOURCE\pa3x\3xxxxx.SET\3xxxxx.SET\STYLE\FAVORITE05.STY",".sty","835670","39FD1A89C2E08257B2ED18F80679C114D43049E47595711D0351CF9FB85C2E04","STYLE","STYLE_METADATA_CANDIDATE","V1719_STYLE_METADATA_READER","Style metadata candidate.","70","False","False","True","NO_BINARY_OUTPUT_METADATA_ONLY"
"FAVORITE05.STY","E:\UAOS_OPEN_LIBRARY_SOURCE\pa3x\SUPER4X.3X ASLY2018.SET\SUPER4X.3X ASLY2018.SET\STYLE\FAVORITE05.STY",".sty","613690","A22781FBAA39FB9A765DEB70FE467E69BEB3B7B525B3C748B3D81F24ACDE18CD","STYLE","STYLE_METADATA_CANDIDATE","V1719_STYLE_METADATA_READER","Style metadata candidate.","70","False","False","True","NO_BINARY_OUTPUT_METADATA_ONLY"
"FAVORITE05.STY","E:\UAOS_OPEN_LIBRARY_SOURCE\pa3x\ROTANA. 2022.SET\ROTANA. 2022.SET\STYLE\FAVORITE05.STY",".sty","626943","2D4D4DC07D02C092F88BADD90F8AE6FF29C392ED9538066B7ACEE5137508A6CD","STYLE","STYLE_METADATA_CANDIDATE","V1719_STYLE_METADATA_READER","Style metadata candidate.","70","False","False","True","NO_BINARY_OUTPUT_METADATA_ONLY"
"FAVORITE06.STY","E:\UAOS_OPEN_LIBRARY_SOURCE\pa3x\RoTaNa(1) pa3x.SET\tareq pa3x.SET\STYLE\FAVORITE06.STY",".sty","1620547","284682CB985AAC7E494645D4D4746139456039DDC6E147E8F811A170095FF563","STYLE","STYLE_METADATA_CANDIDATE","V1719_STYLE_METADATA_READER","Style metadata candidate.","70","False","False","True","NO_BINARY_OUTPUT_METADATA_ONLY"
"FAVORITE06.STY","E:\UAOS_OPEN_LIBRARY_SOURCE\pa3x\a1111.SET\a1111.SET\STYLE\FAVORITE06.STY",".sty","1480161","65C6B15C6FDDED5A943F7964C7B6066BD6BF94AD2BC1A8FA8E523F593688EB5B","STYLE","STYLE_METADATA_CANDIDATE","V1719_STYLE_METADATA_READER","Style metadata candidate.","70","False","False","True","NO_BINARY_OUTPUT_METADATA_ONLY"
"FAVORITE06.STY","E:\UAOS_OPEN_LIBRARY_SOURCE\pa3x\rahm pa3x.SET\rahm pa3x.SET\STYLE\FAVORITE06.STY",".sty","1830145","C9ACF42F1294FAB97365502FBE0245614703B8EAFC3F2F90D892BC85DDA45882","STYLE","STYLE_METADATA_CANDIDATE","V1719_STYLE_METADATA_READER","Style metadata candidate.","70","False","False","True","NO_BINARY_OUTPUT_METADATA_ONLY"
"FAVORITE06.STY","E:\UAOS_OPEN_LIBRARY_SOURCE\pa3x\3xxxxx.SET\3xxxxx.SET\STYLE\FAVORITE06.STY",".sty","1830145","C9ACF42F1294FAB97365502FBE0245614703B8EAFC3F2F90D892BC85DDA45882","STYLE","STYLE_METADATA_CANDIDATE","V1719_STYLE_METADATA_READER","Style metadata candidate.","70","False","False","True","NO_BINARY_OUTPUT_METADATA_ONLY"
"FAVORITE06.STY","E:\UAOS_OPEN_LIBRARY_SOURCE\pa3x\ABOUD NEXT-MG.SET\ABOUD NEXT-MG.SET\STYLE\FAVORITE06.STY",".sty","29967","219121BE8DEA52B8ED300749EC61C4D4E47AB9A91F10B02F325345ACA4152282","STYLE","STYLE_METADATA_CANDIDATE","V1719_STYLE_METADATA_READER","Style metadata candidate.","70","False","False","True","NO_BINARY_OUTPUT_METADATA_ONLY"
"FAVORITE06.STY","E:\UAOS_OPEN_LIBRARY_SOURCE\pa3x\SUPER4X.3X ASLY2018.SET\SUPER4X.3X ASLY2018.SET\STYLE\FAVORITE06.STY",".sty","674365","DCE5B94E4AC0336898875D755AC637A787C0368E8E9D024C66D965FB7229CCD2","STYLE","STYLE_METADATA_CANDIDATE","V1719_STYLE_METADATA_READER","Style metadata candidate.","70","False","False","True","NO_BINARY_OUTPUT_METADATA_ONLY"
"FAVORITE06.STY","E:\UAOS_OPEN_LIBRARY_SOURCE\pa3x\omar44.SET\omar44.SET\STYLE\FAVORITE06.STY",".sty","33656","07F9C6CD3779D51A42F5F84D567ECB11581F3D0D71366F5D41458BC34AE6C2E3","STYLE","STYLE_METADATA_CANDIDATE","V1719_STYLE_METADATA_READER","Style metadata candidate.","70","False","False","True","NO_BINARY_OUTPUT_METADATA_ONLY"
"FAVORITE06.STY","E:\UAOS_OPEN_LIBRARY_SOURCE\pa3x\‏‏RoTaNa(1) pa3x.SET - نسخة\tareq pa3x.SET\STYLE\FAVORITE06.STY",".sty","1620547","284682CB985AAC7E494645D4D4746139456039DDC6E147E8F811A170095FF563","STYLE","STYLE_METADATA_CANDIDATE","V1719_STYLE_METADATA_READER","Style metadata candidate.","70","False","False","True","NO_BINARY_OUTPUT_METADATA_ONLY"
"FAVORITE06.STY","E:\UAOS_OPEN_LIBRARY_SOURCE\pa3x\ROTANA. 2022.SET\ROTANA. 2022.SET\STYLE\FAVORITE06.STY",".sty","621890","CC222AF2B9AAF0AFCCB0D8DF36C4CD79DDC814291ACB6011BCB6D7AF5CDE77BB","STYLE","STYLE_METADATA_CANDIDATE","V1719_STYLE_METADATA_READER","Style metadata candidate.","70","False","False","True","NO_BINARY_OUTPUT_METADATA_ONLY"
"FAVORITE07.STY","E:\UAOS_OPEN_LIBRARY_SOURCE\pa3x\RoTaNa(1) pa3x.SET\tareq pa3x.SET\STYLE\FAVORITE07.STY",".sty","2669779","804E31756DE3A8D5A970BACD776C73789B0E0C300E2122292BA3C1A14DBC8863","STYLE","STYLE_METADATA_CANDIDATE","V1719_STYLE_METADATA_READER","Style metadata candidate.","70","False","False","True","NO_BINARY_OUTPUT_METADATA_ONLY"
"FAVORITE07.STY","E:\UAOS_OPEN_LIBRARY_SOURCE\pa3x\SUPER4X.3X ASLY2018.SET\SUPER4X.3X ASLY2018.SET\STYLE\FAVORITE07.STY",".sty","335846","143046E2842394FF4F7828EEA6A250F6BE32C43442775C73D379E68AA20DEC93","STYLE","STYLE_METADATA_CANDIDATE","V1719_STYLE_METADATA_READER","Style metadata candidate.","70","False","False","True","NO_BINARY_OUTPUT_METADATA_ONLY"
"FAVORITE07.STY","E:\UAOS_OPEN_LIBRARY_SOURCE\pa3x\ABOUD NEXT-MG.SET\ABOUD NEXT-MG.SET\STYLE\FAVORITE07.STY",".sty","15656","3495341A06BD66E144A1B8B59BCDD0B817368F408ACCA31EC5619878290AFFC6","STYLE","STYLE_METADATA_CANDIDATE","V1719_STYLE_METADATA_READER","Style metadata candidate.","70","False","False","True","NO_BINARY_OUTPUT_METADATA_ONLY"
"FAVORITE07.STY","E:\UAOS_OPEN_LIBRARY_SOURCE\pa3x\rahm pa3x.SET\rahm pa3x.SET\STYLE\FAVORITE07.STY",".sty","998259","AB50FCDF23A715C575C3522D4C1E919331E7BFFD92AB94A91BB586B244CA2555","STYLE","STYLE_METADATA_CANDIDATE","V1719_STYLE_METADATA_READER","Style metadata candidate.","70","False","False","True","NO_BINARY_OUTPUT_METADATA_ONLY"
"FAVORITE07.STY","E:\UAOS_OPEN_LIBRARY_SOURCE\pa3x\ROTANA. 2022.SET\ROTANA. 2022.SET\STYLE\FAVORITE07.STY",".sty","426527","2B663DA4532501BACD3CA0ACC573FF3D57813633D1913BB8AACEACA4C5CD9E41","STYLE","STYLE_METADATA_CANDIDATE","V1719_STYLE_METADATA_READER","Style metadata candidate.","70","False","False","True","NO_BINARY_OUTPUT_METADATA_ONLY"
"FAVORITE07.STY","E:\UAOS_OPEN_LIBRARY_SOURCE\pa3x\3xxxxx.SET\3xxxxx.SET\STYLE\FAVORITE07.STY",".sty","971786","A54E9554C5C58F0CB2A7999241BE02A9D1E5775A82D097DC44FC48F8A939689E","STYLE","STYLE_METADATA_CANDIDATE","V1719_STYLE_METADATA_READER","Style metadata candidate.","70","False","False","True","NO_BINARY_OUTPUT_METADATA_ONLY"
"FAVORITE07.STY","E:\UAOS_OPEN_LIBRARY_SOURCE\pa3x\omar44.SET\omar44.SET\STYLE\FAVORITE07.STY",".sty","270807","64E23AABCFEEF19BE1AE1FC47616A96E5032EFBD0A06951193BEFEB6C132AAD8","STYLE","STYLE_METADATA_CANDIDATE","V1719_STYLE_METADATA_READER","Style metadata candidate.","70","False","False","True","NO_BINARY_OUTPUT_METADATA_ONLY"
"FAVORITE07.STY","E:\UAOS_OPEN_LIBRARY_SOURCE\pa3x\a1111.SET\a1111.SET\STYLE\FAVORITE07.STY",".sty","1720007","2EA4422AC709820CBA02B4EFA4AC555617359A4CA48262EC94112F966CA3E8A1","STYLE","STYLE_METADATA_CANDIDATE","V1719_STYLE_METADATA_READER","Style metadata candidate.","70","False","False","True","NO_BINARY_OUTPUT_METADATA_ONLY"
"FAVORITE07.STY","E:\UAOS_OPEN_LIBRARY_SOURCE\pa3x\‏‏RoTaNa(1) pa3x.SET - نسخة\tareq pa3x.SET\STYLE\FAVORITE07.STY",".sty","2669779","804E31756DE3A8D5A970BACD776C73789B0E0C300E2122292BA3C1A14DBC8863","STYLE","STYLE_METADATA_CANDIDATE","V1719_STYLE_METADATA_READER","Style metadata candidate.","70","False","False","True","NO_BINARY_OUTPUT_METADATA_ONLY"
"FAVORITE08.STY","E:\UAOS_OPEN_LIBRARY_SOURCE\pa3x\omar44.SET\omar44.SET\STYLE\FAVORITE08.STY",".sty","142434","6C8794D2CA364E124B79D88D9167152FE0BD5C3261FEAC2BC660B54500ACE4B2","STYLE","STYLE_METADATA_CANDIDATE","V1719_STYLE_METADATA_READER","Style metadata candidate.","70","False","False","True","NO_BINARY_OUTPUT_METADATA_ONLY"
"FAVORITE08.STY","E:\UAOS_OPEN_LIBRARY_SOURCE\pa3x\ROTANA. 2022.SET\ROTANA. 2022.SET\STYLE\FAVORITE08.STY",".sty","161719","09B594658B99BDB1BA7EFFC6B2D1C586B79A06315BFEB05B40D1F102458093D2","STYLE","STYLE_METADATA_CANDIDATE","V1719_STYLE_METADATA_READER","Style metadata candidate.","70","False","False","True","NO_BINARY_OUTPUT_METADATA_ONLY"
"FAVORITE08.STY","E:\UAOS_OPEN_LIBRARY_SOURCE\pa3x\rahm pa3x.SET\rahm pa3x.SET\STYLE\FAVORITE08.STY",".sty","35363","4609C8DF222DAAEA1D2D6B9CA72AEA26D3B3EE242CA7709F1324C7FF03E3F544","STYLE","STYLE_METADATA_CANDIDATE","V1719_STYLE_METADATA_READER","Style metadata candidate.","70","False","False","True","NO_BINARY_OUTPUT_METADATA_ONLY"
"FAVORITE08.STY","E:\UAOS_OPEN_LIBRARY_SOURCE\pa3x\a1111.SET\a1111.SET\STYLE\FAVORITE08.STY",".sty","1613820","6F983D662D724FFAD8572774574E199FB2BDABDB5C2388F8105890C5F0BEAAE6","STYLE","STYLE_METADATA_CANDIDATE","V1719_STYLE_METADATA_READER","Style metadata candidate.","70","False","False","True","NO_BINARY_OUTPUT_METADATA_ONLY"
"FAVORITE08.STY","E:\UAOS_OPEN_LIBRARY_SOURCE\pa3x\3xxxxx.SET\3xxxxx.SET\STYLE\FAVORITE08.STY",".sty","2010363","45BCB73EABACDF9BF304C045E406E5A7FCB89AC52E4B09C0E1A12DB9CD8A8416","STYLE","STYLE_METADATA_CANDIDATE","V1719_STYLE_METADATA_READER","Style metadata candidate.","70","False","False","True","NO_BINARY_OUTPUT_METADATA_ONLY"
"FAVORITE08.STY","E:\UAOS_OPEN_LIBRARY_SOURCE\pa3x\‏‏RoTaNa(1) pa3x.SET - نسخة\tareq pa3x.SET\STYLE\FAVORITE08.STY",".sty","1997824","71BA3EFD7D0467466D322E09D311CBAD392A4BEF3656D76CB1020C507BEA6422","STYLE","STYLE_METADATA_CANDIDATE","V1719_STYLE_METADATA_READER","Style metadata candidate.","70","False","False","True","NO_BINARY_OUTPUT_METADATA_ONLY"
"FAVORITE08.STY","E:\UAOS_OPEN_LIBRARY_SOURCE\pa3x\ABOUD NEXT-MG.SET\ABOUD NEXT-MG.SET\STYLE\FAVORITE08.STY",".sty","314488","6EDD8A6DAA31F368B5D796DD533F8D1B17DE583E62CF596474EB8EA7CB76C4F3","STYLE","STYLE_METADATA_CANDIDATE","V1719_STYLE_METADATA_READER","Style metadata candidate.","70","False","False","True","NO_BINARY_OUTPUT_METADATA_ONLY"
"FAVORITE08.STY","E:\UAOS_OPEN_LIBRARY_SOURCE\pa3x\SUPER4X.3X ASLY2018.SET\SUPER4X.3X ASLY2018.SET\STYLE\FAVORITE08.STY",".sty","176913","20E3D9F49A1606FEC82CEBAA1B1F8DDCDC44889F725DA901766D1369407C31AA","STYLE","STYLE_METADATA_CANDIDATE","V1719_STYLE_METADATA_READER","Style metadata candidate.","70","False","False","True","NO_BINARY_OUTPUT_METADATA_ONLY"
"FAVORITE08.STY","E:\UAOS_OPEN_LIBRARY_SOURCE\pa3x\RoTaNa(1) pa3x.SET\tareq pa3x.SET\STYLE\FAVORITE08.STY",".sty","1997824","71BA3EFD7D0467466D322E09D311CBAD392A4BEF3656D76CB1020C507BEA6422","STYLE","STYLE_METADATA_CANDIDATE","V1719_STYLE_METADATA_READER","Style metadata candidate.","70","False","False","True","NO_BINARY_OUTPUT_METADATA_ONLY"
"FAVORITE09.STY","E:\UAOS_OPEN_LIBRARY_SOURCE\pa3x\3xxxxx.SET\3xxxxx.SET\STYLE\FAVORITE09.STY",".sty","952251","7F5BF67AF238DADF2056EEBE4AA3A5DBDD98E76CEDFABD62F7C008281D78A94E","STYLE","STYLE_METADATA_CANDIDATE","V1719_STYLE_METADATA_READER","Style metadata candidate.","70","False","False","True","NO_BINARY_OUTPUT_METADATA_ONLY"
"FAVORITE09.STY","E:\UAOS_OPEN_LIBRARY_SOURCE\pa3x\ABOUD NEXT-MG.SET\ABOUD NEXT-MG.SET\STYLE\FAVORITE09.STY",".sty","405954","28569D058872CD5EF38F17E55A06C29348F016D7568DA15BC981B999165486D9","STYLE","STYLE_METADATA_CANDIDATE","V1719_STYLE_METADATA_READER","Style metadata candidate.","70","False","False","True","NO_BINARY_OUTPUT_METADATA_ONLY"
"FAVORITE09.STY","E:\UAOS_OPEN_LIBRARY_SOURCE\pa3x\a1111.SET\a1111.SET\STYLE\FAVORITE09.STY",".sty","958577","DDC66CBBC5953588ED5D1A03681FB98409D1D7D474F63F13261E900ADDE7CE6B","STYLE","STYLE_METADATA_CANDIDATE","V1719_STYLE_METADATA_READER","Style metadata candidate.","70","False","False","True","NO_BINARY_OUTPUT_METADATA_ONLY"
"FAVORITE09.STY","E:\UAOS_OPEN_LIBRARY_SOURCE\pa3x\SUPER4X.3X ASLY2018.SET\SUPER4X.3X ASLY2018.SET\STYLE\FAVORITE09.STY",".sty","951021","522F63C0D3E7703390D7FE5044D4872C7C477AA9502203DBA2B5E47714926FB7","STYLE","STYLE_METADATA_CANDIDATE","V1719_STYLE_METADATA_READER","Style metadata candidate.","70","False","False","True","NO_BINARY_OUTPUT_METADATA_ONLY"
"FAVORITE09.STY","E:\UAOS_OPEN_LIBRARY_SOURCE\pa3x\ROTANA. 2022.SET\ROTANA. 2022.SET\STYLE\FAVORITE09.STY",".sty","55321","6F01BEFC3261B262DF1F50A39CF264DA864AAC090D046957D5456073789F6F14","STYLE","STYLE_METADATA_CANDIDATE","V1719_STYLE_METADATA_READER","Style metadata candidate.","70","False","False","True","NO_BINARY_OUTPUT_METADATA_ONLY"
"FAVORITE09.STY","E:\UAOS_OPEN_LIBRARY_SOURCE\pa3x\‏‏RoTaNa(1) pa3x.SET - نسخة\tareq pa3x.SET\STYLE\FAVORITE09.STY",".sty","1309700","D946FE379864880C3A0CA348B67F2F676C1EF3E36D51CE5C3A99E234366B4C8D","STYLE","STYLE_METADATA_CANDIDATE","V1719_STYLE_METADATA_READER","Style metadata candidate.","70","False","False","True","NO_BINARY_OUTPUT_METADATA_ONLY"
"FAVORITE09.STY","E:\UAOS_OPEN_LIBRARY_SOURCE\pa3x\rahm pa3x.SET\rahm pa3x.SET\STYLE\FAVORITE09.STY",".sty","1262237","F1BB397E95D69171E61920AEABB8AFD9D8BC64450125AB32120A735809BE0154","STYLE","STYLE_METADATA_CANDIDATE","V1719_STYLE_METADATA_READER","Style metadata candidate.","70","False","False","True","NO_BINARY_OUTPUT_METADATA_ONLY"
"FAVORITE09.STY","E:\UAOS_OPEN_LIBRARY_SOURCE\pa3x\RoTaNa(1) pa3x.SET\tareq pa3x.SET\STYLE\FAVORITE09.STY",".sty","1309700","D946FE379864880C3A0CA348B67F2F676C1EF3E36D51CE5C3A99E234366B4C8D","STYLE","STYLE_METADATA_CANDIDATE","V1719_STYLE_METADATA_READER","Style metadata candidate.","70","False","False","True","NO_BINARY_OUTPUT_METADATA_ONLY"
"FAVORITE09.STY","E:\UAOS_OPEN_LIBRARY_SOURCE\pa3x\omar44.SET\omar44.SET\STYLE\FAVORITE09.STY",".sty","411860","5E2C475D5AF62543EF91F9FDCB38A41A218CD5DE33D77017D2073E9FC23C63C6","STYLE","STYLE_METADATA_CANDIDATE","V1719_STYLE_METADATA_READER","Style metadata candidate.","70","False","False","True","NO_BINARY_OUTPUT_METADATA_ONLY"
"FAVORITE10.STY","E:\UAOS_OPEN_LIBRARY_SOURCE\pa3x\RoTaNa(1) pa3x.SET\tareq pa3x.SET\STYLE\FAVORITE10.STY",".sty","1582136","2F56104C2900175D019AAAD78209E57235B62DBE0E845E5A5E4EDF47A05912ED","STYLE","STYLE_METADATA_CANDIDATE","V1719_STYLE_METADATA_READER","Style metadata candidate.","70","False","False","True","NO_BINARY_OUTPUT_METADATA_ONLY"
"FAVORITE10.STY","E:\UAOS_OPEN_LIBRARY_SOURCE\pa3x\3xxxxx.SET\3xxxxx.SET\STYLE\FAVORITE10.STY",".sty","1582136","2F56104C2900175D019AAAD78209E57235B62DBE0E845E5A5E4EDF47A05912ED","STYLE","STYLE_METADATA_CANDIDATE","V1719_STYLE_METADATA_READER","Style metadata candidate.","70","False","False","True","NO_BINARY_OUTPUT_METADATA_ONLY"
"FAVORITE10.STY","E:\UAOS_OPEN_LIBRARY_SOURCE\pa3x\a1111.SET\a1111.SET\STYLE\FAVORITE10.STY",".sty","779479","36201DA97A25EA3E4E3D784C0612085B326DB7D7412615DAEA0BDD92868AEB5F","STYLE","STYLE_METADATA_CANDIDATE","V1719_STYLE_METADATA_READER","Style metadata candidate.","70","False","False","True","NO_BINARY_OUTPUT_METADATA_ONLY"
"FAVORITE10.STY","E:\UAOS_OPEN_LIBRARY_SOURCE\pa3x\omar44.SET\omar44.SET\STYLE\FAVORITE10.STY",".sty","56028","29559A7041B7156DC65F46994ED024439AF16AD4C14665E7AF0B92FDB36EB299","STYLE","STYLE_METADATA_CANDIDATE","V1719_STYLE_METADATA_READER","Style metadata candidate.","70","False","False","True","NO_BINARY_OUTPUT_METADATA_ONLY"
"FAVORITE10.STY","E:\UAOS_OPEN_LIBRARY_SOURCE\pa3x\ABOUD NEXT-MG.SET\ABOUD NEXT-MG.SET\STYLE\FAVORITE10.STY",".sty","372626","CA4C89652D2A8CAD3EE88C90CB2F8A07252DC449FEA145112803877DE0CCA469","STYLE","STYLE_METADATA_CANDIDATE","V1719_STYLE_METADATA_READER","Style metadata candidate.","70","False","False","True","NO_BINARY_OUTPUT_METADATA_ONLY"
"FAVORITE10.STY","E:\UAOS_OPEN_LIBRARY_SOURCE\pa3x\‏‏RoTaNa(1) pa3x.SET - نسخة\tareq pa3x.SET\STYLE\FAVORITE10.STY",".sty","1582136","2F56104C2900175D019AAAD78209E57235B62DBE0E845E5A5E4EDF47A05912ED","STYLE","STYLE_METADATA_CANDIDATE","V1719_STYLE_METADATA_READER","Style metadata candidate.","70","False","False","True","NO_BINARY_OUTPUT_METADATA_ONLY"
"FAVORITE10.STY","E:\UAOS_OPEN_LIBRARY_SOURCE\pa3x\ROTANA. 2022.SET\ROTANA. 2022.SET\STYLE\FAVORITE10.STY",".sty","326475","C59EB1EC2492B99167EFF84C3CAAA2E68F44AD9863CB4EBC4D8EE25840627C19","STYLE","STYLE_METADATA_CANDIDATE","V1719_STYLE_METADATA_READER","Style metadata candidate.","70","False","False","True","NO_BINARY_OUTPUT_METADATA_ONLY"
"FAVORITE10.STY","E:\UAOS_OPEN_LIBRARY_SOURCE\pa3x\SUPER4X.3X ASLY2018.SET\SUPER4X.3X ASLY2018.SET\STYLE\FAVORITE10.STY",".sty","336421","369AFB55B68537A315DF5F623E8AAD73732FD595DF1A5E02A2B585E393E74E07","STYLE","STYLE_METADATA_CANDIDATE","V1719_STYLE_METADATA_READER","Style metadata candidate.","70","False","False","True","NO_BINARY_OUTPUT_METADATA_ONLY"
"FAVORITE10.STY","E:\UAOS_OPEN_LIBRARY_SOURCE\pa3x\rahm pa3x.SET\rahm pa3x.SET\STYLE\FAVORITE10.STY",".sty","88346","940DDA634E73CFD4978C11483577606509691D36B43B61EED84F11B2EA8D35A2","STYLE","STYLE_METADATA_CANDIDATE","V1719_STYLE_METADATA_READER","Style metadata candidate.","70","False","False","True","NO_BINARY_OUTPUT_METADATA_ONLY"
"FAVORITE11.STY","E:\UAOS_OPEN_LIBRARY_SOURCE\pa3x\‏‏RoTaNa(1) pa3x.SET - نسخة\tareq pa3x.SET\STYLE\FAVORITE11.STY",".sty","721492","CD39538923D130836BDD778D3AED1B780A662E669A7BCF38C019E9DA5F971D9A","STYLE","STYLE_METADATA_CANDIDATE","V1719_STYLE_METADATA_READER","Style metadata candidate.","70","False","False","True","NO_BINARY_OUTPUT_METADATA_ONLY"
"FAVORITE11.STY","E:\UAOS_OPEN_LIBRARY_SOURCE\pa3x\RoTaNa(1) pa3x.SET\tareq pa3x.SET\STYLE\FAVORITE11.STY",".sty","721492","CD39538923D130836BDD778D3AED1B780A662E669A7BCF38C019E9DA5F971D9A","STYLE","STYLE_METADATA_CANDIDATE","V1719_STYLE_METADATA_READER","Style metadata candidate.","70","False","False","True","NO_BINARY_OUTPUT_METADATA_ONLY"
"FAVORITE11.STY","E:\UAOS_OPEN_LIBRARY_SOURCE\pa3x\3xxxxx.SET\3xxxxx.SET\STYLE\FAVORITE11.STY",".sty","712912","D3E76B17D3C829801D28D6BB45AD8B9EEDCB0814BABD2262DE2569A35DBC7909","STYLE","STYLE_METADATA_CANDIDATE","V1719_STYLE_METADATA_READER","Style metadata candidate.","70","False","False","True","NO_BINARY_OUTPUT_METADATA_ONLY"
"FAVORITE11.STY","E:\UAOS_OPEN_LIBRARY_SOURCE\pa3x\rahm pa3x.SET\rahm pa3x.SET\STYLE\FAVORITE11.STY",".sty","796995","CD5FCAC0C63064961AB647933D1ED16274C7CB3EA520DCAFFFF40EBF53800679","STYLE","STYLE_METADATA_CANDIDATE","V1719_STYLE_METADATA_READER","Style metadata candidate.","70","False","False","True","NO_BINARY_OUTPUT_METADATA_ONLY"
"FAVORITE11.STY","E:\UAOS_OPEN_LIBRARY_SOURCE\pa3x\SUPER4X.3X ASLY2018.SET\SUPER4X.3X ASLY2018.SET\STYLE\FAVORITE11.STY",".sty","326627","2A5D5BD58158768DD312F80565F06A4587838B491FD41E309747300B70BC1638","STYLE","STYLE_METADATA_CANDIDATE","V1719_STYLE_METADATA_READER","Style metadata candidate.","70","False","False","True","NO_BINARY_OUTPUT_METADATA_ONLY"
"FAVORITE12.STY","E:\UAOS_OPEN_LIBRARY_SOURCE\pa3x\rahm pa3x.SET\rahm pa3x.SET\STYLE\FAVORITE12.STY",".sty","569741","299C53A727AAC5D9CF16230128BFAFB73FEC1AF8DF2FAA3E2D7E67B7410217DD","STYLE","STYLE_METADATA_CANDIDATE","V1719_STYLE_METADATA_READER","Style metadata candidate.","70","False","False","True","NO_BINARY_OUTPUT_METADATA_ONLY"
"FAVORITE12.STY","E:\UAOS_OPEN_LIBRARY_SOURCE\pa3x\3xxxxx.SET\3xxxxx.SET\STYLE\FAVORITE12.STY",".sty","740646","7A228E829B91B57646CFC855ACA9B1111EAFCAFEB70598547136B7EF3A1A34CC","STYLE","STYLE_METADATA_CANDIDATE","V1719_STYLE_METADATA_READER","Style metadata candidate.","70","False","False","True","NO_BINARY_OUTPUT_METADATA_ONLY"
"FAVORITE12.STY","E:\UAOS_OPEN_LIBRARY_SOURCE\pa3x\‏‏RoTaNa(1) pa3x.SET - نسخة\tareq pa3x.SET\STYLE\FAVORITE12.STY",".sty","569741","299C53A727AAC5D9CF16230128BFAFB73FEC1AF8DF2FAA3E2D7E67B7410217DD","STYLE","STYLE_METADATA_CANDIDATE","V1719_STYLE_METADATA_READER","Style metadata candidate.","70","False","False","True","NO_BINARY_OUTPUT_METADATA_ONLY"
"FAVORITE12.STY","E:\UAOS_OPEN_LIBRARY_SOURCE\pa3x\RoTaNa(1) pa3x.SET\tareq pa3x.SET\STYLE\FAVORITE12.STY",".sty","569741","299C53A727AAC5D9CF16230128BFAFB73FEC1AF8DF2FAA3E2D7E67B7410217DD","STYLE","STYLE_METADATA_CANDIDATE","V1719_STYLE_METADATA_READER","Style metadata candidate.","70","False","False","True","NO_BINARY_OUTPUT_METADATA_ONLY"
"FAVORITE12.STY","E:\UAOS_OPEN_LIBRARY_SOURCE\pa3x\SUPER4X.3X ASLY2018.SET\SUPER4X.3X ASLY2018.SET\STYLE\FAVORITE12.STY",".sty","11817","70CF40D68D786D8E9718E822A39FD0540AEB04B6B2CFDDC6B74E65FDE85FB5F7","STYLE","STYLE_METADATA_CANDIDATE","V1719_STYLE_METADATA_READER","Style metadata candidate.","70","False","False","True","NO_BINARY_OUTPUT_METADATA_ONLY"
"USER01.STY","E:\UAOS_OPEN_LIBRARY_SOURCE\pa3x\SUPER4X.3X ASLY2018.SET\SUPER4X.3X ASLY2018.SET\STYLE\USER01.STY",".sty","11817","4EC007E522B82BED092818F213712935B29F48FE27248B15E067434018712789","STYLE","STYLE_METADATA_CANDIDATE","V1719_STYLE_METADATA_READER","Style metadata candidate.","70","False","False","True","NO_BINARY_OUTPUT_METADATA_ONLY"
"USER01.STY","E:\UAOS_OPEN_LIBRARY_SOURCE\pa3x\rahm pa3x.SET\rahm pa3x.SET\STYLE\USER01.STY",".sty","20247","C3D44DD3AD7B49D36006D6173F91DC2EF5D772CD0277171D059739588D8FD93E","STYLE","STYLE_METADATA_CANDIDATE","V1719_STYLE_METADATA_READER","Style metadata candidate.","70","False","False","True","NO_BINARY_OUTPUT_METADATA_ONLY"
"USER01.STY","E:\UAOS_OPEN_LIBRARY_SOURCE\pa3x\ROTANA. 2022.SET\ROTANA. 2022.SET\STYLE\USER01.STY",".sty","325162","5222A7CCBAC2CAC3609B7EA01687C0F354DBCEE93BD6A8DD350950EE9BA788AE","STYLE","STYLE_METADATA_CANDIDATE","V1719_STYLE_METADATA_READER","Style metadata candidate.","70","False","False","True","NO_BINARY_OUTPUT_METADATA_ONLY"
"USER01.STY","E:\UAOS_OPEN_LIBRARY_SOURCE\pa3x\LIVE CHARKI 3 2.SET\LIVE CHARKI 3 2.SET\STYLE\USER01.STY",".sty","980194","F82EA386F7EA8B2E4613DAD5A8D63B9B3EC0FA6A9B51724B06198658A3A4A185","STYLE","STYLE_METADATA_CANDIDATE","V1719_STYLE_METADATA_READER","Style metadata candidate.","70","False","False","True","NO_BINARY_OUTPUT_METADATA_ONLY"
"USER01.STY","E:\UAOS_OPEN_LIBRARY_SOURCE\pa3x\3xxxxx.SET\3xxxxx.SET\STYLE\USER01.STY",".sty","492410","2CAA35A9345CD5C9ADD3B64F924923E5BC786AFD102ADD83E6331E6040C565F9","STYLE","STYLE_METADATA_CANDIDATE","V1719_STYLE_METADATA_READER","Style metadata candidate.","70","False","False","True","NO_BINARY_OUTPUT_METADATA_ONLY"
"USER01.STY","E:\UAOS_OPEN_LIBRARY_SOURCE\pa3x\‏‏RoTaNa(1) pa3x.SET - نسخة\tareq pa3x.SET\STYLE\USER01.STY",".sty","656960","C6D51D4B3982D60B2AB572B2779854A781E77D8F64311B03D26246E2AE7B0FF9","STYLE","STYLE_METADATA_CANDIDATE","V1719_STYLE_METADATA_READER","Style metadata candidate.","70","False","False","True","NO_BINARY_OUTPUT_METADATA_ONLY"
"USER01.STY","E:\UAOS_OPEN_LIBRARY_SOURCE\pa3x\2020 pa1000 pa4x.SET\2020 pa1000 pa4x.SET\STYLE\USER01.STY",".sty","160942","F48EA8507DC6BBE2EAD975809BCF1BA4FC386AA130EF453CB6BAA4673C4C508B","STYLE","STYLE_METADATA_CANDIDATE","V1719_STYLE_METADATA_READER","Style metadata candidate.","70","False","False","True","NO_BINARY_OUTPUT_METADATA_ONLY"
"USER01.STY","E:\UAOS_OPEN_LIBRARY_SOURCE\pa3x\omar44.SET\omar44.SET\STYLE\USER01.STY",".sty","292124","CDD954B6D1E97FAAA964D61A4B363DAA094D5F99F6612C59375F61BA0185ECC0","STYLE","STYLE_METADATA_CANDIDATE","V1719_STYLE_METADATA_READER","Style metadata candidate.","70","False","False","True","NO_BINARY_OUTPUT_METADATA_ONLY"
"USER01.STY","E:\UAOS_OPEN_LIBRARY_SOURCE\pa3x\RoTaNa(1) pa3x.SET\tareq pa3x.SET\STYLE\USER01.STY",".sty","656960","C6D51D4B3982D60B2AB572B2779854A781E77D8F64311B03D26246E2AE7B0FF9","STYLE","STYLE_METADATA_CANDIDATE","V1719_STYLE_METADATA_READER","Style metadata candidate.","70","False","False","True","NO_BINARY_OUTPUT_METADATA_ONLY"
"USER01.STY","E:\UAOS_OPEN_LIBRARY_SOURCE\pa3x\ABOUD NEXT-MG.SET\ABOUD NEXT-MG.SET\STYLE\USER01.STY",".sty","203631","1EB56DB5CB69ADA468513ED29BE2BFE60BA0B93B24BA953193DEB5FFEE746307","STYLE","STYLE_METADATA_CANDIDATE","V1719_STYLE_METADATA_READER","Style metadata candidate.","70","False","False","True","NO_BINARY_OUTPUT_METADATA_ONLY"
"USER01.STY","E:\UAOS_OPEN_LIBRARY_SOURCE\pa3x\a1111.SET\a1111.SET\STYLE\USER01.STY",".sty","3151013","AB00CD9EE68E2690413BBF71C44DE33EFDFCE942FFDD7B2DC231C44F7C472F32","STYLE","STYLE_METADATA_CANDIDATE","V1719_STYLE_METADATA_READER","Style metadata candidate.","70","False","False","True","NO_BINARY_OUTPUT_METADATA_ONLY"
"USER02.STY","E:\UAOS_OPEN_LIBRARY_SOURCE\pa3x\3xxxxx.SET\3xxxxx.SET\STYLE\USER02.STY",".sty","49857","5C5999D6BAB631E75C1F467D94082CB5A9660A9C330098A2D6DA73F8A8596B58","STYLE","STYLE_METADATA_CANDIDATE","V1719_STYLE_METADATA_READER","Style metadata candidate.","70","False","False","True","NO_BINARY_OUTPUT_METADATA_ONLY"
"USER02.STY","E:\UAOS_OPEN_LIBRARY_SOURCE\pa3x\ROTANA. 2022.SET\ROTANA. 2022.SET\STYLE\USER02.STY",".sty","254126","296287EE34D4F7B072EEF33AA39AFA8C1C292D0C6D9BDDA8966BBABC21E13AA4","STYLE","STYLE_METADATA_CANDIDATE","V1719_STYLE_METADATA_READER","Style metadata candidate.","70","False","False","True","NO_BINARY_OUTPUT_METADATA_ONLY"
"USER02.STY","E:\UAOS_OPEN_LIBRARY_SOURCE\pa3x\omar44.SET\omar44.SET\STYLE\USER02.STY",".sty","80856","60E870FF01604FE7A372B2D24A6E7258E098F963F7C36AE00B611E4A95063B0C","STYLE","STYLE_METADATA_CANDIDATE","V1719_STYLE_METADATA_READER","Style metadata candidate.","70","False","False","True","NO_BINARY_OUTPUT_METADATA_ONLY"
"USER02.STY","E:\UAOS_OPEN_LIBRARY_SOURCE\pa3x\RoTaNa(1) pa3x.SET\tareq pa3x.SET\STYLE\USER02.STY",".sty","428425","B77C352FDCEE03CA4F652EBDCD11B20F9428985AA085BDD3E9B4001E56D1CC86","STYLE","STYLE_METADATA_CANDIDATE","V1719_STYLE_METADATA_READER","Style metadata candidate.","70","False","False","True","NO_BINARY_OUTPUT_METADATA_ONLY"
"USER02.STY","E:\UAOS_OPEN_LIBRARY_SOURCE\pa3x\a1111.SET\a1111.SET\STYLE\USER02.STY",".sty","1191123","4B989B9ABDE593A8E944ACCA6A8E5DE7C2B28FD5DB8CAC9ADD275B9F3EA23B92","STYLE","STYLE_METADATA_CANDIDATE","V1719_STYLE_METADATA_READER","Style metadata candidate.","70","False","False","True","NO_BINARY_OUTPUT_METADATA_ONLY"
"USER02.STY","E:\UAOS_OPEN_LIBRARY_SOURCE\pa3x\ABOUD NEXT-MG.SET\ABOUD NEXT-MG.SET\STYLE\USER02.STY",".sty","33732","25F0545BB180BDA09A8E86D2BD8F65519BA55E2AAF579CA4B886F5D74B0DE183","STYLE","STYLE_METADATA_CANDIDATE","V1719_STYLE_METADATA_READER","Style metadata candidate.","70","False","False","True","NO_BINARY_OUTPUT_METADATA_ONLY"
"USER02.STY","E:\UAOS_OPEN_LIBRARY_SOURCE\pa3x\rahm pa3x.SET\rahm pa3x.SET\STYLE\USER02.STY",".sty","535365","7D07BC014CEAF704880FC38DB6710DF31CAC9C1B3CFF3F62E202EF402A5E764A","STYLE","STYLE_METADATA_CANDIDATE","V1719_STYLE_METADATA_READER","Style metadata candidate.","70","False","False","True","NO_BINARY_OUTPUT_METADATA_ONLY"
"USER02.STY","E:\UAOS_OPEN_LIBRARY_SOURCE\pa3x\LIVE CHARKI 3 2.SET\LIVE CHARKI 3 2.SET\STYLE\USER02.STY",".sty","299516","4D2447ED9CA7B2EAF4188341C8834CBB86FB51AA2FE0ACFC317D6E6CCB850917","STYLE","STYLE_METADATA_CANDIDATE","V1719_STYLE_METADATA_READER","Style metadata candidate.","70","False","False","True","NO_BINARY_OUTPUT_METADATA_ONLY"
"USER02.STY","E:\UAOS_OPEN_LIBRARY_SOURCE\pa3x\SUPER4X.3X ASLY2018.SET\SUPER4X.3X ASLY2018.SET\STYLE\USER02.STY",".sty","11817","8FAE0B877685AD1A2EF027C3ADC90DD0CE47D1072CA31A2BEB99E8B086ADAFAB","STYLE","STYLE_METADATA_CANDIDATE","V1719_STYLE_METADATA_READER","Style metadata candidate.","70","False","False","True","NO_BINARY_OUTPUT_METADATA_ONLY"
"USER02.STY","E:\UAOS_OPEN_LIBRARY_SOURCE\pa3x\‏‏RoTaNa(1) pa3x.SET - نسخة\tareq pa3x.SET\STYLE\USER02.STY",".sty","428425","B77C352FDCEE03CA4F652EBDCD11B20F9428985AA085BDD3E9B4001E56D1CC86","STYLE","STYLE_METADATA_CANDIDATE","V1719_STYLE_METADATA_READER","Style metadata candidate.","70","False","False","True","NO_BINARY_OUTPUT_METADATA_ONLY"
"USER02.STY","E:\UAOS_OPEN_LIBRARY_SOURCE\pa3x\2020 pa1000 pa4x.SET\2020 pa1000 pa4x.SET\STYLE\USER02.STY",".sty","462926","CC5FAF9CF953B0BB2DFB48D1BB31214C337F680CF11F83C2E737235DC235909B","STYLE","STYLE_METADATA_CANDIDATE","V1719_STYLE_METADATA_READER","Style metadata candidate.","70","False","False","True","NO_BINARY_OUTPUT_METADATA_ONLY"
"USER03.STY","E:\UAOS_OPEN_LIBRARY_SOURCE\pa3x\ROTANA. 2022.SET\ROTANA. 2022.SET\STYLE\USER03.STY",".sty","662652","250EE46E410A7EAF510326BDD4EF610109B91F0C724F0789DCF085E218ABDB97","STYLE","STYLE_METADATA_CANDIDATE","V1719_STYLE_METADATA_READER","Style metadata candidate.","70","False","False","True","NO_BINARY_OUTPUT_METADATA_ONLY"
"USER03.STY","E:\UAOS_OPEN_LIBRARY_SOURCE\pa3x\2020 pa1000 pa4x.SET\2020 pa1000 pa4x.SET\STYLE\USER03.STY",".sty","65723","E800E15B945406F772E507CC6CDB28E048699890C4F715213ECAF853FC70CE50","STYLE","STYLE_METADATA_CANDIDATE","V1719_STYLE_METADATA_READER","Style metadata candidate.","70","False","False","True","NO_BINARY_OUTPUT_METADATA_ONLY"
"USER03.STY","E:\UAOS_OPEN_LIBRARY_SOURCE\pa3x\a1111.SET\a1111.SET\STYLE\USER03.STY",".sty","1286452","29840ADC3947F738D367349A92A96ADEC7599CE03617E6F05EAC7E3F9017EF47","STYLE","STYLE_METADATA_CANDIDATE","V1719_STYLE_METADATA_READER","Style metadata candidate.","70","False","False","True","NO_BINARY_OUTPUT_METADATA_ONLY"
"USER03.STY","E:\UAOS_OPEN_LIBRARY_SOURCE\pa3x\‏‏RoTaNa(1) pa3x.SET - نسخة\tareq pa3x.SET\STYLE\USER03.STY",".sty","502475","D734F0057E29E2E2E5DB875318B86EA17B68B7CAF2F61133EA1A8B67FB2CBA1A","STYLE","STYLE_METADATA_CANDIDATE","V1719_STYLE_METADATA_READER","Style metadata candidate.","70","False","False","True","NO_BINARY_OUTPUT_METADATA_ONLY"
"USER03.STY","E:\UAOS_OPEN_LIBRARY_SOURCE\pa3x\RoTaNa(1) pa3x.SET\tareq pa3x.SET\STYLE\USER03.STY",".sty","502475","D734F0057E29E2E2E5DB875318B86EA17B68B7CAF2F61133EA1A8B67FB2CBA1A","STYLE","STYLE_METADATA_CANDIDATE","V1719_STYLE_METADATA_READER","Style metadata candidate.","70","False","False","True","NO_BINARY_OUTPUT_METADATA_ONLY"
"USER03.STY","E:\UAOS_OPEN_LIBRARY_SOURCE\pa3x\rahm pa3x.SET\rahm pa3x.SET\STYLE\USER03.STY",".sty","518175","EF3A94C169D831AFFA5E5BFE49032F9C1EB7E4B84DF25E10D58B46AC1BE201D1","STYLE","STYLE_METADATA_CANDIDATE","V1719_STYLE_METADATA_READER","Style metadata candidate.","70","False","False","True","NO_BINARY_OUTPUT_METADATA_ONLY"
"USER03.STY","E:\UAOS_OPEN_LIBRARY_SOURCE\pa3x\3xxxxx.SET\3xxxxx.SET\STYLE\USER03.STY",".sty","518177","209B29EC2FE8E4E49F2E46EA42744AF167738794A9DDDCDA99F0CC97A54B6084","STYLE","STYLE_METADATA_CANDIDATE","V1719_STYLE_METADATA_READER","Style metadata candidate.","70","False","False","True","NO_BINARY_OUTPUT_METADATA_ONLY"
"USER03.STY","E:\UAOS_OPEN_LIBRARY_SOURCE\pa3x\ABOUD NEXT-MG.SET\ABOUD NEXT-MG.SET\STYLE\USER03.STY",".sty","106005","CD59AF5659BBC9DD29774C37D8B9BCB2E677A34257FE6F7D346FADACC11ADC17","STYLE","STYLE_METADATA_CANDIDATE","V1719_STYLE_METADATA_READER","Style metadata candidate.","70","False","False","True","NO_BINARY_OUTPUT_METADATA_ONLY"
"USER03.STY","E:\UAOS_OPEN_LIBRARY_SOURCE\pa3x\omar44.SET\omar44.SET\STYLE\USER03.STY",".sty","72466","A9A294C4845B24AAFE289074717A2838ED7534834A72E7754C6C8BF3B419718A","STYLE","STYLE_METADATA_CANDIDATE","V1719_STYLE_METADATA_READER","Style metadata candidate.","70","False","False","True","NO_BINARY_OUTPUT_METADATA_ONLY"
"USER03.STY","E:\UAOS_OPEN_LIBRARY_SOURCE\pa3x\LIVE CHARKI 3 2.SET\LIVE CHARKI 3 2.SET\STYLE\USER03.STY",".sty","393050","645BE3F21FB52FF774231691296922FDE28E640FCDB236B3A77880F53B3606F6","STYLE","STYLE_METADATA_CANDIDATE","V1719_STYLE_METADATA_READER","Style metadata candidate.","70","False","False","True","NO_BINARY_OUTPUT_METADATA_ONLY"
"USER03.STY","E:\UAOS_OPEN_LIBRARY_SOURCE\pa3x\SUPER4X.3X ASLY2018.SET\SUPER4X.3X ASLY2018.SET\STYLE\USER03.STY",".sty","11817","35B479CD5084D2AC257968FBD0C98E3BBF4191A65759370706187B3F143774C7","STYLE","STYLE_METADATA_CANDIDATE","V1719_STYLE_METADATA_READER","Style metadata candidate.","70","False","False","True","NO_BINARY_OUTPUT_METADATA_ONLY"
"USER04.STY","E:\UAOS_OPEN_LIBRARY_SOURCE\pa3x\2020 pa1000 pa4x.SET\2020 pa1000 pa4x.SET\STYLE\USER04.STY",".sty","29391","DC0D710B4F6330611589ACF7EC22B99BC75C721F0EC7F3FBE087F103487D12DF","STYLE","STYLE_METADATA_CANDIDATE","V1719_STYLE_METADATA_READER","Style metadata candidate.","70","False","False","True","NO_BINARY_OUTPUT_METADATA_ONLY"
"USER04.STY","E:\UAOS_OPEN_LIBRARY_SOURCE\pa3x\LIVE CHARKI 3 2.SET\LIVE CHARKI 3 2.SET\STYLE\USER04.STY",".sty","770172","460AC387FD51A1B7CD787D40D56AFB3D4BCD944FA8EC42FB2EC69BE344A58B21","STYLE","STYLE_METADATA_CANDIDATE","V1719_STYLE_METADATA_READER","Style metadata candidate.","70","False","False","True","NO_BINARY_OUTPUT_METADATA_ONLY"
"USER05.STY","E:\UAOS_OPEN_LIBRARY_SOURCE\pa3x\2020 pa1000 pa4x.SET\2020 pa1000 pa4x.SET\STYLE\USER05.STY",".sty","93901","7812672FC1C1B1C554FC4117670F53E384C81E4548D83FB5823D4623DBEC811C","STYLE","STYLE_METADATA_CANDIDATE","V1719_STYLE_METADATA_READER","Style metadata candidate.","70","False","False","True","NO_BINARY_OUTPUT_METADATA_ONLY"
"USER05.STY","E:\UAOS_OPEN_LIBRARY_SOURCE\pa3x\LIVE CHARKI 3 2.SET\LIVE CHARKI 3 2.SET\STYLE\USER05.STY",".sty","467609","AC1058C1791A01B9C90DB01F7617CEFBD7D68F2A985FB474E1195ADFF3BB28A4","STYLE","STYLE_METADATA_CANDIDATE","V1719_STYLE_METADATA_READER","Style metadata candidate.","70","False","False","True","NO_BINARY_OUTPUT_METADATA_ONLY"
"USER06.STY","E:\UAOS_OPEN_LIBRARY_SOURCE\pa3x\LIVE CHARKI 3 2.SET\LIVE CHARKI 3 2.SET\STYLE\USER06.STY",".sty","841237","A3D3117F3E2EFC5C1E88937AA5903D3882519EFD9141C0FDC8459DD42E65FF40","STYLE","STYLE_METADATA_CANDIDATE","V1719_STYLE_METADATA_READER","Style metadata candidate.","70","False","False","True","NO_BINARY_OUTPUT_METADATA_ONLY"
"USER06.STY","E:\UAOS_OPEN_LIBRARY_SOURCE\pa3x\2020 pa1000 pa4x.SET\2020 pa1000 pa4x.SET\STYLE\USER06.STY",".sty","134489","53250026FDE7404A8D3DA92A5E23442D91018EDF9AB31EA561454F1C005E9194","STYLE","STYLE_METADATA_CANDIDATE","V1719_STYLE_METADATA_READER","Style metadata candidate.","70","False","False","True","NO_BINARY_OUTPUT_METADATA_ONLY"
"USER07.STY","E:\UAOS_OPEN_LIBRARY_SOURCE\pa3x\LIVE CHARKI 3 2.SET\LIVE CHARKI 3 2.SET\STYLE\USER07.STY",".sty","122743","8EF5B8CDE80F0611A245BAC7A00C7E32D4A2353910DBC5D779DFE6EB8B1E3A37","STYLE","STYLE_METADATA_CANDIDATE","V1719_STYLE_METADATA_READER","Style metadata candidate.","70","False","False","True","NO_BINARY_OUTPUT_METADATA_ONLY"
"USER07.STY","E:\UAOS_OPEN_LIBRARY_SOURCE\pa3x\2020 pa1000 pa4x.SET\2020 pa1000 pa4x.SET\STYLE\USER07.STY",".sty","368127","4B495D86A427E63F215B8BECDF0EC4AB3C2977C1DE8567696210728D1FD0A027","STYLE","STYLE_METADATA_CANDIDATE","V1719_STYLE_METADATA_READER","Style metadata candidate.","70","False","False","True","NO_BINARY_OUTPUT_METADATA_ONLY"
"USER08.STY","E:\UAOS_OPEN_LIBRARY_SOURCE\pa3x\LIVE CHARKI 3 2.SET\LIVE CHARKI 3 2.SET\STYLE\USER08.STY",".sty","1187983","0B37909C6956786390006387226F62A76930DBE0B50020A4725E32FEE58CB5CB","STYLE","STYLE_METADATA_CANDIDATE","V1719_STYLE_METADATA_READER","Style metadata candidate.","70","False","False","True","NO_BINARY_OUTPUT_METADATA_ONLY"
"USER08.STY","E:\UAOS_OPEN_LIBRARY_SOURCE\pa3x\2020 pa1000 pa4x.SET\2020 pa1000 pa4x.SET\STYLE\USER08.STY",".sty","192858","05E57EC5202086B73466C9D3737A686817DEE63703AB975263C6D2C1FEEF9D0B","STYLE","STYLE_METADATA_CANDIDATE","V1719_STYLE_METADATA_READER","Style metadata candidate.","70","False","False","True","NO_BINARY_OUTPUT_METADATA_ONLY"
"USER09.STY","E:\UAOS_OPEN_LIBRARY_SOURCE\pa3x\LIVE CHARKI 3 2.SET\LIVE CHARKI 3 2.SET\STYLE\USER09.STY",".sty","617365","05497A33E46029EE9DE4E42F984320B22D3D4F816CDDF61FD7922E73A6D52111","STYLE","STYLE_METADATA_CANDIDATE","V1719_STYLE_METADATA_READER","Style metadata candidate.","70","False","False","True","NO_BINARY_OUTPUT_METADATA_ONLY"
"USER10.STY","E:\UAOS_OPEN_LIBRARY_SOURCE\pa3x\LIVE CHARKI 3 2.SET\LIVE CHARKI 3 2.SET\STYLE\USER10.STY",".sty","685774","FDD209509E676AE21231E96FA340255081017125F5B6A5027C21AA7B0D298333","STYLE","STYLE_METADATA_CANDIDATE","V1719_STYLE_METADATA_READER","Style metadata candidate.","70","False","False","True","NO_BINARY_OUTPUT_METADATA_ONLY"
"USER11.STY","E:\UAOS_OPEN_LIBRARY_SOURCE\pa3x\2020 pa1000 pa4x.SET\2020 pa1000 pa4x.SET\STYLE\USER11.STY",".sty","361047","39BCACEDD77CCB6889746CBEC5009C38719FD9B04568B94C408CF50141FFE2D6","STYLE","STYLE_METADATA_CANDIDATE","V1719_STYLE_METADATA_READER","Style metadata candidate.","70","False","False","True","NO_BINARY_OUTPUT_METADATA_ONLY"
"USER11.STY","E:\UAOS_OPEN_LIBRARY_SOURCE\pa3x\LIVE CHARKI 3 2.SET\LIVE CHARKI 3 2.SET\STYLE\USER11.STY",".sty","12940","21BAC1B4C178532E0CD266DF536FDC036CB35056229FD8B6C89B46CDCBC22A4C","STYLE","STYLE_METADATA_CANDIDATE","V1719_STYLE_METADATA_READER","Style metadata candidate.","70","False","False","True","NO_BINARY_OUTPUT_METADATA_ONLY"
"USER12.STY","E:\UAOS_OPEN_LIBRARY_SOURCE\pa3x\LIVE CHARKI 3 2.SET\LIVE CHARKI 3 2.SET\STYLE\USER12.STY",".sty","157389","FEE43E2F285B886609D41983A6F5F4EAD4BAED2A6B3A934F09D8ADA6E6A4154A","STYLE","STYLE_METADATA_CANDIDATE","V1719_STYLE_METADATA_READER","Style metadata candidate.","70","False","False","True","NO_BINARY_OUTPUT_METADATA_ONLY"
"USER12.STY","E:\UAOS_OPEN_LIBRARY_SOURCE\pa3x\2020 pa1000 pa4x.SET\2020 pa1000 pa4x.SET\STYLE\USER12.STY",".sty","559461","CC668C9FC53413427B3B24BFF3F04038ADF52EFF11096C70CCE01474C79606EF","STYLE","STYLE_METADATA_CANDIDATE","V1719_STYLE_METADATA_READER","Style metadata candidate.","70","False","False","True","NO_BINARY_OUTPUT_METADATA_ONLY"
"USER01.PAD","E:\UAOS_OPEN_LIBRARY_SOURCE\pa3x\omar44.SET\omar44.SET\PAD\USER01.PAD",".pad","15174","AA0B9DC3D0F744444EBA6B73A76922C3552AAB4B1074E415F880D21734E56558","PAD","PAD_METADATA_CANDIDATE","V1719_STYLE_METADATA_READER","Pad metadata candidate.","68","False","False","True","NO_BINARY_OUTPUT_METADATA_ONLY"
"USER01.PAD","E:\UAOS_OPEN_LIBRARY_SOURCE\pa3x\3xxxxx.SET\3xxxxx.SET\PAD\USER01.PAD",".pad","29059","16A4672CFFF1BA69EF821FA1F9B55B80E743C8BF1B7285C3D0D24AF14C7A30B1","PAD","PAD_METADATA_CANDIDATE","V1719_STYLE_METADATA_READER","Pad metadata candidate.","68","False","False","True","NO_BINARY_OUTPUT_METADATA_ONLY"
"USER01.PAD","E:\UAOS_OPEN_LIBRARY_SOURCE\pa3x\LIVE CHARKI 3 2.SET\LIVE CHARKI 3 2.SET\PAD\USER01.PAD",".pad","7864","33B78607D9E3B4978646BBC8D55D154F37173B2B28674E460B6BCB5EE78558BA","PAD","PAD_METADATA_CANDIDATE","V1719_STYLE_METADATA_READER","Pad metadata candidate.","68","False","False","True","NO_BINARY_OUTPUT_METADATA_ONLY"
"USER01.PAD","E:\UAOS_OPEN_LIBRARY_SOURCE\pa3x\‏‏RoTaNa(1) pa3x.SET - نسخة\tareq pa3x.SET\PAD\USER01.PAD",".pad","24497","A749095D7E31A19B58872122C5F058819F1709D9A79BE7F7AB9A7B21E872FF30","PAD","PAD_METADATA_CANDIDATE","V1719_STYLE_METADATA_READER","Pad metadata candidate.","68","False","False","True","NO_BINARY_OUTPUT_METADATA_ONLY"
"USER01.PAD","E:\UAOS_OPEN_LIBRARY_SOURCE\pa3x\2020 pa1000 pa4x.SET\2020 pa1000 pa4x.SET\PAD\USER01.PAD",".pad","25779","E36FE9BED4F05534689507B6F5271E3E5ADF4182BCFB09C2A20078B60739B2FA","PAD","PAD_METADATA_CANDIDATE","V1719_STYLE_METADATA_READER","Pad metadata candidate.","68","False","False","True","NO_BINARY_OUTPUT_METADATA_ONLY"
"USER01.PAD","E:\UAOS_OPEN_LIBRARY_SOURCE\pa3x\ROTANA. 2022.SET\ROTANA. 2022.SET\PAD\USER01.PAD",".pad","15278","DA89078B3F6DF0244BF1855C34B3B85A62EBEB0AF7C1661020A53F4426698292","PAD","PAD_METADATA_CANDIDATE","V1719_STYLE_METADATA_READER","Pad metadata candidate.","68","False","False","True","NO_BINARY_OUTPUT_METADATA_ONLY"
"USER01.PAD","E:\UAOS_OPEN_LIBRARY_SOURCE\pa3x\a1111.SET\a1111.SET\PAD\USER01.PAD",".pad","34102","928257EF2C4F0ACEE669DD821AE93DB391EEB0D2837E8987AC1704E6E3E24CA9","PAD","PAD_METADATA_CANDIDATE","V1719_STYLE_METADATA_READER","Pad metadata candidate.","68","False","False","True","NO_BINARY_OUTPUT_METADATA_ONLY"
"USER01.PAD","E:\UAOS_OPEN_LIBRARY_SOURCE\pa3x\ABOUD NEXT-MG.SET\ABOUD NEXT-MG.SET\PAD\USER01.PAD",".pad","23157","6FA2B1318B9E2D1A300F02EA5B1200D1F58CFB9A84D8E2F6C3BF3378F7B4328D","PAD","PAD_METADATA_CANDIDATE","V1719_STYLE_METADATA_READER","Pad metadata candidate.","68","False","False","True","NO_BINARY_OUTPUT_METADATA_ONLY"
"USER01.PAD","E:\UAOS_OPEN_LIBRARY_SOURCE\pa3x\RoTaNa(1) pa3x.SET\tareq pa3x.SET\PAD\USER01.PAD",".pad","24497","A749095D7E31A19B58872122C5F058819F1709D9A79BE7F7AB9A7B21E872FF30","PAD","PAD_METADATA_CANDIDATE","V1719_STYLE_METADATA_READER","Pad metadata candidate.","68","False","False","True","NO_BINARY_OUTPUT_METADATA_ONLY"
"USER01.PAD","E:\UAOS_OPEN_LIBRARY_SOURCE\pa3x\SUPER4X.3X ASLY2018.SET\SUPER4X.3X ASLY2018.SET\PAD\USER01.PAD",".pad","17435","EEE8DA65A59E3D1B0BBC5BBA7B161609F64D7C3B1662EDF0D604A78AC6F9C9EF","PAD","PAD_METADATA_CANDIDATE","V1719_STYLE_METADATA_READER","Pad metadata candidate.","68","False","False","True","NO_BINARY_OUTPUT_METADATA_ONLY"
"USER01.PAD","E:\UAOS_OPEN_LIBRARY_SOURCE\pa3x\rahm pa3x.SET\rahm pa3x.SET\PAD\USER01.PAD",".pad","30392","1B0F6FD6C13289D508F6F5DA05E295844FB7F139DCA840CAF80E157776C4E7A5","PAD","PAD_METADATA_CANDIDATE","V1719_STYLE_METADATA_READER","Pad metadata candidate.","68","False","False","True","NO_BINARY_OUTPUT_METADATA_ONLY"
"USER02.PAD","E:\UAOS_OPEN_LIBRARY_SOURCE\pa3x\a1111.SET\a1111.SET\PAD\USER02.PAD",".pad","5452","8F23F828DBC36AF71026C476045AB93CB082D658CFE6722717CF8D7EA5A02C64","PAD","PAD_METADATA_CANDIDATE","V1719_STYLE_METADATA_READER","Pad metadata candidate.","68","False","False","True","NO_BINARY_OUTPUT_METADATA_ONLY"
"USER02.PAD","E:\UAOS_OPEN_LIBRARY_SOURCE\pa3x\‏‏RoTaNa(1) pa3x.SET - نسخة\tareq pa3x.SET\PAD\USER02.PAD",".pad","29949","F10CB0EED4995B40A9E52D2BF04514D575B762E4909CF8415DF15344CD396D2F","PAD","PAD_METADATA_CANDIDATE","V1719_STYLE_METADATA_READER","Pad metadata candidate.","68","False","False","True","NO_BINARY_OUTPUT_METADATA_ONLY"
"USER02.PAD","E:\UAOS_OPEN_LIBRARY_SOURCE\pa3x\LIVE CHARKI 3 2.SET\LIVE CHARKI 3 2.SET\PAD\USER02.PAD",".pad","10776","D3D2C123E6ECC50D58FF0A9BB082D1F0BDECB1493FF09AE8308B82F385B809BC","PAD","PAD_METADATA_CANDIDATE","V1719_STYLE_METADATA_READER","Pad metadata candidate.","68","False","False","True","NO_BINARY_OUTPUT_METADATA_ONLY"
"USER02.PAD","E:\UAOS_OPEN_LIBRARY_SOURCE\pa3x\2020 pa1000 pa4x.SET\2020 pa1000 pa4x.SET\PAD\USER02.PAD",".pad","28827","0B1056673EB00A4D2926BE61135AE27A3690DBCB1C0A49D47531CEAFC297A01F","PAD","PAD_METADATA_CANDIDATE","V1719_STYLE_METADATA_READER","Pad metadata candidate.","68","False","False","True","NO_BINARY_OUTPUT_METADATA_ONLY"
"USER02.PAD","E:\UAOS_OPEN_LIBRARY_SOURCE\pa3x\ABOUD NEXT-MG.SET\ABOUD NEXT-MG.SET\PAD\USER02.PAD",".pad","28863","107FF009B132A395D1FE9C45DD7638A7C422641141E416F2BA38A66D91D52FDB","PAD","PAD_METADATA_CANDIDATE","V1719_STYLE_METADATA_READER","Pad metadata candidate.","68","False","False","True","NO_BINARY_OUTPUT_METADATA_ONLY"
"USER02.PAD","E:\UAOS_OPEN_LIBRARY_SOURCE\pa3x\omar44.SET\omar44.SET\PAD\USER02.PAD",".pad","1481","9274A2FE11A28074F2B8E6963EF8797689A78E1D599AEBA6AB33469E589D0024","PAD","PAD_METADATA_CANDIDATE","V1719_STYLE_METADATA_READER","Pad metadata candidate.","68","False","False","True","NO_BINARY_OUTPUT_METADATA_ONLY"
"USER02.PAD","E:\UAOS_OPEN_LIBRARY_SOURCE\pa3x\3xxxxx.SET\3xxxxx.SET\PAD\USER02.PAD",".pad","28456","CF0A266F503FB04B3A9121B2D2B1F26D57F75E85E80D8B945000DEF27D7F8B62","PAD","PAD_METADATA_CANDIDATE","V1719_STYLE_METADATA_READER","Pad metadata candidate.","68","False","False","True","NO_BINARY_OUTPUT_METADATA_ONLY"
"USER02.PAD","E:\UAOS_OPEN_LIBRARY_SOURCE\pa3x\rahm pa3x.SET\rahm pa3x.SET\PAD\USER02.PAD",".pad","30846","7BD67BC4D1D2BA281631C43FFC8D0D1D4AC9C4EFF87BF6763BA2F709EF65FFAB","PAD","PAD_METADATA_CANDIDATE","V1719_STYLE_METADATA_READER","Pad metadata candidate.","68","False","False","True","NO_BINARY_OUTPUT_METADATA_ONLY"
"USER02.PAD","E:\UAOS_OPEN_LIBRARY_SOURCE\pa3x\RoTaNa(1) pa3x.SET\tareq pa3x.SET\PAD\USER02.PAD",".pad","29949","F10CB0EED4995B40A9E52D2BF04514D575B762E4909CF8415DF15344CD396D2F","PAD","PAD_METADATA_CANDIDATE","V1719_STYLE_METADATA_READER","Pad metadata candidate.","68","False","False","True","NO_BINARY_OUTPUT_METADATA_ONLY"
"USER02.PAD","E:\UAOS_OPEN_LIBRARY_SOURCE\pa3x\SUPER4X.3X ASLY2018.SET\SUPER4X.3X ASLY2018.SET\PAD\USER02.PAD",".pad","4547","DAAC4A61B31DE1D4FDA1C471EF6A0988C2FE684255EDAFDC7F48A42881447F6B","PAD","PAD_METADATA_CANDIDATE","V1719_STYLE_METADATA_READER","Pad metadata candidate.","68","False","False","True","NO_BINARY_OUTPUT_METADATA_ONLY"
"USER02.PAD","E:\UAOS_OPEN_LIBRARY_SOURCE\pa3x\ROTANA. 2022.SET\ROTANA. 2022.SET\PAD\USER02.PAD",".pad","11018","EA7421406D0A694AD940C1B37E37CB3DAA22DD07DF242AA074DFE2A8119EB493","PAD","PAD_METADATA_CANDIDATE","V1719_STYLE_METADATA_READER","Pad metadata candidate.","68","False","False","True","NO_BINARY_OUTPUT_METADATA_ONLY"
"USER03.PAD","E:\UAOS_OPEN_LIBRARY_SOURCE\pa3x\rahm pa3x.SET\rahm pa3x.SET\PAD\USER03.PAD",".pad","16667","22001EAD529E6EF803EE558CC60FBB40B8B1B1AA98E28FE8FBAB012930B0F568","PAD","PAD_METADATA_CANDIDATE","V1719_STYLE_METADATA_READER","Pad metadata candidate.","68","False","False","True","NO_BINARY_OUTPUT_METADATA_ONLY"
"USER03.PAD","E:\UAOS_OPEN_LIBRARY_SOURCE\pa3x\omar44.SET\omar44.SET\PAD\USER03.PAD",".pad","1242","32A9D31EAD55CCC709566C273AD20D37551D9EC7B916CB7814B936FF7CAFB194","PAD","PAD_METADATA_CANDIDATE","V1719_STYLE_METADATA_READER","Pad metadata candidate.","68","False","False","True","NO_BINARY_OUTPUT_METADATA_ONLY"
"USER03.PAD","E:\UAOS_OPEN_LIBRARY_SOURCE\pa3x\ROTANA. 2022.SET\ROTANA. 2022.SET\PAD\USER03.PAD",".pad","5955","02F165E9EB7ABD898ED367A39FAC6BF0DB2DE5CE575E60D53B4376382C16C66B","PAD","PAD_METADATA_CANDIDATE","V1719_STYLE_METADATA_READER","Pad metadata candidate.","68","False","False","True","NO_BINARY_OUTPUT_METADATA_ONLY"
"USER03.PAD","E:\UAOS_OPEN_LIBRARY_SOURCE\pa3x\a1111.SET\a1111.SET\PAD\USER03.PAD",".pad","5881","6963B159CFAE6463BCCEB9FFC5B25A427BAB28AFDB983E014A14C92A49D50C6E","PAD","PAD_METADATA_CANDIDATE","V1719_STYLE_METADATA_READER","Pad metadata candidate.","68","False","False","True","NO_BINARY_OUTPUT_METADATA_ONLY"
"USER03.PAD","E:\UAOS_OPEN_LIBRARY_SOURCE\pa3x\ABOUD NEXT-MG.SET\ABOUD NEXT-MG.SET\PAD\USER03.PAD",".pad","25747","7E8A744B8DB6277DE981326805AC22E5A19FC5491F6A0DA50D8A07368E7A55DC","PAD","PAD_METADATA_CANDIDATE","V1719_STYLE_METADATA_READER","Pad metadata candidate.","68","False","False","True","NO_BINARY_OUTPUT_METADATA_ONLY"
"USER03.PAD","E:\UAOS_OPEN_LIBRARY_SOURCE\pa3x\LIVE CHARKI 3 2.SET\LIVE CHARKI 3 2.SET\PAD\USER03.PAD",".pad","5648","F4FF98B164E2A473E5642863D1FD49499C0EA86212885FECDEA2ABAA34624702","PAD","PAD_METADATA_CANDIDATE","V1719_STYLE_METADATA_READER","Pad metadata candidate.","68","False","False","True","NO_BINARY_OUTPUT_METADATA_ONLY"
"USER03.PAD","E:\UAOS_OPEN_LIBRARY_SOURCE\pa3x\‏‏RoTaNa(1) pa3x.SET - نسخة\tareq pa3x.SET\PAD\USER03.PAD",".pad","7950","5A6B092A0A4E3CC63CD6A45664443B169B5229A7F45AFE2874B372113164A6B2","PAD","PAD_METADATA_CANDIDATE","V1719_STYLE_METADATA_READER","Pad metadata candidate.","68","False","False","True","NO_BINARY_OUTPUT_METADATA_ONLY"
"USER03.PAD","E:\UAOS_OPEN_LIBRARY_SOURCE\pa3x\SUPER4X.3X ASLY2018.SET\SUPER4X.3X ASLY2018.SET\PAD\USER03.PAD",".pad","15443","9E078E6C571F468D25132D87FC6FA70D1AE03914B46EC40F4FB6F93FBBD316F9","PAD","PAD_METADATA_CANDIDATE","V1719_STYLE_METADATA_READER","Pad metadata candidate.","68","False","False","True","NO_BINARY_OUTPUT_METADATA_ONLY"
"USER03.PAD","E:\UAOS_OPEN_LIBRARY_SOURCE\pa3x\3xxxxx.SET\3xxxxx.SET\PAD\USER03.PAD",".pad","6238","CA58628E205EC1AA798AD7169D6ADC7C77DE1C2F17F4F01032581D8518EAD45B","PAD","PAD_METADATA_CANDIDATE","V1719_STYLE_METADATA_READER","Pad metadata candidate.","68","False","False","True","NO_BINARY_OUTPUT_METADATA_ONLY"
"USER03.PAD","E:\UAOS_OPEN_LIBRARY_SOURCE\pa3x\RoTaNa(1) pa3x.SET\tareq pa3x.SET\PAD\USER03.PAD",".pad","7950","5A6B092A0A4E3CC63CD6A45664443B169B5229A7F45AFE2874B372113164A6B2","PAD","PAD_METADATA_CANDIDATE","V1719_STYLE_METADATA_READER","Pad metadata candidate.","68","False","False","True","NO_BINARY_OUTPUT_METADATA_ONLY"
"USER03.PAD","E:\UAOS_OPEN_LIBRARY_SOURCE\pa3x\2020 pa1000 pa4x.SET\2020 pa1000 pa4x.SET\PAD\USER03.PAD",".pad","25841","6EEAD3348DB92EA13F4C522CC61CD8DCA4D985807159B02BEB076C0AA869DE76","PAD","PAD_METADATA_CANDIDATE","V1719_STYLE_METADATA_READER","Pad metadata candidate.","68","False","False","True","NO_BINARY_OUTPUT_METADATA_ONLY"
"USER04.PAD","E:\UAOS_OPEN_LIBRARY_SOURCE\pa3x\rahm pa3x.SET\rahm pa3x.SET\PAD\USER04.PAD",".pad","2814","5A31EF7358F6C7D7242B15AAD723FFF035100190B65EEDEC52C97C8E03EDD18D","PAD","PAD_METADATA_CANDIDATE","V1719_STYLE_METADATA_READER","Pad metadata candidate.","68","False","False","True","NO_BINARY_OUTPUT_METADATA_ONLY"
"USER04.PAD","E:\UAOS_OPEN_LIBRARY_SOURCE\pa3x\2020 pa1000 pa4x.SET\2020 pa1000 pa4x.SET\PAD\USER04.PAD",".pad","5336","30F5FCBF176C615CEB965C6383FE59CF1BAEDBE235627CCC9F1C746685BE0E3F","PAD","PAD_METADATA_CANDIDATE","V1719_STYLE_METADATA_READER","Pad metadata candidate.","68","False","False","True","NO_BINARY_OUTPUT_METADATA_ONLY"
"USER04.PAD","E:\UAOS_OPEN_LIBRARY_SOURCE\pa3x\RoTaNa(1) pa3x.SET\tareq pa3x.SET\PAD\USER04.PAD",".pad","10579","D5F6BBBEDC39A579426B1ABA36B3468CA67BC489D1F9C7C3F7214EB292556AA7","PAD","PAD_METADATA_CANDIDATE","V1719_STYLE_METADATA_READER","Pad metadata candidate.","68","False","False","True","NO_BINARY_OUTPUT_METADATA_ONLY"
"USER04.PAD","E:\UAOS_OPEN_LIBRARY_SOURCE\pa3x\ABOUD NEXT-MG.SET\ABOUD NEXT-MG.SET\PAD\USER04.PAD",".pad","32240","59134A85199B6BA6D471C66E0E82A81C400285C2486B252D399958F0DB4CD202","PAD","PAD_METADATA_CANDIDATE","V1719_STYLE_METADATA_READER","Pad metadata candidate.","68","False","False","True","NO_BINARY_OUTPUT_METADATA_ONLY"
"USER04.PAD","E:\UAOS_OPEN_LIBRARY_SOURCE\pa3x\a1111.SET\a1111.SET\PAD\USER04.PAD",".pad","4604","CD865CDB2C6DB1BD0BAC768AB6F9A290616036AD670216BE5A10299E819B8A3B","PAD","PAD_METADATA_CANDIDATE","V1719_STYLE_METADATA_READER","Pad metadata candidate.","68","False","False","True","NO_BINARY_OUTPUT_METADATA_ONLY"
"USER04.PAD","E:\UAOS_OPEN_LIBRARY_SOURCE\pa3x\SUPER4X.3X ASLY2018.SET\SUPER4X.3X ASLY2018.SET\PAD\USER04.PAD",".pad","3580","F6D5CAE9186570B1D77585378E7210417E373818D51E3F4B23E7D542C1F63622","PAD","PAD_METADATA_CANDIDATE","V1719_STYLE_METADATA_READER","Pad metadata candidate.","68","False","False","True","NO_BINARY_OUTPUT_METADATA_ONLY"
"USER04.PAD","E:\UAOS_OPEN_LIBRARY_SOURCE\pa3x\‏‏RoTaNa(1) pa3x.SET - نسخة\tareq pa3x.SET\PAD\USER04.PAD",".pad","10579","D5F6BBBEDC39A579426B1ABA36B3468CA67BC489D1F9C7C3F7214EB292556AA7","PAD","PAD_METADATA_CANDIDATE","V1719_STYLE_METADATA_READER","Pad metadata candidate.","68","False","False","True","NO_BINARY_OUTPUT_METADATA_ONLY"
"USER04.PAD","E:\UAOS_OPEN_LIBRARY_SOURCE\pa3x\ROTANA. 2022.SET\ROTANA. 2022.SET\PAD\USER04.PAD",".pad","2972","02A4DC82D4BD4A8F6DFA041577B9FF74F1A570141D24D85120A8BAC033C50876","PAD","PAD_METADATA_CANDIDATE","V1719_STYLE_METADATA_READER","Pad metadata candidate.","68","False","False","True","NO_BINARY_OUTPUT_METADATA_ONLY"
"USER04.PAD","E:\UAOS_OPEN_LIBRARY_SOURCE\pa3x\3xxxxx.SET\3xxxxx.SET\PAD\USER04.PAD",".pad","24993","E5263DB0EB886E7FC097B14CF5D1F7074834B3B1C6EFDE42C2429BADED42A837","PAD","PAD_METADATA_CANDIDATE","V1719_STYLE_METADATA_READER","Pad metadata candidate.","68","False","False","True","NO_BINARY_OUTPUT_METADATA_ONLY"
"USER04.PAD","E:\UAOS_OPEN_LIBRARY_SOURCE\pa3x\LIVE CHARKI 3 2.SET\LIVE CHARKI 3 2.SET\PAD\USER04.PAD",".pad","1146","ED3FE4C6FDD774ED83F0F59A433424F5626FB8CA834936E03F3E20062C8433DB","PAD","PAD_METADATA_CANDIDATE","V1719_STYLE_METADATA_READER","Pad metadata candidate.","68","False","False","True","NO_BINARY_OUTPUT_METADATA_ONLY"
"USER04.PAD","E:\UAOS_OPEN_LIBRARY_SOURCE\pa3x\omar44.SET\omar44.SET\PAD\USER04.PAD",".pad","6925","63B2AA68059FFCC846A630D7147A05D5E565CBC9D0441872DFBEEC5BB2833AD5","PAD","PAD_METADATA_CANDIDATE","V1719_STYLE_METADATA_READER","Pad metadata candidate.","68","False","False","True","NO_BINARY_OUTPUT_METADATA_ONLY"
"USER05.PAD","E:\UAOS_OPEN_LIBRARY_SOURCE\pa3x\LIVE CHARKI 3 2.SET\LIVE CHARKI 3 2.SET\PAD\USER05.PAD",".pad","2680","A0C8ECDAE87D53CFECEE06184CD267184FFB42275D18B29B5DB6F5D0487629B3","PAD","PAD_METADATA_CANDIDATE","V1719_STYLE_METADATA_READER","Pad metadata candidate.","68","False","False","True","NO_BINARY_OUTPUT_METADATA_ONLY"
"USER05.PAD","E:\UAOS_OPEN_LIBRARY_SOURCE\pa3x\omar44.SET\omar44.SET\PAD\USER05.PAD",".pad","4795","DE69FDC880A660802B0F07B02B21984596C7AA112172F27FA85E124F368A36A0","PAD","PAD_METADATA_CANDIDATE","V1719_STYLE_METADATA_READER","Pad metadata candidate.","68","False","False","True","NO_BINARY_OUTPUT_METADATA_ONLY"
"USER05.PAD","E:\UAOS_OPEN_LIBRARY_SOURCE\pa3x\ROTANA. 2022.SET\ROTANA. 2022.SET\PAD\USER05.PAD",".pad","3883","DE564A70840F1C44EDC5215098307C25BEB21EE6EFAD9F634772308CC7920C8F","PAD","PAD_METADATA_CANDIDATE","V1719_STYLE_METADATA_READER","Pad metadata candidate.","68","False","False","True","NO_BINARY_OUTPUT_METADATA_ONLY"
"USER05.PAD","E:\UAOS_OPEN_LIBRARY_SOURCE\pa3x\SUPER4X.3X ASLY2018.SET\SUPER4X.3X ASLY2018.SET\PAD\USER05.PAD",".pad","3302","71FD4D8C3DEDFCC7B8005AE40184B919E5F34CCBEA12010D3B6A1B7A53AA7E99","PAD","PAD_METADATA_CANDIDATE","V1719_STYLE_METADATA_READER","Pad metadata candidate.","68","False","False","True","NO_BINARY_OUTPUT_METADATA_ONLY"
"USER05.PAD","E:\UAOS_OPEN_LIBRARY_SOURCE\pa3x\ABOUD NEXT-MG.SET\ABOUD NEXT-MG.SET\PAD\USER05.PAD",".pad","37204","096DCF250C062AC30F453938017E85E8D58668E7648CB183ED9D36887530FC38","PAD","PAD_METADATA_CANDIDATE","V1719_STYLE_METADATA_READER","Pad metadata candidate.","68","False","False","True","NO_BINARY_OUTPUT_METADATA_ONLY"
"USER05.PAD","E:\UAOS_OPEN_LIBRARY_SOURCE\pa3x\rahm pa3x.SET\rahm pa3x.SET\PAD\USER05.PAD",".pad","26535","88E7E730609424CF5D080F08D26745454835BA3A0311753A13603B1C505163F5","PAD","PAD_METADATA_CANDIDATE","V1719_STYLE_METADATA_READER","Pad metadata candidate.","68","False","False","True","NO_BINARY_OUTPUT_METADATA_ONLY"
"USER05.PAD","E:\UAOS_OPEN_LIBRARY_SOURCE\pa3x\a1111.SET\a1111.SET\PAD\USER05.PAD",".pad","7096","D25B87D8E493150C8A34453B349690224B61C3FACEC7C0D3FC87C0C123A4D634","PAD","PAD_METADATA_CANDIDATE","V1719_STYLE_METADATA_READER","Pad metadata candidate.","68","False","False","True","NO_BINARY_OUTPUT_METADATA_ONLY"
"USER05.PAD","E:\UAOS_OPEN_LIBRARY_SOURCE\pa3x\‏‏RoTaNa(1) pa3x.SET - نسخة\tareq pa3x.SET\PAD\USER05.PAD",".pad","22692","A69FCAACB04D1580FAE71E09C2974D834B7294CCA3266242ABD862DB347DC40D","PAD","PAD_METADATA_CANDIDATE","V1719_STYLE_METADATA_READER","Pad metadata candidate.","68","False","False","True","NO_BINARY_OUTPUT_METADATA_ONLY"
"USER05.PAD","E:\UAOS_OPEN_LIBRARY_SOURCE\pa3x\2020 pa1000 pa4x.SET\2020 pa1000 pa4x.SET\PAD\USER05.PAD",".pad","4228","54DFD6BB01FF9EB191B62807AD3243187001621073CC30B0E0A594D0CD022E51","PAD","PAD_METADATA_CANDIDATE","V1719_STYLE_METADATA_READER","Pad metadata candidate.","68","False","False","True","NO_BINARY_OUTPUT_METADATA_ONLY"
"USER05.PAD","E:\UAOS_OPEN_LIBRARY_SOURCE\pa3x\3xxxxx.SET\3xxxxx.SET\PAD\USER05.PAD",".pad","14128","02E88ED1A2BAB6CB6117EF9C165D81E6D7AE2DD2B6C8680DFB76F5882FD3A425","PAD","PAD_METADATA_CANDIDATE","V1719_STYLE_METADATA_READER","Pad metadata candidate.","68","False","False","True","NO_BINARY_OUTPUT_METADATA_ONLY"
"USER05.PAD","E:\UAOS_OPEN_LIBRARY_SOURCE\pa3x\RoTaNa(1) pa3x.SET\tareq pa3x.SET\PAD\USER05.PAD",".pad","22692","A69FCAACB04D1580FAE71E09C2974D834B7294CCA3266242ABD862DB347DC40D","PAD","PAD_METADATA_CANDIDATE","V1719_STYLE_METADATA_READER","Pad metadata candidate.","68","False","False","True","NO_BINARY_OUTPUT_METADATA_ONLY"
"USER06.PAD","E:\UAOS_OPEN_LIBRARY_SOURCE\pa3x\‏‏RoTaNa(1) pa3x.SET - نسخة\tareq pa3x.SET\PAD\USER06.PAD",".pad","16051","9A09B9F9B1548699C7EE1E2F469873F5467114E79EC4F72EA410BEFA4649CAA6","PAD","PAD_METADATA_CANDIDATE","V1719_STYLE_METADATA_READER","Pad metadata candidate.","68","False","False","True","NO_BINARY_OUTPUT_METADATA_ONLY"
"USER06.PAD","E:\UAOS_OPEN_LIBRARY_SOURCE\pa3x\3xxxxx.SET\3xxxxx.SET\PAD\USER06.PAD",".pad","7383","86E733BDFBD367FB0A5E41A7E41EBF5BBA946007963DD9DD31A89EB7AA6B0662","PAD","PAD_METADATA_CANDIDATE","V1719_STYLE_METADATA_READER","Pad metadata candidate.","68","False","False","True","NO_BINARY_OUTPUT_METADATA_ONLY"
"USER06.PAD","E:\UAOS_OPEN_LIBRARY_SOURCE\pa3x\rahm pa3x.SET\rahm pa3x.SET\PAD\USER06.PAD",".pad","2612","064EFBB2F570897E02A6D101050F0B4552C50A9DE8C181780A57112493B0EBC0","PAD","PAD_METADATA_CANDIDATE","V1719_STYLE_METADATA_READER","Pad metadata candidate.","68","False","False","True","NO_BINARY_OUTPUT_METADATA_ONLY"
"USER06.PAD","E:\UAOS_OPEN_LIBRARY_SOURCE\pa3x\omar44.SET\omar44.SET\PAD\USER06.PAD",".pad","3611","4B5CBAFC21328F5745289E89CB84B248984C1716B4F06AE679F0E2CC3A166933","PAD","PAD_METADATA_CANDIDATE","V1719_STYLE_METADATA_READER","Pad metadata candidate.","68","False","False","True","NO_BINARY_OUTPUT_METADATA_ONLY"
"USER06.PAD","E:\UAOS_OPEN_LIBRARY_SOURCE\pa3x\2020 pa1000 pa4x.SET\2020 pa1000 pa4x.SET\PAD\USER06.PAD",".pad","17149","2FF4FBFF1114EECBC8A22B9E0D6E21430EB9F5FAA5AB821A15FB2D09F48EC21D","PAD","PAD_METADATA_CANDIDATE","V1719_STYLE_METADATA_READER","Pad metadata candidate.","68","False","False","True","NO_BINARY_OUTPUT_METADATA_ONLY"
"USER06.PAD","E:\UAOS_OPEN_LIBRARY_SOURCE\pa3x\LIVE CHARKI 3 2.SET\LIVE CHARKI 3 2.SET\PAD\USER06.PAD",".pad","1709","7C3854D81F65114565D69B0644BCA9710C5125293DDA8793C8E6041066800F86","PAD","PAD_METADATA_CANDIDATE","V1719_STYLE_METADATA_READER","Pad metadata candidate.","68","False","False","True","NO_BINARY_OUTPUT_METADATA_ONLY"
"USER06.PAD","E:\UAOS_OPEN_LIBRARY_SOURCE\pa3x\RoTaNa(1) pa3x.SET\tareq pa3x.SET\PAD\USER06.PAD",".pad","16051","9A09B9F9B1548699C7EE1E2F469873F5467114E79EC4F72EA410BEFA4649CAA6","PAD","PAD_METADATA_CANDIDATE","V1719_STYLE_METADATA_READER","Pad metadata candidate.","68","False","False","True","NO_BINARY_OUTPUT_METADATA_ONLY"
"USER06.PAD","E:\UAOS_OPEN_LIBRARY_SOURCE\pa3x\SUPER4X.3X ASLY2018.SET\SUPER4X.3X ASLY2018.SET\PAD\USER06.PAD",".pad","3648","F04EECC0D7B49947196F9DCFF388C3EF14D01740A13326B955B155B4CC907963","PAD","PAD_METADATA_CANDIDATE","V1719_STYLE_METADATA_READER","Pad metadata candidate.","68","False","False","True","NO_BINARY_OUTPUT_METADATA_ONLY"
"USER06.PAD","E:\UAOS_OPEN_LIBRARY_SOURCE\pa3x\ROTANA. 2022.SET\ROTANA. 2022.SET\PAD\USER06.PAD",".pad","3210","0BAB2DB2A24E3707793D63599CEF7F60583FAB7B4CCB98C760E413E8E33D9E58","PAD","PAD_METADATA_CANDIDATE","V1719_STYLE_METADATA_READER","Pad metadata candidate.","68","False","False","True","NO_BINARY_OUTPUT_METADATA_ONLY"
"USER06.PAD","E:\UAOS_OPEN_LIBRARY_SOURCE\pa3x\a1111.SET\a1111.SET\PAD\USER06.PAD",".pad","5525","A30B4ABE180010A2DC711208C55F372A96AB9D74F9314B0EB4E8BA023F74A820","PAD","PAD_METADATA_CANDIDATE","V1719_STYLE_METADATA_READER","Pad metadata candidate.","68","False","False","True","NO_BINARY_OUTPUT_METADATA_ONLY"
"USER06.PAD","E:\UAOS_OPEN_LIBRARY_SOURCE\pa3x\ABOUD NEXT-MG.SET\ABOUD NEXT-MG.SET\PAD\USER06.PAD",".pad","29399","E3EA53B1365F73C61A871824C023EF42957CB87A5B9C82DCF6777A37836097B4","PAD","PAD_METADATA_CANDIDATE","V1719_STYLE_METADATA_READER","Pad metadata candidate.","68","False","False","True","NO_BINARY_OUTPUT_METADATA_ONLY"
"USER07.PAD","E:\UAOS_OPEN_LIBRARY_SOURCE\pa3x\2020 pa1000 pa4x.SET\2020 pa1000 pa4x.SET\PAD\USER07.PAD",".pad","17487","B181FF14498DF3692A0C7C64055F5289B6C041E9162B4DD3901FC925CFA3D27F","PAD","PAD_METADATA_CANDIDATE","V1719_STYLE_METADATA_READER","Pad metadata candidate.","68","False","False","True","NO_BINARY_OUTPUT_METADATA_ONLY"
"USER07.PAD","E:\UAOS_OPEN_LIBRARY_SOURCE\pa3x\RoTaNa(1) pa3x.SET\tareq pa3x.SET\PAD\USER07.PAD",".pad","2752","7A9ACC9079A49231971EE40F53B9C5B8AB85A75F4866608C0FE7E66A450A9060","PAD","PAD_METADATA_CANDIDATE","V1719_STYLE_METADATA_READER","Pad metadata candidate.","68","False","False","True","NO_BINARY_OUTPUT_METADATA_ONLY"
"USER07.PAD","E:\UAOS_OPEN_LIBRARY_SOURCE\pa3x\a1111.SET\a1111.SET\PAD\USER07.PAD",".pad","6606","1EA0F8EE2D30DA5F5FF7C0D7A42E0501B831F0081BDA0AA09D4639C41EE988DF","PAD","PAD_METADATA_CANDIDATE","V1719_STYLE_METADATA_READER","Pad metadata candidate.","68","False","False","True","NO_BINARY_OUTPUT_METADATA_ONLY"
"USER07.PAD","E:\UAOS_OPEN_LIBRARY_SOURCE\pa3x\SUPER4X.3X ASLY2018.SET\SUPER4X.3X ASLY2018.SET\PAD\USER07.PAD",".pad","877","1DED0AF4FDAA9B0636C74866A476D01A0710D6EE5A0BA3CB27399F9ADB6ED748","PAD","PAD_METADATA_CANDIDATE","V1719_STYLE_METADATA_READER","Pad metadata candidate.","68","False","False","True","NO_BINARY_OUTPUT_METADATA_ONLY"
"USER07.PAD","E:\UAOS_OPEN_LIBRARY_SOURCE\pa3x\omar44.SET\omar44.SET\PAD\USER07.PAD",".pad","3083","9267C8C15EDCA108C7166422B11661A92A42D1FD50DC6FDFD5E4872691021E09","PAD","PAD_METADATA_CANDIDATE","V1719_STYLE_METADATA_READER","Pad metadata candidate.","68","False","False","True","NO_BINARY_OUTPUT_METADATA_ONLY"
"USER07.PAD","E:\UAOS_OPEN_LIBRARY_SOURCE\pa3x\‏‏RoTaNa(1) pa3x.SET - نسخة\tareq pa3x.SET\PAD\USER07.PAD",".pad","2752","7A9ACC9079A49231971EE40F53B9C5B8AB85A75F4866608C0FE7E66A450A9060","PAD","PAD_METADATA_CANDIDATE","V1719_STYLE_METADATA_READER","Pad metadata candidate.","68","False","False","True","NO_BINARY_OUTPUT_METADATA_ONLY"
"USER07.PAD","E:\UAOS_OPEN_LIBRARY_SOURCE\pa3x\rahm pa3x.SET\rahm pa3x.SET\PAD\USER07.PAD",".pad","18369","ED32966B46EA2D405332F47EEF39073A86D5FA9BC45519B1504E5E17B6078601","PAD","PAD_METADATA_CANDIDATE","V1719_STYLE_METADATA_READER","Pad metadata candidate.","68","False","False","True","NO_BINARY_OUTPUT_METADATA_ONLY"
"USER07.PAD","E:\UAOS_OPEN_LIBRARY_SOURCE\pa3x\ROTANA. 2022.SET\ROTANA. 2022.SET\PAD\USER07.PAD",".pad","11130","A512F35D45A27C50569F9D1FDC44E3DDEBE389A5D2054EDD9D37EB519CB63112","PAD","PAD_METADATA_CANDIDATE","V1719_STYLE_METADATA_READER","Pad metadata candidate.","68","False","False","True","NO_BINARY_OUTPUT_METADATA_ONLY"
"USER07.PAD","E:\UAOS_OPEN_LIBRARY_SOURCE\pa3x\ABOUD NEXT-MG.SET\ABOUD NEXT-MG.SET\PAD\USER07.PAD",".pad","20789","92099DB065AC9458C65EE28A33FFD792D79C4CD020FDF53FC38454C58C1CB71B","PAD","PAD_METADATA_CANDIDATE","V1719_STYLE_METADATA_READER","Pad metadata candidate.","68","False","False","True","NO_BINARY_OUTPUT_METADATA_ONLY"
"USER07.PAD","E:\UAOS_OPEN_LIBRARY_SOURCE\pa3x\3xxxxx.SET\3xxxxx.SET\PAD\USER07.PAD",".pad","3965","996CE5AB7BD5441DD2D2B398C1CB50A5874CAA66D3719A05485DBEBF637AF358","PAD","PAD_METADATA_CANDIDATE","V1719_STYLE_METADATA_READER","Pad metadata candidate.","68","False","False","True","NO_BINARY_OUTPUT_METADATA_ONLY"
"USER07.PAD","E:\UAOS_OPEN_LIBRARY_SOURCE\pa3x\LIVE CHARKI 3 2.SET\LIVE CHARKI 3 2.SET\PAD\USER07.PAD",".pad","3586","91FAA0547FD5EDE211FD9B28BEE6E0B1E752041549EBFC187F11B765A3A39C2A","PAD","PAD_METADATA_CANDIDATE","V1719_STYLE_METADATA_READER","Pad metadata candidate.","68","False","False","True","NO_BINARY_OUTPUT_METADATA_ONLY"
"USER08.PAD","E:\UAOS_OPEN_LIBRARY_SOURCE\pa3x\ROTANA. 2022.SET\ROTANA. 2022.SET\PAD\USER08.PAD",".pad","18630","E7AF815D1B10BF0913F303A76F7A892EA4C58FD77CDC61458425DAD6D6FD36F4","PAD","PAD_METADATA_CANDIDATE","V1719_STYLE_METADATA_READER","Pad metadata candidate.","68","False","False","True","NO_BINARY_OUTPUT_METADATA_ONLY"
"USER08.PAD","E:\UAOS_OPEN_LIBRARY_SOURCE\pa3x\RoTaNa(1) pa3x.SET\tareq pa3x.SET\PAD\USER08.PAD",".pad","22034","3C0FA8E0EAA38FBC25483AD3EDC0CC2AECB82E3CD4D0F465158740A994D832DE","PAD","PAD_METADATA_CANDIDATE","V1719_STYLE_METADATA_READER","Pad metadata candidate.","68","False","False","True","NO_BINARY_OUTPUT_METADATA_ONLY"
"USER08.PAD","E:\UAOS_OPEN_LIBRARY_SOURCE\pa3x\SUPER4X.3X ASLY2018.SET\SUPER4X.3X ASLY2018.SET\PAD\USER08.PAD",".pad","529","CE38647C59335AB1DEFD831CE563776E20C22F7402288F83FD41A470A156DB30","PAD","PAD_METADATA_CANDIDATE","V1719_STYLE_METADATA_READER","Pad metadata candidate.","68","False","False","True","NO_BINARY_OUTPUT_METADATA_ONLY"
"USER08.PAD","E:\UAOS_OPEN_LIBRARY_SOURCE\pa3x\LIVE CHARKI 3 2.SET\LIVE CHARKI 3 2.SET\PAD\USER08.PAD",".pad","2110","AE01A61175B10C3317CFF5815A5B808D3E0C9F69C87398EBD1C83D2201FEC817","PAD","PAD_METADATA_CANDIDATE","V1719_STYLE_METADATA_READER","Pad metadata candidate.","68","False","False","True","NO_BINARY_OUTPUT_METADATA_ONLY"
"USER08.PAD","E:\UAOS_OPEN_LIBRARY_SOURCE\pa3x\rahm pa3x.SET\rahm pa3x.SET\PAD\USER08.PAD",".pad","20807","F087FDB442F8904CEC30CF1C7F368D022BFB794118755D69D5B5B08555424384","PAD","PAD_METADATA_CANDIDATE","V1719_STYLE_METADATA_READER","Pad metadata candidate.","68","False","False","True","NO_BINARY_OUTPUT_METADATA_ONLY"
"USER08.PAD","E:\UAOS_OPEN_LIBRARY_SOURCE\pa3x\ABOUD NEXT-MG.SET\ABOUD NEXT-MG.SET\PAD\USER08.PAD",".pad","21687","03CC1B28A29691492C94A1D2DEA6CFDFA9E9B444420B768B1105F34DFA33EF0C","PAD","PAD_METADATA_CANDIDATE","V1719_STYLE_METADATA_READER","Pad metadata candidate.","68","False","False","True","NO_BINARY_OUTPUT_METADATA_ONLY"
"USER08.PAD","E:\UAOS_OPEN_LIBRARY_SOURCE\pa3x\3xxxxx.SET\3xxxxx.SET\PAD\USER08.PAD",".pad","4355","FBF6AD01E4A231B16684AECF935C545CA9C552FE006499D4718D1B5F539ABA24","PAD","PAD_METADATA_CANDIDATE","V1719_STYLE_METADATA_READER","Pad metadata candidate.","68","False","False","True","NO_BINARY_OUTPUT_METADATA_ONLY"
"USER08.PAD","E:\UAOS_OPEN_LIBRARY_SOURCE\pa3x\omar44.SET\omar44.SET\PAD\USER08.PAD",".pad","250","BA9DD0FF6BE98FB8081F09365B809690E76F5DE883D5BB83D6778CA40B4DE210","PAD","PAD_METADATA_CANDIDATE","V1719_STYLE_METADATA_READER","Pad metadata candidate.","68","False","False","True","NO_BINARY_OUTPUT_METADATA_ONLY"
"USER08.PAD","E:\UAOS_OPEN_LIBRARY_SOURCE\pa3x\a1111.SET\a1111.SET\PAD\USER08.PAD",".pad","23725","8D7933E7F60AEC2B2103CA8AF242E02528A6A6A8952608D7A5F339047817CAF6","PAD","PAD_METADATA_CANDIDATE","V1719_STYLE_METADATA_READER","Pad metadata candidate.","68","False","False","True","NO_BINARY_OUTPUT_METADATA_ONLY"
"USER08.PAD","E:\UAOS_OPEN_LIBRARY_SOURCE\pa3x\‏‏RoTaNa(1) pa3x.SET - نسخة\tareq pa3x.SET\PAD\USER08.PAD",".pad","22034","3C0FA8E0EAA38FBC25483AD3EDC0CC2AECB82E3CD4D0F465158740A994D832DE","PAD","PAD_METADATA_CANDIDATE","V1719_STYLE_METADATA_READER","Pad metadata candidate.","68","False","False","True","NO_BINARY_OUTPUT_METADATA_ONLY"
"USER09.PAD","E:\UAOS_OPEN_LIBRARY_SOURCE\pa3x\‏‏RoTaNa(1) pa3x.SET - نسخة\tareq pa3x.SET\PAD\USER09.PAD",".pad","12126","7AE1B3B8EE398A67C8CFAC639F38C051E28630D25835C6C59AE8F719BE7A32D9","PAD","PAD_METADATA_CANDIDATE","V1719_STYLE_METADATA_READER","Pad metadata candidate.","68","False","False","True","NO_BINARY_OUTPUT_METADATA_ONLY"
"USER09.PAD","E:\UAOS_OPEN_LIBRARY_SOURCE\pa3x\rahm pa3x.SET\rahm pa3x.SET\PAD\USER09.PAD",".pad","5469","EB634D90A60C393610919F2BF4B804BFB4937ABBA97434D5CF679DFE97DBBE4B","PAD","PAD_METADATA_CANDIDATE","V1719_STYLE_METADATA_READER","Pad metadata candidate.","68","False","False","True","NO_BINARY_OUTPUT_METADATA_ONLY"
"USER09.PAD","E:\UAOS_OPEN_LIBRARY_SOURCE\pa3x\3xxxxx.SET\3xxxxx.SET\PAD\USER09.PAD",".pad","3991","5732F5B76C1A3106D60DABE7AE688A41FFB050C90C8DA72207B3C8EAE4123153","PAD","PAD_METADATA_CANDIDATE","V1719_STYLE_METADATA_READER","Pad metadata candidate.","68","False","False","True","NO_BINARY_OUTPUT_METADATA_ONLY"
"USER09.PAD","E:\UAOS_OPEN_LIBRARY_SOURCE\pa3x\ROTANA. 2022.SET\ROTANA. 2022.SET\PAD\USER09.PAD",".pad","12034","56C57D9BD0E09938591CF54D65B49B7296FEC81B585AA8B2B16C37EE6253E498","PAD","PAD_METADATA_CANDIDATE","V1719_STYLE_METADATA_READER","Pad metadata candidate.","68","False","False","True","NO_BINARY_OUTPUT_METADATA_ONLY"
"USER09.PAD","E:\UAOS_OPEN_LIBRARY_SOURCE\pa3x\LIVE CHARKI 3 2.SET\LIVE CHARKI 3 2.SET\PAD\USER09.PAD",".pad","1196","93BC3FE3A660E83CF6F5203FBDCB6992C969589FEF8EA44921B1E18D624C30FA","PAD","PAD_METADATA_CANDIDATE","V1719_STYLE_METADATA_READER","Pad metadata candidate.","68","False","False","True","NO_BINARY_OUTPUT_METADATA_ONLY"
"USER09.PAD","E:\UAOS_OPEN_LIBRARY_SOURCE\pa3x\ABOUD NEXT-MG.SET\ABOUD NEXT-MG.SET\PAD\USER09.PAD",".pad","9500","7B03FE4F3FBD6DA0AAE7D9416539C207BD401CE1BD2DD552D6A61E8FAA6B8914","PAD","PAD_METADATA_CANDIDATE","V1719_STYLE_METADATA_READER","Pad metadata candidate.","68","False","False","True","NO_BINARY_OUTPUT_METADATA_ONLY"
"USER09.PAD","E:\UAOS_OPEN_LIBRARY_SOURCE\pa3x\SUPER4X.3X ASLY2018.SET\SUPER4X.3X ASLY2018.SET\PAD\USER09.PAD",".pad","666","07F71AAF251FE9E3C3F698FDF37A929CE6DBB3FBFE520B884DC6ABC5F9179A1B","PAD","PAD_METADATA_CANDIDATE","V1719_STYLE_METADATA_READER","Pad metadata candidate.","68","False","False","True","NO_BINARY_OUTPUT_METADATA_ONLY"
"USER09.PAD","E:\UAOS_OPEN_LIBRARY_SOURCE\pa3x\omar44.SET\omar44.SET\PAD\USER09.PAD",".pad","9764","7779F71555C1AE5026CBCDCEF050C81C4127F54BD3378750DCDD381C86BDF56A","PAD","PAD_METADATA_CANDIDATE","V1719_STYLE_METADATA_READER","Pad metadata candidate.","68","False","False","True","NO_BINARY_OUTPUT_METADATA_ONLY"
"USER09.PAD","E:\UAOS_OPEN_LIBRARY_SOURCE\pa3x\a1111.SET\a1111.SET\PAD\USER09.PAD",".pad","26618","9B0589C291D33DA850783068086728709E29E46252B646746B2F538E65FEF61F","PAD","PAD_METADATA_CANDIDATE","V1719_STYLE_METADATA_READER","Pad metadata candidate.","68","False","False","True","NO_BINARY_OUTPUT_METADATA_ONLY"
"USER09.PAD","E:\UAOS_OPEN_LIBRARY_SOURCE\pa3x\RoTaNa(1) pa3x.SET\tareq pa3x.SET\PAD\USER09.PAD",".pad","12126","7AE1B3B8EE398A67C8CFAC639F38C051E28630D25835C6C59AE8F719BE7A32D9","PAD","PAD_METADATA_CANDIDATE","V1719_STYLE_METADATA_READER","Pad metadata candidate.","68","False","False","True","NO_BINARY_OUTPUT_METADATA_ONLY"
"USER10.PAD","E:\UAOS_OPEN_LIBRARY_SOURCE\pa3x\LIVE CHARKI 3 2.SET\LIVE CHARKI 3 2.SET\PAD\USER10.PAD",".pad","3667","537EAEB8EBE390046625CC45E444A807A546DE71BDF5051D56DF69FA804D7A52","PAD","PAD_METADATA_CANDIDATE","V1719_STYLE_METADATA_READER","Pad metadata candidate.","68","False","False","True","NO_BINARY_OUTPUT_METADATA_ONLY"
"USER10.PAD","E:\UAOS_OPEN_LIBRARY_SOURCE\pa3x\3xxxxx.SET\3xxxxx.SET\PAD\USER10.PAD",".pad","33247","C1E81D53EC51A8E20BCE9BD2A5AE1BA269F8FDC0BA053D65717B9A47D7C0A368","PAD","PAD_METADATA_CANDIDATE","V1719_STYLE_METADATA_READER","Pad metadata candidate.","68","False","False","True","NO_BINARY_OUTPUT_METADATA_ONLY"
"USER10.PAD","E:\UAOS_OPEN_LIBRARY_SOURCE\pa3x\ABOUD NEXT-MG.SET\ABOUD NEXT-MG.SET\PAD\USER10.PAD",".pad","18259","C815F308AB2D1D17478595D1A6BB224448622B37B53D0766214BCE6E53DA011D","PAD","PAD_METADATA_CANDIDATE","V1719_STYLE_METADATA_READER","Pad metadata candidate.","68","False","False","True","NO_BINARY_OUTPUT_METADATA_ONLY"
"USER10.PAD","E:\UAOS_OPEN_LIBRARY_SOURCE\pa3x\a1111.SET\a1111.SET\PAD\USER10.PAD",".pad","29048","F23F9E7B1F2CE974AE6769322932A47B824BDCE1DABE4763FC917D1C0BC6ED66","PAD","PAD_METADATA_CANDIDATE","V1719_STYLE_METADATA_READER","Pad metadata candidate.","68","False","False","True","NO_BINARY_OUTPUT_METADATA_ONLY"
"USER10.PAD","E:\UAOS_OPEN_LIBRARY_SOURCE\pa3x\‏‏RoTaNa(1) pa3x.SET - نسخة\tareq pa3x.SET\PAD\USER10.PAD",".pad","23171","91EA7CE226F7740BF03249F2CA5F4F675A45F6980454258D7E21EDD0210D0EC3","PAD","PAD_METADATA_CANDIDATE","V1719_STYLE_METADATA_READER","Pad metadata candidate.","68","False","False","True","NO_BINARY_OUTPUT_METADATA_ONLY"
"USER10.PAD","E:\UAOS_OPEN_LIBRARY_SOURCE\pa3x\SUPER4X.3X ASLY2018.SET\SUPER4X.3X ASLY2018.SET\PAD\USER10.PAD",".pad","661","6C14E1854A8E23CDBA92480CED63F3DB561B71C4C791AA2CFE961865DB74A3BB","PAD","PAD_METADATA_CANDIDATE","V1719_STYLE_METADATA_READER","Pad metadata candidate.","68","False","False","True","NO_BINARY_OUTPUT_METADATA_ONLY"
"USER10.PAD","E:\UAOS_OPEN_LIBRARY_SOURCE\pa3x\omar44.SET\omar44.SET\PAD\USER10.PAD",".pad","35750","585D75B5F5A071CDB487D6304E8B65E129F77200DAA923A6779DF734E2F7C45B","PAD","PAD_METADATA_CANDIDATE","V1719_STYLE_METADATA_READER","Pad metadata candidate.","68","False","False","True","NO_BINARY_OUTPUT_METADATA_ONLY"
"USER10.PAD","E:\UAOS_OPEN_LIBRARY_SOURCE\pa3x\rahm pa3x.SET\rahm pa3x.SET\PAD\USER10.PAD",".pad","5627","9A371AC7580B184703D920309865FF29C969D3A2EAFD453CBE6EFD2791B576B3","PAD","PAD_METADATA_CANDIDATE","V1719_STYLE_METADATA_READER","Pad metadata candidate.","68","False","False","True","NO_BINARY_OUTPUT_METADATA_ONLY"
"USER10.PAD","E:\UAOS_OPEN_LIBRARY_SOURCE\pa3x\RoTaNa(1) pa3x.SET\tareq pa3x.SET\PAD\USER10.PAD",".pad","23171","91EA7CE226F7740BF03249F2CA5F4F675A45F6980454258D7E21EDD0210D0EC3","PAD","PAD_METADATA_CANDIDATE","V1719_STYLE_METADATA_READER","Pad metadata candidate.","68","False","False","True","NO_BINARY_OUTPUT_METADATA_ONLY"
"USER10.PAD","E:\UAOS_OPEN_LIBRARY_SOURCE\pa3x\ROTANA. 2022.SET\ROTANA. 2022.SET\PAD\USER10.PAD",".pad","12201","0C3830D4543552B090478BDA11EE86ED063ED32A1C35944865868472F2EE836F","PAD","PAD_METADATA_CANDIDATE","V1719_STYLE_METADATA_READER","Pad metadata candidate.","68","False","False","True","NO_BINARY_OUTPUT_METADATA_ONLY"
"SETUP.GBL","E:\UAOS_OPEN_LIBRARY_SOURCE\pa3x\2020 pa1000 pa4x.SET\2020 pa1000 pa4x.SET\GLOBAL\SETUP.GBL",".gbl","7994","6829C922BA1140E92200FF729535E984E808EE2F46A261C0755A56D6E76C6E2A","SET_FOLDER_CONTEXT","LIBRARY_MAP_ONLY","MAP_SET_STRUCTURE","Inside SET folder context.","60","False","False","True","NO_BINARY_OUTPUT_METADATA_ONLY"
"SETUP.GBL","E:\UAOS_OPEN_LIBRARY_SOURCE\pa3x\rahm pa3x.SET\rahm pa3x.SET\GLOBAL\SETUP.GBL",".gbl","3322","9B0F032CA344AE36FF92E0426E8041BDB843562FC621665B5870757DC51BC092","SET_FOLDER_CONTEXT","LIBRARY_MAP_ONLY","MAP_SET_STRUCTURE","Inside SET folder context.","60","False","False","True","NO_BINARY_OUTPUT_METADATA_ONLY"
"SETUP.GBL","E:\UAOS_OPEN_LIBRARY_SOURCE\pa3x\RoTaNa(1) pa3x.SET\tareq pa3x.SET\GLOBAL\SETUP.GBL",".gbl","3357","25E057FABB32ECE41A0D26694F89826A83140CF8415EF76F26F27F6B0701E8AC","SET_FOLDER_CONTEXT","LIBRARY_MAP_ONLY","MAP_SET_STRUCTURE","Inside SET folder context.","60","False","False","True","NO_BINARY_OUTPUT_METADATA_ONLY"
"SETUP.GBL","E:\UAOS_OPEN_LIBRARY_SOURCE\pa3x\LIVE CHARKI 3 2.SET\LIVE CHARKI 3 2.SET\GLOBAL\SETUP.GBL",".gbl","9896","A03392B528ED268425A2CBF3D563D1F5AE941A1471A83567F67C6A3FB1AAED21","SET_FOLDER_CONTEXT","LIBRARY_MAP_ONLY","MAP_SET_STRUCTURE","Inside SET folder context.","60","False","False","True","NO_BINARY_OUTPUT_METADATA_ONLY"
"SETUP.GBL","E:\UAOS_OPEN_LIBRARY_SOURCE\pa3x\‏‏RoTaNa(1) pa3x.SET - نسخة\tareq pa3x.SET\GLOBAL\SETUP.GBL",".gbl","3357","25E057FABB32ECE41A0D26694F89826A83140CF8415EF76F26F27F6B0701E8AC","SET_FOLDER_CONTEXT","LIBRARY_MAP_ONLY","MAP_SET_STRUCTURE","Inside SET folder context.","60","False","False","True","NO_BINARY_OUTPUT_METADATA_ONLY"
"SETUP.GBL","E:\UAOS_OPEN_LIBRARY_SOURCE\pa3x\3xxxxx.SET\3xxxxx.SET\GLOBAL\SETUP.GBL",".gbl","3337","72F54E0775C8F406FD73C3462F5478FF9B07B1B12444A52A64FB2A3CD0B3EE80","SET_FOLDER_CONTEXT","LIBRARY_MAP_ONLY","MAP_SET_STRUCTURE","Inside SET folder context.","60","False","False","True","NO_BINARY_OUTPUT_METADATA_ONLY"
"SETUP.GBL","E:\UAOS_OPEN_LIBRARY_SOURCE\pa3x\ROTANA. 2022.SET\ROTANA. 2022.SET\GLOBAL\SETUP.GBL",".gbl","9858","4408B84602A8A5DD69C078AA0BDEF0535BD921FA95DF02C4564A2ADE9E4FE623","SET_FOLDER_CONTEXT","LIBRARY_MAP_ONLY","MAP_SET_STRUCTURE","Inside SET folder context.","60","False","False","True","NO_BINARY_OUTPUT_METADATA_ONLY"
"SETUP.GBL","E:\UAOS_OPEN_LIBRARY_SOURCE\pa3x\a1111.SET\a1111.SET\GLOBAL\SETUP.GBL",".gbl","9812","DB9F4AED18D5E9E6CDB1AFA72209A187D3C220FE31BECB443135CF2EAE191CB7","SET_FOLDER_CONTEXT","LIBRARY_MAP_ONLY","MAP_SET_STRUCTURE","Inside SET folder context.","60","False","False","True","NO_BINARY_OUTPUT_METADATA_ONLY"
"SETUP.GBL","E:\UAOS_OPEN_LIBRARY_SOURCE\pa3x\omar44.SET\omar44.SET\GLOBAL\SETUP.GBL",".gbl","8393","80F8E7F4EC9411772D50392F8B10231253E224985CD995EB98FD787CF2780311","SET_FOLDER_CONTEXT","LIBRARY_MAP_ONLY","MAP_SET_STRUCTURE","Inside SET folder context.","60","False","False","True","NO_BINARY_OUTPUT_METADATA_ONLY"
"MXPRESET.MXP","E:\UAOS_OPEN_LIBRARY_SOURCE\pa3x\‏‏RoTaNa(1) pa3x.SET - نسخة\tareq pa3x.SET\GLOBAL\MXPRESET.MXP",".mxp","989","E381D4E85878D68E8355C84CF0406D5A3E33C135AC4AD63E752DB87C0438C25E","SET_FOLDER_CONTEXT","LIBRARY_MAP_ONLY","MAP_SET_STRUCTURE","Inside SET folder context.","60","False","False","True","NO_BINARY_OUTPUT_METADATA_ONLY"
"MXPRESET.MXP","E:\UAOS_OPEN_LIBRARY_SOURCE\pa3x\rahm pa3x.SET\rahm pa3x.SET\GLOBAL\MXPRESET.MXP",".mxp","521","C1AC1DB046FDF4DB849575CA4F56894C439519151350587EA50BB36D1BCD731C","SET_FOLDER_CONTEXT","LIBRARY_MAP_ONLY","MAP_SET_STRUCTURE","Inside SET folder context.","60","False","False","True","NO_BINARY_OUTPUT_METADATA_ONLY"
"MXPRESET.MXP","E:\UAOS_OPEN_LIBRARY_SOURCE\pa3x\a1111.SET\a1111.SET\GLOBAL\MXPRESET.MXP",".mxp","637","0E0C4B20F0C5313798765AEE5DB24DF837C297C3F1596DA7909E1F4ECEC51B47","SET_FOLDER_CONTEXT","LIBRARY_MAP_ONLY","MAP_SET_STRUCTURE","Inside SET folder context.","60","False","False","True","NO_BINARY_OUTPUT_METADATA_ONLY"
"MXPRESET.MXP","E:\UAOS_OPEN_LIBRARY_SOURCE\pa3x\omar44.SET\omar44.SET\GLOBAL\MXPRESET.MXP",".mxp","506","C01CA9F29003CB92EE3124EEB80CF5922A16DA8204007859F3C6B65CAF951EC9","SET_FOLDER_CONTEXT","LIBRARY_MAP_ONLY","MAP_SET_STRUCTURE","Inside SET folder context.","60","False","False","True","NO_BINARY_OUTPUT_METADATA_ONLY"
"MXPRESET.MXP","E:\UAOS_OPEN_LIBRARY_SOURCE\pa3x\RoTaNa(1) pa3x.SET\tareq pa3x.SET\GLOBAL\MXPRESET.MXP",".mxp","989","E381D4E85878D68E8355C84CF0406D5A3E33C135AC4AD63E752DB87C0438C25E","SET_FOLDER_CONTEXT","LIBRARY_MAP_ONLY","MAP_SET_STRUCTURE","Inside SET folder context.","60","False","False","True","NO_BINARY_OUTPUT_METADATA_ONLY"
"MXPRESET.MXP","E:\UAOS_OPEN_LIBRARY_SOURCE\pa3x\3xxxxx.SET\3xxxxx.SET\GLOBAL\MXPRESET.MXP",".mxp","992","9C3C13BDA251FE6C4D893220E3430004B80C6D687DBDF9FA04AEE828F1CAF7FF","SET_FOLDER_CONTEXT","LIBRARY_MAP_ONLY","MAP_SET_STRUCTURE","Inside SET folder context.","60","False","False","True","NO_BINARY_OUTPUT_METADATA_ONLY"
"MXPRESET.MXP","E:\UAOS_OPEN_LIBRARY_SOURCE\pa3x\ROTANA. 2022.SET\ROTANA. 2022.SET\GLOBAL\MXPRESET.MXP",".mxp","3475","2CD0CCC541062E29BF7F9C0036E0EBD74A913095019C8BAD907934847605ECF8","SET_FOLDER_CONTEXT","LIBRARY_MAP_ONLY","MAP_SET_STRUCTURE","Inside SET folder context.","60","False","False","True","NO_BINARY_OUTPUT_METADATA_ONLY"
"BANK01.SBD","E:\UAOS_OPEN_LIBRARY_SOURCE\pa3x\ROTANA. 2022.SET\ROTANA. 2022.SET\SONGBOOK\SONGDB.SBD\BANK01.SBD",".sbd","90294","E104DD80AB72EFD1D87B971C74F05B86C9A401013B2B4B207B73DE5E54C79ED1","SET_FOLDER_CONTEXT","LIBRARY_MAP_ONLY","MAP_SET_STRUCTURE","Inside SET folder context.","60","False","False","True","NO_BINARY_OUTPUT_METADATA_ONLY"
"BANK01.SBD","E:\UAOS_OPEN_LIBRARY_SOURCE\pa3x\omar44.SET\omar44.SET\SONGBOOK\SONGDB.SBD\BANK01.SBD",".sbd","90294","E104DD80AB72EFD1D87B971C74F05B86C9A401013B2B4B207B73DE5E54C79ED1","SET_FOLDER_CONTEXT","LIBRARY_MAP_ONLY","MAP_SET_STRUCTURE","Inside SET folder context.","60","False","False","True","NO_BINARY_OUTPUT_METADATA_ONLY"
"BANK01.SBD","E:\UAOS_OPEN_LIBRARY_SOURCE\pa3x\‏‏RoTaNa(1) pa3x.SET - نسخة\tareq pa3x.SET\SONGBOOK\SONGDB.SBD\BANK01.SBD",".sbd","72770","2B6C7D9878787360089A04302EA7D3D06D382CDE19EF9BDB3800C8688C3E9DCE","SET_FOLDER_CONTEXT","LIBRARY_MAP_ONLY","MAP_SET_STRUCTURE","Inside SET folder context.","60","False","False","True","NO_BINARY_OUTPUT_METADATA_ONLY"
"BANK01.SBD","E:\UAOS_OPEN_LIBRARY_SOURCE\pa3x\ABOUD NEXT-MG.SET\ABOUD NEXT-MG.SET\SONGBOOK\SONGDB.SBD\BANK01.SBD",".sbd","63822","060597910C06AC7FEBD3E0166EBAC4FB9BE6FECB525FFC587A18559A21931250","SET_FOLDER_CONTEXT","LIBRARY_MAP_ONLY","MAP_SET_STRUCTURE","Inside SET folder context.","60","False","False","True","NO_BINARY_OUTPUT_METADATA_ONLY"
"BANK01.SBD","E:\UAOS_OPEN_LIBRARY_SOURCE\pa3x\LIVE CHARKI 3 2.SET\LIVE CHARKI 3 2.SET\SONGBOOK\SONGDB.SBD\BANK01.SBD",".sbd","93659","1126CDD16C062C61D2CDC5E5684B629923A058318232F40BBC65E85F3E2BB207","SET_FOLDER_CONTEXT","LIBRARY_MAP_ONLY","MAP_SET_STRUCTURE","Inside SET folder context.","60","False","False","True","NO_BINARY_OUTPUT_METADATA_ONLY"
"BANK01.SBD","E:\UAOS_OPEN_LIBRARY_SOURCE\pa3x\3xxxxx.SET\3xxxxx.SET\SONGBOOK\SONGDB.SBD\BANK01.SBD",".sbd","46514","7022AC3B8174D98B86419BD63FA57CAB37E242E6991B9EE0B772A8035789DB53","SET_FOLDER_CONTEXT","LIBRARY_MAP_ONLY","MAP_SET_STRUCTURE","Inside SET folder context.","60","False","False","True","NO_BINARY_OUTPUT_METADATA_ONLY"
"BANK01.SBD","E:\UAOS_OPEN_LIBRARY_SOURCE\pa3x\RoTaNa(1) pa3x.SET\tareq pa3x.SET\SONGBOOK\SONGDB.SBD\BANK01.SBD",".sbd","72770","2B6C7D9878787360089A04302EA7D3D06D382CDE19EF9BDB3800C8688C3E9DCE","SET_FOLDER_CONTEXT","LIBRARY_MAP_ONLY","MAP_SET_STRUCTURE","Inside SET folder context.","60","False","False","True","NO_BINARY_OUTPUT_METADATA_ONLY"
"BANK01.SBD","E:\UAOS_OPEN_LIBRARY_SOURCE\pa3x\rahm pa3x.SET\rahm pa3x.SET\SONGBOOK\SONGDB.SBD\BANK01.SBD",".sbd","46514","7022AC3B8174D98B86419BD63FA57CAB37E242E6991B9EE0B772A8035789DB53","SET_FOLDER_CONTEXT","LIBRARY_MAP_ONLY","MAP_SET_STRUCTURE","Inside SET folder context.","60","False","False","True","NO_BINARY_OUTPUT_METADATA_ONLY"
"BANK01.SBD","E:\UAOS_OPEN_LIBRARY_SOURCE\pa3x\2020 pa1000 pa4x.SET\2020 pa1000 pa4x.SET\SONGBOOK\SONGDB.SBD\BANK01.SBD",".sbd","75836","6800DBE2C55D130F5A9162C7F84AF5BAB24EA289409F8BD2B41B1DBB202EFCCC","SET_FOLDER_CONTEXT","LIBRARY_MAP_ONLY","MAP_SET_STRUCTURE","Inside SET folder context.","60","False","False","True","NO_BINARY_OUTPUT_METADATA_ONLY"
"BANK01.SBD","E:\UAOS_OPEN_LIBRARY_SOURCE\pa3x\a1111.SET\a1111.SET\SONGBOOK\SONGDB.SBD\BANK01.SBD",".sbd","96600","A817680C1A82472AE7769CC21CBD901C458F785B05D098FF390150538CE745F8","SET_FOLDER_CONTEXT","LIBRARY_MAP_ONLY","MAP_SET_STRUCTURE","Inside SET folder context.","60","False","False","True","NO_BINARY_OUTPUT_METADATA_ONLY"
"BANK02.SBD","E:\UAOS_OPEN_LIBRARY_SOURCE\pa3x\a1111.SET\a1111.SET\SONGBOOK\SONGDB.SBD\BANK02.SBD",".sbd","97526","403EAC7A2736AC1F0DC87F8660C756D894D77030D1542536142D32F9C8FF3E23","SET_FOLDER_CONTEXT","LIBRARY_MAP_ONLY","MAP_SET_STRUCTURE","Inside SET folder context.","60","False","False","True","NO_BINARY_OUTPUT_METADATA_ONLY"
"BANK02.SBD","E:\UAOS_OPEN_LIBRARY_SOURCE\pa3x\3xxxxx.SET\3xxxxx.SET\SONGBOOK\SONGDB.SBD\BANK02.SBD",".sbd","47582","0EAC12193874DDE7805C4F28544C78711D4F0CC6A9EB115AA0DB89DB22E8DE74","SET_FOLDER_CONTEXT","LIBRARY_MAP_ONLY","MAP_SET_STRUCTURE","Inside SET folder context.","60","False","False","True","NO_BINARY_OUTPUT_METADATA_ONLY"
"BANK02.SBD","E:\UAOS_OPEN_LIBRARY_SOURCE\pa3x\‏‏RoTaNa(1) pa3x.SET - نسخة\tareq pa3x.SET\SONGBOOK\SONGDB.SBD\BANK02.SBD",".sbd","73904","AE57883B9D7C75440A981A0485E043AA01D01B021B313EFC047FE4B6F97BC5FA","SET_FOLDER_CONTEXT","LIBRARY_MAP_ONLY","MAP_SET_STRUCTURE","Inside SET folder context.","60","False","False","True","NO_BINARY_OUTPUT_METADATA_ONLY"
"BANK02.SBD","E:\UAOS_OPEN_LIBRARY_SOURCE\pa3x\ROTANA. 2022.SET\ROTANA. 2022.SET\SONGBOOK\SONGDB.SBD\BANK02.SBD",".sbd","86683","76D6E991FBF3AC51B2B0E20A9742763A7117B6B89CD9FB05BD279D8025B1FBA9","SET_FOLDER_CONTEXT","LIBRARY_MAP_ONLY","MAP_SET_STRUCTURE","Inside SET folder context.","60","False","False","True","NO_BINARY_OUTPUT_METADATA_ONLY"
"BANK02.SBD","E:\UAOS_OPEN_LIBRARY_SOURCE\pa3x\rahm pa3x.SET\rahm pa3x.SET\SONGBOOK\SONGDB.SBD\BANK02.SBD",".sbd","47582","0EAC12193874DDE7805C4F28544C78711D4F0CC6A9EB115AA0DB89DB22E8DE74","SET_FOLDER_CONTEXT","LIBRARY_MAP_ONLY","MAP_SET_STRUCTURE","Inside SET folder context.","60","False","False","True","NO_BINARY_OUTPUT_METADATA_ONLY"
"BANK02.SBD","E:\UAOS_OPEN_LIBRARY_SOURCE\pa3x\2020 pa1000 pa4x.SET\2020 pa1000 pa4x.SET\SONGBOOK\SONGDB.SBD\BANK02.SBD",".sbd","74843","8032D7590DA2FEC136E175B3AD3EA931C26679AC93C2CD567B654AAA03B755FB","SET_FOLDER_CONTEXT","LIBRARY_MAP_ONLY","MAP_SET_STRUCTURE","Inside SET folder context.","60","False","False","True","NO_BINARY_OUTPUT_METADATA_ONLY"
"BANK02.SBD","E:\UAOS_OPEN_LIBRARY_SOURCE\pa3x\RoTaNa(1) pa3x.SET\tareq pa3x.SET\SONGBOOK\SONGDB.SBD\BANK02.SBD",".sbd","73904","AE57883B9D7C75440A981A0485E043AA01D01B021B313EFC047FE4B6F97BC5FA","SET_FOLDER_CONTEXT","LIBRARY_MAP_ONLY","MAP_SET_STRUCTURE","Inside SET folder context.","60","False","False","True","NO_BINARY_OUTPUT_METADATA_ONLY"
"BANK02.SBD","E:\UAOS_OPEN_LIBRARY_SOURCE\pa3x\LIVE CHARKI 3 2.SET\LIVE CHARKI 3 2.SET\SONGBOOK\SONGDB.SBD\BANK02.SBD",".sbd","79708","D02FEE17971E1B01BF2597F611BB6425FC1A5DA0CC119D681248852A53285119","SET_FOLDER_CONTEXT","LIBRARY_MAP_ONLY","MAP_SET_STRUCTURE","Inside SET folder context.","60","False","False","True","NO_BINARY_OUTPUT_METADATA_ONLY"
"BANK02.SBD","E:\UAOS_OPEN_LIBRARY_SOURCE\pa3x\omar44.SET\omar44.SET\SONGBOOK\SONGDB.SBD\BANK02.SBD",".sbd","88410","43B95B94B360372C2B71E1D3FCA793716FE16647AFD6E211D04107FD6DC31C86","SET_FOLDER_CONTEXT","LIBRARY_MAP_ONLY","MAP_SET_STRUCTURE","Inside SET folder context.","60","False","False","True","NO_BINARY_OUTPUT_METADATA_ONLY"
"BANK02.SBD","E:\UAOS_OPEN_LIBRARY_SOURCE\pa3x\ABOUD NEXT-MG.SET\ABOUD NEXT-MG.SET\SONGBOOK\SONGDB.SBD\BANK02.SBD",".sbd","70570","F02F826A735DD9B8A38FE6F458F38C3D36DE1FF890D55681614BC6DC15B209F8","SET_FOLDER_CONTEXT","LIBRARY_MAP_ONLY","MAP_SET_STRUCTURE","Inside SET folder context.","60","False","False","True","NO_BINARY_OUTPUT_METADATA_ONLY"
"BANK03.SBD","E:\UAOS_OPEN_LIBRARY_SOURCE\pa3x\‏‏RoTaNa(1) pa3x.SET - نسخة\tareq pa3x.SET\SONGBOOK\SONGDB.SBD\BANK03.SBD",".sbd","73733","ADBD9ABAE7612ABD8DE6CA0163E8C16B0DF3EE77D678538900EDD384717F744A","SET_FOLDER_CONTEXT","LIBRARY_MAP_ONLY","MAP_SET_STRUCTURE","Inside SET folder context.","60","False","False","True","NO_BINARY_OUTPUT_METADATA_ONLY"
"BANK03.SBD","E:\UAOS_OPEN_LIBRARY_SOURCE\pa3x\3xxxxx.SET\3xxxxx.SET\SONGBOOK\SONGDB.SBD\BANK03.SBD",".sbd","47913","B2AA0B2366DFECEC0279F9FA90BA7B504320BCA9E076294ADF31C7A7D77305C8","SET_FOLDER_CONTEXT","LIBRARY_MAP_ONLY","MAP_SET_STRUCTURE","Inside SET folder context.","60","False","False","True","NO_BINARY_OUTPUT_METADATA_ONLY"
"BANK03.SBD","E:\UAOS_OPEN_LIBRARY_SOURCE\pa3x\a1111.SET\a1111.SET\SONGBOOK\SONGDB.SBD\BANK03.SBD",".sbd","97668","BC5072F5726FC5C47506F5E3B7644E77FBE083A8791A9AEC416BC9B19B01F111","SET_FOLDER_CONTEXT","LIBRARY_MAP_ONLY","MAP_SET_STRUCTURE","Inside SET folder context.","60","False","False","True","NO_BINARY_OUTPUT_METADATA_ONLY"
"BANK03.SBD","E:\UAOS_OPEN_LIBRARY_SOURCE\pa3x\ROTANA. 2022.SET\ROTANA. 2022.SET\SONGBOOK\SONGDB.SBD\BANK03.SBD",".sbd","88721","D773BA8437CFCD6687AC78F50A3228C5D0583367EA22A1BDBAA185AA928593AB","SET_FOLDER_CONTEXT","LIBRARY_MAP_ONLY","MAP_SET_STRUCTURE","Inside SET folder context.","60","False","False","True","NO_BINARY_OUTPUT_METADATA_ONLY"
"BANK03.SBD","E:\UAOS_OPEN_LIBRARY_SOURCE\pa3x\omar44.SET\omar44.SET\SONGBOOK\SONGDB.SBD\BANK03.SBD",".sbd","88721","D773BA8437CFCD6687AC78F50A3228C5D0583367EA22A1BDBAA185AA928593AB","SET_FOLDER_CONTEXT","LIBRARY_MAP_ONLY","MAP_SET_STRUCTURE","Inside SET folder context.","60","False","False","True","NO_BINARY_OUTPUT_METADATA_ONLY"
"BANK03.SBD","E:\UAOS_OPEN_LIBRARY_SOURCE\pa3x\LIVE CHARKI 3 2.SET\LIVE CHARKI 3 2.SET\SONGBOOK\SONGDB.SBD\BANK03.SBD",".sbd","76265","F30C511D07A7AB3264746465849C9BADC22890F5EE8D2030D0E9CF11F0E0013F","SET_FOLDER_CONTEXT","LIBRARY_MAP_ONLY","MAP_SET_STRUCTURE","Inside SET folder context.","60","False","False","True","NO_BINARY_OUTPUT_METADATA_ONLY"
"BANK03.SBD","E:\UAOS_OPEN_LIBRARY_SOURCE\pa3x\RoTaNa(1) pa3x.SET\tareq pa3x.SET\SONGBOOK\SONGDB.SBD\BANK03.SBD",".sbd","73733","ADBD9ABAE7612ABD8DE6CA0163E8C16B0DF3EE77D678538900EDD384717F744A","SET_FOLDER_CONTEXT","LIBRARY_MAP_ONLY","MAP_SET_STRUCTURE","Inside SET folder context.","60","False","False","True","NO_BINARY_OUTPUT_METADATA_ONLY"
"BANK03.SBD","E:\UAOS_OPEN_LIBRARY_SOURCE\pa3x\ABOUD NEXT-MG.SET\ABOUD NEXT-MG.SET\SONGBOOK\SONGDB.SBD\BANK03.SBD",".sbd","65427","95487A00AF065CA89F1FD2AC0EF80A9F1C3D905FFB3EDF2C04AECB775045C612","SET_FOLDER_CONTEXT","LIBRARY_MAP_ONLY","MAP_SET_STRUCTURE","Inside SET folder context.","60","False","False","True","NO_BINARY_OUTPUT_METADATA_ONLY"
"BANK03.SBD","E:\UAOS_OPEN_LIBRARY_SOURCE\pa3x\2020 pa1000 pa4x.SET\2020 pa1000 pa4x.SET\SONGBOOK\SONGDB.SBD\BANK03.SBD",".sbd","73954","B9292480B60D9D14C3BACDC1B76DF0DC233B532CCF585883CEBC8C775E22AA00","SET_FOLDER_CONTEXT","LIBRARY_MAP_ONLY","MAP_SET_STRUCTURE","Inside SET folder context.","60","False","False","True","NO_BINARY_OUTPUT_METADATA_ONLY"
"BANK03.SBD","E:\UAOS_OPEN_LIBRARY_SOURCE\pa3x\rahm pa3x.SET\rahm pa3x.SET\SONGBOOK\SONGDB.SBD\BANK03.SBD",".sbd","47913","B2AA0B2366DFECEC0279F9FA90BA7B504320BCA9E076294ADF31C7A7D77305C8","SET_FOLDER_CONTEXT","LIBRARY_MAP_ONLY","MAP_SET_STRUCTURE","Inside SET folder context.","60","False","False","True","NO_BINARY_OUTPUT_METADATA_ONLY"
"BANK04.SBD","E:\UAOS_OPEN_LIBRARY_SOURCE\pa3x\ABOUD NEXT-MG.SET\ABOUD NEXT-MG.SET\SONGBOOK\SONGDB.SBD\BANK04.SBD",".sbd","63882","8C3126805A75C42C81BFD0427035995E74F88DD22AA5C94669657426215A7045","SET_FOLDER_CONTEXT","LIBRARY_MAP_ONLY","MAP_SET_STRUCTURE","Inside SET folder context.","60","False","False","True","NO_BINARY_OUTPUT_METADATA_ONLY"
"BANK04.SBD","E:\UAOS_OPEN_LIBRARY_SOURCE\pa3x\‏‏RoTaNa(1) pa3x.SET - نسخة\tareq pa3x.SET\SONGBOOK\SONGDB.SBD\BANK04.SBD",".sbd","75193","D06DEFB218D946BFB3A31019837969BC3725097E95ACFD23888B1110D82DB973","SET_FOLDER_CONTEXT","LIBRARY_MAP_ONLY","MAP_SET_STRUCTURE","Inside SET folder context.","60","False","False","True","NO_BINARY_OUTPUT_METADATA_ONLY"
"BANK04.SBD","E:\UAOS_OPEN_LIBRARY_SOURCE\pa3x\3xxxxx.SET\3xxxxx.SET\SONGBOOK\SONGDB.SBD\BANK04.SBD",".sbd","47200","5E2F55D6D44C2991B53A22F7EE5C50DA2CE62DC836211EF20DD36824DFFF9A8F","SET_FOLDER_CONTEXT","LIBRARY_MAP_ONLY","MAP_SET_STRUCTURE","Inside SET folder context.","60","False","False","True","NO_BINARY_OUTPUT_METADATA_ONLY"
"BANK04.SBD","E:\UAOS_OPEN_LIBRARY_SOURCE\pa3x\LIVE CHARKI 3 2.SET\LIVE CHARKI 3 2.SET\SONGBOOK\SONGDB.SBD\BANK04.SBD",".sbd","77737","D2D39D46010DC056A514D436BCC5E3230B1E5B067EED6849C32C36D6BF5D6251","SET_FOLDER_CONTEXT","LIBRARY_MAP_ONLY","MAP_SET_STRUCTURE","Inside SET folder context.","60","False","False","True","NO_BINARY_OUTPUT_METADATA_ONLY"
"BANK04.SBD","E:\UAOS_OPEN_LIBRARY_SOURCE\pa3x\RoTaNa(1) pa3x.SET\tareq pa3x.SET\SONGBOOK\SONGDB.SBD\BANK04.SBD",".sbd","75193","D06DEFB218D946BFB3A31019837969BC3725097E95ACFD23888B1110D82DB973","SET_FOLDER_CONTEXT","LIBRARY_MAP_ONLY","MAP_SET_STRUCTURE","Inside SET folder context.","60","False","False","True","NO_BINARY_OUTPUT_METADATA_ONLY"
"BANK04.SBD","E:\UAOS_OPEN_LIBRARY_SOURCE\pa3x\2020 pa1000 pa4x.SET\2020 pa1000 pa4x.SET\SONGBOOK\SONGDB.SBD\BANK04.SBD",".sbd","75796","DE309D8770701A5A8BE0A648A53BA148F84EED67135739A00CE5282375AEE688","SET_FOLDER_CONTEXT","LIBRARY_MAP_ONLY","MAP_SET_STRUCTURE","Inside SET folder context.","60","False","False","True","NO_BINARY_OUTPUT_METADATA_ONLY"
"BANK04.SBD","E:\UAOS_OPEN_LIBRARY_SOURCE\pa3x\ROTANA. 2022.SET\ROTANA. 2022.SET\SONGBOOK\SONGDB.SBD\BANK04.SBD",".sbd","89757","71E930AC8D323C09C68E5843E909BB69EBF218B3F64DD85FE51A1779D2235926","SET_FOLDER_CONTEXT","LIBRARY_MAP_ONLY","MAP_SET_STRUCTURE","Inside SET folder context.","60","False","False","True","NO_BINARY_OUTPUT_METADATA_ONLY"
"BANK04.SBD","E:\UAOS_OPEN_LIBRARY_SOURCE\pa3x\rahm pa3x.SET\rahm pa3x.SET\SONGBOOK\SONGDB.SBD\BANK04.SBD",".sbd","47200","5E2F55D6D44C2991B53A22F7EE5C50DA2CE62DC836211EF20DD36824DFFF9A8F","SET_FOLDER_CONTEXT","LIBRARY_MAP_ONLY","MAP_SET_STRUCTURE","Inside SET folder context.","60","False","False","True","NO_BINARY_OUTPUT_METADATA_ONLY"
"BANK04.SBD","E:\UAOS_OPEN_LIBRARY_SOURCE\pa3x\omar44.SET\omar44.SET\SONGBOOK\SONGDB.SBD\BANK04.SBD",".sbd","89757","71E930AC8D323C09C68E5843E909BB69EBF218B3F64DD85FE51A1779D2235926","SET_FOLDER_CONTEXT","LIBRARY_MAP_ONLY","MAP_SET_STRUCTURE","Inside SET folder context.","60","False","False","True","NO_BINARY_OUTPUT_METADATA_ONLY"
"BANK04.SBD","E:\UAOS_OPEN_LIBRARY_SOURCE\pa3x\a1111.SET\a1111.SET\SONGBOOK\SONGDB.SBD\BANK04.SBD",".sbd","98683","EBB96D602E69E6204174206F6182469C685E49DB4456B3EC8BF39F6C654CCD3C","SET_FOLDER_CONTEXT","LIBRARY_MAP_ONLY","MAP_SET_STRUCTURE","Inside SET folder context.","60","False","False","True","NO_BINARY_OUTPUT_METADATA_ONLY"
"BANK05.SBD","E:\UAOS_OPEN_LIBRARY_SOURCE\pa3x\2020 pa1000 pa4x.SET\2020 pa1000 pa4x.SET\SONGBOOK\SONGDB.SBD\BANK05.SBD",".sbd","75073","5A878D97365D2FC097BEBA72DDCF38A6C7D3AEB40F643708DCB3E4831842F85B","SET_FOLDER_CONTEXT","LIBRARY_MAP_ONLY","MAP_SET_STRUCTURE","Inside SET folder context.","60","False","False","True","NO_BINARY_OUTPUT_METADATA_ONLY"
"BANK05.SBD","E:\UAOS_OPEN_LIBRARY_SOURCE\pa3x\3xxxxx.SET\3xxxxx.SET\SONGBOOK\SONGDB.SBD\BANK05.SBD",".sbd","46636","B22C9BDEBC60ED362737E38E2326625B5E7CA28E9CD99CCE34DEEEE43CA9EE80","SET_FOLDER_CONTEXT","LIBRARY_MAP_ONLY","MAP_SET_STRUCTURE","Inside SET folder context.","60","False","False","True","NO_BINARY_OUTPUT_METADATA_ONLY"
"BANK05.SBD","E:\UAOS_OPEN_LIBRARY_SOURCE\pa3x\LIVE CHARKI 3 2.SET\LIVE CHARKI 3 2.SET\SONGBOOK\SONGDB.SBD\BANK05.SBD",".sbd","41717","303D5718841067F6D1AC53BA876A28E913DE7BCF3F3AB453689050040AECB376","SET_FOLDER_CONTEXT","LIBRARY_MAP_ONLY","MAP_SET_STRUCTURE","Inside SET folder context.","60","False","False","True","NO_BINARY_OUTPUT_METADATA_ONLY"
"BANK05.SBD","E:\UAOS_OPEN_LIBRARY_SOURCE\pa3x\rahm pa3x.SET\rahm pa3x.SET\SONGBOOK\SONGDB.SBD\BANK05.SBD",".sbd","46636","B22C9BDEBC60ED362737E38E2326625B5E7CA28E9CD99CCE34DEEEE43CA9EE80","SET_FOLDER_CONTEXT","LIBRARY_MAP_ONLY","MAP_SET_STRUCTURE","Inside SET folder context.","60","False","False","True","NO_BINARY_OUTPUT_METADATA_ONLY"
"BANK05.SBD","E:\UAOS_OPEN_LIBRARY_SOURCE\pa3x\omar44.SET\omar44.SET\SONGBOOK\SONGDB.SBD\BANK05.SBD",".sbd","89700","7A4FC050CD61A0610C68FD79E19C86CDE3919E1F0428E04483D748331892FD68","SET_FOLDER_CONTEXT","LIBRARY_MAP_ONLY","MAP_SET_STRUCTURE","Inside SET folder context.","60","False","False","True","NO_BINARY_OUTPUT_METADATA_ONLY"
"BANK05.SBD","E:\UAOS_OPEN_LIBRARY_SOURCE\pa3x\a1111.SET\a1111.SET\SONGBOOK\SONGDB.SBD\BANK05.SBD",".sbd","97987","B01A55CECA9C345A67E5322FFF2C4F4E94C6A511FBCA7DDAF53D4899321A7049","SET_FOLDER_CONTEXT","LIBRARY_MAP_ONLY","MAP_SET_STRUCTURE","Inside SET folder context.","60","False","False","True","NO_BINARY_OUTPUT_METADATA_ONLY"
"BANK05.SBD","E:\UAOS_OPEN_LIBRARY_SOURCE\pa3x\ROTANA. 2022.SET\ROTANA. 2022.SET\SONGBOOK\SONGDB.SBD\BANK05.SBD",".sbd","89700","7A4FC050CD61A0610C68FD79E19C86CDE3919E1F0428E04483D748331892FD68","SET_FOLDER_CONTEXT","LIBRARY_MAP_ONLY","MAP_SET_STRUCTURE","Inside SET folder context.","60","False","False","True","NO_BINARY_OUTPUT_METADATA_ONLY"
"BANK05.SBD","E:\UAOS_OPEN_LIBRARY_SOURCE\pa3x\ABOUD NEXT-MG.SET\ABOUD NEXT-MG.SET\SONGBOOK\SONGDB.SBD\BANK05.SBD",".sbd","65007","BBE719CF8B6DD57CF1CB7C2E350B643B6509C505B41FCDCDF922BF216341EC2C","SET_FOLDER_CONTEXT","LIBRARY_MAP_ONLY","MAP_SET_STRUCTURE","Inside SET folder context.","60","False","False","True","NO_BINARY_OUTPUT_METADATA_ONLY"
"BANK06.SBD","E:\UAOS_OPEN_LIBRARY_SOURCE\pa3x\rahm pa3x.SET\rahm pa3x.SET\SONGBOOK\SONGDB.SBD\BANK06.SBD",".sbd","51534","A1152AFC2AE4BAE998397866178D36149B4471C5ADCB44E94804EE733CF62EBF","SET_FOLDER_CONTEXT","LIBRARY_MAP_ONLY","MAP_SET_STRUCTURE","Inside SET folder context.","60","False","False","True","NO_BINARY_OUTPUT_METADATA_ONLY"
"BANK06.SBD","E:\UAOS_OPEN_LIBRARY_SOURCE\pa3x\3xxxxx.SET\3xxxxx.SET\SONGBOOK\SONGDB.SBD\BANK06.SBD",".sbd","51534","A1152AFC2AE4BAE998397866178D36149B4471C5ADCB44E94804EE733CF62EBF","SET_FOLDER_CONTEXT","LIBRARY_MAP_ONLY","MAP_SET_STRUCTURE","Inside SET folder context.","60","False","False","True","NO_BINARY_OUTPUT_METADATA_ONLY"
"BANK06.SBD","E:\UAOS_OPEN_LIBRARY_SOURCE\pa3x\2020 pa1000 pa4x.SET\2020 pa1000 pa4x.SET\SONGBOOK\SONGDB.SBD\BANK06.SBD",".sbd","75014","055B82FE2F6312038CC7DC654960D419AB04B3F9E05170DE2315B611392AEADB","SET_FOLDER_CONTEXT","LIBRARY_MAP_ONLY","MAP_SET_STRUCTURE","Inside SET folder context.","60","False","False","True","NO_BINARY_OUTPUT_METADATA_ONLY"
"BANK06.SBD","E:\UAOS_OPEN_LIBRARY_SOURCE\pa3x\ROTANA. 2022.SET\ROTANA. 2022.SET\SONGBOOK\SONGDB.SBD\BANK06.SBD",".sbd","91193","1661012A47BA74622AB76FA7F82F2C0F26EEEE0733CF7DC35CC461030A859D7D","SET_FOLDER_CONTEXT","LIBRARY_MAP_ONLY","MAP_SET_STRUCTURE","Inside SET folder context.","60","False","False","True","NO_BINARY_OUTPUT_METADATA_ONLY"
"BANK06.SBD","E:\UAOS_OPEN_LIBRARY_SOURCE\pa3x\a1111.SET\a1111.SET\SONGBOOK\SONGDB.SBD\BANK06.SBD",".sbd","98887","AEA2D7C40E721A6123484377B7F7ADA5C8A202B264DC9490FFE19D6D2C2F7B17","SET_FOLDER_CONTEXT","LIBRARY_MAP_ONLY","MAP_SET_STRUCTURE","Inside SET folder context.","60","False","False","True","NO_BINARY_OUTPUT_METADATA_ONLY"
"BANK06.SBD","E:\UAOS_OPEN_LIBRARY_SOURCE\pa3x\LIVE CHARKI 3 2.SET\LIVE CHARKI 3 2.SET\SONGBOOK\SONGDB.SBD\BANK06.SBD",".sbd","62462","552F85DA51F7E3263F296C6E1BB073757FAA31F550320DACCB7EF415173DB02E","SET_FOLDER_CONTEXT","LIBRARY_MAP_ONLY","MAP_SET_STRUCTURE","Inside SET folder context.","60","False","False","True","NO_BINARY_OUTPUT_METADATA_ONLY"
"BANK06.SBD","E:\UAOS_OPEN_LIBRARY_SOURCE\pa3x\omar44.SET\omar44.SET\SONGBOOK\SONGDB.SBD\BANK06.SBD",".sbd","91193","1661012A47BA74622AB76FA7F82F2C0F26EEEE0733CF7DC35CC461030A859D7D","SET_FOLDER_CONTEXT","LIBRARY_MAP_ONLY","MAP_SET_STRUCTURE","Inside SET folder context.","60","False","False","True","NO_BINARY_OUTPUT_METADATA_ONLY"
"BANK06.SBD","E:\UAOS_OPEN_LIBRARY_SOURCE\pa3x\ABOUD NEXT-MG.SET\ABOUD NEXT-MG.SET\SONGBOOK\SONGDB.SBD\BANK06.SBD",".sbd","65628","6AAE232DC057C4870AF09591BC986465275A5777A385BB54075FF366E0BAF889","SET_FOLDER_CONTEXT","LIBRARY_MAP_ONLY","MAP_SET_STRUCTURE","Inside SET folder context.","60","False","False","True","NO_BINARY_OUTPUT_METADATA_ONLY"
"BANK07.SBD","E:\UAOS_OPEN_LIBRARY_SOURCE\pa3x\ABOUD NEXT-MG.SET\ABOUD NEXT-MG.SET\SONGBOOK\SONGDB.SBD\BANK07.SBD",".sbd","15231","5CFF2829A7542685A40D84ABDDDE9BD6E303A745E0990203BF496996C7B344AE","SET_FOLDER_CONTEXT","LIBRARY_MAP_ONLY","MAP_SET_STRUCTURE","Inside SET folder context.","60","False","False","True","NO_BINARY_OUTPUT_METADATA_ONLY"
"BANK07.SBD","E:\UAOS_OPEN_LIBRARY_SOURCE\pa3x\2020 pa1000 pa4x.SET\2020 pa1000 pa4x.SET\SONGBOOK\SONGDB.SBD\BANK07.SBD",".sbd","74822","8D54B66E20CDE64D8EC435A1C68279BB78930EE7B939BC96CD883A8402B99311","SET_FOLDER_CONTEXT","LIBRARY_MAP_ONLY","MAP_SET_STRUCTURE","Inside SET folder context.","60","False","False","True","NO_BINARY_OUTPUT_METADATA_ONLY"
"BANK07.SBD","E:\UAOS_OPEN_LIBRARY_SOURCE\pa3x\ROTANA. 2022.SET\ROTANA. 2022.SET\SONGBOOK\SONGDB.SBD\BANK07.SBD",".sbd","90365","60504EF8CCC4519A53691451041C22A4E15DA4F2D10FA8C79F405453C10959C9","SET_FOLDER_CONTEXT","LIBRARY_MAP_ONLY","MAP_SET_STRUCTURE","Inside SET folder context.","60","False","False","True","NO_BINARY_OUTPUT_METADATA_ONLY"
"BANK07.SBD","E:\UAOS_OPEN_LIBRARY_SOURCE\pa3x\rahm pa3x.SET\rahm pa3x.SET\SONGBOOK\SONGDB.SBD\BANK07.SBD",".sbd","2557","1B90BEDFF70A55B59C918BB1EE608D33F42798F7EE077FE22E1FF23C40CBA390","SET_FOLDER_CONTEXT","LIBRARY_MAP_ONLY","MAP_SET_STRUCTURE","Inside SET folder context.","60","False","False","True","NO_BINARY_OUTPUT_METADATA_ONLY"
"BANK07.SBD","E:\UAOS_OPEN_LIBRARY_SOURCE\pa3x\a1111.SET\a1111.SET\SONGBOOK\SONGDB.SBD\BANK07.SBD",".sbd","98736","C4A88A4EB295119FB5A92EAB96BA45E303A982A2273ECEAE03458A9D8D4AD51A","SET_FOLDER_CONTEXT","LIBRARY_MAP_ONLY","MAP_SET_STRUCTURE","Inside SET folder context.","60","False","False","True","NO_BINARY_OUTPUT_METADATA_ONLY"
"BANK07.SBD","E:\UAOS_OPEN_LIBRARY_SOURCE\pa3x\3xxxxx.SET\3xxxxx.SET\SONGBOOK\SONGDB.SBD\BANK07.SBD",".sbd","2557","1B90BEDFF70A55B59C918BB1EE608D33F42798F7EE077FE22E1FF23C40CBA390","SET_FOLDER_CONTEXT","LIBRARY_MAP_ONLY","MAP_SET_STRUCTURE","Inside SET folder context.","60","False","False","True","NO_BINARY_OUTPUT_METADATA_ONLY"
"BANK07.SBD","E:\UAOS_OPEN_LIBRARY_SOURCE\pa3x\LIVE CHARKI 3 2.SET\LIVE CHARKI 3 2.SET\SONGBOOK\SONGDB.SBD\BANK07.SBD",".sbd","71423","FB957EC479656BAAC75DDCF66C188DF9998C7267E78EE56F13EDA5D651414DF5","SET_FOLDER_CONTEXT","LIBRARY_MAP_ONLY","MAP_SET_STRUCTURE","Inside SET folder context.","60","False","False","True","NO_BINARY_OUTPUT_METADATA_ONLY"
"BANK07.SBD","E:\UAOS_OPEN_LIBRARY_SOURCE\pa3x\omar44.SET\omar44.SET\SONGBOOK\SONGDB.SBD\BANK07.SBD",".sbd","90365","60504EF8CCC4519A53691451041C22A4E15DA4F2D10FA8C79F405453C10959C9","SET_FOLDER_CONTEXT","LIBRARY_MAP_ONLY","MAP_SET_STRUCTURE","Inside SET folder context.","60","False","False","True","NO_BINARY_OUTPUT_METADATA_ONLY"
"BANK08.SBD","E:\UAOS_OPEN_LIBRARY_SOURCE\pa3x\LIVE CHARKI 3 2.SET\LIVE CHARKI 3 2.SET\SONGBOOK\SONGDB.SBD\BANK08.SBD",".sbd","95948","A00CE916A1AD2C648A89D2E515B8F919E9986303E918B5FFAD99A16C3C3D8992","SET_FOLDER_CONTEXT","LIBRARY_MAP_ONLY","MAP_SET_STRUCTURE","Inside SET folder context.","60","False","False","True","NO_BINARY_OUTPUT_METADATA_ONLY"
"BANK08.SBD","E:\UAOS_OPEN_LIBRARY_SOURCE\pa3x\omar44.SET\omar44.SET\SONGBOOK\SONGDB.SBD\BANK08.SBD",".sbd","90648","DE43A93CB106D8C67D24DC20798D189E5FEFB359A2355142E81FAFD7DE3D04FE","SET_FOLDER_CONTEXT","LIBRARY_MAP_ONLY","MAP_SET_STRUCTURE","Inside SET folder context.","60","False","False","True","NO_BINARY_OUTPUT_METADATA_ONLY"
"BANK08.SBD","E:\UAOS_OPEN_LIBRARY_SOURCE\pa3x\ROTANA. 2022.SET\ROTANA. 2022.SET\SONGBOOK\SONGDB.SBD\BANK08.SBD",".sbd","90648","DE43A93CB106D8C67D24DC20798D189E5FEFB359A2355142E81FAFD7DE3D04FE","SET_FOLDER_CONTEXT","LIBRARY_MAP_ONLY","MAP_SET_STRUCTURE","Inside SET folder context.","60","False","False","True","NO_BINARY_OUTPUT_METADATA_ONLY"
"BANK08.SBD","E:\UAOS_OPEN_LIBRARY_SOURCE\pa3x\2020 pa1000 pa4x.SET\2020 pa1000 pa4x.SET\SONGBOOK\SONGDB.SBD\BANK08.SBD",".sbd","76349","8DC0773E077810AC2A18E1861E51D5E8A14121133CA111C77C6DA4B900623E61","SET_FOLDER_CONTEXT","LIBRARY_MAP_ONLY","MAP_SET_STRUCTURE","Inside SET folder context.","60","False","False","True","NO_BINARY_OUTPUT_METADATA_ONLY"
"BANK08.SBD","E:\UAOS_OPEN_LIBRARY_SOURCE\pa3x\a1111.SET\a1111.SET\SONGBOOK\SONGDB.SBD\BANK08.SBD",".sbd","99238","ED98E57457B59603477884AE8C19A8D6DA0917E81641FEC38E60BF24F9FD1610","SET_FOLDER_CONTEXT","LIBRARY_MAP_ONLY","MAP_SET_STRUCTURE","Inside SET folder context.","60","False","False","True","NO_BINARY_OUTPUT_METADATA_ONLY"
"BANK09.SBD","E:\UAOS_OPEN_LIBRARY_SOURCE\pa3x\LIVE CHARKI 3 2.SET\LIVE CHARKI 3 2.SET\SONGBOOK\SONGDB.SBD\BANK09.SBD",".sbd","18993","9B15B56B057E6467C690C4665F7C0B356B46ABC6D4AAFB7FADBB211664C32AAD","SET_FOLDER_CONTEXT","LIBRARY_MAP_ONLY","MAP_SET_STRUCTURE","Inside SET folder context.","60","False","False","True","NO_BINARY_OUTPUT_METADATA_ONLY"
"BANK09.SBD","E:\UAOS_OPEN_LIBRARY_SOURCE\pa3x\omar44.SET\omar44.SET\SONGBOOK\SONGDB.SBD\BANK09.SBD",".sbd","90569","584B492CBF797AD60424B6B3E21465EF34E634B8A6DD73BD477BDEFCAB98BA86","SET_FOLDER_CONTEXT","LIBRARY_MAP_ONLY","MAP_SET_STRUCTURE","Inside SET folder context.","60","False","False","True","NO_BINARY_OUTPUT_METADATA_ONLY"
"BANK09.SBD","E:\UAOS_OPEN_LIBRARY_SOURCE\pa3x\2020 pa1000 pa4x.SET\2020 pa1000 pa4x.SET\SONGBOOK\SONGDB.SBD\BANK09.SBD",".sbd","76304","02B25AE39C8F7F6513D9A4EA6CE5DA3070249DFF1D4E13A3172F18B8BAB554FE","SET_FOLDER_CONTEXT","LIBRARY_MAP_ONLY","MAP_SET_STRUCTURE","Inside SET folder context.","60","False","False","True","NO_BINARY_OUTPUT_METADATA_ONLY"
"BANK09.SBD","E:\UAOS_OPEN_LIBRARY_SOURCE\pa3x\a1111.SET\a1111.SET\SONGBOOK\SONGDB.SBD\BANK09.SBD",".sbd","99170","B5F57082E99BC000153409B8757CE2B7C6DBD2AE092FBE066E16A7C3BCD4A7F7","SET_FOLDER_CONTEXT","LIBRARY_MAP_ONLY","MAP_SET_STRUCTURE","Inside SET folder context.","60","False","False","True","NO_BINARY_OUTPUT_METADATA_ONLY"
"BANK09.SBD","E:\UAOS_OPEN_LIBRARY_SOURCE\pa3x\ROTANA. 2022.SET\ROTANA. 2022.SET\SONGBOOK\SONGDB.SBD\BANK09.SBD",".sbd","90569","584B492CBF797AD60424B6B3E21465EF34E634B8A6DD73BD477BDEFCAB98BA86","SET_FOLDER_CONTEXT","LIBRARY_MAP_ONLY","MAP_SET_STRUCTURE","Inside SET folder context.","60","False","False","True","NO_BINARY_OUTPUT_METADATA_ONLY"
"BANK10.SBD","E:\UAOS_OPEN_LIBRARY_SOURCE\pa3x\omar44.SET\omar44.SET\SONGBOOK\SONGDB.SBD\BANK10.SBD",".sbd","90544","C7A7D63FC2C6FF5E01BAAA0D035DD9DCFA2D4B6DBA0BD5E3058328071FD9E253","SET_FOLDER_CONTEXT","LIBRARY_MAP_ONLY","MAP_SET_STRUCTURE","Inside SET folder context.","60","False","False","True","NO_BINARY_OUTPUT_METADATA_ONLY"
"BANK10.SBD","E:\UAOS_OPEN_LIBRARY_SOURCE\pa3x\2020 pa1000 pa4x.SET\2020 pa1000 pa4x.SET\SONGBOOK\SONGDB.SBD\BANK10.SBD",".sbd","76632","64E8567EEDEDE4611FB1FFBD00E89A4C48BA70693008628BC28EF1F9363F5132","SET_FOLDER_CONTEXT","LIBRARY_MAP_ONLY","MAP_SET_STRUCTURE","Inside SET folder context.","60","False","False","True","NO_BINARY_OUTPUT_METADATA_ONLY"
"BANK10.SBD","E:\UAOS_OPEN_LIBRARY_SOURCE\pa3x\ROTANA. 2022.SET\ROTANA. 2022.SET\SONGBOOK\SONGDB.SBD\BANK10.SBD",".sbd","90544","C7A7D63FC2C6FF5E01BAAA0D035DD9DCFA2D4B6DBA0BD5E3058328071FD9E253","SET_FOLDER_CONTEXT","LIBRARY_MAP_ONLY","MAP_SET_STRUCTURE","Inside SET folder context.","60","False","False","True","NO_BINARY_OUTPUT_METADATA_ONLY"
"BANK10.SBD","E:\UAOS_OPEN_LIBRARY_SOURCE\pa3x\a1111.SET\a1111.SET\SONGBOOK\SONGDB.SBD\BANK10.SBD",".sbd","98703","A9EC2A7DFA7458E1747267875F001F6218D6812E953C4EEE28B477FF6CE9BDB2","SET_FOLDER_CONTEXT","LIBRARY_MAP_ONLY","MAP_SET_STRUCTURE","Inside SET folder context.","60","False","False","True","NO_BINARY_OUTPUT_METADATA_ONLY"
"BANK11.SBD","E:\UAOS_OPEN_LIBRARY_SOURCE\pa3x\a1111.SET\a1111.SET\SONGBOOK\SONGDB.SBD\BANK11.SBD",".sbd","99588","FB583743247873C8D2C69B1A824715A2BAAF2114D9B148D5171979A807ED81A8","SET_FOLDER_CONTEXT","LIBRARY_MAP_ONLY","MAP_SET_STRUCTURE","Inside SET folder context.","60","False","False","True","NO_BINARY_OUTPUT_METADATA_ONLY"
"BANK11.SBD","E:\UAOS_OPEN_LIBRARY_SOURCE\pa3x\2020 pa1000 pa4x.SET\2020 pa1000 pa4x.SET\SONGBOOK\SONGDB.SBD\BANK11.SBD",".sbd","76729","C824E22D8C8134E516D022262F1BE632CF658ECA4AB74D38FFE666CEB6E55B7C","SET_FOLDER_CONTEXT","LIBRARY_MAP_ONLY","MAP_SET_STRUCTURE","Inside SET folder context.","60","False","False","True","NO_BINARY_OUTPUT_METADATA_ONLY"
"BANK11.SBD","E:\UAOS_OPEN_LIBRARY_SOURCE\pa3x\omar44.SET\omar44.SET\SONGBOOK\SONGDB.SBD\BANK11.SBD",".sbd","33518","7D5C2DBE0F17DB13FFBD479221CBEEDF9807F7653A1171C1018D47F5D82DE749","SET_FOLDER_CONTEXT","LIBRARY_MAP_ONLY","MAP_SET_STRUCTURE","Inside SET folder context.","60","False","False","True","NO_BINARY_OUTPUT_METADATA_ONLY"
"BANK11.SBD","E:\UAOS_OPEN_LIBRARY_SOURCE\pa3x\ROTANA. 2022.SET\ROTANA. 2022.SET\SONGBOOK\SONGDB.SBD\BANK11.SBD",".sbd","34977","E165A52953D7D1E400E82CDFC113669E814132B9F7FEE39CA88E0BF5A153F4FE","SET_FOLDER_CONTEXT","LIBRARY_MAP_ONLY","MAP_SET_STRUCTURE","Inside SET folder context.","60","False","False","True","NO_BINARY_OUTPUT_METADATA_ONLY"
"BANK12.SBD","E:\UAOS_OPEN_LIBRARY_SOURCE\pa3x\2020 pa1000 pa4x.SET\2020 pa1000 pa4x.SET\SONGBOOK\SONGDB.SBD\BANK12.SBD",".sbd","76265","C11DF081D08A140FBFBF9D523BAB3CFFB80CFD356CFC9F094873E833B3AC8DF4","SET_FOLDER_CONTEXT","LIBRARY_MAP_ONLY","MAP_SET_STRUCTURE","Inside SET folder context.","60","False","False","True","NO_BINARY_OUTPUT_METADATA_ONLY"
"BANK12.SBD","E:\UAOS_OPEN_LIBRARY_SOURCE\pa3x\a1111.SET\a1111.SET\SONGBOOK\SONGDB.SBD\BANK12.SBD",".sbd","22597","297B830B0EF4D098D1014FB4E75C1AABBC1B19F9C2B84DBB934C098CC68CC6C8","SET_FOLDER_CONTEXT","LIBRARY_MAP_ONLY","MAP_SET_STRUCTURE","Inside SET folder context.","60","False","False","True","NO_BINARY_OUTPUT_METADATA_ONLY"
"BANK13.SBD","E:\UAOS_OPEN_LIBRARY_SOURCE\pa3x\2020 pa1000 pa4x.SET\2020 pa1000 pa4x.SET\SONGBOOK\SONGDB.SBD\BANK13.SBD",".sbd","74983","BB43E98A1616C0ECF56CC12AD275609EFFCF94E12EA28C63AFBE7933C38F399E","SET_FOLDER_CONTEXT","LIBRARY_MAP_ONLY","MAP_SET_STRUCTURE","Inside SET folder context.","60","False","False","True","NO_BINARY_OUTPUT_METADATA_ONLY"
"BANK14.SBD","E:\UAOS_OPEN_LIBRARY_SOURCE\pa3x\2020 pa1000 pa4x.SET\2020 pa1000 pa4x.SET\SONGBOOK\SONGDB.SBD\BANK14.SBD",".sbd","27442","7C1AEA806635B5741DE2903C983CACBABD23D3926B71BB22FEC8641B9C26D039","SET_FOLDER_CONTEXT","LIBRARY_MAP_ONLY","MAP_SET_STRUCTURE","Inside SET folder context.","60","False","False","True","NO_BINARY_OUTPUT_METADATA_ONLY"
"LISTDB.SBL","E:\UAOS_OPEN_LIBRARY_SOURCE\pa3x\RoTaNa(1) pa3x.SET\tareq pa3x.SET\SONGBOOK\LISTDB.SBL",".sbl","3259","AD07D54953606CC8B7939A4BD2C049C686E60936F2EA00174D2CC6E5B71B636A","SET_FOLDER_CONTEXT","LIBRARY_MAP_ONLY","MAP_SET_STRUCTURE","Inside SET folder context.","60","False","False","True","NO_BINARY_OUTPUT_METADATA_ONLY"
"LISTDB.SBL","E:\UAOS_OPEN_LIBRARY_SOURCE\pa3x\omar44.SET\omar44.SET\SONGBOOK\LISTDB.SBL",".sbl","2462","46DFAF3961B3EE36A47EDF9DDF2FFFCCAAE6D1AC4396FCF75324108CC445DDAE","SET_FOLDER_CONTEXT","LIBRARY_MAP_ONLY","MAP_SET_STRUCTURE","Inside SET folder context.","60","False","False","True","NO_BINARY_OUTPUT_METADATA_ONLY"
"LISTDB.SBL","E:\UAOS_OPEN_LIBRARY_SOURCE\pa3x\2020 pa1000 pa4x.SET\2020 pa1000 pa4x.SET\SONGBOOK\LISTDB.SBL",".sbl","4396","7F47E4B62E0F43BA6D6D0A36FBB992C4A7DEEC8A27EB42BFB41BA63F98F26AB2","SET_FOLDER_CONTEXT","LIBRARY_MAP_ONLY","MAP_SET_STRUCTURE","Inside SET folder context.","60","False","False","True","NO_BINARY_OUTPUT_METADATA_ONLY"
"LISTDB.SBL","E:\UAOS_OPEN_LIBRARY_SOURCE\pa3x\ROTANA. 2022.SET\ROTANA. 2022.SET\SONGBOOK\LISTDB.SBL",".sbl","3664","0ED6B9170BC70405C53F3F559A2BC05D484715D3E16ABA1A4057E24168CF7CE5","SET_FOLDER_CONTEXT","LIBRARY_MAP_ONLY","MAP_SET_STRUCTURE","Inside SET folder context.","60","False","False","True","NO_BINARY_OUTPUT_METADATA_ONLY"
"LISTDB.SBL","E:\UAOS_OPEN_LIBRARY_SOURCE\pa3x\‏‏RoTaNa(1) pa3x.SET - نسخة\tareq pa3x.SET\SONGBOOK\LISTDB.SBL",".sbl","3259","AD07D54953606CC8B7939A4BD2C049C686E60936F2EA00174D2CC6E5B71B636A","SET_FOLDER_CONTEXT","LIBRARY_MAP_ONLY","MAP_SET_STRUCTURE","Inside SET folder context.","60","False","False","True","NO_BINARY_OUTPUT_METADATA_ONLY"
"LISTDB.SBL","E:\UAOS_OPEN_LIBRARY_SOURCE\pa3x\3xxxxx.SET\3xxxxx.SET\SONGBOOK\LISTDB.SBL",".sbl","2915","FF581C43D6C7D109355A47D7EDAAAFD0227C67C52C7EDECC0D08BEFF54EBCC8C","SET_FOLDER_CONTEXT","LIBRARY_MAP_ONLY","MAP_SET_STRUCTURE","Inside SET folder context.","60","False","False","True","NO_BINARY_OUTPUT_METADATA_ONLY"
"LISTDB.SBL","E:\UAOS_OPEN_LIBRARY_SOURCE\pa3x\a1111.SET\a1111.SET\SONGBOOK\LISTDB.SBL",".sbl","4404","3F591CFCD186D8AFDB9E4019D4B9168B9EBA809343C64744CAD26E7C7BC07B2E","SET_FOLDER_CONTEXT","LIBRARY_MAP_ONLY","MAP_SET_STRUCTURE","Inside SET folder context.","60","False","False","True","NO_BINARY_OUTPUT_METADATA_ONLY"
"LISTDB.SBL","E:\UAOS_OPEN_LIBRARY_SOURCE\pa3x\ABOUD NEXT-MG.SET\ABOUD NEXT-MG.SET\SONGBOOK\LISTDB.SBL",".sbl","4672","9DE14F12D0395FD172952DF40E8F5EF7A0973102670C24B4CEB337CD7775D3CA","SET_FOLDER_CONTEXT","LIBRARY_MAP_ONLY","MAP_SET_STRUCTURE","Inside SET folder context.","60","False","False","True","NO_BINARY_OUTPUT_METADATA_ONLY"
"LISTDB.SBL","E:\UAOS_OPEN_LIBRARY_SOURCE\pa3x\LIVE CHARKI 3 2.SET\LIVE CHARKI 3 2.SET\SONGBOOK\LISTDB.SBL",".sbl","9767","897DC8D936FB7DBF9860892FF146B65DB83B353BD957CD9DED1AE90804DC3B06","SET_FOLDER_CONTEXT","LIBRARY_MAP_ONLY","MAP_SET_STRUCTURE","Inside SET folder context.","60","False","False","True","NO_BINARY_OUTPUT_METADATA_ONLY"
"USER01.VOC","E:\UAOS_OPEN_LIBRARY_SOURCE\pa3x\LIVE CHARKI 3 2.SET\LIVE CHARKI 3 2.SET\VOICEPRESET\USER01.VOC",".voc","247","A2EFA10CB9BCAF4C37C9BD93787EB8F5D400379A4467B4ADE8623C27AA64A8CE","SET_FOLDER_CONTEXT","LIBRARY_MAP_ONLY","MAP_SET_STRUCTURE","Inside SET folder context.","60","False","False","True","NO_BINARY_OUTPUT_METADATA_ONLY"
"USER01.VOC","E:\UAOS_OPEN_LIBRARY_SOURCE\pa3x\omar44.SET\omar44.SET\VOICEPRESET\USER01.VOC",".voc","603","C4FE7E5D8752098792E46237A2E08174055E865362C93A197E6F46E5E93F04A3","SET_FOLDER_CONTEXT","LIBRARY_MAP_ONLY","MAP_SET_STRUCTURE","Inside SET folder context.","60","False","False","True","NO_BINARY_OUTPUT_METADATA_ONLY"
"USER01.VOC","E:\UAOS_OPEN_LIBRARY_SOURCE\pa3x\ROTANA. 2022.SET\ROTANA. 2022.SET\VOICEPRESET\USER01.VOC",".voc","1137","E41758E8246E57391B666308868B469E8CDFE19A6D6364BA0A5E399708DE6D5A","SET_FOLDER_CONTEXT","LIBRARY_MAP_ONLY","MAP_SET_STRUCTURE","Inside SET folder context.","60","False","False","True","NO_BINARY_OUTPUT_METADATA_ONLY"
"USER01.VOC","E:\UAOS_OPEN_LIBRARY_SOURCE\pa3x\ABOUD NEXT-MG.SET\ABOUD NEXT-MG.SET\VOICEPRESET\USER01.VOC",".voc","7664","22A51998DB6B7CE19AF5E09179624247AB8DE09812E4B4D259CA019B4D940A38","SET_FOLDER_CONTEXT","LIBRARY_MAP_ONLY","MAP_SET_STRUCTURE","Inside SET folder context.","60","False","False","True","NO_BINARY_OUTPUT_METADATA_ONLY"
"USER01.VOC","E:\UAOS_OPEN_LIBRARY_SOURCE\pa3x\a1111.SET\a1111.SET\VOICEPRESET\USER01.VOC",".voc","630","D6F96EEA9412096625991D96585B1D1590EF41732FFCB1D847DD30297031FAD6","SET_FOLDER_CONTEXT","LIBRARY_MAP_ONLY","MAP_SET_STRUCTURE","Inside SET folder context.","60","False","False","True","NO_BINARY_OUTPUT_METADATA_ONLY"
"VPPRESET.VOC","E:\UAOS_OPEN_LIBRARY_SOURCE\pa3x\RoTaNa(1) pa3x.SET\tareq pa3x.SET\GLOBAL\VPPRESET.VOC",".voc","34304","B12F1E0272CE324D4F05DE8AF5E4901458C75357CEC63506609A47BEC048235B","SET_FOLDER_CONTEXT","LIBRARY_MAP_ONLY","MAP_SET_STRUCTURE","Inside SET folder context.","60","False","False","True","NO_BINARY_OUTPUT_METADATA_ONLY"
"VPPRESET.VOC","E:\UAOS_OPEN_LIBRARY_SOURCE\pa3x\3xxxxx.SET\3xxxxx.SET\GLOBAL\VPPRESET.VOC",".voc","34304","B12F1E0272CE324D4F05DE8AF5E4901458C75357CEC63506609A47BEC048235B","SET_FOLDER_CONTEXT","LIBRARY_MAP_ONLY","MAP_SET_STRUCTURE","Inside SET folder context.","60","False","False","True","NO_BINARY_OUTPUT_METADATA_ONLY"
"VPPRESET.VOC","E:\UAOS_OPEN_LIBRARY_SOURCE\pa3x\rahm pa3x.SET\rahm pa3x.SET\GLOBAL\VPPRESET.VOC",".voc","34304","B12F1E0272CE324D4F05DE8AF5E4901458C75357CEC63506609A47BEC048235B","SET_FOLDER_CONTEXT","LIBRARY_MAP_ONLY","MAP_SET_STRUCTURE","Inside SET folder context.","60","False","False","True","NO_BINARY_OUTPUT_METADATA_ONLY"
"VPPRESET.VOC","E:\UAOS_OPEN_LIBRARY_SOURCE\pa3x\‏‏RoTaNa(1) pa3x.SET - نسخة\tareq pa3x.SET\GLOBAL\VPPRESET.VOC",".voc","34304","B12F1E0272CE324D4F05DE8AF5E4901458C75357CEC63506609A47BEC048235B","SET_FOLDER_CONTEXT","LIBRARY_MAP_ONLY","MAP_SET_STRUCTURE","Inside SET folder context.","60","False","False","True","NO_BINARY_OUTPUT_METADATA_ONLY"
