"file_name","source_path","bytes","sha256","set_context","size_band","review_status","safety_status"
"RAM01.PCM","E:\UAOS_OPEN_LIBRARY_SOURCE\pa3x\RoTaNa(1) pa3x.SET\tareq pa3x.SET\PCM\RAM01.PCM","2580490","9F857FA24DB9357011ADF76F22667C26C2EE4654C5AF42F2BC25B91B6DE0C40E","RoTaNa(1) pa3x.SET","MEDIUM_PCM","UNLINKED_PCM_HOLD_FOR_LATER","READ_ONLY_NO_BINARY_OUTPUT"
"RAM01.PCM","E:\UAOS_OPEN_LIBRARY_SOURCE\pa3x\SUPER4X.3X ASLY2018.SET\SUPER4X.3X ASLY2018.SET\PCM\RAM01.PCM","2665387","59ADB6FA6CF3FFC4028778978E31CC70FCF46A223C4F9ED80D2F5750F29202B4","SUPER4X.3X ASLY2018.SET","MEDIUM_PCM","UNLINKED_PCM_HOLD_FOR_LATER","READ_ONLY_NO_BINARY_OUTPUT"
"RAM01.PCM","E:\UAOS_OPEN_LIBRARY_SOURCE\pa3x\omar44.SET\omar44.SET\PCM\RAM01.PCM","4264978","6557CBC2C26600F4909514FD4B92DAB429A45B15710E171D95F535C4BC1B5A6B","omar44.SET","MEDIUM_PCM","UNLINKED_PCM_HOLD_FOR_LATER","READ_ONLY_NO_BINARY_OUTPUT"
"RAM01.PCM","E:\UAOS_OPEN_LIBRARY_SOURCE\pa3x\rahm pa3x.SET\rahm pa3x.SET\PCM\RAM01.PCM","2115472","1D9A176EE09BC83AC29FBED28AF3622A51AB0835D5E2207AAF9DB3D20C419679","rahm pa3x.SET","MEDIUM_PCM","UNLINKED_PCM_HOLD_FOR_LATER","READ_ONLY_NO_BINARY_OUTPUT"
"RAM01.PCM","E:\UAOS_OPEN_LIBRARY_SOURCE\pa3x\LIVE CHARKI 3 2.SET\LIVE CHARKI 3 2.SET\PCM\RAM01.PCM","1149661","1059662438B744ED7C3A4C2850E126DA2D5071E0DCC713D8F30306226C1FB3A2","LIVE CHARKI 3 2.SET","MEDIUM_PCM","UNLINKED_PCM_HOLD_FOR_LATER","READ_ONLY_NO_BINARY_OUTPUT"
"RAM01.PCM","E:\UAOS_OPEN_LIBRARY_SOURCE\pa3x\3xxxxx.SET\3xxxxx.SET\PCM\RAM01.PCM","2576866","BBE7344B9445F77F4FD9A021E7B56A1217A2F2C45CD873069412D9F355DB41A8","3xxxxx.SET","MEDIUM_PCM","UNLINKED_PCM_HOLD_FOR_LATER","READ_ONLY_NO_BINARY_OUTPUT"
"RAM01.PCM","E:\UAOS_OPEN_LIBRARY_SOURCE\pa3x\‏‏RoTaNa(1) pa3x.SET - نسخة\tareq pa3x.SET\PCM\RAM01.PCM","2580490","9F857FA24DB9357011ADF76F22667C26C2EE4654C5AF42F2BC25B91B6DE0C40E","tareq pa3x.SET","MEDIUM_PCM","UNLINKED_PCM_HOLD_FOR_LATER","READ_ONLY_NO_BINARY_OUTPUT"
"RAM01.PCM","E:\UAOS_OPEN_LIBRARY_SOURCE\pa3x\ROTANA. 2022.SET\ROTANA. 2022.SET\PCM\RAM01.PCM","4109580","10026BC84C0BED3CAA93CBEA7A2BBE1CBF5F5D2680BF2A51D806C472DE6E4B06","ROTANA. 2022.SET","MEDIUM_PCM","UNLINKED_PCM_HOLD_FOR_LATER","READ_ONLY_NO_BINARY_OUTPUT"
"RAM01.PCM","E:\UAOS_OPEN_LIBRARY_SOURCE\pa3x\ABOUD NEXT-MG.SET\ABOUD NEXT-MG.SET\PCM\RAM01.PCM","4148851","4A0E015C5C70B1DF7388D29C6178EF9083E2FEBF93C10AE707DB2DC2D92A2362","ABOUD NEXT-MG.SET","MEDIUM_PCM","UNLINKED_PCM_HOLD_FOR_LATER","READ_ONLY_NO_BINARY_OUTPUT"
"RAM01.PCM","E:\UAOS_OPEN_LIBRARY_SOURCE\pa3x\2020 pa1000 pa4x.SET\2020 pa1000 pa4x.SET\PCM\RAM01.PCM","2887163","B6B7A7DF1844C804974DEDCD2D5B3AA909C1CCE182CE9A7620307D838DC50334","2020 pa1000 pa4x.SET","MEDIUM_PCM","UNLINKED_PCM_HOLD_FOR_LATER","READ_ONLY_NO_BINARY_OUTPUT"
"RAM01.PCM","E:\UAOS_OPEN_LIBRARY_SOURCE\pa3x\a1111.SET\a1111.SET\PCM\RAM01.PCM","5587309","86E353264B8D5E68BF85671AD43C26226867582ECF3E71FD379159D5B4AF73E4","a1111.SET","MEDIUM_PCM","UNLINKED_PCM_HOLD_FOR_LATER","READ_ONLY_NO_BINARY_OUTPUT"
"RAM02.PCM","E:\UAOS_OPEN_LIBRARY_SOURCE\pa3x\a1111.SET\a1111.SET\PCM\RAM02.PCM","6929000","1C4B7411FB3BFAECDA5C2841C0AC8042D720E7A2895362AF694784481090D0AD","a1111.SET","MEDIUM_PCM","UNLINKED_PCM_HOLD_FOR_LATER","READ_ONLY_NO_BINARY_OUTPUT"
"RAM02.PCM","E:\UAOS_OPEN_LIBRARY_SOURCE\pa3x\ABOUD NEXT-MG.SET\ABOUD NEXT-MG.SET\PCM\RAM02.PCM","7151407","4AA523A079684121D45528BBD946709F2E0F55C8E577C2398CF542A025866D2B","ABOUD NEXT-MG.SET","MEDIUM_PCM","UNLINKED_PCM_HOLD_FOR_LATER","READ_ONLY_NO_BINARY_OUTPUT"
"RAM02.PCM","E:\UAOS_OPEN_LIBRARY_SOURCE\pa3x\LIVE CHARKI 3 2.SET\LIVE CHARKI 3 2.SET\PCM\RAM02.PCM","1254106","996C153DB848FD70204144AA6476A37CD954F31B940D06AE32908D12844B48C5","LIVE CHARKI 3 2.SET","MEDIUM_PCM","UNLINKED_PCM_HOLD_FOR_LATER","READ_ONLY_NO_BINARY_OUTPUT"
"RAM02.PCM","E:\UAOS_OPEN_LIBRARY_SOURCE\pa3x\2020 pa1000 pa4x.SET\2020 pa1000 pa4x.SET\PCM\RAM02.PCM","2890427","E1BAF5048C33B41B0A9160B3BD1134FFA34E549110CB6FA8168A8AB4567F4C83","2020 pa1000 pa4x.SET","MEDIUM_PCM","UNLINKED_PCM_HOLD_FOR_LATER","READ_ONLY_NO_BINARY_OUTPUT"
"RAM02.PCM","E:\UAOS_OPEN_LIBRARY_SOURCE\pa3x\rahm pa3x.SET\rahm pa3x.SET\PCM\RAM02.PCM","2117396","BE5CB769EB63D503345A03062209DFD3CD0B46F462DD2C0C293B26BA100B03CB","rahm pa3x.SET","MEDIUM_PCM","UNLINKED_PCM_HOLD_FOR_LATER","READ_ONLY_NO_BINARY_OUTPUT"
"RAM02.PCM","E:\UAOS_OPEN_LIBRARY_SOURCE\pa3x\ROTANA. 2022.SET\ROTANA. 2022.SET\PCM\RAM02.PCM","4007480","A35B9394B4D9FDC0BF57D8104596FAE9EC0EDF46398391CF321816BB84B79350","ROTANA. 2022.SET","MEDIUM_PCM","UNLINKED_PCM_HOLD_FOR_LATER","READ_ONLY_NO_BINARY_OUTPUT"
"RAM02.PCM","E:\UAOS_OPEN_LIBRARY_SOURCE\pa3x\RoTaNa(1) pa3x.SET\tareq pa3x.SET\PCM\RAM02.PCM","2628052","50D89F90237F73AB4E1A5C570D652EFDAF7BFDBE769FC7F704E88C490D020044","RoTaNa(1) pa3x.SET","MEDIUM_PCM","UNLINKED_PCM_HOLD_FOR_LATER","READ_ONLY_NO_BINARY_OUTPUT"
"RAM02.PCM","E:\UAOS_OPEN_LIBRARY_SOURCE\pa3x\omar44.SET\omar44.SET\PCM\RAM02.PCM","4261449","29F3D45501DF3081EC8E9843937FCBFEF6DD327647E2286E43D14875B5311FC5","omar44.SET","MEDIUM_PCM","UNLINKED_PCM_HOLD_FOR_LATER","READ_ONLY_NO_BINARY_OUTPUT"
"RAM02.PCM","E:\UAOS_OPEN_LIBRARY_SOURCE\pa3x\3xxxxx.SET\3xxxxx.SET\PCM\RAM02.PCM","3485509","A051F9D086F1C54CCE0452A18EB9F92A50BE313C04E4678DAAEE30ACD5F2657A","3xxxxx.SET","MEDIUM_PCM","UNLINKED_PCM_HOLD_FOR_LATER","READ_ONLY_NO_BINARY_OUTPUT"
"RAM02.PCM","E:\UAOS_OPEN_LIBRARY_SOURCE\pa3x\SUPER4X.3X ASLY2018.SET\SUPER4X.3X ASLY2018.SET\PCM\RAM02.PCM","2660028","4FB88F992ADF9BD99FB07A0D03C789A8FBEFDF6CF89E6585E30870F05AD507EB","SUPER4X.3X ASLY2018.SET","MEDIUM_PCM","UNLINKED_PCM_HOLD_FOR_LATER","READ_ONLY_NO_BINARY_OUTPUT"
"RAM02.PCM","E:\UAOS_OPEN_LIBRARY_SOURCE\pa3x\‏‏RoTaNa(1) pa3x.SET - نسخة\tareq pa3x.SET\PCM\RAM02.PCM","2628052","50D89F90237F73AB4E1A5C570D652EFDAF7BFDBE769FC7F704E88C490D020044","tareq pa3x.SET","MEDIUM_PCM","UNLINKED_PCM_HOLD_FOR_LATER","READ_ONLY_NO_BINARY_OUTPUT"
"RAM03.PCM","E:\UAOS_OPEN_LIBRARY_SOURCE\pa3x\omar44.SET\omar44.SET\PCM\RAM03.PCM","4224534","7E087AA7311F50BE90B3F59C768CCE1D2CFE20500A78F3A4DB219753D0323AF9","omar44.SET","MEDIUM_PCM","UNLINKED_PCM_HOLD_FOR_LATER","READ_ONLY_NO_BINARY_OUTPUT"
"RAM03.PCM","E:\UAOS_OPEN_LIBRARY_SOURCE\pa3x\RoTaNa(1) pa3x.SET\tareq pa3x.SET\PCM\RAM03.PCM","2572532","3F2BCE02632AA6EFF2F6F9BB9B4B80159186655D44136140E643A0A5EE995F2A","RoTaNa(1) pa3x.SET","MEDIUM_PCM","UNLINKED_PCM_HOLD_FOR_LATER","READ_ONLY_NO_BINARY_OUTPUT"
"RAM03.PCM","E:\UAOS_OPEN_LIBRARY_SOURCE\pa3x\ROTANA. 2022.SET\ROTANA. 2022.SET\PCM\RAM03.PCM","5691092","49A85A09A0519BDABE40B648506F2A3CE1946A8406590593C55D2ED61E7F465B","ROTANA. 2022.SET","MEDIUM_PCM","UNLINKED_PCM_HOLD_FOR_LATER","READ_ONLY_NO_BINARY_OUTPUT"
"RAM03.PCM","E:\UAOS_OPEN_LIBRARY_SOURCE\pa3x\ABOUD NEXT-MG.SET\ABOUD NEXT-MG.SET\PCM\RAM03.PCM","5235889","748CD791A021955BA187855DED50D9718C42ECDE17B7BC9D341592B2E6624D23","ABOUD NEXT-MG.SET","MEDIUM_PCM","UNLINKED_PCM_HOLD_FOR_LATER","READ_ONLY_NO_BINARY_OUTPUT"
"RAM03.PCM","E:\UAOS_OPEN_LIBRARY_SOURCE\pa3x\LIVE CHARKI 3 2.SET\LIVE CHARKI 3 2.SET\PCM\RAM03.PCM","1078412","D120630CB22DAE602E344F6B14A4A3A26CB5BF6AE13A9DBD54CF2639B86BD929","LIVE CHARKI 3 2.SET","MEDIUM_PCM","UNLINKED_PCM_HOLD_FOR_LATER","READ_ONLY_NO_BINARY_OUTPUT"
"RAM03.PCM","E:\UAOS_OPEN_LIBRARY_SOURCE\pa3x\SUPER4X.3X ASLY2018.SET\SUPER4X.3X ASLY2018.SET\PCM\RAM03.PCM","2882658","6C9593F3594084ED4BF21FA55A28A1ADB43032B1C2E1591931BF171A33120FB7","SUPER4X.3X ASLY2018.SET","MEDIUM_PCM","UNLINKED_PCM_HOLD_FOR_LATER","READ_ONLY_NO_BINARY_OUTPUT"
"RAM03.PCM","E:\UAOS_OPEN_LIBRARY_SOURCE\pa3x\3xxxxx.SET\3xxxxx.SET\PCM\RAM03.PCM","2640520","37D3839B89C9F7BC54E4D5D12BD3B69ED4F6C8EFF1EE6FC5178FBB229511287D","3xxxxx.SET","MEDIUM_PCM","UNLINKED_PCM_HOLD_FOR_LATER","READ_ONLY_NO_BINARY_OUTPUT"
"RAM03.PCM","E:\UAOS_OPEN_LIBRARY_SOURCE\pa3x\2020 pa1000 pa4x.SET\2020 pa1000 pa4x.SET\PCM\RAM03.PCM","2884524","CD0A60D63300BF6AC8C0382DB28F513A8CCA2BCC86B54D6AA3C8FF169923FE96","2020 pa1000 pa4x.SET","MEDIUM_PCM","UNLINKED_PCM_HOLD_FOR_LATER","READ_ONLY_NO_BINARY_OUTPUT"
"RAM03.PCM","E:\UAOS_OPEN_LIBRARY_SOURCE\pa3x\rahm pa3x.SET\rahm pa3x.SET\PCM\RAM03.PCM","2263370","6E704ABF24DC2C4C4A4BAB1202E40A9BCE0811747271DCC59564FFC42A0FFE44","rahm pa3x.SET","MEDIUM_PCM","UNLINKED_PCM_HOLD_FOR_LATER","READ_ONLY_NO_BINARY_OUTPUT"
"RAM03.PCM","E:\UAOS_OPEN_LIBRARY_SOURCE\pa3x\a1111.SET\a1111.SET\PCM\RAM03.PCM","5663007","40DE93CFA1CED3EFE068624D6DE8980F8CE6F57F204B9D7C4BD20CEE22AABCCD","a1111.SET","MEDIUM_PCM","UNLINKED_PCM_HOLD_FOR_LATER","READ_ONLY_NO_BINARY_OUTPUT"
"RAM03.PCM","E:\UAOS_OPEN_LIBRARY_SOURCE\pa3x\‏‏RoTaNa(1) pa3x.SET - نسخة\tareq pa3x.SET\PCM\RAM03.PCM","2572532","3F2BCE02632AA6EFF2F6F9BB9B4B80159186655D44136140E643A0A5EE995F2A","tareq pa3x.SET","MEDIUM_PCM","UNLINKED_PCM_HOLD_FOR_LATER","READ_ONLY_NO_BINARY_OUTPUT"
"RAM04.PCM","E:\UAOS_OPEN_LIBRARY_SOURCE\pa3x\a1111.SET\a1111.SET\PCM\RAM04.PCM","7053930","92889450D110C47FD1BDD7326CBA52F99D5C1DA5F587EE7387B9AE91C6000A85","a1111.SET","MEDIUM_PCM","UNLINKED_PCM_HOLD_FOR_LATER","READ_ONLY_NO_BINARY_OUTPUT"
"RAM04.PCM","E:\UAOS_OPEN_LIBRARY_SOURCE\pa3x\ABOUD NEXT-MG.SET\ABOUD NEXT-MG.SET\PCM\RAM04.PCM","6493685","C6F0091694BF7B778129C1B51A34E05F16C62E1F3CF0EBD1FE5D51AA173A26AE","ABOUD NEXT-MG.SET","MEDIUM_PCM","UNLINKED_PCM_HOLD_FOR_LATER","READ_ONLY_NO_BINARY_OUTPUT"
"RAM04.PCM","E:\UAOS_OPEN_LIBRARY_SOURCE\pa3x\3xxxxx.SET\3xxxxx.SET\PCM\RAM04.PCM","3802613","86DBDDE33E5D263CFAE3C575071323DD94652590AFFF7222A8BDA3FCE7D7ADAB","3xxxxx.SET","MEDIUM_PCM","UNLINKED_PCM_HOLD_FOR_LATER","READ_ONLY_NO_BINARY_OUTPUT"
"RAM04.PCM","E:\UAOS_OPEN_LIBRARY_SOURCE\pa3x\‏‏RoTaNa(1) pa3x.SET - نسخة\tareq pa3x.SET\PCM\RAM04.PCM","2581902","D7D6C141A38C202B2F35D9229D2CF5530945580CAA14F85BAEA2FA50267F9FC7","tareq pa3x.SET","MEDIUM_PCM","UNLINKED_PCM_HOLD_FOR_LATER","READ_ONLY_NO_BINARY_OUTPUT"
"RAM04.PCM","E:\UAOS_OPEN_LIBRARY_SOURCE\pa3x\SUPER4X.3X ASLY2018.SET\SUPER4X.3X ASLY2018.SET\PCM\RAM04.PCM","2678909","ADA904D76674CE0AA2070100FCF0A0A2644F421A2D163634FFF95906783E8A0D","SUPER4X.3X ASLY2018.SET","MEDIUM_PCM","UNLINKED_PCM_HOLD_FOR_LATER","READ_ONLY_NO_BINARY_OUTPUT"
"RAM04.PCM","E:\UAOS_OPEN_LIBRARY_SOURCE\pa3x\ROTANA. 2022.SET\ROTANA. 2022.SET\PCM\RAM04.PCM","4586280","9C4BBC0C333BD16563FEABB0131C4EE1D99BF7B6C75D4E32E70383BFE8B86AA1","ROTANA. 2022.SET","MEDIUM_PCM","UNLINKED_PCM_HOLD_FOR_LATER","READ_ONLY_NO_BINARY_OUTPUT"
"RAM04.PCM","E:\UAOS_OPEN_LIBRARY_SOURCE\pa3x\2020 pa1000 pa4x.SET\2020 pa1000 pa4x.SET\PCM\RAM04.PCM","2892711","42CC26050A6B1F88035B37AC0E5928A6CA21292B6353057E0CA2B7D86AA4B4E3","2020 pa1000 pa4x.SET","MEDIUM_PCM","UNLINKED_PCM_HOLD_FOR_LATER","READ_ONLY_NO_BINARY_OUTPUT"
"RAM04.PCM","E:\UAOS_OPEN_LIBRARY_SOURCE\pa3x\omar44.SET\omar44.SET\PCM\RAM04.PCM","4330769","E933CB6AC0B8B7A38CDA13DA54B35494299780755AF8F50F663839F35F2A236D","omar44.SET","MEDIUM_PCM","UNLINKED_PCM_HOLD_FOR_LATER","READ_ONLY_NO_BINARY_OUTPUT"
"RAM04.PCM","E:\UAOS_OPEN_LIBRARY_SOURCE\pa3x\RoTaNa(1) pa3x.SET\tareq pa3x.SET\PCM\RAM04.PCM","2581902","D7D6C141A38C202B2F35D9229D2CF5530945580CAA14F85BAEA2FA50267F9FC7","RoTaNa(1) pa3x.SET","MEDIUM_PCM","UNLINKED_PCM_HOLD_FOR_LATER","READ_ONLY_NO_BINARY_OUTPUT"
"RAM04.PCM","E:\UAOS_OPEN_LIBRARY_SOURCE\pa3x\LIVE CHARKI 3 2.SET\LIVE CHARKI 3 2.SET\PCM\RAM04.PCM","1251341","D87977E2F1C091BD44E192EFC86B8EB587466AE10503F0FCCD2E0D6182EDD4C5","LIVE CHARKI 3 2.SET","MEDIUM_PCM","UNLINKED_PCM_HOLD_FOR_LATER","READ_ONLY_NO_BINARY_OUTPUT"
"RAM04.PCM","E:\UAOS_OPEN_LIBRARY_SOURCE\pa3x\rahm pa3x.SET\rahm pa3x.SET\PCM\RAM04.PCM","2105798","6A3E4C24BCCE2393A3C049E3693D058C28006999F152BF4DB991CE4A5A4955A3","rahm pa3x.SET","MEDIUM_PCM","UNLINKED_PCM_HOLD_FOR_LATER","READ_ONLY_NO_BINARY_OUTPUT"
"RAM05.PCM","E:\UAOS_OPEN_LIBRARY_SOURCE\pa3x\SUPER4X.3X ASLY2018.SET\SUPER4X.3X ASLY2018.SET\PCM\RAM05.PCM","2641889","C5ED8914C468E947FAE7977A50D55EF71E3F33253385CAC5AC67C63B2EB82599","SUPER4X.3X ASLY2018.SET","MEDIUM_PCM","UNLINKED_PCM_HOLD_FOR_LATER","READ_ONLY_NO_BINARY_OUTPUT"
"RAM05.PCM","E:\UAOS_OPEN_LIBRARY_SOURCE\pa3x\ROTANA. 2022.SET\ROTANA. 2022.SET\PCM\RAM05.PCM","5056396","1AB95EE8524748907065206C49C7A3415645FE1DB3B76152A45929094EAA1752","ROTANA. 2022.SET","MEDIUM_PCM","UNLINKED_PCM_HOLD_FOR_LATER","READ_ONLY_NO_BINARY_OUTPUT"
"RAM05.PCM","E:\UAOS_OPEN_LIBRARY_SOURCE\pa3x\2020 pa1000 pa4x.SET\2020 pa1000 pa4x.SET\PCM\RAM05.PCM","2921119","1A20EFF2AB263222D82540E21047986027887E5486E87FE21F4D1278CC27E278","2020 pa1000 pa4x.SET","MEDIUM_PCM","UNLINKED_PCM_HOLD_FOR_LATER","READ_ONLY_NO_BINARY_OUTPUT"
"RAM05.PCM","E:\UAOS_OPEN_LIBRARY_SOURCE\pa3x\RoTaNa(1) pa3x.SET\tareq pa3x.SET\PCM\RAM05.PCM","2583212","BEC370C6ECBD1A36220B9C9EABAD60E8ED8C92E5051A052F0ED13577C9B8D946","RoTaNa(1) pa3x.SET","MEDIUM_PCM","UNLINKED_PCM_HOLD_FOR_LATER","READ_ONLY_NO_BINARY_OUTPUT"
"RAM05.PCM","E:\UAOS_OPEN_LIBRARY_SOURCE\pa3x\3xxxxx.SET\3xxxxx.SET\PCM\RAM05.PCM","2598736","F9F26AA960FF01B8F62AEA4D363E8DBFBA52C337B86C7E4F7069B4E739BA5C42","3xxxxx.SET","MEDIUM_PCM","UNLINKED_PCM_HOLD_FOR_LATER","READ_ONLY_NO_BINARY_OUTPUT"
"RAM05.PCM","E:\UAOS_OPEN_LIBRARY_SOURCE\pa3x\LIVE CHARKI 3 2.SET\LIVE CHARKI 3 2.SET\PCM\RAM05.PCM","1133318","14B928844B1442DC73EBA7F2EC130E4563A95B0DCEAE244E2F0A74F8BF5431B2","LIVE CHARKI 3 2.SET","MEDIUM_PCM","UNLINKED_PCM_HOLD_FOR_LATER","READ_ONLY_NO_BINARY_OUTPUT"
"RAM05.PCM","E:\UAOS_OPEN_LIBRARY_SOURCE\pa3x\a1111.SET\a1111.SET\PCM\RAM05.PCM","4773650","D139FB5823C99637C30907C9B9E61B69EBEE577E536DD4EC7417AAF83F5EDC80","a1111.SET","MEDIUM_PCM","UNLINKED_PCM_HOLD_FOR_LATER","READ_ONLY_NO_BINARY_OUTPUT"
"RAM05.PCM","E:\UAOS_OPEN_LIBRARY_SOURCE\pa3x\ABOUD NEXT-MG.SET\ABOUD NEXT-MG.SET\PCM\RAM05.PCM","4116629","FD75B7DB17FA4943DE9465EAA4803613E8991EE7B3022CFBE9B8157F9D096472","ABOUD NEXT-MG.SET","MEDIUM_PCM","UNLINKED_PCM_HOLD_FOR_LATER","READ_ONLY_NO_BINARY_OUTPUT"
"RAM05.PCM","E:\UAOS_OPEN_LIBRARY_SOURCE\pa3x\rahm pa3x.SET\rahm pa3x.SET\PCM\RAM05.PCM","2873414","DBF6C78A0FE75C19C9EE9BA8EAE879079927E11A834691067F56E2B33408034D","rahm pa3x.SET","MEDIUM_PCM","UNLINKED_PCM_HOLD_FOR_LATER","READ_ONLY_NO_BINARY_OUTPUT"
"RAM05.PCM","E:\UAOS_OPEN_LIBRARY_SOURCE\pa3x\‏‏RoTaNa(1) pa3x.SET - نسخة\tareq pa3x.SET\PCM\RAM05.PCM","2583212","BEC370C6ECBD1A36220B9C9EABAD60E8ED8C92E5051A052F0ED13577C9B8D946","tareq pa3x.SET","MEDIUM_PCM","UNLINKED_PCM_HOLD_FOR_LATER","READ_ONLY_NO_BINARY_OUTPUT"
"RAM05.PCM","E:\UAOS_OPEN_LIBRARY_SOURCE\pa3x\omar44.SET\omar44.SET\PCM\RAM05.PCM","4197702","0B0E78D691C5516F21082B7A9434B12CDA60D282CBBF04E61917E6F535EB5C40","omar44.SET","MEDIUM_PCM","UNLINKED_PCM_HOLD_FOR_LATER","READ_ONLY_NO_BINARY_OUTPUT"
"RAM06.PCM","E:\UAOS_OPEN_LIBRARY_SOURCE\pa3x\SUPER4X.3X ASLY2018.SET\SUPER4X.3X ASLY2018.SET\PCM\RAM06.PCM","2814538","5A78A26EEF6998C34DDDFF8D80C28128B49642B6D7DEDF3A1BDE35F4760F3701","SUPER4X.3X ASLY2018.SET","MEDIUM_PCM","UNLINKED_PCM_HOLD_FOR_LATER","READ_ONLY_NO_BINARY_OUTPUT"
"RAM06.PCM","E:\UAOS_OPEN_LIBRARY_SOURCE\pa3x\ABOUD NEXT-MG.SET\ABOUD NEXT-MG.SET\PCM\RAM06.PCM","3883778","11374E2489667A1AA67A0CCBD6CB72C2EE8B422D66DE7B86DAC0008CCC35EE8B","ABOUD NEXT-MG.SET","MEDIUM_PCM","UNLINKED_PCM_HOLD_FOR_LATER","READ_ONLY_NO_BINARY_OUTPUT"
"RAM06.PCM","E:\UAOS_OPEN_LIBRARY_SOURCE\pa3x\‏‏RoTaNa(1) pa3x.SET - نسخة\tareq pa3x.SET\PCM\RAM06.PCM","2575299","F701002B1AC76A3DE3C46008225DE84A893E00D79B9620574F33EF809E9D907D","tareq pa3x.SET","MEDIUM_PCM","UNLINKED_PCM_HOLD_FOR_LATER","READ_ONLY_NO_BINARY_OUTPUT"
"RAM06.PCM","E:\UAOS_OPEN_LIBRARY_SOURCE\pa3x\ROTANA. 2022.SET\ROTANA. 2022.SET\PCM\RAM06.PCM","5038589","DA9F60883A4F1816DA127C1CA3AF18C30528196E69241AADD6DB6292BA8B213B","ROTANA. 2022.SET","MEDIUM_PCM","UNLINKED_PCM_HOLD_FOR_LATER","READ_ONLY_NO_BINARY_OUTPUT"
"RAM06.PCM","E:\UAOS_OPEN_LIBRARY_SOURCE\pa3x\RoTaNa(1) pa3x.SET\tareq pa3x.SET\PCM\RAM06.PCM","2575299","F701002B1AC76A3DE3C46008225DE84A893E00D79B9620574F33EF809E9D907D","RoTaNa(1) pa3x.SET","MEDIUM_PCM","UNLINKED_PCM_HOLD_FOR_LATER","READ_ONLY_NO_BINARY_OUTPUT"
"RAM06.PCM","E:\UAOS_OPEN_LIBRARY_SOURCE\pa3x\omar44.SET\omar44.SET\PCM\RAM06.PCM","4340456","236D14E75A6836DDDB911E3038F1F2F3D5C141AF2847527F1EF7886DB19865C2","omar44.SET","MEDIUM_PCM","UNLINKED_PCM_HOLD_FOR_LATER","READ_ONLY_NO_BINARY_OUTPUT"
"RAM06.PCM","E:\UAOS_OPEN_LIBRARY_SOURCE\pa3x\LIVE CHARKI 3 2.SET\LIVE CHARKI 3 2.SET\PCM\RAM06.PCM","1644106","A12CC10B184C0A4C864B1B6E4DD0B04C19A399386ABADA1FB40E625A9897FEDE","LIVE CHARKI 3 2.SET","MEDIUM_PCM","UNLINKED_PCM_HOLD_FOR_LATER","READ_ONLY_NO_BINARY_OUTPUT"
"RAM06.PCM","E:\UAOS_OPEN_LIBRARY_SOURCE\pa3x\3xxxxx.SET\3xxxxx.SET\PCM\RAM06.PCM","2628510","44503F7D24D34B077238C27EDE98E62838CC5763E18D0E0FB68EC21FC3D01F2F","3xxxxx.SET","MEDIUM_PCM","UNLINKED_PCM_HOLD_FOR_LATER","READ_ONLY_NO_BINARY_OUTPUT"
"RAM06.PCM","E:\UAOS_OPEN_LIBRARY_SOURCE\pa3x\a1111.SET\a1111.SET\PCM\RAM06.PCM","8688605","9778FDEEFE6D22E1AC9BF1B60C737456064E7E09074BE19180AC9701B8301FEF","a1111.SET","MEDIUM_PCM","UNLINKED_PCM_HOLD_FOR_LATER","READ_ONLY_NO_BINARY_OUTPUT"
"RAM06.PCM","E:\UAOS_OPEN_LIBRARY_SOURCE\pa3x\rahm pa3x.SET\rahm pa3x.SET\PCM\RAM06.PCM","2141150","A16073CA94869633B3106687BA5B46168160C231C628F1A71A33E50AE53F3CE7","rahm pa3x.SET","MEDIUM_PCM","UNLINKED_PCM_HOLD_FOR_LATER","READ_ONLY_NO_BINARY_OUTPUT"
"RAM06.PCM","E:\UAOS_OPEN_LIBRARY_SOURCE\pa3x\2020 pa1000 pa4x.SET\2020 pa1000 pa4x.SET\PCM\RAM06.PCM","3275703","D63DBA25E002440F137F5EF94CF6615C249A6E76A06ABC105CFFD6AB2C55F9B3","2020 pa1000 pa4x.SET","MEDIUM_PCM","UNLINKED_PCM_HOLD_FOR_LATER","READ_ONLY_NO_BINARY_OUTPUT"
"RAM07.PCM","E:\UAOS_OPEN_LIBRARY_SOURCE\pa3x\a1111.SET\a1111.SET\PCM\RAM07.PCM","6777106","6FD6E195A5013ECEA79ED74D6C0DB5630B6EF323742CCDD73AFC4BC020F555C1","a1111.SET","MEDIUM_PCM","UNLINKED_PCM_HOLD_FOR_LATER","READ_ONLY_NO_BINARY_OUTPUT"
"RAM07.PCM","E:\UAOS_OPEN_LIBRARY_SOURCE\pa3x\SUPER4X.3X ASLY2018.SET\SUPER4X.3X ASLY2018.SET\PCM\RAM07.PCM","2673824","71F4835DC66E22683EFD1A6BD1553EBC8C2B6662B5B69BB1B38C17940FC01DAC","SUPER4X.3X ASLY2018.SET","MEDIUM_PCM","UNLINKED_PCM_HOLD_FOR_LATER","READ_ONLY_NO_BINARY_OUTPUT"
"RAM07.PCM","E:\UAOS_OPEN_LIBRARY_SOURCE\pa3x\omar44.SET\omar44.SET\PCM\RAM07.PCM","4084922","D8051DED3252046D3C3677BC3356646D6AF743A8AFE5BC31CEC13625A8E82E88","omar44.SET","MEDIUM_PCM","UNLINKED_PCM_HOLD_FOR_LATER","READ_ONLY_NO_BINARY_OUTPUT"
"RAM07.PCM","E:\UAOS_OPEN_LIBRARY_SOURCE\pa3x\LIVE CHARKI 3 2.SET\LIVE CHARKI 3 2.SET\PCM\RAM07.PCM","1057747","F145E881EC040DBA767D9515820C0F9819D270D145BFDD251E6572E2623667DD","LIVE CHARKI 3 2.SET","MEDIUM_PCM","UNLINKED_PCM_HOLD_FOR_LATER","READ_ONLY_NO_BINARY_OUTPUT"
"RAM07.PCM","E:\UAOS_OPEN_LIBRARY_SOURCE\pa3x\rahm pa3x.SET\rahm pa3x.SET\PCM\RAM07.PCM","2230320","1348347454EA19A3BE75A255B93DE0E8C3F00B11341968A40FADEF5101E9F2EC","rahm pa3x.SET","MEDIUM_PCM","UNLINKED_PCM_HOLD_FOR_LATER","READ_ONLY_NO_BINARY_OUTPUT"
"RAM07.PCM","E:\UAOS_OPEN_LIBRARY_SOURCE\pa3x\2020 pa1000 pa4x.SET\2020 pa1000 pa4x.SET\PCM\RAM07.PCM","2897740","7A9E13B064B1AE9E4B021E5E3793C189EEC9E86EDAA8E75468392BF80985C96A","2020 pa1000 pa4x.SET","MEDIUM_PCM","UNLINKED_PCM_HOLD_FOR_LATER","READ_ONLY_NO_BINARY_OUTPUT"
"RAM07.PCM","E:\UAOS_OPEN_LIBRARY_SOURCE\pa3x\ABOUD NEXT-MG.SET\ABOUD NEXT-MG.SET\PCM\RAM07.PCM","5560572","5F69CFF62518817F6AB7E3674C8A1A9313291E0E8EED632A6AB0A4CCD4480113","ABOUD NEXT-MG.SET","MEDIUM_PCM","UNLINKED_PCM_HOLD_FOR_LATER","READ_ONLY_NO_BINARY_OUTPUT"
"RAM07.PCM","E:\UAOS_OPEN_LIBRARY_SOURCE\pa3x\RoTaNa(1) pa3x.SET\tareq pa3x.SET\PCM\RAM07.PCM","2583774","0B82DF6EB2462B9E7B43DBEA67E1C15DD9EFF3F61EF10D1B9AB63041760C83AF","RoTaNa(1) pa3x.SET","MEDIUM_PCM","UNLINKED_PCM_HOLD_FOR_LATER","READ_ONLY_NO_BINARY_OUTPUT"
"RAM07.PCM","E:\UAOS_OPEN_LIBRARY_SOURCE\pa3x\‏‏RoTaNa(1) pa3x.SET - نسخة\tareq pa3x.SET\PCM\RAM07.PCM","2583774","0B82DF6EB2462B9E7B43DBEA67E1C15DD9EFF3F61EF10D1B9AB63041760C83AF","tareq pa3x.SET","MEDIUM_PCM","UNLINKED_PCM_HOLD_FOR_LATER","READ_ONLY_NO_BINARY_OUTPUT"
"RAM07.PCM","E:\UAOS_OPEN_LIBRARY_SOURCE\pa3x\3xxxxx.SET\3xxxxx.SET\PCM\RAM07.PCM","2987916","EDED11A78076237D583AF46D71C1ACC6FCD23F41A3190ED5F80B8E35690EE269","3xxxxx.SET","MEDIUM_PCM","UNLINKED_PCM_HOLD_FOR_LATER","READ_ONLY_NO_BINARY_OUTPUT"
"RAM07.PCM","E:\UAOS_OPEN_LIBRARY_SOURCE\pa3x\ROTANA. 2022.SET\ROTANA. 2022.SET\PCM\RAM07.PCM","4782854","6C4090BCF31FA5DF032CEA7F670C72B3E148EAA939877761DBC80ED3C4F735CC","ROTANA. 2022.SET","MEDIUM_PCM","UNLINKED_PCM_HOLD_FOR_LATER","READ_ONLY_NO_BINARY_OUTPUT"
"RAM08.PCM","E:\UAOS_OPEN_LIBRARY_SOURCE\pa3x\omar44.SET\omar44.SET\PCM\RAM08.PCM","4103033","A74191B14DC66A7F6707383DE612FA1C60857379A88EBF595A00E0A1F5D4F693","omar44.SET","MEDIUM_PCM","UNLINKED_PCM_HOLD_FOR_LATER","READ_ONLY_NO_BINARY_OUTPUT"
"RAM08.PCM","E:\UAOS_OPEN_LIBRARY_SOURCE\pa3x\ABOUD NEXT-MG.SET\ABOUD NEXT-MG.SET\PCM\RAM08.PCM","3712318","1C9406763633FEDA2A40837E1720D85BFC7B0A40849017C414D53CAE9716620D","ABOUD NEXT-MG.SET","MEDIUM_PCM","UNLINKED_PCM_HOLD_FOR_LATER","READ_ONLY_NO_BINARY_OUTPUT"
"RAM08.PCM","E:\UAOS_OPEN_LIBRARY_SOURCE\pa3x\3xxxxx.SET\3xxxxx.SET\PCM\RAM08.PCM","2754143","C754451465122D45FE802C863AD39D39640CBD257742EB89780BB3E8B1D7DD6C","3xxxxx.SET","MEDIUM_PCM","UNLINKED_PCM_HOLD_FOR_LATER","READ_ONLY_NO_BINARY_OUTPUT"
"RAM08.PCM","E:\UAOS_OPEN_LIBRARY_SOURCE\pa3x\‏‏RoTaNa(1) pa3x.SET - نسخة\tareq pa3x.SET\PCM\RAM08.PCM","2581938","E11262772D53DDE57E134EA04FD2AA95C5A0F20E25841E0CE313BA5506DB2B43","tareq pa3x.SET","MEDIUM_PCM","UNLINKED_PCM_HOLD_FOR_LATER","READ_ONLY_NO_BINARY_OUTPUT"
"RAM08.PCM","E:\UAOS_OPEN_LIBRARY_SOURCE\pa3x\RoTaNa(1) pa3x.SET\tareq pa3x.SET\PCM\RAM08.PCM","2581938","E11262772D53DDE57E134EA04FD2AA95C5A0F20E25841E0CE313BA5506DB2B43","RoTaNa(1) pa3x.SET","MEDIUM_PCM","UNLINKED_PCM_HOLD_FOR_LATER","READ_ONLY_NO_BINARY_OUTPUT"
"RAM08.PCM","E:\UAOS_OPEN_LIBRARY_SOURCE\pa3x\rahm pa3x.SET\rahm pa3x.SET\PCM\RAM08.PCM","2107778","9ABC1C0B6C72B2DAA2381573453418131890F91CA59DB2BB4D0C5CCDEDFB985D","rahm pa3x.SET","MEDIUM_PCM","UNLINKED_PCM_HOLD_FOR_LATER","READ_ONLY_NO_BINARY_OUTPUT"
"RAM08.PCM","E:\UAOS_OPEN_LIBRARY_SOURCE\pa3x\SUPER4X.3X ASLY2018.SET\SUPER4X.3X ASLY2018.SET\PCM\RAM08.PCM","2693446","787D736686D07BA5C3E7F9519ADD9449C8BA7EBA08CB71CF593CB82C381F9C13","SUPER4X.3X ASLY2018.SET","MEDIUM_PCM","UNLINKED_PCM_HOLD_FOR_LATER","READ_ONLY_NO_BINARY_OUTPUT"
"RAM08.PCM","E:\UAOS_OPEN_LIBRARY_SOURCE\pa3x\a1111.SET\a1111.SET\PCM\RAM08.PCM","5611186","B5D74C92765C03A782F319363202CACDC9802CD6299B1519379672F9BDBB2A1E","a1111.SET","MEDIUM_PCM","UNLINKED_PCM_HOLD_FOR_LATER","READ_ONLY_NO_BINARY_OUTPUT"
"RAM08.PCM","E:\UAOS_OPEN_LIBRARY_SOURCE\pa3x\ROTANA. 2022.SET\ROTANA. 2022.SET\PCM\RAM08.PCM","5871908","8A314806DAA7CDFCFD207736DE8AAFD279A392722ABE90B42C7B038DA7B583B2","ROTANA. 2022.SET","MEDIUM_PCM","UNLINKED_PCM_HOLD_FOR_LATER","READ_ONLY_NO_BINARY_OUTPUT"
"RAM08.PCM","E:\UAOS_OPEN_LIBRARY_SOURCE\pa3x\LIVE CHARKI 3 2.SET\LIVE CHARKI 3 2.SET\PCM\RAM08.PCM","985219","93CD0290266D77E6F5E1571CD1CEE288E0FCD7F4702A2946A5525831EBE9B69B","LIVE CHARKI 3 2.SET","SMALL_PCM","UNLINKED_PCM_HOLD_FOR_LATER","READ_ONLY_NO_BINARY_OUTPUT"
"RAM08.PCM","E:\UAOS_OPEN_LIBRARY_SOURCE\pa3x\2020 pa1000 pa4x.SET\2020 pa1000 pa4x.SET\PCM\RAM08.PCM","3153652","CCB2066B201D7C09242D176D240BD3E0C6D97A741C7924DABBF0B511E23BAC03","2020 pa1000 pa4x.SET","MEDIUM_PCM","UNLINKED_PCM_HOLD_FOR_LATER","READ_ONLY_NO_BINARY_OUTPUT"
"RAM09.PCM","E:\UAOS_OPEN_LIBRARY_SOURCE\pa3x\omar44.SET\omar44.SET\PCM\RAM09.PCM","4354675","9F54C8D327A31EE04B6F3AD4F06F13D5870FF5C34E2ED9D3899D064A4F690AED","omar44.SET","MEDIUM_PCM","UNLINKED_PCM_HOLD_FOR_LATER","READ_ONLY_NO_BINARY_OUTPUT"
"RAM09.PCM","E:\UAOS_OPEN_LIBRARY_SOURCE\pa3x\ABOUD NEXT-MG.SET\ABOUD NEXT-MG.SET\PCM\RAM09.PCM","4286239","39A3D1E4925F9F48D3D35F871BC3FEF90AE560DDED0D479773308E9A1DE04D1D","ABOUD NEXT-MG.SET","MEDIUM_PCM","UNLINKED_PCM_HOLD_FOR_LATER","READ_ONLY_NO_BINARY_OUTPUT"
"RAM09.PCM","E:\UAOS_OPEN_LIBRARY_SOURCE\pa3x\ROTANA. 2022.SET\ROTANA. 2022.SET\PCM\RAM09.PCM","6566802","DD3EAA582CF40601E6DB2185EFEC0F608C27BDF660FD87AD803768280F5D7CB5","ROTANA. 2022.SET","MEDIUM_PCM","UNLINKED_PCM_HOLD_FOR_LATER","READ_ONLY_NO_BINARY_OUTPUT"
"RAM09.PCM","E:\UAOS_OPEN_LIBRARY_SOURCE\pa3x\rahm pa3x.SET\rahm pa3x.SET\PCM\RAM09.PCM","2196742","06993C274E9CFC5B1B03804D5A99A30FBE8A222AE2FAB883EF963876131A25D3","rahm pa3x.SET","MEDIUM_PCM","UNLINKED_PCM_HOLD_FOR_LATER","READ_ONLY_NO_BINARY_OUTPUT"
"RAM09.PCM","E:\UAOS_OPEN_LIBRARY_SOURCE\pa3x\RoTaNa(1) pa3x.SET\tareq pa3x.SET\PCM\RAM09.PCM","2572170","F97D341C12F2618E9940CCD9144061FBA717FCD530A4064AE31219148729D64E","RoTaNa(1) pa3x.SET","MEDIUM_PCM","UNLINKED_PCM_HOLD_FOR_LATER","READ_ONLY_NO_BINARY_OUTPUT"
"RAM09.PCM","E:\UAOS_OPEN_LIBRARY_SOURCE\pa3x\3xxxxx.SET\3xxxxx.SET\PCM\RAM09.PCM","2680543","701ACC7D7CA2500329A89EFF44E9B49C51785C86542BB0E909FC7C9BC1A551B8","3xxxxx.SET","MEDIUM_PCM","UNLINKED_PCM_HOLD_FOR_LATER","READ_ONLY_NO_BINARY_OUTPUT"
"RAM09.PCM","E:\UAOS_OPEN_LIBRARY_SOURCE\pa3x\‏‏RoTaNa(1) pa3x.SET - نسخة\tareq pa3x.SET\PCM\RAM09.PCM","2572170","F97D341C12F2618E9940CCD9144061FBA717FCD530A4064AE31219148729D64E","tareq pa3x.SET","MEDIUM_PCM","UNLINKED_PCM_HOLD_FOR_LATER","READ_ONLY_NO_BINARY_OUTPUT"
"RAM09.PCM","E:\UAOS_OPEN_LIBRARY_SOURCE\pa3x\SUPER4X.3X ASLY2018.SET\SUPER4X.3X ASLY2018.SET\PCM\RAM09.PCM","2721696","ADEE1FE02C8EA4F90E815624029FE5A1E8E6CBBBAC3FFD5C301BD82679C327DD","SUPER4X.3X ASLY2018.SET","MEDIUM_PCM","UNLINKED_PCM_HOLD_FOR_LATER","READ_ONLY_NO_BINARY_OUTPUT"
"RAM09.PCM","E:\UAOS_OPEN_LIBRARY_SOURCE\pa3x\a1111.SET\a1111.SET\PCM\RAM09.PCM","9519328","B110DEFD5F3105B563ED728CEE54BE463AC4ACF22D40EDE4666CE43A8D7258FF","a1111.SET","MEDIUM_PCM","UNLINKED_PCM_HOLD_FOR_LATER","READ_ONLY_NO_BINARY_OUTPUT"
"RAM09.PCM","E:\UAOS_OPEN_LIBRARY_SOURCE\pa3x\2020 pa1000 pa4x.SET\2020 pa1000 pa4x.SET\PCM\RAM09.PCM","2967249","62884F0C14CF9C5D7C6AAAA5C63A426B60E0C2C5D2C637BCD6B9407609A09689","2020 pa1000 pa4x.SET","MEDIUM_PCM","UNLINKED_PCM_HOLD_FOR_LATER","READ_ONLY_NO_BINARY_OUTPUT"
"RAM09.PCM","E:\UAOS_OPEN_LIBRARY_SOURCE\pa3x\LIVE CHARKI 3 2.SET\LIVE CHARKI 3 2.SET\PCM\RAM09.PCM","2299259","D8F6407923B14E4A00F902598CDC9481C9E2952D19279F6B3A37827005FE065A","LIVE CHARKI 3 2.SET","MEDIUM_PCM","UNLINKED_PCM_HOLD_FOR_LATER","READ_ONLY_NO_BINARY_OUTPUT"
"RAM10.PCM","E:\UAOS_OPEN_LIBRARY_SOURCE\pa3x\rahm pa3x.SET\rahm pa3x.SET\PCM\RAM10.PCM","2123810","A5A13F8A6FEF4F413CA451661512D689D84B7D1076868C25F2F994DCBA8A904C","rahm pa3x.SET","MEDIUM_PCM","UNLINKED_PCM_HOLD_FOR_LATER","READ_ONLY_NO_BINARY_OUTPUT"
"RAM10.PCM","E:\UAOS_OPEN_LIBRARY_SOURCE\pa3x\2020 pa1000 pa4x.SET\2020 pa1000 pa4x.SET\PCM\RAM10.PCM","2924102","0C9AA19A3C02D7EA8AC7B91E4C88EF8C65213818B0E0872473796A54A202116D","2020 pa1000 pa4x.SET","MEDIUM_PCM","UNLINKED_PCM_HOLD_FOR_LATER","READ_ONLY_NO_BINARY_OUTPUT"
"RAM10.PCM","E:\UAOS_OPEN_LIBRARY_SOURCE\pa3x\RoTaNa(1) pa3x.SET\tareq pa3x.SET\PCM\RAM10.PCM","2572926","EC857665EFA15F87DCF568EE7EB6E83B8736EA3F41522CEB70C2FDB87262A28E","RoTaNa(1) pa3x.SET","MEDIUM_PCM","UNLINKED_PCM_HOLD_FOR_LATER","READ_ONLY_NO_BINARY_OUTPUT"
"RAM10.PCM","E:\UAOS_OPEN_LIBRARY_SOURCE\pa3x\a1111.SET\a1111.SET\PCM\RAM10.PCM","8034078","4831DB83D9537B9D0B49B0984A7F439FE9CD5C5BBB44C493017E317BEDEE10D3","a1111.SET","MEDIUM_PCM","UNLINKED_PCM_HOLD_FOR_LATER","READ_ONLY_NO_BINARY_OUTPUT"
"RAM10.PCM","E:\UAOS_OPEN_LIBRARY_SOURCE\pa3x\LIVE CHARKI 3 2.SET\LIVE CHARKI 3 2.SET\PCM\RAM10.PCM","1458526","40918D496FAD14A92D7D6288F6B7098FCCDE10B07CC0F9BB32868E927CF48117","LIVE CHARKI 3 2.SET","MEDIUM_PCM","UNLINKED_PCM_HOLD_FOR_LATER","READ_ONLY_NO_BINARY_OUTPUT"
"RAM10.PCM","E:\UAOS_OPEN_LIBRARY_SOURCE\pa3x\ABOUD NEXT-MG.SET\ABOUD NEXT-MG.SET\PCM\RAM10.PCM","4708688","8C805B447C622963E851646CC65177BDEBFB443B2AE3944691A3D85E0E3DE645","ABOUD NEXT-MG.SET","MEDIUM_PCM","UNLINKED_PCM_HOLD_FOR_LATER","READ_ONLY_NO_BINARY_OUTPUT"
"RAM10.PCM","E:\UAOS_OPEN_LIBRARY_SOURCE\pa3x\‏‏RoTaNa(1) pa3x.SET - نسخة\tareq pa3x.SET\PCM\RAM10.PCM","2572926","EC857665EFA15F87DCF568EE7EB6E83B8736EA3F41522CEB70C2FDB87262A28E","tareq pa3x.SET","MEDIUM_PCM","UNLINKED_PCM_HOLD_FOR_LATER","READ_ONLY_NO_BINARY_OUTPUT"
"RAM10.PCM","E:\UAOS_OPEN_LIBRARY_SOURCE\pa3x\3xxxxx.SET\3xxxxx.SET\PCM\RAM10.PCM","2813744","D24EC72969D178032E0631CBBCFF4A169744AE3D747D1AA85FF5A8642C92674F","3xxxxx.SET","MEDIUM_PCM","UNLINKED_PCM_HOLD_FOR_LATER","READ_ONLY_NO_BINARY_OUTPUT"
"RAM10.PCM","E:\UAOS_OPEN_LIBRARY_SOURCE\pa3x\ROTANA. 2022.SET\ROTANA. 2022.SET\PCM\RAM10.PCM","6270172","A1DC76986AFAB9AC4CA145D71130B351BC3B16C043279194259C90B099CAEA6A","ROTANA. 2022.SET","MEDIUM_PCM","UNLINKED_PCM_HOLD_FOR_LATER","READ_ONLY_NO_BINARY_OUTPUT"
"RAM10.PCM","E:\UAOS_OPEN_LIBRARY_SOURCE\pa3x\SUPER4X.3X ASLY2018.SET\SUPER4X.3X ASLY2018.SET\PCM\RAM10.PCM","2684860","477426CC32C00DB99FB1957CA0AB00D65DD93E12CFACB1BA068E18B91FAF9A0D","SUPER4X.3X ASLY2018.SET","MEDIUM_PCM","UNLINKED_PCM_HOLD_FOR_LATER","READ_ONLY_NO_BINARY_OUTPUT"
"RAM10.PCM","E:\UAOS_OPEN_LIBRARY_SOURCE\pa3x\omar44.SET\omar44.SET\PCM\RAM10.PCM","4285332","61C5FE9E254B727232BF4EAE15F533EB17CA21F7286DBD4556E7E401F2472AE3","omar44.SET","MEDIUM_PCM","UNLINKED_PCM_HOLD_FOR_LATER","READ_ONLY_NO_BINARY_OUTPUT"
"RAM11.PCM","E:\UAOS_OPEN_LIBRARY_SOURCE\pa3x\‏‏RoTaNa(1) pa3x.SET - نسخة\tareq pa3x.SET\PCM\RAM11.PCM","2597590","24BE5147093E5E23C83746C2558743FA9AC22B543A89F61B2466D6CF1973F581","tareq pa3x.SET","MEDIUM_PCM","UNLINKED_PCM_HOLD_FOR_LATER","READ_ONLY_NO_BINARY_OUTPUT"
"RAM11.PCM","E:\UAOS_OPEN_LIBRARY_SOURCE\pa3x\ROTANA. 2022.SET\ROTANA. 2022.SET\PCM\RAM11.PCM","5315482","A1B17453C2249A7DE933A064A1BABA872F23B320A16B53D0F04FF1D74AC75B35","ROTANA. 2022.SET","MEDIUM_PCM","UNLINKED_PCM_HOLD_FOR_LATER","READ_ONLY_NO_BINARY_OUTPUT"
"RAM11.PCM","E:\UAOS_OPEN_LIBRARY_SOURCE\pa3x\LIVE CHARKI 3 2.SET\LIVE CHARKI 3 2.SET\PCM\RAM11.PCM","1188292","2454D9E0DE305BCEED0E9DB8E9A3AFA5CD077CAF8EB2FDB751B025E2B0187DB2","LIVE CHARKI 3 2.SET","MEDIUM_PCM","UNLINKED_PCM_HOLD_FOR_LATER","READ_ONLY_NO_BINARY_OUTPUT"
"RAM11.PCM","E:\UAOS_OPEN_LIBRARY_SOURCE\pa3x\RoTaNa(1) pa3x.SET\tareq pa3x.SET\PCM\RAM11.PCM","2597590","24BE5147093E5E23C83746C2558743FA9AC22B543A89F61B2466D6CF1973F581","RoTaNa(1) pa3x.SET","MEDIUM_PCM","UNLINKED_PCM_HOLD_FOR_LATER","READ_ONLY_NO_BINARY_OUTPUT"
"RAM11.PCM","E:\UAOS_OPEN_LIBRARY_SOURCE\pa3x\omar44.SET\omar44.SET\PCM\RAM11.PCM","4333023","4FF17D5AD70363DAC3AB031A9BC03BF693090A34EE4BF64AA877471B77CFE75A","omar44.SET","MEDIUM_PCM","UNLINKED_PCM_HOLD_FOR_LATER","READ_ONLY_NO_BINARY_OUTPUT"
"RAM11.PCM","E:\UAOS_OPEN_LIBRARY_SOURCE\pa3x\2020 pa1000 pa4x.SET\2020 pa1000 pa4x.SET\PCM\RAM11.PCM","2887871","555D38675879D06226D928F1F373DACE50F0517D1818857298B7EF30CE7C4E26","2020 pa1000 pa4x.SET","MEDIUM_PCM","UNLINKED_PCM_HOLD_FOR_LATER","READ_ONLY_NO_BINARY_OUTPUT"
"RAM11.PCM","E:\UAOS_OPEN_LIBRARY_SOURCE\pa3x\3xxxxx.SET\3xxxxx.SET\PCM\RAM11.PCM","3117701","474578A358DECB4A0F9D36AE611FB4E132CD46F2865E81F4BE3BCDBDED6C0844","3xxxxx.SET","MEDIUM_PCM","UNLINKED_PCM_HOLD_FOR_LATER","READ_ONLY_NO_BINARY_OUTPUT"
"RAM11.PCM","E:\UAOS_OPEN_LIBRARY_SOURCE\pa3x\ABOUD NEXT-MG.SET\ABOUD NEXT-MG.SET\PCM\RAM11.PCM","3354113","04C7BCEF6E8163448020F34CB5479BC5038CCFCEBE818904DAF924B59E17D4BF","ABOUD NEXT-MG.SET","MEDIUM_PCM","UNLINKED_PCM_HOLD_FOR_LATER","READ_ONLY_NO_BINARY_OUTPUT"
"RAM11.PCM","E:\UAOS_OPEN_LIBRARY_SOURCE\pa3x\rahm pa3x.SET\rahm pa3x.SET\PCM\RAM11.PCM","3182971","9CB272226D60D343178B3C07A531A742965EF6AF6DE24D46F97EBC7FF5DC2E6D","rahm pa3x.SET","MEDIUM_PCM","UNLINKED_PCM_HOLD_FOR_LATER","READ_ONLY_NO_BINARY_OUTPUT"
"RAM11.PCM","E:\UAOS_OPEN_LIBRARY_SOURCE\pa3x\a1111.SET\a1111.SET\PCM\RAM11.PCM","5766541","06B5F5DEBA4B320D7B43D374D9957AF672BD6DD23435A84A8C2F6ED04D6FC5F2","a1111.SET","MEDIUM_PCM","UNLINKED_PCM_HOLD_FOR_LATER","READ_ONLY_NO_BINARY_OUTPUT"
"RAM11.PCM","E:\UAOS_OPEN_LIBRARY_SOURCE\pa3x\SUPER4X.3X ASLY2018.SET\SUPER4X.3X ASLY2018.SET\PCM\RAM11.PCM","2647480","B5397546B1A923755DF637F72729D7D38B0324D462CBD302CC57D14D5564E9EF","SUPER4X.3X ASLY2018.SET","MEDIUM_PCM","UNLINKED_PCM_HOLD_FOR_LATER","READ_ONLY_NO_BINARY_OUTPUT"
"RAM12.PCM","E:\UAOS_OPEN_LIBRARY_SOURCE\pa3x\LIVE CHARKI 3 2.SET\LIVE CHARKI 3 2.SET\PCM\RAM12.PCM","1337501","3AC41491122DF51E13A949AB864A56277C48E9991969292BE68B479406B91AA3","LIVE CHARKI 3 2.SET","MEDIUM_PCM","UNLINKED_PCM_HOLD_FOR_LATER","READ_ONLY_NO_BINARY_OUTPUT"
"RAM12.PCM","E:\UAOS_OPEN_LIBRARY_SOURCE\pa3x\rahm pa3x.SET\rahm pa3x.SET\PCM\RAM12.PCM","3002906","82305087BD8DA277A0BA5660F22418DD7BDA055F5939B80FD659326C7E8A5F11","rahm pa3x.SET","MEDIUM_PCM","UNLINKED_PCM_HOLD_FOR_LATER","READ_ONLY_NO_BINARY_OUTPUT"
"RAM12.PCM","E:\UAOS_OPEN_LIBRARY_SOURCE\pa3x\omar44.SET\omar44.SET\PCM\RAM12.PCM","4088689","2522A502C8886F079B98829148BB9C601E75502993416171D7D64E06F7ED8759","omar44.SET","MEDIUM_PCM","UNLINKED_PCM_HOLD_FOR_LATER","READ_ONLY_NO_BINARY_OUTPUT"
"RAM12.PCM","E:\UAOS_OPEN_LIBRARY_SOURCE\pa3x\ROTANA. 2022.SET\ROTANA. 2022.SET\PCM\RAM12.PCM","4335026","3CD1E75570963E7EFDAF61E249DD145F98EC16B07B8D4B33B7B13385AA943924","ROTANA. 2022.SET","MEDIUM_PCM","UNLINKED_PCM_HOLD_FOR_LATER","READ_ONLY_NO_BINARY_OUTPUT"
"RAM12.PCM","E:\UAOS_OPEN_LIBRARY_SOURCE\pa3x\RoTaNa(1) pa3x.SET\tareq pa3x.SET\PCM\RAM12.PCM","2571132","EC0F5EDF352CA7057D6198E97819C9836D66C295F6EE99DD53A0377E184CA99B","RoTaNa(1) pa3x.SET","MEDIUM_PCM","UNLINKED_PCM_HOLD_FOR_LATER","READ_ONLY_NO_BINARY_OUTPUT"
"RAM12.PCM","E:\UAOS_OPEN_LIBRARY_SOURCE\pa3x\ABOUD NEXT-MG.SET\ABOUD NEXT-MG.SET\PCM\RAM12.PCM","4557637","D5BEBC47EB5D618CF014B622CBE1C2CB36F517A1F344FF3FD4F0812FD1843696","ABOUD NEXT-MG.SET","MEDIUM_PCM","UNLINKED_PCM_HOLD_FOR_LATER","READ_ONLY_NO_BINARY_OUTPUT"
"RAM12.PCM","E:\UAOS_OPEN_LIBRARY_SOURCE\pa3x\a1111.SET\a1111.SET\PCM\RAM12.PCM","5643613","22592D11BAF08947EEBAD658CF44B837655851D96495FD2492984D0712FBE86A","a1111.SET","MEDIUM_PCM","UNLINKED_PCM_HOLD_FOR_LATER","READ_ONLY_NO_BINARY_OUTPUT"
"RAM12.PCM","E:\UAOS_OPEN_LIBRARY_SOURCE\pa3x\SUPER4X.3X ASLY2018.SET\SUPER4X.3X ASLY2018.SET\PCM\RAM12.PCM","2695913","8D95CB1DA9E8C4747EDA30C65700A37995A83EA69B5E74709154C4D82D2DD22B","SUPER4X.3X ASLY2018.SET","MEDIUM_PCM","UNLINKED_PCM_HOLD_FOR_LATER","READ_ONLY_NO_BINARY_OUTPUT"
"RAM12.PCM","E:\UAOS_OPEN_LIBRARY_SOURCE\pa3x\‏‏RoTaNa(1) pa3x.SET - نسخة\tareq pa3x.SET\PCM\RAM12.PCM","2571132","EC0F5EDF352CA7057D6198E97819C9836D66C295F6EE99DD53A0377E184CA99B","tareq pa3x.SET","MEDIUM_PCM","UNLINKED_PCM_HOLD_FOR_LATER","READ_ONLY_NO_BINARY_OUTPUT"
"RAM12.PCM","E:\UAOS_OPEN_LIBRARY_SOURCE\pa3x\2020 pa1000 pa4x.SET\2020 pa1000 pa4x.SET\PCM\RAM12.PCM","2886060","15B13775765B272D1FFB3FCB2B6F69E119DFBF9B3E1AD20997AAAF9124F40C0F","2020 pa1000 pa4x.SET","MEDIUM_PCM","UNLINKED_PCM_HOLD_FOR_LATER","READ_ONLY_NO_BINARY_OUTPUT"
"RAM12.PCM","E:\UAOS_OPEN_LIBRARY_SOURCE\pa3x\3xxxxx.SET\3xxxxx.SET\PCM\RAM12.PCM","3100076","3C73BC0A6CB195517F791DC36D5712CEAE9BA1B2502BB23ED58D9DBE9B924D33","3xxxxx.SET","MEDIUM_PCM","UNLINKED_PCM_HOLD_FOR_LATER","READ_ONLY_NO_BINARY_OUTPUT"
"RAM13.PCM","E:\UAOS_OPEN_LIBRARY_SOURCE\pa3x\a1111.SET\a1111.SET\PCM\RAM13.PCM","5376378","46867C435C08D2C619BD3B703800C47CBC784491203F54EC06A45A9A44ABBBBA","a1111.SET","MEDIUM_PCM","UNLINKED_PCM_HOLD_FOR_LATER","READ_ONLY_NO_BINARY_OUTPUT"
"RAM13.PCM","E:\UAOS_OPEN_LIBRARY_SOURCE\pa3x\rahm pa3x.SET\rahm pa3x.SET\PCM\RAM13.PCM","2349644","373FB9B7504C6D492C33CE086D512191DC92F8CF785674FFF1064448FDEA43EA","rahm pa3x.SET","MEDIUM_PCM","UNLINKED_PCM_HOLD_FOR_LATER","READ_ONLY_NO_BINARY_OUTPUT"
"RAM13.PCM","E:\UAOS_OPEN_LIBRARY_SOURCE\pa3x\LIVE CHARKI 3 2.SET\LIVE CHARKI 3 2.SET\PCM\RAM13.PCM","2127618","354ABDF3FD90BBC73E970402E65AAD355ED6922DC4D8F50D684613478DE0E5EB","LIVE CHARKI 3 2.SET","MEDIUM_PCM","UNLINKED_PCM_HOLD_FOR_LATER","READ_ONLY_NO_BINARY_OUTPUT"
"RAM13.PCM","E:\UAOS_OPEN_LIBRARY_SOURCE\pa3x\ABOUD NEXT-MG.SET\ABOUD NEXT-MG.SET\PCM\RAM13.PCM","4154014","E986359009EBB1507AC99E46A762DCCB25200EDECEF22A58D3AA9BCE82583F72","ABOUD NEXT-MG.SET","MEDIUM_PCM","UNLINKED_PCM_HOLD_FOR_LATER","READ_ONLY_NO_BINARY_OUTPUT"
"RAM13.PCM","E:\UAOS_OPEN_LIBRARY_SOURCE\pa3x\3xxxxx.SET\3xxxxx.SET\PCM\RAM13.PCM","2826308","279DF36A88EF59C4D332F6BB4599E537193E3B196260B7DF83414E4598FE56BD","3xxxxx.SET","MEDIUM_PCM","UNLINKED_PCM_HOLD_FOR_LATER","READ_ONLY_NO_BINARY_OUTPUT"
"RAM13.PCM","E:\UAOS_OPEN_LIBRARY_SOURCE\pa3x\ROTANA. 2022.SET\ROTANA. 2022.SET\PCM\RAM13.PCM","5460796","5434EDA973BF4F632E522012015474BDAE0F85417CC1966973006CD89FAED18D","ROTANA. 2022.SET","MEDIUM_PCM","UNLINKED_PCM_HOLD_FOR_LATER","READ_ONLY_NO_BINARY_OUTPUT"
"RAM13.PCM","E:\UAOS_OPEN_LIBRARY_SOURCE\pa3x\omar44.SET\omar44.SET\PCM\RAM13.PCM","4265823","E1628A0026838C296E115E5BB55E90F76FD7F565C81E88B2D7225178C4BE3241","omar44.SET","MEDIUM_PCM","UNLINKED_PCM_HOLD_FOR_LATER","READ_ONLY_NO_BINARY_OUTPUT"
"RAM13.PCM","E:\UAOS_OPEN_LIBRARY_SOURCE\pa3x\‏‏RoTaNa(1) pa3x.SET - نسخة\tareq pa3x.SET\PCM\RAM13.PCM","2602404","6CB5479898B1E9D596162FE9621C136FD6931A02553AB966A56518A817B5829A","tareq pa3x.SET","MEDIUM_PCM","UNLINKED_PCM_HOLD_FOR_LATER","READ_ONLY_NO_BINARY_OUTPUT"
"RAM13.PCM","E:\UAOS_OPEN_LIBRARY_SOURCE\pa3x\RoTaNa(1) pa3x.SET\tareq pa3x.SET\PCM\RAM13.PCM","2602404","6CB5479898B1E9D596162FE9621C136FD6931A02553AB966A56518A817B5829A","RoTaNa(1) pa3x.SET","MEDIUM_PCM","UNLINKED_PCM_HOLD_FOR_LATER","READ_ONLY_NO_BINARY_OUTPUT"
"RAM13.PCM","E:\UAOS_OPEN_LIBRARY_SOURCE\pa3x\2020 pa1000 pa4x.SET\2020 pa1000 pa4x.SET\PCM\RAM13.PCM","2886954","B19488F8D68DDFB48A9FE62924145C9F2688C48FEA65E91E476BB9D0597434CE","2020 pa1000 pa4x.SET","MEDIUM_PCM","UNLINKED_PCM_HOLD_FOR_LATER","READ_ONLY_NO_BINARY_OUTPUT"
"RAM13.PCM","E:\UAOS_OPEN_LIBRARY_SOURCE\pa3x\SUPER4X.3X ASLY2018.SET\SUPER4X.3X ASLY2018.SET\PCM\RAM13.PCM","2652646","DE22E66CBA1DFF2CA538B566FFD8425A0C77DC8CC1F158BDD92805DAEAD8B8B7","SUPER4X.3X ASLY2018.SET","MEDIUM_PCM","UNLINKED_PCM_HOLD_FOR_LATER","READ_ONLY_NO_BINARY_OUTPUT"
"RAM14.PCM","E:\UAOS_OPEN_LIBRARY_SOURCE\pa3x\LIVE CHARKI 3 2.SET\LIVE CHARKI 3 2.SET\PCM\RAM14.PCM","968491","904E661E66622E937063CD9DD30FC5B52E56739168CC0020D07E1BFDDB2686D1","LIVE CHARKI 3 2.SET","SMALL_PCM","UNLINKED_PCM_HOLD_FOR_LATER","READ_ONLY_NO_BINARY_OUTPUT"
"RAM14.PCM","E:\UAOS_OPEN_LIBRARY_SOURCE\pa3x\rahm pa3x.SET\rahm pa3x.SET\PCM\RAM14.PCM","2324140","6871E9E2512A9299E36A27A3A279F1D80EC0F98D7A2827B9CCA79453B56CF11C","rahm pa3x.SET","MEDIUM_PCM","UNLINKED_PCM_HOLD_FOR_LATER","READ_ONLY_NO_BINARY_OUTPUT"
"RAM14.PCM","E:\UAOS_OPEN_LIBRARY_SOURCE\pa3x\omar44.SET\omar44.SET\PCM\RAM14.PCM","4064712","102E9F4630AE6DF6DDDAA07457E8432AB96D3669B39FD8A242658B6BF6299C67","omar44.SET","MEDIUM_PCM","UNLINKED_PCM_HOLD_FOR_LATER","READ_ONLY_NO_BINARY_OUTPUT"
"RAM14.PCM","E:\UAOS_OPEN_LIBRARY_SOURCE\pa3x\a1111.SET\a1111.SET\PCM\RAM14.PCM","5532370","90E3FF50052F550840DE8E910F090042F1D6A84FA47D510CC801B9B32FB24801","a1111.SET","MEDIUM_PCM","UNLINKED_PCM_HOLD_FOR_LATER","READ_ONLY_NO_BINARY_OUTPUT"
"RAM14.PCM","E:\UAOS_OPEN_LIBRARY_SOURCE\pa3x\3xxxxx.SET\3xxxxx.SET\PCM\RAM14.PCM","2630606","D81D0CC369B17F604B8EFC6751332FA68B63052D03BC76F0DBF03B812252EDE9","3xxxxx.SET","MEDIUM_PCM","UNLINKED_PCM_HOLD_FOR_LATER","READ_ONLY_NO_BINARY_OUTPUT"
"RAM14.PCM","E:\UAOS_OPEN_LIBRARY_SOURCE\pa3x\ABOUD NEXT-MG.SET\ABOUD NEXT-MG.SET\PCM\RAM14.PCM","5014276","3D295CF6E604178211326A670468276A90DB7FD194E8E76635B536A3617BBF14","ABOUD NEXT-MG.SET","MEDIUM_PCM","UNLINKED_PCM_HOLD_FOR_LATER","READ_ONLY_NO_BINARY_OUTPUT"
"RAM14.PCM","E:\UAOS_OPEN_LIBRARY_SOURCE\pa3x\SUPER4X.3X ASLY2018.SET\SUPER4X.3X ASLY2018.SET\PCM\RAM14.PCM","2646278","7B8114CE9337ECCB5E8A4AFB628AB54758798942F9467E703D6D2065F7D39579","SUPER4X.3X ASLY2018.SET","MEDIUM_PCM","UNLINKED_PCM_HOLD_FOR_LATER","READ_ONLY_NO_BINARY_OUTPUT"
"RAM14.PCM","E:\UAOS_OPEN_LIBRARY_SOURCE\pa3x\RoTaNa(1) pa3x.SET\tareq pa3x.SET\PCM\RAM14.PCM","2580888","F92E292633E25966F1EE832EF2159C4C8EE2BC90E67768BC253075FB53DAC8C3","RoTaNa(1) pa3x.SET","MEDIUM_PCM","UNLINKED_PCM_HOLD_FOR_LATER","READ_ONLY_NO_BINARY_OUTPUT"
"RAM14.PCM","E:\UAOS_OPEN_LIBRARY_SOURCE\pa3x\‏‏RoTaNa(1) pa3x.SET - نسخة\tareq pa3x.SET\PCM\RAM14.PCM","2580888","F92E292633E25966F1EE832EF2159C4C8EE2BC90E67768BC253075FB53DAC8C3","tareq pa3x.SET","MEDIUM_PCM","UNLINKED_PCM_HOLD_FOR_LATER","READ_ONLY_NO_BINARY_OUTPUT"
"RAM14.PCM","E:\UAOS_OPEN_LIBRARY_SOURCE\pa3x\2020 pa1000 pa4x.SET\2020 pa1000 pa4x.SET\PCM\RAM14.PCM","2959293","F9B77091C318B3DABAA4F66DB2B3FA59AF3CF88757EC23AEFD7DDA7A92582D68","2020 pa1000 pa4x.SET","MEDIUM_PCM","UNLINKED_PCM_HOLD_FOR_LATER","READ_ONLY_NO_BINARY_OUTPUT"
"RAM14.PCM","E:\UAOS_OPEN_LIBRARY_SOURCE\pa3x\ROTANA. 2022.SET\ROTANA. 2022.SET\PCM\RAM14.PCM","5894168","8C7D42385B1B1ADA855A36D7998595FA935518B52919037D10D2C393E553BF47","ROTANA. 2022.SET","MEDIUM_PCM","UNLINKED_PCM_HOLD_FOR_LATER","READ_ONLY_NO_BINARY_OUTPUT"
"RAM15.PCM","E:\UAOS_OPEN_LIBRARY_SOURCE\pa3x\ROTANA. 2022.SET\ROTANA. 2022.SET\PCM\RAM15.PCM","5079888","F5E9FDFC52B8E066A574B8A50057F3E0A7793F08AFD373F4EC51211F4DD6454F","ROTANA. 2022.SET","MEDIUM_PCM","UNLINKED_PCM_HOLD_FOR_LATER","READ_ONLY_NO_BINARY_OUTPUT"
"RAM15.PCM","E:\UAOS_OPEN_LIBRARY_SOURCE\pa3x\2020 pa1000 pa4x.SET\2020 pa1000 pa4x.SET\PCM\RAM15.PCM","3133741","E8EC8429A66C32D9127415115130BC199F0CA2C2CF8F0534DF6D149A0B17A079","2020 pa1000 pa4x.SET","MEDIUM_PCM","UNLINKED_PCM_HOLD_FOR_LATER","READ_ONLY_NO_BINARY_OUTPUT"
"RAM15.PCM","E:\UAOS_OPEN_LIBRARY_SOURCE\pa3x\rahm pa3x.SET\rahm pa3x.SET\PCM\RAM15.PCM","3210870","41A5252022F0A4D0999658894EA912E712741CB64DAFBC543CBF75040963CE61","rahm pa3x.SET","MEDIUM_PCM","UNLINKED_PCM_HOLD_FOR_LATER","READ_ONLY_NO_BINARY_OUTPUT"
"RAM15.PCM","E:\UAOS_OPEN_LIBRARY_SOURCE\pa3x\3xxxxx.SET\3xxxxx.SET\PCM\RAM15.PCM","2600088","828752212323A5E6EAFC7CA35247BDED702D6C8ED2DE42378772E5406B77C683","3xxxxx.SET","MEDIUM_PCM","UNLINKED_PCM_HOLD_FOR_LATER","READ_ONLY_NO_BINARY_OUTPUT"
"RAM15.PCM","E:\UAOS_OPEN_LIBRARY_SOURCE\pa3x\ABOUD NEXT-MG.SET\ABOUD NEXT-MG.SET\PCM\RAM15.PCM","4294446","697B338F7FEE0EA58F42507BB6DD0294CA2813B537AA1C0369413A3D2B9DEE39","ABOUD NEXT-MG.SET","MEDIUM_PCM","UNLINKED_PCM_HOLD_FOR_LATER","READ_ONLY_NO_BINARY_OUTPUT"
"RAM15.PCM","E:\UAOS_OPEN_LIBRARY_SOURCE\pa3x\LIVE CHARKI 3 2.SET\LIVE CHARKI 3 2.SET\PCM\RAM15.PCM","1189100","1E456FB43687C7D74C0179A9710CF592CDFB68CF49BC36A70415DB53CE0F5BD1","LIVE CHARKI 3 2.SET","MEDIUM_PCM","UNLINKED_PCM_HOLD_FOR_LATER","READ_ONLY_NO_BINARY_OUTPUT"
"RAM15.PCM","E:\UAOS_OPEN_LIBRARY_SOURCE\pa3x\a1111.SET\a1111.SET\PCM\RAM15.PCM","6444510","E0C5C899832B2FE294FF24A2A18D671AC343FEC52BD38B298EF7844199D76027","a1111.SET","MEDIUM_PCM","UNLINKED_PCM_HOLD_FOR_LATER","READ_ONLY_NO_BINARY_OUTPUT"
"RAM15.PCM","E:\UAOS_OPEN_LIBRARY_SOURCE\pa3x\‏‏RoTaNa(1) pa3x.SET - نسخة\tareq pa3x.SET\PCM\RAM15.PCM","2602582","033C331743A10AD505DE786D5BE216272073CCACBE39FDFA81B84ABCACB17F35","tareq pa3x.SET","MEDIUM_PCM","UNLINKED_PCM_HOLD_FOR_LATER","READ_ONLY_NO_BINARY_OUTPUT"
"RAM15.PCM","E:\UAOS_OPEN_LIBRARY_SOURCE\pa3x\SUPER4X.3X ASLY2018.SET\SUPER4X.3X ASLY2018.SET\PCM\RAM15.PCM","2698702","774A45394E7661710511166225557303466056BD60A54DF407639127901E46E6","SUPER4X.3X ASLY2018.SET","MEDIUM_PCM","UNLINKED_PCM_HOLD_FOR_LATER","READ_ONLY_NO_BINARY_OUTPUT"
"RAM15.PCM","E:\UAOS_OPEN_LIBRARY_SOURCE\pa3x\omar44.SET\omar44.SET\PCM\RAM15.PCM","4629262","4BCD9A227519C28A572702762A9637F8895256A87BAE4776C010A82F4D244D51","omar44.SET","MEDIUM_PCM","UNLINKED_PCM_HOLD_FOR_LATER","READ_ONLY_NO_BINARY_OUTPUT"
"RAM15.PCM","E:\UAOS_OPEN_LIBRARY_SOURCE\pa3x\RoTaNa(1) pa3x.SET\tareq pa3x.SET\PCM\RAM15.PCM","2602582","033C331743A10AD505DE786D5BE216272073CCACBE39FDFA81B84ABCACB17F35","RoTaNa(1) pa3x.SET","MEDIUM_PCM","UNLINKED_PCM_HOLD_FOR_LATER","READ_ONLY_NO_BINARY_OUTPUT"
"RAM16.PCM","E:\UAOS_OPEN_LIBRARY_SOURCE\pa3x\a1111.SET\a1111.SET\PCM\RAM16.PCM","6441298","DE179AB23E7F33FB40D891F244B41102071FE82949571D184CFAFD6A45C91D2B","a1111.SET","MEDIUM_PCM","UNLINKED_PCM_HOLD_FOR_LATER","READ_ONLY_NO_BINARY_OUTPUT"
"RAM16.PCM","E:\UAOS_OPEN_LIBRARY_SOURCE\pa3x\2020 pa1000 pa4x.SET\2020 pa1000 pa4x.SET\PCM\RAM16.PCM","3123337","046E0E5E452E2ED6B4E89DF03F0FD7709287E725A420421176CA534094A03033","2020 pa1000 pa4x.SET","MEDIUM_PCM","UNLINKED_PCM_HOLD_FOR_LATER","READ_ONLY_NO_BINARY_OUTPUT"
"RAM16.PCM","E:\UAOS_OPEN_LIBRARY_SOURCE\pa3x\ABOUD NEXT-MG.SET\ABOUD NEXT-MG.SET\PCM\RAM16.PCM","4749343","1CC87831C5474286B9506B89EF51E82C24639A94B47C459952B96FE02E46B8D1","ABOUD NEXT-MG.SET","MEDIUM_PCM","UNLINKED_PCM_HOLD_FOR_LATER","READ_ONLY_NO_BINARY_OUTPUT"
"RAM16.PCM","E:\UAOS_OPEN_LIBRARY_SOURCE\pa3x\rahm pa3x.SET\rahm pa3x.SET\PCM\RAM16.PCM","2242420","082E0FB05892FB78ADD4531ED41DCF026288FF215A8F5AA0B1814580156CD298","rahm pa3x.SET","MEDIUM_PCM","UNLINKED_PCM_HOLD_FOR_LATER","READ_ONLY_NO_BINARY_OUTPUT"
"RAM16.PCM","E:\UAOS_OPEN_LIBRARY_SOURCE\pa3x\LIVE CHARKI 3 2.SET\LIVE CHARKI 3 2.SET\PCM\RAM16.PCM","978379","543ECAFF1ADD84AE3BB2CF16F3CE8CC7EB0DFDE531B7166C3616B4C09DF9E89F","LIVE CHARKI 3 2.SET","SMALL_PCM","UNLINKED_PCM_HOLD_FOR_LATER","READ_ONLY_NO_BINARY_OUTPUT"
"RAM16.PCM","E:\UAOS_OPEN_LIBRARY_SOURCE\pa3x\ROTANA. 2022.SET\ROTANA. 2022.SET\PCM\RAM16.PCM","5100176","575863E0D1E01C4FB1FD30F08C0701D7A842DFACB8B14DD841CCAF50CAEBB4CA","ROTANA. 2022.SET","MEDIUM_PCM","UNLINKED_PCM_HOLD_FOR_LATER","READ_ONLY_NO_BINARY_OUTPUT"
"RAM16.PCM","E:\UAOS_OPEN_LIBRARY_SOURCE\pa3x\omar44.SET\omar44.SET\PCM\RAM16.PCM","4096960","EBD9CC2BE005891F8B17893C6CC95A03EC552C9E64E85E9B13059D2A9B54D7D9","omar44.SET","MEDIUM_PCM","UNLINKED_PCM_HOLD_FOR_LATER","READ_ONLY_NO_BINARY_OUTPUT"
"RAM16.PCM","E:\UAOS_OPEN_LIBRARY_SOURCE\pa3x\3xxxxx.SET\3xxxxx.SET\PCM\RAM16.PCM","3202688","F27E17A57F71D266F717F1A9BA96C7EAEFDB2D2B70E4CD5EAC169CA662B1949A","3xxxxx.SET","MEDIUM_PCM","UNLINKED_PCM_HOLD_FOR_LATER","READ_ONLY_NO_BINARY_OUTPUT"
"RAM16.PCM","E:\UAOS_OPEN_LIBRARY_SOURCE\pa3x\‏‏RoTaNa(1) pa3x.SET - نسخة\tareq pa3x.SET\PCM\RAM16.PCM","2608028","CF83AE1B8D2AE5D4FFCF977F4DC9EF908AFD342CBB53216E043C0B8C5A4FEAC4","tareq pa3x.SET","MEDIUM_PCM","UNLINKED_PCM_HOLD_FOR_LATER","READ_ONLY_NO_BINARY_OUTPUT"
"RAM16.PCM","E:\UAOS_OPEN_LIBRARY_SOURCE\pa3x\RoTaNa(1) pa3x.SET\tareq pa3x.SET\PCM\RAM16.PCM","2608028","CF83AE1B8D2AE5D4FFCF977F4DC9EF908AFD342CBB53216E043C0B8C5A4FEAC4","RoTaNa(1) pa3x.SET","MEDIUM_PCM","UNLINKED_PCM_HOLD_FOR_LATER","READ_ONLY_NO_BINARY_OUTPUT"
"RAM16.PCM","E:\UAOS_OPEN_LIBRARY_SOURCE\pa3x\SUPER4X.3X ASLY2018.SET\SUPER4X.3X ASLY2018.SET\PCM\RAM16.PCM","2674768","2ADECE8D62C3ADA10EB4AC4A70B82FC5A6423C5AC62FA7458AF5C501BD7127C3","SUPER4X.3X ASLY2018.SET","MEDIUM_PCM","UNLINKED_PCM_HOLD_FOR_LATER","READ_ONLY_NO_BINARY_OUTPUT"
"RAM17.PCM","E:\UAOS_OPEN_LIBRARY_SOURCE\pa3x\‏‏RoTaNa(1) pa3x.SET - نسخة\tareq pa3x.SET\PCM\RAM17.PCM","2602018","F23EBCF489F901B3A8DFABBABC19862C47457276D32BA24ACB079CE324EADDBB","tareq pa3x.SET","MEDIUM_PCM","UNLINKED_PCM_HOLD_FOR_LATER","READ_ONLY_NO_BINARY_OUTPUT"
"RAM17.PCM","E:\UAOS_OPEN_LIBRARY_SOURCE\pa3x\2020 pa1000 pa4x.SET\2020 pa1000 pa4x.SET\PCM\RAM17.PCM","2883710","D2315FA5A83856F9BCA6066B2CFF76F1029DE95CE7E7B00EF673AA20663A5DDF","2020 pa1000 pa4x.SET","MEDIUM_PCM","UNLINKED_PCM_HOLD_FOR_LATER","READ_ONLY_NO_BINARY_OUTPUT"
"RAM17.PCM","E:\UAOS_OPEN_LIBRARY_SOURCE\pa3x\omar44.SET\omar44.SET\PCM\RAM17.PCM","4331358","A11938D4F2B09C4730552ECBCCC158806C6C136A12ACCF214DCB3E9F12457FCB","omar44.SET","MEDIUM_PCM","UNLINKED_PCM_HOLD_FOR_LATER","READ_ONLY_NO_BINARY_OUTPUT"
"RAM17.PCM","E:\UAOS_OPEN_LIBRARY_SOURCE\pa3x\rahm pa3x.SET\rahm pa3x.SET\PCM\RAM17.PCM","2282928","446F27E11BDB8AD1DDEB1AFCB68033CA0AE1AFA8CB92F36348F2EB43D216854E","rahm pa3x.SET","MEDIUM_PCM","UNLINKED_PCM_HOLD_FOR_LATER","READ_ONLY_NO_BINARY_OUTPUT"
"RAM17.PCM","E:\UAOS_OPEN_LIBRARY_SOURCE\pa3x\a1111.SET\a1111.SET\PCM\RAM17.PCM","6007830","CFA7C0FF7A8813E1DA4B4F1961E4C969F8363D5161661330E19FCCBE80689400","a1111.SET","MEDIUM_PCM","UNLINKED_PCM_HOLD_FOR_LATER","READ_ONLY_NO_BINARY_OUTPUT"
"RAM17.PCM","E:\UAOS_OPEN_LIBRARY_SOURCE\pa3x\ABOUD NEXT-MG.SET\ABOUD NEXT-MG.SET\PCM\RAM17.PCM","4515203","3D45CCE67C03CB39CAE19DF667EE264F18A093ED28F5922440EF7EC1F6ACEFB6","ABOUD NEXT-MG.SET","MEDIUM_PCM","UNLINKED_PCM_HOLD_FOR_LATER","READ_ONLY_NO_BINARY_OUTPUT"
"RAM17.PCM","E:\UAOS_OPEN_LIBRARY_SOURCE\pa3x\RoTaNa(1) pa3x.SET\tareq pa3x.SET\PCM\RAM17.PCM","2602018","F23EBCF489F901B3A8DFABBABC19862C47457276D32BA24ACB079CE324EADDBB","RoTaNa(1) pa3x.SET","MEDIUM_PCM","UNLINKED_PCM_HOLD_FOR_LATER","READ_ONLY_NO_BINARY_OUTPUT"
"RAM17.PCM","E:\UAOS_OPEN_LIBRARY_SOURCE\pa3x\LIVE CHARKI 3 2.SET\LIVE CHARKI 3 2.SET\PCM\RAM17.PCM","1152481","B3D8F69C4CA0757FC81FC712DE525C102E1A481E0CEFCDA10ADFD6D440977694","LIVE CHARKI 3 2.SET","MEDIUM_PCM","UNLINKED_PCM_HOLD_FOR_LATER","READ_ONLY_NO_BINARY_OUTPUT"
"RAM17.PCM","E:\UAOS_OPEN_LIBRARY_SOURCE\pa3x\SUPER4X.3X ASLY2018.SET\SUPER4X.3X ASLY2018.SET\PCM\RAM17.PCM","2639057","8AB64572A8FECF294E25DB8FA111D31C456B3920B4AB7E2D0A6A9AAF5ABFE755","SUPER4X.3X ASLY2018.SET","MEDIUM_PCM","UNLINKED_PCM_HOLD_FOR_LATER","READ_ONLY_NO_BINARY_OUTPUT"
"RAM17.PCM","E:\UAOS_OPEN_LIBRARY_SOURCE\pa3x\ROTANA. 2022.SET\ROTANA. 2022.SET\PCM\RAM17.PCM","4136146","2FF9D4FD9AFA168743056C5A96CB4C3799970DF565404CB282B85EDC5F6E3C94","ROTANA. 2022.SET","MEDIUM_PCM","UNLINKED_PCM_HOLD_FOR_LATER","READ_ONLY_NO_BINARY_OUTPUT"
"RAM17.PCM","E:\UAOS_OPEN_LIBRARY_SOURCE\pa3x\3xxxxx.SET\3xxxxx.SET\PCM\RAM17.PCM","2596056","46AA56A33AD9B2B026BE6BB394A1B3ED89B822A4E43DBCDD4B0BBDBAD0012353","3xxxxx.SET","MEDIUM_PCM","UNLINKED_PCM_HOLD_FOR_LATER","READ_ONLY_NO_BINARY_OUTPUT"
"RAM18.PCM","E:\UAOS_OPEN_LIBRARY_SOURCE\pa3x\2020 pa1000 pa4x.SET\2020 pa1000 pa4x.SET\PCM\RAM18.PCM","3148254","2999DF8050B7545080F80A8C1AD7AAD374314EAC558A2F48E8305C535B0B0653","2020 pa1000 pa4x.SET","MEDIUM_PCM","UNLINKED_PCM_HOLD_FOR_LATER","READ_ONLY_NO_BINARY_OUTPUT"
"RAM18.PCM","E:\UAOS_OPEN_LIBRARY_SOURCE\pa3x\ABOUD NEXT-MG.SET\ABOUD NEXT-MG.SET\PCM\RAM18.PCM","4320861","C42849FEFD35A35567C839C7C5709449AC64E457858E1A97752A2872B1118026","ABOUD NEXT-MG.SET","MEDIUM_PCM","UNLINKED_PCM_HOLD_FOR_LATER","READ_ONLY_NO_BINARY_OUTPUT"
"RAM18.PCM","E:\UAOS_OPEN_LIBRARY_SOURCE\pa3x\SUPER4X.3X ASLY2018.SET\SUPER4X.3X ASLY2018.SET\PCM\RAM18.PCM","2705392","F9E1D2D15E93772EE1F911C40642F7279822108B397388BF5E5D4DCD0F7AA7CF","SUPER4X.3X ASLY2018.SET","MEDIUM_PCM","UNLINKED_PCM_HOLD_FOR_LATER","READ_ONLY_NO_BINARY_OUTPUT"
"RAM18.PCM","E:\UAOS_OPEN_LIBRARY_SOURCE\pa3x\rahm pa3x.SET\rahm pa3x.SET\PCM\RAM18.PCM","2296997","EA3F83F9D1F3D97123BB0EB95E0AC5F2E5909B097967CD0E375CCA32292D1BC5","rahm pa3x.SET","MEDIUM_PCM","UNLINKED_PCM_HOLD_FOR_LATER","READ_ONLY_NO_BINARY_OUTPUT"
"RAM18.PCM","E:\UAOS_OPEN_LIBRARY_SOURCE\pa3x\omar44.SET\omar44.SET\PCM\RAM18.PCM","4320580","9C9EB2A39AB5827BBA15262B16DCE76E809B29DCEFF14C489E84AEFF0E6C9A52","omar44.SET","MEDIUM_PCM","UNLINKED_PCM_HOLD_FOR_LATER","READ_ONLY_NO_BINARY_OUTPUT"
"RAM18.PCM","E:\UAOS_OPEN_LIBRARY_SOURCE\pa3x\ROTANA. 2022.SET\ROTANA. 2022.SET\PCM\RAM18.PCM","4383230","556AA4E7C2E0A8811F710167A71D56BB21A928B8715E6A5A16A9CB268DAF8852","ROTANA. 2022.SET","MEDIUM_PCM","UNLINKED_PCM_HOLD_FOR_LATER","READ_ONLY_NO_BINARY_OUTPUT"
"RAM18.PCM","E:\UAOS_OPEN_LIBRARY_SOURCE\pa3x\RoTaNa(1) pa3x.SET\tareq pa3x.SET\PCM\RAM18.PCM","2603771","C91C9AF36CDE215342D323E314802852B819312C62788D5357BB6A02D163439A","RoTaNa(1) pa3x.SET","MEDIUM_PCM","UNLINKED_PCM_HOLD_FOR_LATER","READ_ONLY_NO_BINARY_OUTPUT"
"RAM18.PCM","E:\UAOS_OPEN_LIBRARY_SOURCE\pa3x\‏‏RoTaNa(1) pa3x.SET - نسخة\tareq pa3x.SET\PCM\RAM18.PCM","2603771","C91C9AF36CDE215342D323E314802852B819312C62788D5357BB6A02D163439A","tareq pa3x.SET","MEDIUM_PCM","UNLINKED_PCM_HOLD_FOR_LATER","READ_ONLY_NO_BINARY_OUTPUT"
"RAM18.PCM","E:\UAOS_OPEN_LIBRARY_SOURCE\pa3x\3xxxxx.SET\3xxxxx.SET\PCM\RAM18.PCM","2550198","8FA1BBFD0F7D78BE0167FFE94D52247B78500C71A3E5B096B1C7C436A2EA5F45","3xxxxx.SET","MEDIUM_PCM","UNLINKED_PCM_HOLD_FOR_LATER","READ_ONLY_NO_BINARY_OUTPUT"
"RAM18.PCM","E:\UAOS_OPEN_LIBRARY_SOURCE\pa3x\a1111.SET\a1111.SET\PCM\RAM18.PCM","5410136","4DAB55C8B3711626E6940EC66D5ABF65327C418C617F7EBB2B5C98D546C72B84","a1111.SET","MEDIUM_PCM","UNLINKED_PCM_HOLD_FOR_LATER","READ_ONLY_NO_BINARY_OUTPUT"
"RAM18.PCM","E:\UAOS_OPEN_LIBRARY_SOURCE\pa3x\LIVE CHARKI 3 2.SET\LIVE CHARKI 3 2.SET\PCM\RAM18.PCM","1114189","45840026DC29B27105E7173D116097B40E4A064058B501168D3A06CDD51AEF98","LIVE CHARKI 3 2.SET","MEDIUM_PCM","UNLINKED_PCM_HOLD_FOR_LATER","READ_ONLY_NO_BINARY_OUTPUT"
"RAM19.PCM","E:\UAOS_OPEN_LIBRARY_SOURCE\pa3x\ROTANA. 2022.SET\ROTANA. 2022.SET\PCM\RAM19.PCM","4973430","EC130401E2A43F9F78900805B7D515689A315095EF78BA45BEEC2979A1D600AA","ROTANA. 2022.SET","MEDIUM_PCM","UNLINKED_PCM_HOLD_FOR_LATER","READ_ONLY_NO_BINARY_OUTPUT"
"RAM19.PCM","E:\UAOS_OPEN_LIBRARY_SOURCE\pa3x\3xxxxx.SET\3xxxxx.SET\PCM\RAM19.PCM","2585199","470BB8B94D8E3B9BEF22D5660FAB25A13A1D89E80C6A1E858155C0C15D9FC1B6","3xxxxx.SET","MEDIUM_PCM","UNLINKED_PCM_HOLD_FOR_LATER","READ_ONLY_NO_BINARY_OUTPUT"
"RAM19.PCM","E:\UAOS_OPEN_LIBRARY_SOURCE\pa3x\2020 pa1000 pa4x.SET\2020 pa1000 pa4x.SET\PCM\RAM19.PCM","3128339","E5A2DA2B9BBE922B0E7D063280DC4CC61171D72D87FF6E0E596A6B46E693DC24","2020 pa1000 pa4x.SET","MEDIUM_PCM","UNLINKED_PCM_HOLD_FOR_LATER","READ_ONLY_NO_BINARY_OUTPUT"
"RAM19.PCM","E:\UAOS_OPEN_LIBRARY_SOURCE\pa3x\SUPER4X.3X ASLY2018.SET\SUPER4X.3X ASLY2018.SET\PCM\RAM19.PCM","2695214","4964C59B1DEC25663C450B1AE7716B678D936E4BEA76A46D0C63392F258DF520","SUPER4X.3X ASLY2018.SET","MEDIUM_PCM","UNLINKED_PCM_HOLD_FOR_LATER","READ_ONLY_NO_BINARY_OUTPUT"
"RAM19.PCM","E:\UAOS_OPEN_LIBRARY_SOURCE\pa3x\‏‏RoTaNa(1) pa3x.SET - نسخة\tareq pa3x.SET\PCM\RAM19.PCM","2582182","843D4E170EF8C9B177516F0F45D750F6289EA502A6515E84CD2B1F7821FC2920","tareq pa3x.SET","MEDIUM_PCM","UNLINKED_PCM_HOLD_FOR_LATER","READ_ONLY_NO_BINARY_OUTPUT"
"RAM19.PCM","E:\UAOS_OPEN_LIBRARY_SOURCE\pa3x\RoTaNa(1) pa3x.SET\tareq pa3x.SET\PCM\RAM19.PCM","2582182","843D4E170EF8C9B177516F0F45D750F6289EA502A6515E84CD2B1F7821FC2920","RoTaNa(1) pa3x.SET","MEDIUM_PCM","UNLINKED_PCM_HOLD_FOR_LATER","READ_ONLY_NO_BINARY_OUTPUT"
"RAM19.PCM","E:\UAOS_OPEN_LIBRARY_SOURCE\pa3x\a1111.SET\a1111.SET\PCM\RAM19.PCM","5941860","71CB6A150B14B187EF4363B47BEFBF0EF08CD19ADAEBD3A6EB8C66513E01624B","a1111.SET","MEDIUM_PCM","UNLINKED_PCM_HOLD_FOR_LATER","READ_ONLY_NO_BINARY_OUTPUT"
"RAM19.PCM","E:\UAOS_OPEN_LIBRARY_SOURCE\pa3x\ABOUD NEXT-MG.SET\ABOUD NEXT-MG.SET\PCM\RAM19.PCM","5055823","E8778CE69214FB378259CAA5978DE9F72AD948A2EA01B17E28F4E2A10E1A6B8D","ABOUD NEXT-MG.SET","MEDIUM_PCM","UNLINKED_PCM_HOLD_FOR_LATER","READ_ONLY_NO_BINARY_OUTPUT"
"RAM19.PCM","E:\UAOS_OPEN_LIBRARY_SOURCE\pa3x\LIVE CHARKI 3 2.SET\LIVE CHARKI 3 2.SET\PCM\RAM19.PCM","1495720","8F3247A74DFAC06B38549FBE432F09454B61DD09F2B79B662BC493D485832F1C","LIVE CHARKI 3 2.SET","MEDIUM_PCM","UNLINKED_PCM_HOLD_FOR_LATER","READ_ONLY_NO_BINARY_OUTPUT"
"RAM19.PCM","E:\UAOS_OPEN_LIBRARY_SOURCE\pa3x\rahm pa3x.SET\rahm pa3x.SET\PCM\RAM19.PCM","2244701","E1EFF1FE26412B8D1A9583A45526398049E457C240BF315A9A477F4065F5176B","rahm pa3x.SET","MEDIUM_PCM","UNLINKED_PCM_HOLD_FOR_LATER","READ_ONLY_NO_BINARY_OUTPUT"
"RAM19.PCM","E:\UAOS_OPEN_LIBRARY_SOURCE\pa3x\omar44.SET\omar44.SET\PCM\RAM19.PCM","4351198","735B435B476B352DE53751DCF3B2FFB33D9FC9371DDDDFAA61ED2E053F943433","omar44.SET","MEDIUM_PCM","UNLINKED_PCM_HOLD_FOR_LATER","READ_ONLY_NO_BINARY_OUTPUT"
"RAM20.PCM","E:\UAOS_OPEN_LIBRARY_SOURCE\pa3x\SUPER4X.3X ASLY2018.SET\SUPER4X.3X ASLY2018.SET\PCM\RAM20.PCM","2656780","E02BA47E8AB3FF2ED6491934BEA5719559E0675C6D8A693DE7DFA244D51E4D74","SUPER4X.3X ASLY2018.SET","MEDIUM_PCM","UNLINKED_PCM_HOLD_FOR_LATER","READ_ONLY_NO_BINARY_OUTPUT"
"RAM20.PCM","E:\UAOS_OPEN_LIBRARY_SOURCE\pa3x\rahm pa3x.SET\rahm pa3x.SET\PCM\RAM20.PCM","2933785","CBE52D740C880B07750E792BF6377BBE5A24E075989534BD9FB982CD4E46CD9D","rahm pa3x.SET","MEDIUM_PCM","UNLINKED_PCM_HOLD_FOR_LATER","READ_ONLY_NO_BINARY_OUTPUT"
"RAM20.PCM","E:\UAOS_OPEN_LIBRARY_SOURCE\pa3x\a1111.SET\a1111.SET\PCM\RAM20.PCM","5488798","09A15C4934E63A93012F6FF0E95830BC8BE782C54E3517B9ACAE7B0EC9FAD2C6","a1111.SET","MEDIUM_PCM","UNLINKED_PCM_HOLD_FOR_LATER","READ_ONLY_NO_BINARY_OUTPUT"
"RAM20.PCM","E:\UAOS_OPEN_LIBRARY_SOURCE\pa3x\‏‏RoTaNa(1) pa3x.SET - نسخة\tareq pa3x.SET\PCM\RAM20.PCM","2740946","3E3DCDAC37C7970043801AD664C9B022F959681D0854FC16AAAEC415FB4B16A4","tareq pa3x.SET","MEDIUM_PCM","UNLINKED_PCM_HOLD_FOR_LATER","READ_ONLY_NO_BINARY_OUTPUT"
"RAM20.PCM","E:\UAOS_OPEN_LIBRARY_SOURCE\pa3x\ABOUD NEXT-MG.SET\ABOUD NEXT-MG.SET\PCM\RAM20.PCM","4301618","AB2150B165AFC2F17C5D152B0E8F4108A9D772440A32563BA0EF39F8927EA8AA","ABOUD NEXT-MG.SET","MEDIUM_PCM","UNLINKED_PCM_HOLD_FOR_LATER","READ_ONLY_NO_BINARY_OUTPUT"
"RAM20.PCM","E:\UAOS_OPEN_LIBRARY_SOURCE\pa3x\RoTaNa(1) pa3x.SET\tareq pa3x.SET\PCM\RAM20.PCM","2740946","3E3DCDAC37C7970043801AD664C9B022F959681D0854FC16AAAEC415FB4B16A4","RoTaNa(1) pa3x.SET","MEDIUM_PCM","UNLINKED_PCM_HOLD_FOR_LATER","READ_ONLY_NO_BINARY_OUTPUT"
"RAM20.PCM","E:\UAOS_OPEN_LIBRARY_SOURCE\pa3x\LIVE CHARKI 3 2.SET\LIVE CHARKI 3 2.SET\PCM\RAM20.PCM","1216484","47A09664743662C726ED50F7228DA16C2892C19AD909D15085CC74B63E666A1F","LIVE CHARKI 3 2.SET","MEDIUM_PCM","UNLINKED_PCM_HOLD_FOR_LATER","READ_ONLY_NO_BINARY_OUTPUT"
"RAM20.PCM","E:\UAOS_OPEN_LIBRARY_SOURCE\pa3x\ROTANA. 2022.SET\ROTANA. 2022.SET\PCM\RAM20.PCM","6233835","17A307A91140582CE8E97629FDF68F0544249063F62DE4BF9685AB0815DB508E","ROTANA. 2022.SET","MEDIUM_PCM","UNLINKED_PCM_HOLD_FOR_LATER","READ_ONLY_NO_BINARY_OUTPUT"
"RAM20.PCM","E:\UAOS_OPEN_LIBRARY_SOURCE\pa3x\omar44.SET\omar44.SET\PCM\RAM20.PCM","4307984","886F424F9ACCB23CA1918B52B20434809FB3A06A1227664FA2616090C128DF96","omar44.SET","MEDIUM_PCM","UNLINKED_PCM_HOLD_FOR_LATER","READ_ONLY_NO_BINARY_OUTPUT"
"RAM20.PCM","E:\UAOS_OPEN_LIBRARY_SOURCE\pa3x\2020 pa1000 pa4x.SET\2020 pa1000 pa4x.SET\PCM\RAM20.PCM","2937107","C18082F52512D1EC616D5BD612BD77A5B4D48CA92EA2B5B5E6D381C49DAB5721","2020 pa1000 pa4x.SET","MEDIUM_PCM","UNLINKED_PCM_HOLD_FOR_LATER","READ_ONLY_NO_BINARY_OUTPUT"
"RAM20.PCM","E:\UAOS_OPEN_LIBRARY_SOURCE\pa3x\3xxxxx.SET\3xxxxx.SET\PCM\RAM20.PCM","2915357","148F0D01E0B6F685D341889B143C1C012B9B81A8E4301C0A0AB07EC43571C860","3xxxxx.SET","MEDIUM_PCM","UNLINKED_PCM_HOLD_FOR_LATER","READ_ONLY_NO_BINARY_OUTPUT"
"RAM21.PCM","E:\UAOS_OPEN_LIBRARY_SOURCE\pa3x\LIVE CHARKI 3 2.SET\LIVE CHARKI 3 2.SET\PCM\RAM21.PCM","1256886","085F98748B53D61F3E93B6C7692918B288B35F166F2CF6743E0A0CA0A69C049A","LIVE CHARKI 3 2.SET","MEDIUM_PCM","UNLINKED_PCM_HOLD_FOR_LATER","READ_ONLY_NO_BINARY_OUTPUT"
"RAM21.PCM","E:\UAOS_OPEN_LIBRARY_SOURCE\pa3x\ABOUD NEXT-MG.SET\ABOUD NEXT-MG.SET\PCM\RAM21.PCM","3583958","06C78CB76F58E43E9B6C4804CD5B84800679FCF4B7F101B669F05CC19A1C306C","ABOUD NEXT-MG.SET","MEDIUM_PCM","UNLINKED_PCM_HOLD_FOR_LATER","READ_ONLY_NO_BINARY_OUTPUT"
"RAM21.PCM","E:\UAOS_OPEN_LIBRARY_SOURCE\pa3x\‏‏RoTaNa(1) pa3x.SET - نسخة\tareq pa3x.SET\PCM\RAM21.PCM","2704376","22DC962C7C91A581A1F7D4D48596888601B734B06AC8A1585E286CD0D61DEBC0","tareq pa3x.SET","MEDIUM_PCM","UNLINKED_PCM_HOLD_FOR_LATER","READ_ONLY_NO_BINARY_OUTPUT"
"RAM21.PCM","E:\UAOS_OPEN_LIBRARY_SOURCE\pa3x\a1111.SET\a1111.SET\PCM\RAM21.PCM","6603222","AC9EEC81E7837911E79DB8755940FDBBB9CFFFDCAF676E4A47FB8A3D03E075A0","a1111.SET","MEDIUM_PCM","UNLINKED_PCM_HOLD_FOR_LATER","READ_ONLY_NO_BINARY_OUTPUT"
"RAM21.PCM","E:\UAOS_OPEN_LIBRARY_SOURCE\pa3x\3xxxxx.SET\3xxxxx.SET\PCM\RAM21.PCM","2755596","3B3290A06E0DCFD770112B4952FAA61F1654A5A9C14E165C55BB1238E37AA5A0","3xxxxx.SET","MEDIUM_PCM","UNLINKED_PCM_HOLD_FOR_LATER","READ_ONLY_NO_BINARY_OUTPUT"
"RAM21.PCM","E:\UAOS_OPEN_LIBRARY_SOURCE\pa3x\SUPER4X.3X ASLY2018.SET\SUPER4X.3X ASLY2018.SET\PCM\RAM21.PCM","2654498","FED494B2C9D5277810AB2D5B65EF8BF2D0E82ED54C51894B183DBEF38F734249","SUPER4X.3X ASLY2018.SET","MEDIUM_PCM","UNLINKED_PCM_HOLD_FOR_LATER","READ_ONLY_NO_BINARY_OUTPUT"
"RAM21.PCM","E:\UAOS_OPEN_LIBRARY_SOURCE\pa3x\2020 pa1000 pa4x.SET\2020 pa1000 pa4x.SET\PCM\RAM21.PCM","2888358","71EF64EC08CB3D4638E74FC0BE4C12247C0177CD28AAD895A41E0903226EE163","2020 pa1000 pa4x.SET","MEDIUM_PCM","UNLINKED_PCM_HOLD_FOR_LATER","READ_ONLY_NO_BINARY_OUTPUT"
"RAM21.PCM","E:\UAOS_OPEN_LIBRARY_SOURCE\pa3x\RoTaNa(1) pa3x.SET\tareq pa3x.SET\PCM\RAM21.PCM","2704376","22DC962C7C91A581A1F7D4D48596888601B734B06AC8A1585E286CD0D61DEBC0","RoTaNa(1) pa3x.SET","MEDIUM_PCM","UNLINKED_PCM_HOLD_FOR_LATER","READ_ONLY_NO_BINARY_OUTPUT"
"RAM21.PCM","E:\UAOS_OPEN_LIBRARY_SOURCE\pa3x\omar44.SET\omar44.SET\PCM\RAM21.PCM","4180315","7355379FCC00BF3CBE1CB4C5C815B914B04E59FD94C04327B6339097C78E2C32","omar44.SET","MEDIUM_PCM","UNLINKED_PCM_HOLD_FOR_LATER","READ_ONLY_NO_BINARY_OUTPUT"
"RAM21.PCM","E:\UAOS_OPEN_LIBRARY_SOURCE\pa3x\rahm pa3x.SET\rahm pa3x.SET\PCM\RAM21.PCM","2347568","D8B142D386342B15727D0C18FECF5074060DFBA50790264380A79F8F3BF2BFF5","rahm pa3x.SET","MEDIUM_PCM","UNLINKED_PCM_HOLD_FOR_LATER","READ_ONLY_NO_BINARY_OUTPUT"
"RAM21.PCM","E:\UAOS_OPEN_LIBRARY_SOURCE\pa3x\ROTANA. 2022.SET\ROTANA. 2022.SET\PCM\RAM21.PCM","6386614","E329A5DE82FB5FF155FB0863D6AE61E9C260B8C3DBB55435E57B4CF2A038B4A7","ROTANA. 2022.SET","MEDIUM_PCM","UNLINKED_PCM_HOLD_FOR_LATER","READ_ONLY_NO_BINARY_OUTPUT"
"RAM22.PCM","E:\UAOS_OPEN_LIBRARY_SOURCE\pa3x\ROTANA. 2022.SET\ROTANA. 2022.SET\PCM\RAM22.PCM","4243472","31EC818410DDFC43F8F0514FF08C372FE66E50F06298B1C2E918374EC00B419A","ROTANA. 2022.SET","MEDIUM_PCM","UNLINKED_PCM_HOLD_FOR_LATER","READ_ONLY_NO_BINARY_OUTPUT"
"RAM22.PCM","E:\UAOS_OPEN_LIBRARY_SOURCE\pa3x\rahm pa3x.SET\rahm pa3x.SET\PCM\RAM22.PCM","2226914","00EA26C4C9A1A62DF7382680AE03119379AC9E5D7DD6CE7A0C902A01D8810EC0","rahm pa3x.SET","MEDIUM_PCM","UNLINKED_PCM_HOLD_FOR_LATER","READ_ONLY_NO_BINARY_OUTPUT"
"RAM22.PCM","E:\UAOS_OPEN_LIBRARY_SOURCE\pa3x\‏‏RoTaNa(1) pa3x.SET - نسخة\tareq pa3x.SET\PCM\RAM22.PCM","2586877","6AB5B22B28607DE58B2C2930D330B3DC3D7CC7541F6FA1FC6ECE4AD600C12DCD","tareq pa3x.SET","MEDIUM_PCM","UNLINKED_PCM_HOLD_FOR_LATER","READ_ONLY_NO_BINARY_OUTPUT"
"RAM22.PCM","E:\UAOS_OPEN_LIBRARY_SOURCE\pa3x\3xxxxx.SET\3xxxxx.SET\PCM\RAM22.PCM","2970662","B247132692665C675B70568E1230ED14118DFFD49031DFA272D91024F61F0983","3xxxxx.SET","MEDIUM_PCM","UNLINKED_PCM_HOLD_FOR_LATER","READ_ONLY_NO_BINARY_OUTPUT"
"RAM22.PCM","E:\UAOS_OPEN_LIBRARY_SOURCE\pa3x\2020 pa1000 pa4x.SET\2020 pa1000 pa4x.SET\PCM\RAM22.PCM","2895836","3431CE66BD3D7F369AE0E5BA922F7582D1115B7673A5412830BCA9EADAB92C71","2020 pa1000 pa4x.SET","MEDIUM_PCM","UNLINKED_PCM_HOLD_FOR_LATER","READ_ONLY_NO_BINARY_OUTPUT"
"RAM22.PCM","E:\UAOS_OPEN_LIBRARY_SOURCE\pa3x\omar44.SET\omar44.SET\PCM\RAM22.PCM","4340233","B61087AAAF9100E61D70801D8B283F0DFED8D8C09A3B989BF21E68EE5B39463C","omar44.SET","MEDIUM_PCM","UNLINKED_PCM_HOLD_FOR_LATER","READ_ONLY_NO_BINARY_OUTPUT"
"RAM22.PCM","E:\UAOS_OPEN_LIBRARY_SOURCE\pa3x\LIVE CHARKI 3 2.SET\LIVE CHARKI 3 2.SET\PCM\RAM22.PCM","1310471","06ABE1A59C9177D948133B4A5B4021878B5072C5AFB7A5826DAD57AD1C803718","LIVE CHARKI 3 2.SET","MEDIUM_PCM","UNLINKED_PCM_HOLD_FOR_LATER","READ_ONLY_NO_BINARY_OUTPUT"
"RAM22.PCM","E:\UAOS_OPEN_LIBRARY_SOURCE\pa3x\ABOUD NEXT-MG.SET\ABOUD NEXT-MG.SET\PCM\RAM22.PCM","3880298","4BAF16324496D68914D7B3580F3D21BD230A23E95E8AC2D8C80E86688B706D0F","ABOUD NEXT-MG.SET","MEDIUM_PCM","UNLINKED_PCM_HOLD_FOR_LATER","READ_ONLY_NO_BINARY_OUTPUT"
"RAM22.PCM","E:\UAOS_OPEN_LIBRARY_SOURCE\pa3x\SUPER4X.3X ASLY2018.SET\SUPER4X.3X ASLY2018.SET\PCM\RAM22.PCM","2693046","BC19CCCB0F31ADC087CD64E2203D05893CEA202B3EE434F8B1FD29CC4A760AF7","SUPER4X.3X ASLY2018.SET","MEDIUM_PCM","UNLINKED_PCM_HOLD_FOR_LATER","READ_ONLY_NO_BINARY_OUTPUT"
"RAM22.PCM","E:\UAOS_OPEN_LIBRARY_SOURCE\pa3x\RoTaNa(1) pa3x.SET\tareq pa3x.SET\PCM\RAM22.PCM","2586877","6AB5B22B28607DE58B2C2930D330B3DC3D7CC7541F6FA1FC6ECE4AD600C12DCD","RoTaNa(1) pa3x.SET","MEDIUM_PCM","UNLINKED_PCM_HOLD_FOR_LATER","READ_ONLY_NO_BINARY_OUTPUT"
"RAM22.PCM","E:\UAOS_OPEN_LIBRARY_SOURCE\pa3x\a1111.SET\a1111.SET\PCM\RAM22.PCM","5799388","0A92B0DD08F5E6AEADAE7DC466127C9175052B7F4A9CF48FB500DD1578E7CB56","a1111.SET","MEDIUM_PCM","UNLINKED_PCM_HOLD_FOR_LATER","READ_ONLY_NO_BINARY_OUTPUT"
"RAM23.PCM","E:\UAOS_OPEN_LIBRARY_SOURCE\pa3x\2020 pa1000 pa4x.SET\2020 pa1000 pa4x.SET\PCM\RAM23.PCM","2909931","36C867F7E713B220E8DBA958352EA70D4C0F137FE4B826851A7847218DDCCFCE","2020 pa1000 pa4x.SET","MEDIUM_PCM","UNLINKED_PCM_HOLD_FOR_LATER","READ_ONLY_NO_BINARY_OUTPUT"
"RAM23.PCM","E:\UAOS_OPEN_LIBRARY_SOURCE\pa3x\3xxxxx.SET\3xxxxx.SET\PCM\RAM23.PCM","2555829","AB169CFCEFE12A4A2C1C323CC7AAF12147565A9F90006025577980CA6DDA5042","3xxxxx.SET","MEDIUM_PCM","UNLINKED_PCM_HOLD_FOR_LATER","READ_ONLY_NO_BINARY_OUTPUT"
"RAM23.PCM","E:\UAOS_OPEN_LIBRARY_SOURCE\pa3x\ROTANA. 2022.SET\ROTANA. 2022.SET\PCM\RAM23.PCM","5238212","73A3DF25BB303A246FE2CA3B030C7FA543BD2FE5CA59121529B890D2316E49F6","ROTANA. 2022.SET","MEDIUM_PCM","UNLINKED_PCM_HOLD_FOR_LATER","READ_ONLY_NO_BINARY_OUTPUT"
"RAM23.PCM","E:\UAOS_OPEN_LIBRARY_SOURCE\pa3x\ABOUD NEXT-MG.SET\ABOUD NEXT-MG.SET\PCM\RAM23.PCM","3598174","55018908777A9B69C862A876A87F9D869E423ABCBAD1E057BD6AB66B4FC74AEB","ABOUD NEXT-MG.SET","MEDIUM_PCM","UNLINKED_PCM_HOLD_FOR_LATER","READ_ONLY_NO_BINARY_OUTPUT"
"RAM23.PCM","E:\UAOS_OPEN_LIBRARY_SOURCE\pa3x\rahm pa3x.SET\rahm pa3x.SET\PCM\RAM23.PCM","2106721","5FD69479BED96D950B3F868221C4E4D4518618D22F252EDB18EE5DBAC40CA0E6","rahm pa3x.SET","MEDIUM_PCM","UNLINKED_PCM_HOLD_FOR_LATER","READ_ONLY_NO_BINARY_OUTPUT"
"RAM23.PCM","E:\UAOS_OPEN_LIBRARY_SOURCE\pa3x\a1111.SET\a1111.SET\PCM\RAM23.PCM","5951486","26AF7B46F2D68FDF7AA04A2202149BF8D35B1642D440B7EE1FB1803FE168C3BA","a1111.SET","MEDIUM_PCM","UNLINKED_PCM_HOLD_FOR_LATER","READ_ONLY_NO_BINARY_OUTPUT"
"RAM23.PCM","E:\UAOS_OPEN_LIBRARY_SOURCE\pa3x\‏‏RoTaNa(1) pa3x.SET - نسخة\tareq pa3x.SET\PCM\RAM23.PCM","2581028","06ABA80B8AC13FA5DD3BFC85460364B8E9EC95C20FC4DB3AD4FDF0FE7B3BB72E","tareq pa3x.SET","MEDIUM_PCM","UNLINKED_PCM_HOLD_FOR_LATER","READ_ONLY_NO_BINARY_OUTPUT"
"RAM23.PCM","E:\UAOS_OPEN_LIBRARY_SOURCE\pa3x\LIVE CHARKI 3 2.SET\LIVE CHARKI 3 2.SET\PCM\RAM23.PCM","1347886","CA4D1EEB38318D89CB0F68C4BA111EB57F0EA7A9F8C3ACA11BB9E796A41926CE","LIVE CHARKI 3 2.SET","MEDIUM_PCM","UNLINKED_PCM_HOLD_FOR_LATER","READ_ONLY_NO_BINARY_OUTPUT"
"RAM23.PCM","E:\UAOS_OPEN_LIBRARY_SOURCE\pa3x\omar44.SET\omar44.SET\PCM\RAM23.PCM","4210298","FD0CA64ECC9FCCC20E956705E857AEB86FF8342655D989A373988F35076F8E84","omar44.SET","MEDIUM_PCM","UNLINKED_PCM_HOLD_FOR_LATER","READ_ONLY_NO_BINARY_OUTPUT"
"RAM23.PCM","E:\UAOS_OPEN_LIBRARY_SOURCE\pa3x\SUPER4X.3X ASLY2018.SET\SUPER4X.3X ASLY2018.SET\PCM\RAM23.PCM","2651190","E365917A7E94B9919360608CC92E29E1D6750A9D76B6F350F169EB7F30766D2C","SUPER4X.3X ASLY2018.SET","MEDIUM_PCM","UNLINKED_PCM_HOLD_FOR_LATER","READ_ONLY_NO_BINARY_OUTPUT"
"RAM23.PCM","E:\UAOS_OPEN_LIBRARY_SOURCE\pa3x\RoTaNa(1) pa3x.SET\tareq pa3x.SET\PCM\RAM23.PCM","2581028","06ABA80B8AC13FA5DD3BFC85460364B8E9EC95C20FC4DB3AD4FDF0FE7B3BB72E","RoTaNa(1) pa3x.SET","MEDIUM_PCM","UNLINKED_PCM_HOLD_FOR_LATER","READ_ONLY_NO_BINARY_OUTPUT"
"RAM24.PCM","E:\UAOS_OPEN_LIBRARY_SOURCE\pa3x\ABOUD NEXT-MG.SET\ABOUD NEXT-MG.SET\PCM\RAM24.PCM","3803441","8F2CDC433AF6FAA5C3A903DA8775AF0745162DBEDFC979B76C86AC7B4E4A79AD","ABOUD NEXT-MG.SET","MEDIUM_PCM","UNLINKED_PCM_HOLD_FOR_LATER","READ_ONLY_NO_BINARY_OUTPUT"
"RAM24.PCM","E:\UAOS_OPEN_LIBRARY_SOURCE\pa3x\a1111.SET\a1111.SET\PCM\RAM24.PCM","8997538","75C8462518D7136CE175A65BDFEBA4DDEEE0A003EB9032FFC20AC38D57ABD7E2","a1111.SET","MEDIUM_PCM","UNLINKED_PCM_HOLD_FOR_LATER","READ_ONLY_NO_BINARY_OUTPUT"
"RAM24.PCM","E:\UAOS_OPEN_LIBRARY_SOURCE\pa3x\LIVE CHARKI 3 2.SET\LIVE CHARKI 3 2.SET\PCM\RAM24.PCM","1543671","6CEFA7673A6E4F663E21037424FB2144401BCC6E7D127828B9AFB28F7551415A","LIVE CHARKI 3 2.SET","MEDIUM_PCM","UNLINKED_PCM_HOLD_FOR_LATER","READ_ONLY_NO_BINARY_OUTPUT"
"RAM24.PCM","E:\UAOS_OPEN_LIBRARY_SOURCE\pa3x\3xxxxx.SET\3xxxxx.SET\PCM\RAM24.PCM","2640400","FF28E28EF6F97F083D2131D8BBB06A407B788264DB21C88B1A98E2C9757E6AB4","3xxxxx.SET","MEDIUM_PCM","UNLINKED_PCM_HOLD_FOR_LATER","READ_ONLY_NO_BINARY_OUTPUT"
"RAM24.PCM","E:\UAOS_OPEN_LIBRARY_SOURCE\pa3x\RoTaNa(1) pa3x.SET\tareq pa3x.SET\PCM\RAM24.PCM","2575706","14EC3351222FE6D8FC9B56CCCFEEA122D63BF5328E01ADA6EAB1C670F53E7E0E","RoTaNa(1) pa3x.SET","MEDIUM_PCM","UNLINKED_PCM_HOLD_FOR_LATER","READ_ONLY_NO_BINARY_OUTPUT"
"RAM24.PCM","E:\UAOS_OPEN_LIBRARY_SOURCE\pa3x\rahm pa3x.SET\rahm pa3x.SET\PCM\RAM24.PCM","2114614","2D60F93A8684C5D904BF352CC599E78F2A4A607CDC9C8B044C0FA0A8F882056C","rahm pa3x.SET","MEDIUM_PCM","UNLINKED_PCM_HOLD_FOR_LATER","READ_ONLY_NO_BINARY_OUTPUT"
"RAM24.PCM","E:\UAOS_OPEN_LIBRARY_SOURCE\pa3x\ROTANA. 2022.SET\ROTANA. 2022.SET\PCM\RAM24.PCM","3629596","609E2215C8A822A0E0719BC0EFDBDEE995FB4F307379C720DD548AB9F952204F","ROTANA. 2022.SET","MEDIUM_PCM","UNLINKED_PCM_HOLD_FOR_LATER","READ_ONLY_NO_BINARY_OUTPUT"
"RAM24.PCM","E:\UAOS_OPEN_LIBRARY_SOURCE\pa3x\omar44.SET\omar44.SET\PCM\RAM24.PCM","4341802","127973C4F963993A1A45A9B718593504753E90BEC1576770E07E4CF1887E6FBA","omar44.SET","MEDIUM_PCM","UNLINKED_PCM_HOLD_FOR_LATER","READ_ONLY_NO_BINARY_OUTPUT"
"RAM24.PCM","E:\UAOS_OPEN_LIBRARY_SOURCE\pa3x\SUPER4X.3X ASLY2018.SET\SUPER4X.3X ASLY2018.SET\PCM\RAM24.PCM","2662666","6AC75816775C44DB464652AFCB9B1FEE4F3B954C854CEC35D73B68B0AB578ABB","SUPER4X.3X ASLY2018.SET","MEDIUM_PCM","UNLINKED_PCM_HOLD_FOR_LATER","READ_ONLY_NO_BINARY_OUTPUT"
"RAM24.PCM","E:\UAOS_OPEN_LIBRARY_SOURCE\pa3x\‏‏RoTaNa(1) pa3x.SET - نسخة\tareq pa3x.SET\PCM\RAM24.PCM","2575706","14EC3351222FE6D8FC9B56CCCFEEA122D63BF5328E01ADA6EAB1C670F53E7E0E","tareq pa3x.SET","MEDIUM_PCM","UNLINKED_PCM_HOLD_FOR_LATER","READ_ONLY_NO_BINARY_OUTPUT"
"RAM24.PCM","E:\UAOS_OPEN_LIBRARY_SOURCE\pa3x\2020 pa1000 pa4x.SET\2020 pa1000 pa4x.SET\PCM\RAM24.PCM","3147318","93D8DD21492359333AE1F95EBC19FD70E8E6D0A7A0FBB0D1BB6EA2F17678FC91","2020 pa1000 pa4x.SET","MEDIUM_PCM","UNLINKED_PCM_HOLD_FOR_LATER","READ_ONLY_NO_BINARY_OUTPUT"
"RAM25.PCM","E:\UAOS_OPEN_LIBRARY_SOURCE\pa3x\LIVE CHARKI 3 2.SET\LIVE CHARKI 3 2.SET\PCM\RAM25.PCM","1492382","D4C8BB46FE85C9BF6CB197D61D0BE9569B3CB4EEC9640C65DDCF314577C99CF5","LIVE CHARKI 3 2.SET","MEDIUM_PCM","UNLINKED_PCM_HOLD_FOR_LATER","READ_ONLY_NO_BINARY_OUTPUT"
"RAM25.PCM","E:\UAOS_OPEN_LIBRARY_SOURCE\pa3x\RoTaNa(1) pa3x.SET\tareq pa3x.SET\PCM\RAM25.PCM","2587814","D8F9CEF736BF5D54353B001F767201C86680C5794D27D2A1B4DFF533798ECC16","RoTaNa(1) pa3x.SET","MEDIUM_PCM","UNLINKED_PCM_HOLD_FOR_LATER","READ_ONLY_NO_BINARY_OUTPUT"
"RAM25.PCM","E:\UAOS_OPEN_LIBRARY_SOURCE\pa3x\ROTANA. 2022.SET\ROTANA. 2022.SET\PCM\RAM25.PCM","6063748","A00B37CDCBA81B0C9A20F279DF16A4B4AB538B30B5B87986EE7B3F18B8ABFCF1","ROTANA. 2022.SET","MEDIUM_PCM","UNLINKED_PCM_HOLD_FOR_LATER","READ_ONLY_NO_BINARY_OUTPUT"
"RAM25.PCM","E:\UAOS_OPEN_LIBRARY_SOURCE\pa3x\2020 pa1000 pa4x.SET\2020 pa1000 pa4x.SET\PCM\RAM25.PCM","2916868","310385BCE2E2525058655E2315A1BD408FB0155B45789C4F2D459491082ACFFE","2020 pa1000 pa4x.SET","MEDIUM_PCM","UNLINKED_PCM_HOLD_FOR_LATER","READ_ONLY_NO_BINARY_OUTPUT"
"RAM25.PCM","E:\UAOS_OPEN_LIBRARY_SOURCE\pa3x\SUPER4X.3X ASLY2018.SET\SUPER4X.3X ASLY2018.SET\PCM\RAM25.PCM","2646937","AA5EEFE227DB21223D1906A8C503F5D89F1F78E86E2BFA747181C1550D5073AA","SUPER4X.3X ASLY2018.SET","MEDIUM_PCM","UNLINKED_PCM_HOLD_FOR_LATER","READ_ONLY_NO_BINARY_OUTPUT"
"RAM25.PCM","E:\UAOS_OPEN_LIBRARY_SOURCE\pa3x\‏‏RoTaNa(1) pa3x.SET - نسخة\tareq pa3x.SET\PCM\RAM25.PCM","2587814","D8F9CEF736BF5D54353B001F767201C86680C5794D27D2A1B4DFF533798ECC16","tareq pa3x.SET","MEDIUM_PCM","UNLINKED_PCM_HOLD_FOR_LATER","READ_ONLY_NO_BINARY_OUTPUT"
"RAM25.PCM","E:\UAOS_OPEN_LIBRARY_SOURCE\pa3x\rahm pa3x.SET\rahm pa3x.SET\PCM\RAM25.PCM","2432514","E06802431C9B1E183B5131C882D6B207DC76862986AF33093E24410BCB3E0FB2","rahm pa3x.SET","MEDIUM_PCM","UNLINKED_PCM_HOLD_FOR_LATER","READ_ONLY_NO_BINARY_OUTPUT"
"RAM25.PCM","E:\UAOS_OPEN_LIBRARY_SOURCE\pa3x\ABOUD NEXT-MG.SET\ABOUD NEXT-MG.SET\PCM\RAM25.PCM","4573110","4EAEA8D98593E9AA36C47A349BEC408AD9C8A298DAA14A462EEE1643759F96E9","ABOUD NEXT-MG.SET","MEDIUM_PCM","UNLINKED_PCM_HOLD_FOR_LATER","READ_ONLY_NO_BINARY_OUTPUT"
"RAM25.PCM","E:\UAOS_OPEN_LIBRARY_SOURCE\pa3x\omar44.SET\omar44.SET\PCM\RAM25.PCM","4258677","885A6F1F7908CD437B19AF0CE068A439D01A7469BED6578C4F65608280BA75A8","omar44.SET","MEDIUM_PCM","UNLINKED_PCM_HOLD_FOR_LATER","READ_ONLY_NO_BINARY_OUTPUT"
"RAM25.PCM","E:\UAOS_OPEN_LIBRARY_SOURCE\pa3x\a1111.SET\a1111.SET\PCM\RAM25.PCM","5730058","79688754D1B4AFF3F1FB1BF94424A4B06FF0D882D490214E2D9C0E60556466D1","a1111.SET","MEDIUM_PCM","UNLINKED_PCM_HOLD_FOR_LATER","READ_ONLY_NO_BINARY_OUTPUT"
"RAM25.PCM","E:\UAOS_OPEN_LIBRARY_SOURCE\pa3x\3xxxxx.SET\3xxxxx.SET\PCM\RAM25.PCM","2892276","40EB231F176A7133D953DE0B9D879E140D95FADB92397DAD5F3A6A478DFED4D4","3xxxxx.SET","MEDIUM_PCM","UNLINKED_PCM_HOLD_FOR_LATER","READ_ONLY_NO_BINARY_OUTPUT"
"RAM26.PCM","E:\UAOS_OPEN_LIBRARY_SOURCE\pa3x\ABOUD NEXT-MG.SET\ABOUD NEXT-MG.SET\PCM\RAM26.PCM","3924449","92FB20CC970B0F652C1768A140B1EB07E94D32FF97BCDD6FB38CF99D5DD33983","ABOUD NEXT-MG.SET","MEDIUM_PCM","UNLINKED_PCM_HOLD_FOR_LATER","READ_ONLY_NO_BINARY_OUTPUT"
"RAM26.PCM","E:\UAOS_OPEN_LIBRARY_SOURCE\pa3x\rahm pa3x.SET\rahm pa3x.SET\PCM\RAM26.PCM","2100851","0603319D11D8BE47DE9E917AF04CC7A88BFCD073522C7AFEFF10F8437414ECA2","rahm pa3x.SET","MEDIUM_PCM","UNLINKED_PCM_HOLD_FOR_LATER","READ_ONLY_NO_BINARY_OUTPUT"
"RAM26.PCM","E:\UAOS_OPEN_LIBRARY_SOURCE\pa3x\ROTANA. 2022.SET\ROTANA. 2022.SET\PCM\RAM26.PCM","5755928","16AADB2BC4ED7AA1C8E654236D32150FCA9A85E31D3976026D80BF7D696771B0","ROTANA. 2022.SET","MEDIUM_PCM","UNLINKED_PCM_HOLD_FOR_LATER","READ_ONLY_NO_BINARY_OUTPUT"
"RAM26.PCM","E:\UAOS_OPEN_LIBRARY_SOURCE\pa3x\3xxxxx.SET\3xxxxx.SET\PCM\RAM26.PCM","2637172","C0AB0EF4273BDD11150E1A35253E08E5D3440371B4A0A13866D7B7F8104B59DA","3xxxxx.SET","MEDIUM_PCM","UNLINKED_PCM_HOLD_FOR_LATER","READ_ONLY_NO_BINARY_OUTPUT"
"RAM26.PCM","E:\UAOS_OPEN_LIBRARY_SOURCE\pa3x\a1111.SET\a1111.SET\PCM\RAM26.PCM","6136788","E9864169E75051DD68363FB9E93904E8A8EB7E0FB47D4189EA78ED6819B29720","a1111.SET","MEDIUM_PCM","UNLINKED_PCM_HOLD_FOR_LATER","READ_ONLY_NO_BINARY_OUTPUT"
"RAM26.PCM","E:\UAOS_OPEN_LIBRARY_SOURCE\pa3x\2020 pa1000 pa4x.SET\2020 pa1000 pa4x.SET\PCM\RAM26.PCM","2885215","FDE63CB90B4CCD786C32D938866C31ACE852598514E0C450A73185AD498EA3C4","2020 pa1000 pa4x.SET","MEDIUM_PCM","UNLINKED_PCM_HOLD_FOR_LATER","READ_ONLY_NO_BINARY_OUTPUT"
"RAM26.PCM","E:\UAOS_OPEN_LIBRARY_SOURCE\pa3x\‏‏RoTaNa(1) pa3x.SET - نسخة\tareq pa3x.SET\PCM\RAM26.PCM","2569484","E16FF48E2105B99EA4FB72A79C2C7694F36DF4C873C774EF06F7638BC1D8CDB5","tareq pa3x.SET","MEDIUM_PCM","UNLINKED_PCM_HOLD_FOR_LATER","READ_ONLY_NO_BINARY_OUTPUT"
"RAM26.PCM","E:\UAOS_OPEN_LIBRARY_SOURCE\pa3x\omar44.SET\omar44.SET\PCM\RAM26.PCM","4152794","35CF0B2B1FF4F67F7F5180472BF0D7EE1AE7D19C178C9E928DB2540F0BF9486B","omar44.SET","MEDIUM_PCM","UNLINKED_PCM_HOLD_FOR_LATER","READ_ONLY_NO_BINARY_OUTPUT"
"RAM26.PCM","E:\UAOS_OPEN_LIBRARY_SOURCE\pa3x\SUPER4X.3X ASLY2018.SET\SUPER4X.3X ASLY2018.SET\PCM\RAM26.PCM","2683937","9303751E0AD24F0A28D95CB8CB365A4D2F9326F57F86321FACBD5D6828732DEB","SUPER4X.3X ASLY2018.SET","MEDIUM_PCM","UNLINKED_PCM_HOLD_FOR_LATER","READ_ONLY_NO_BINARY_OUTPUT"
"RAM26.PCM","E:\UAOS_OPEN_LIBRARY_SOURCE\pa3x\RoTaNa(1) pa3x.SET\tareq pa3x.SET\PCM\RAM26.PCM","2569484","E16FF48E2105B99EA4FB72A79C2C7694F36DF4C873C774EF06F7638BC1D8CDB5","RoTaNa(1) pa3x.SET","MEDIUM_PCM","UNLINKED_PCM_HOLD_FOR_LATER","READ_ONLY_NO_BINARY_OUTPUT"
"RAM26.PCM","E:\UAOS_OPEN_LIBRARY_SOURCE\pa3x\LIVE CHARKI 3 2.SET\LIVE CHARKI 3 2.SET\PCM\RAM26.PCM","1475208","0E15554F51B286BEA1ED8E624894897609A6E312E4352E1F8DD71F6DEB285EC2","LIVE CHARKI 3 2.SET","MEDIUM_PCM","UNLINKED_PCM_HOLD_FOR_LATER","READ_ONLY_NO_BINARY_OUTPUT"
"RAM27.PCM","E:\UAOS_OPEN_LIBRARY_SOURCE\pa3x\omar44.SET\omar44.SET\PCM\RAM27.PCM","4333693","63869DB43014E42FF91F7C219A036AEB5367197BA2DBB77798AEAC117B30C5BE","omar44.SET","MEDIUM_PCM","UNLINKED_PCM_HOLD_FOR_LATER","READ_ONLY_NO_BINARY_OUTPUT"
"RAM27.PCM","E:\UAOS_OPEN_LIBRARY_SOURCE\pa3x\ROTANA. 2022.SET\ROTANA. 2022.SET\PCM\RAM27.PCM","5517742","1F1383D8A6486F93AA51BA6938141C16462E09ED78DA2BC1EF090B57162F2E28","ROTANA. 2022.SET","MEDIUM_PCM","UNLINKED_PCM_HOLD_FOR_LATER","READ_ONLY_NO_BINARY_OUTPUT"
"RAM27.PCM","E:\UAOS_OPEN_LIBRARY_SOURCE\pa3x\rahm pa3x.SET\rahm pa3x.SET\PCM\RAM27.PCM","2138681","B140859B138BC3454A84B068258C8A3181DCE7C3E9B6FCF94774F870179D2FE1","rahm pa3x.SET","MEDIUM_PCM","UNLINKED_PCM_HOLD_FOR_LATER","READ_ONLY_NO_BINARY_OUTPUT"
"RAM27.PCM","E:\UAOS_OPEN_LIBRARY_SOURCE\pa3x\LIVE CHARKI 3 2.SET\LIVE CHARKI 3 2.SET\PCM\RAM27.PCM","1587716","78DDEA77E4960D770800435A16698311D3E79092435CB5F9529D9B786E02D70D","LIVE CHARKI 3 2.SET","MEDIUM_PCM","UNLINKED_PCM_HOLD_FOR_LATER","READ_ONLY_NO_BINARY_OUTPUT"
"RAM27.PCM","E:\UAOS_OPEN_LIBRARY_SOURCE\pa3x\ABOUD NEXT-MG.SET\ABOUD NEXT-MG.SET\PCM\RAM27.PCM","3556318","54FCC756A926EA4DFC67E852B61A3F37DEC586EB5CB830AF18266F2712D208C7","ABOUD NEXT-MG.SET","MEDIUM_PCM","UNLINKED_PCM_HOLD_FOR_LATER","READ_ONLY_NO_BINARY_OUTPUT"
"RAM27.PCM","E:\UAOS_OPEN_LIBRARY_SOURCE\pa3x\a1111.SET\a1111.SET\PCM\RAM27.PCM","6035919","7D6A27919E25788D91B026BEB43545CABA2886FFC0E862B2177A3845FAEA4706","a1111.SET","MEDIUM_PCM","UNLINKED_PCM_HOLD_FOR_LATER","READ_ONLY_NO_BINARY_OUTPUT"
"RAM27.PCM","E:\UAOS_OPEN_LIBRARY_SOURCE\pa3x\SUPER4X.3X ASLY2018.SET\SUPER4X.3X ASLY2018.SET\PCM\RAM27.PCM","2837600","1E0A112C02BB26BD05EBB52BC5861E7EA6D0C53F02420E49E2C1E7C2A4E206AE","SUPER4X.3X ASLY2018.SET","MEDIUM_PCM","UNLINKED_PCM_HOLD_FOR_LATER","READ_ONLY_NO_BINARY_OUTPUT"
"RAM27.PCM","E:\UAOS_OPEN_LIBRARY_SOURCE\pa3x\3xxxxx.SET\3xxxxx.SET\PCM\RAM27.PCM","3110342","710728D9FFC8DBC31C82426A18FF01B0148C292B685E253E044E913235496B53","3xxxxx.SET","MEDIUM_PCM","UNLINKED_PCM_HOLD_FOR_LATER","READ_ONLY_NO_BINARY_OUTPUT"
"RAM27.PCM","E:\UAOS_OPEN_LIBRARY_SOURCE\pa3x\2020 pa1000 pa4x.SET\2020 pa1000 pa4x.SET\PCM\RAM27.PCM","2929052","A1A9A2A01D47001576E82AD34264D38B35241442A011E70F4FA9570DE9F81CA8","2020 pa1000 pa4x.SET","MEDIUM_PCM","UNLINKED_PCM_HOLD_FOR_LATER","READ_ONLY_NO_BINARY_OUTPUT"
"RAM27.PCM","E:\UAOS_OPEN_LIBRARY_SOURCE\pa3x\‏‏RoTaNa(1) pa3x.SET - نسخة\tareq pa3x.SET\PCM\RAM27.PCM","2571196","2CBF8F0A0C980AA172A38BA1F5C127C837F40B8A83C7904EE7F4EA38BC40A2D9","tareq pa3x.SET","MEDIUM_PCM","UNLINKED_PCM_HOLD_FOR_LATER","READ_ONLY_NO_BINARY_OUTPUT"
"RAM27.PCM","E:\UAOS_OPEN_LIBRARY_SOURCE\pa3x\RoTaNa(1) pa3x.SET\tareq pa3x.SET\PCM\RAM27.PCM","2571196","2CBF8F0A0C980AA172A38BA1F5C127C837F40B8A83C7904EE7F4EA38BC40A2D9","RoTaNa(1) pa3x.SET","MEDIUM_PCM","UNLINKED_PCM_HOLD_FOR_LATER","READ_ONLY_NO_BINARY_OUTPUT"
"RAM28.PCM","E:\UAOS_OPEN_LIBRARY_SOURCE\pa3x\3xxxxx.SET\3xxxxx.SET\PCM\RAM28.PCM","2713088","06A601F2130625006924D4BA8C5C5E48CBBDC2ED477FAE8611D813BA3474AD2D","3xxxxx.SET","MEDIUM_PCM","UNLINKED_PCM_HOLD_FOR_LATER","READ_ONLY_NO_BINARY_OUTPUT"
"RAM28.PCM","E:\UAOS_OPEN_LIBRARY_SOURCE\pa3x\ROTANA. 2022.SET\ROTANA. 2022.SET\PCM\RAM28.PCM","5895748","57C084669A30ED59E3F5FB180CBFC69B795BD3E4A0B7D7363A130C90A9E5870C","ROTANA. 2022.SET","MEDIUM_PCM","UNLINKED_PCM_HOLD_FOR_LATER","READ_ONLY_NO_BINARY_OUTPUT"
"RAM28.PCM","E:\UAOS_OPEN_LIBRARY_SOURCE\pa3x\‏‏RoTaNa(1) pa3x.SET - نسخة\tareq pa3x.SET\PCM\RAM28.PCM","2584824","1BF553BE41B3EAD09D42A70FE7B4793731597096881D1A5ED3A0A67523BB226C","tareq pa3x.SET","MEDIUM_PCM","UNLINKED_PCM_HOLD_FOR_LATER","READ_ONLY_NO_BINARY_OUTPUT"
"RAM28.PCM","E:\UAOS_OPEN_LIBRARY_SOURCE\pa3x\RoTaNa(1) pa3x.SET\tareq pa3x.SET\PCM\RAM28.PCM","2584824","1BF553BE41B3EAD09D42A70FE7B4793731597096881D1A5ED3A0A67523BB226C","RoTaNa(1) pa3x.SET","MEDIUM_PCM","UNLINKED_PCM_HOLD_FOR_LATER","READ_ONLY_NO_BINARY_OUTPUT"
"RAM28.PCM","E:\UAOS_OPEN_LIBRARY_SOURCE\pa3x\LIVE CHARKI 3 2.SET\LIVE CHARKI 3 2.SET\PCM\RAM28.PCM","1615379","C06314ECD259AE4B935B8CE506E95AAEAD350C57014F7B3646C510D11A3063D2","LIVE CHARKI 3 2.SET","MEDIUM_PCM","UNLINKED_PCM_HOLD_FOR_LATER","READ_ONLY_NO_BINARY_OUTPUT"
"RAM28.PCM","E:\UAOS_OPEN_LIBRARY_SOURCE\pa3x\ABOUD NEXT-MG.SET\ABOUD NEXT-MG.SET\PCM\RAM28.PCM","4268211","7C0E3A61FDE3F2A3DB886B0759C46E8476D767602E2BC3D0E3D46F6EF72A81F9","ABOUD NEXT-MG.SET","MEDIUM_PCM","UNLINKED_PCM_HOLD_FOR_LATER","READ_ONLY_NO_BINARY_OUTPUT"
"RAM28.PCM","E:\UAOS_OPEN_LIBRARY_SOURCE\pa3x\SUPER4X.3X ASLY2018.SET\SUPER4X.3X ASLY2018.SET\PCM\RAM28.PCM","2684079","EF30DF126377628626077406B50AC8A34F233D59CD5784D8FDDCCAFD4A490D6F","SUPER4X.3X ASLY2018.SET","MEDIUM_PCM","UNLINKED_PCM_HOLD_FOR_LATER","READ_ONLY_NO_BINARY_OUTPUT"
"RAM28.PCM","E:\UAOS_OPEN_LIBRARY_SOURCE\pa3x\a1111.SET\a1111.SET\PCM\RAM28.PCM","6866090","C3C409CC57BA1799D197682FFD3B653C86F1436720C084657A0EF3071D3D98DC","a1111.SET","MEDIUM_PCM","UNLINKED_PCM_HOLD_FOR_LATER","READ_ONLY_NO_BINARY_OUTPUT"
"RAM28.PCM","E:\UAOS_OPEN_LIBRARY_SOURCE\pa3x\rahm pa3x.SET\rahm pa3x.SET\PCM\RAM28.PCM","2111038","C3FE1C3AB96F28214B82B62ED5A06B33B4DB55410DDC3C2D85BFC9174CF1CCFD","rahm pa3x.SET","MEDIUM_PCM","UNLINKED_PCM_HOLD_FOR_LATER","READ_ONLY_NO_BINARY_OUTPUT"
"RAM28.PCM","E:\UAOS_OPEN_LIBRARY_SOURCE\pa3x\omar44.SET\omar44.SET\PCM\RAM28.PCM","4342464","E39D163C94636D739C7EBCC851DFF0C836A8F3D62A82754F5785058D41E523B9","omar44.SET","MEDIUM_PCM","UNLINKED_PCM_HOLD_FOR_LATER","READ_ONLY_NO_BINARY_OUTPUT"
"RAM28.PCM","E:\UAOS_OPEN_LIBRARY_SOURCE\pa3x\2020 pa1000 pa4x.SET\2020 pa1000 pa4x.SET\PCM\RAM28.PCM","3140915","CB55717212ECAE322DBACACB53453182E40EC2236BA7799ED0F0917EBBD17E0D","2020 pa1000 pa4x.SET","MEDIUM_PCM","UNLINKED_PCM_HOLD_FOR_LATER","READ_ONLY_NO_BINARY_OUTPUT"
"RAM29.PCM","E:\UAOS_OPEN_LIBRARY_SOURCE\pa3x\rahm pa3x.SET\rahm pa3x.SET\PCM\RAM29.PCM","2236022","79B3FA8BE8956F4F46DDF71C35DBBE37F4E69EBB6C2F1877141CE768A898E42A","rahm pa3x.SET","MEDIUM_PCM","UNLINKED_PCM_HOLD_FOR_LATER","READ_ONLY_NO_BINARY_OUTPUT"
"RAM29.PCM","E:\UAOS_OPEN_LIBRARY_SOURCE\pa3x\RoTaNa(1) pa3x.SET\tareq pa3x.SET\PCM\RAM29.PCM","2608681","D5FA6492E2395C7425978BE2F7AA60859D07B0CB3F29B830DFBFD859CDC5ACA7","RoTaNa(1) pa3x.SET","MEDIUM_PCM","UNLINKED_PCM_HOLD_FOR_LATER","READ_ONLY_NO_BINARY_OUTPUT"
"RAM29.PCM","E:\UAOS_OPEN_LIBRARY_SOURCE\pa3x\ABOUD NEXT-MG.SET\ABOUD NEXT-MG.SET\PCM\RAM29.PCM","4149408","25A7242224FD16B9DC2742D7AE132311EDA32DCC766CA24B1A4E16882AEE7316","ABOUD NEXT-MG.SET","MEDIUM_PCM","UNLINKED_PCM_HOLD_FOR_LATER","READ_ONLY_NO_BINARY_OUTPUT"
"RAM29.PCM","E:\UAOS_OPEN_LIBRARY_SOURCE\pa3x\‏‏RoTaNa(1) pa3x.SET - نسخة\tareq pa3x.SET\PCM\RAM29.PCM","2608681","D5FA6492E2395C7425978BE2F7AA60859D07B0CB3F29B830DFBFD859CDC5ACA7","tareq pa3x.SET","MEDIUM_PCM","UNLINKED_PCM_HOLD_FOR_LATER","READ_ONLY_NO_BINARY_OUTPUT"
"RAM29.PCM","E:\UAOS_OPEN_LIBRARY_SOURCE\pa3x\3xxxxx.SET\3xxxxx.SET\PCM\RAM29.PCM","2546533","FDE86EC890C51867DC72C62BFFC7F297FA7FB8AD3706133F550059FC395FB961","3xxxxx.SET","MEDIUM_PCM","UNLINKED_PCM_HOLD_FOR_LATER","READ_ONLY_NO_BINARY_OUTPUT"
"RAM29.PCM","E:\UAOS_OPEN_LIBRARY_SOURCE\pa3x\a1111.SET\a1111.SET\PCM\RAM29.PCM","6423856","69E9A1C4DEA2B3F41832B0757D8D25FCD2C37A395F6B75401ACA812189A98836","a1111.SET","MEDIUM_PCM","UNLINKED_PCM_HOLD_FOR_LATER","READ_ONLY_NO_BINARY_OUTPUT"
"RAM29.PCM","E:\UAOS_OPEN_LIBRARY_SOURCE\pa3x\omar44.SET\omar44.SET\PCM\RAM29.PCM","4143106","38FFAD17760D8547A6F9B1B9048C9603864BE53103CD2F8BD802E171542920F6","omar44.SET","MEDIUM_PCM","UNLINKED_PCM_HOLD_FOR_LATER","READ_ONLY_NO_BINARY_OUTPUT"
"RAM29.PCM","E:\UAOS_OPEN_LIBRARY_SOURCE\pa3x\LIVE CHARKI 3 2.SET\LIVE CHARKI 3 2.SET\PCM\RAM29.PCM","1100836","FCF198DABB0616A5532221F65A82F8C6827414A01605A6B6D7A394E35429390F","LIVE CHARKI 3 2.SET","MEDIUM_PCM","UNLINKED_PCM_HOLD_FOR_LATER","READ_ONLY_NO_BINARY_OUTPUT"
"RAM29.PCM","E:\UAOS_OPEN_LIBRARY_SOURCE\pa3x\2020 pa1000 pa4x.SET\2020 pa1000 pa4x.SET\PCM\RAM29.PCM","2991767","5A0A3328B3426B6764F265C301209EC282625E3509143B3131F1F793802D1194","2020 pa1000 pa4x.SET","MEDIUM_PCM","UNLINKED_PCM_HOLD_FOR_LATER","READ_ONLY_NO_BINARY_OUTPUT"
"RAM29.PCM","E:\UAOS_OPEN_LIBRARY_SOURCE\pa3x\ROTANA. 2022.SET\ROTANA. 2022.SET\PCM\RAM29.PCM","5076874","B64CE6453874D6E40D51E4336610430184E3066587A30EFA2E517FAC8BA451B9","ROTANA. 2022.SET","MEDIUM_PCM","UNLINKED_PCM_HOLD_FOR_LATER","READ_ONLY_NO_BINARY_OUTPUT"
"RAM29.PCM","E:\UAOS_OPEN_LIBRARY_SOURCE\pa3x\SUPER4X.3X ASLY2018.SET\SUPER4X.3X ASLY2018.SET\PCM\RAM29.PCM","2680804","0014221F8F401D8BC3790122C45E43691F867C7B16DCCDD1EE8F5BAC6EC05B22","SUPER4X.3X ASLY2018.SET","MEDIUM_PCM","UNLINKED_PCM_HOLD_FOR_LATER","READ_ONLY_NO_BINARY_OUTPUT"
"RAM30.PCM","E:\UAOS_OPEN_LIBRARY_SOURCE\pa3x\3xxxxx.SET\3xxxxx.SET\PCM\RAM30.PCM","2587978","F08100BA3EA3C16619D0CF865496B2593A04B98738BAAF84487DA7EA6438634E","3xxxxx.SET","MEDIUM_PCM","UNLINKED_PCM_HOLD_FOR_LATER","READ_ONLY_NO_BINARY_OUTPUT"
"RAM30.PCM","E:\UAOS_OPEN_LIBRARY_SOURCE\pa3x\2020 pa1000 pa4x.SET\2020 pa1000 pa4x.SET\PCM\RAM30.PCM","2984353","572D931F39B1CDACB1EC4E4D90A72656CE94F1C0AF172D77414FAF264E755441","2020 pa1000 pa4x.SET","MEDIUM_PCM","UNLINKED_PCM_HOLD_FOR_LATER","READ_ONLY_NO_BINARY_OUTPUT"
"RAM30.PCM","E:\UAOS_OPEN_LIBRARY_SOURCE\pa3x\omar44.SET\omar44.SET\PCM\RAM30.PCM","5899573","E31CB262BEA86C0DBAB0C86BE3DE229F39B19E3059DDAAF67343E92E62F6908E","omar44.SET","MEDIUM_PCM","UNLINKED_PCM_HOLD_FOR_LATER","READ_ONLY_NO_BINARY_OUTPUT"
"RAM30.PCM","E:\UAOS_OPEN_LIBRARY_SOURCE\pa3x\rahm pa3x.SET\rahm pa3x.SET\PCM\RAM30.PCM","2132477","D9779D2A1FF42A90C22A1F2839A6BEA5E33225575A44D359DCDF686352CDFDFC","rahm pa3x.SET","MEDIUM_PCM","UNLINKED_PCM_HOLD_FOR_LATER","READ_ONLY_NO_BINARY_OUTPUT"
"RAM30.PCM","E:\UAOS_OPEN_LIBRARY_SOURCE\pa3x\ABOUD NEXT-MG.SET\ABOUD NEXT-MG.SET\PCM\RAM30.PCM","3642788","2409CE412AE46A16E951700DC1F02FB3BD40088577D3607D49E337A3FD1FF19F","ABOUD NEXT-MG.SET","MEDIUM_PCM","UNLINKED_PCM_HOLD_FOR_LATER","READ_ONLY_NO_BINARY_OUTPUT"
"RAM30.PCM","E:\UAOS_OPEN_LIBRARY_SOURCE\pa3x\‏‏RoTaNa(1) pa3x.SET - نسخة\tareq pa3x.SET\PCM\RAM30.PCM","2577008","93E78C30962C2C7280A339FFBB5658360AEF7B34B91EEBC57E455B3BA5DC8531","tareq pa3x.SET","MEDIUM_PCM","UNLINKED_PCM_HOLD_FOR_LATER","READ_ONLY_NO_BINARY_OUTPUT"
"RAM30.PCM","E:\UAOS_OPEN_LIBRARY_SOURCE\pa3x\a1111.SET\a1111.SET\PCM\RAM30.PCM","8518576","20FE8A6AB250A38AA747CC9F093CCF932338FB5C51FD7ACD73D4ACFB32DADE45","a1111.SET","MEDIUM_PCM","UNLINKED_PCM_HOLD_FOR_LATER","READ_ONLY_NO_BINARY_OUTPUT"
"RAM30.PCM","E:\UAOS_OPEN_LIBRARY_SOURCE\pa3x\RoTaNa(1) pa3x.SET\tareq pa3x.SET\PCM\RAM30.PCM","2577008","93E78C30962C2C7280A339FFBB5658360AEF7B34B91EEBC57E455B3BA5DC8531","RoTaNa(1) pa3x.SET","MEDIUM_PCM","UNLINKED_PCM_HOLD_FOR_LATER","READ_ONLY_NO_BINARY_OUTPUT"
"RAM30.PCM","E:\UAOS_OPEN_LIBRARY_SOURCE\pa3x\SUPER4X.3X ASLY2018.SET\SUPER4X.3X ASLY2018.SET\PCM\RAM30.PCM","2819684","3778ACC4D72C2924968C8872E082464A40DB73A8038D38E9CA2556CC74ABD9B7","SUPER4X.3X ASLY2018.SET","MEDIUM_PCM","UNLINKED_PCM_HOLD_FOR_LATER","READ_ONLY_NO_BINARY_OUTPUT"
"RAM30.PCM","E:\UAOS_OPEN_LIBRARY_SOURCE\pa3x\ROTANA. 2022.SET\ROTANA. 2022.SET\PCM\RAM30.PCM","4112998","FD34FE1B36E7FCFBA2D4B8AAE15A441F9C9596398DC066EA573224CE9FF5C8C8","ROTANA. 2022.SET","MEDIUM_PCM","UNLINKED_PCM_HOLD_FOR_LATER","READ_ONLY_NO_BINARY_OUTPUT"
"RAM30.PCM","E:\UAOS_OPEN_LIBRARY_SOURCE\pa3x\LIVE CHARKI 3 2.SET\LIVE CHARKI 3 2.SET\PCM\RAM30.PCM","1153972","D60121C564DFE2CBE149A264808C2533CF1E11B7DDE85C68648074C1623C3BBC","LIVE CHARKI 3 2.SET","MEDIUM_PCM","UNLINKED_PCM_HOLD_FOR_LATER","READ_ONLY_NO_BINARY_OUTPUT"
"RAM31.PCM","E:\UAOS_OPEN_LIBRARY_SOURCE\pa3x\SUPER4X.3X ASLY2018.SET\SUPER4X.3X ASLY2018.SET\PCM\RAM31.PCM","2665486","E188930611204B712A33000D672E0AF567FFC746750AC6FFCEB7E2C71E00334D","SUPER4X.3X ASLY2018.SET","MEDIUM_PCM","UNLINKED_PCM_HOLD_FOR_LATER","READ_ONLY_NO_BINARY_OUTPUT"
"RAM31.PCM","E:\UAOS_OPEN_LIBRARY_SOURCE\pa3x\a1111.SET\a1111.SET\PCM\RAM31.PCM","5628120","B1C66B55330260945CBCB33A6F578C4B78F27AD06657BA8657EC99217CFA4645","a1111.SET","MEDIUM_PCM","UNLINKED_PCM_HOLD_FOR_LATER","READ_ONLY_NO_BINARY_OUTPUT"
"RAM31.PCM","E:\UAOS_OPEN_LIBRARY_SOURCE\pa3x\omar44.SET\omar44.SET\PCM\RAM31.PCM","4309925","1E7BB75714ABF6CBCDDB109BE379F84A87C4B3E8D30EF6D6D50977FB8D1531B7","omar44.SET","MEDIUM_PCM","UNLINKED_PCM_HOLD_FOR_LATER","READ_ONLY_NO_BINARY_OUTPUT"
"RAM31.PCM","E:\UAOS_OPEN_LIBRARY_SOURCE\pa3x\ROTANA. 2022.SET\ROTANA. 2022.SET\PCM\RAM31.PCM","5593632","7075D233D0392B44211EE715CF5C33BE5477A9B5C2D4269B702430B10BECA350","ROTANA. 2022.SET","MEDIUM_PCM","UNLINKED_PCM_HOLD_FOR_LATER","READ_ONLY_NO_BINARY_OUTPUT"
"RAM31.PCM","E:\UAOS_OPEN_LIBRARY_SOURCE\pa3x\RoTaNa(1) pa3x.SET\tareq pa3x.SET\PCM\RAM31.PCM","2631946","A38AE12501D8C61C23AAE8566F071FF4E2A457807449BC57939805F3718CE176","RoTaNa(1) pa3x.SET","MEDIUM_PCM","UNLINKED_PCM_HOLD_FOR_LATER","READ_ONLY_NO_BINARY_OUTPUT"
"RAM31.PCM","E:\UAOS_OPEN_LIBRARY_SOURCE\pa3x\ABOUD NEXT-MG.SET\ABOUD NEXT-MG.SET\PCM\RAM31.PCM","4088170","0BC88DD4E0E8F64C7CD5E7BB46AAD4DD6D54A6A2EBCCB8359F1BB011C196FA3F","ABOUD NEXT-MG.SET","MEDIUM_PCM","UNLINKED_PCM_HOLD_FOR_LATER","READ_ONLY_NO_BINARY_OUTPUT"
"RAM31.PCM","E:\UAOS_OPEN_LIBRARY_SOURCE\pa3x\3xxxxx.SET\3xxxxx.SET\PCM\RAM31.PCM","2603789","C289E1C21D30531818A64646E3657C0DC2AE72154C91C9B949A582D5884EDD29","3xxxxx.SET","MEDIUM_PCM","UNLINKED_PCM_HOLD_FOR_LATER","READ_ONLY_NO_BINARY_OUTPUT"
"RAM31.PCM","E:\UAOS_OPEN_LIBRARY_SOURCE\pa3x\2020 pa1000 pa4x.SET\2020 pa1000 pa4x.SET\PCM\RAM31.PCM","2977466","B45FA260AAC30EB7658997933AFC9833DED481AB5384184BD2879E1AE93C9AB5","2020 pa1000 pa4x.SET","MEDIUM_PCM","UNLINKED_PCM_HOLD_FOR_LATER","READ_ONLY_NO_BINARY_OUTPUT"
"RAM31.PCM","E:\UAOS_OPEN_LIBRARY_SOURCE\pa3x\LIVE CHARKI 3 2.SET\LIVE CHARKI 3 2.SET\PCM\RAM31.PCM","1306675","8DB880F2979B43BFC213AB3762F0C35CB3F1B135CFE6AC528568EFED3DE6C694","LIVE CHARKI 3 2.SET","MEDIUM_PCM","UNLINKED_PCM_HOLD_FOR_LATER","READ_ONLY_NO_BINARY_OUTPUT"
"RAM31.PCM","E:\UAOS_OPEN_LIBRARY_SOURCE\pa3x\‏‏RoTaNa(1) pa3x.SET - نسخة\tareq pa3x.SET\PCM\RAM31.PCM","2631946","A38AE12501D8C61C23AAE8566F071FF4E2A457807449BC57939805F3718CE176","tareq pa3x.SET","MEDIUM_PCM","UNLINKED_PCM_HOLD_FOR_LATER","READ_ONLY_NO_BINARY_OUTPUT"
"RAM31.PCM","E:\UAOS_OPEN_LIBRARY_SOURCE\pa3x\rahm pa3x.SET\rahm pa3x.SET\PCM\RAM31.PCM","2141914","1758D0FD4F0A68D75BA5E474F93ED2BC8815482489D6B7E04122A2E44C1AFBA4","rahm pa3x.SET","MEDIUM_PCM","UNLINKED_PCM_HOLD_FOR_LATER","READ_ONLY_NO_BINARY_OUTPUT"
"RAM32.PCM","E:\UAOS_OPEN_LIBRARY_SOURCE\pa3x\rahm pa3x.SET\rahm pa3x.SET\PCM\RAM32.PCM","2197982","33C80C110237F2303D6128CF19B8F8B0EAC1BE5D228842D7A1950B830F08E8E1","rahm pa3x.SET","MEDIUM_PCM","UNLINKED_PCM_HOLD_FOR_LATER","READ_ONLY_NO_BINARY_OUTPUT"
"RAM32.PCM","E:\UAOS_OPEN_LIBRARY_SOURCE\pa3x\ABOUD NEXT-MG.SET\ABOUD NEXT-MG.SET\PCM\RAM32.PCM","4278113","3D4F2DB889E5630C61626B52C18D69952D8D34C572BC7B26D120E0B5A32153B2","ABOUD NEXT-MG.SET","MEDIUM_PCM","UNLINKED_PCM_HOLD_FOR_LATER","READ_ONLY_NO_BINARY_OUTPUT"
"RAM32.PCM","E:\UAOS_OPEN_LIBRARY_SOURCE\pa3x\RoTaNa(1) pa3x.SET\tareq pa3x.SET\PCM\RAM32.PCM","2569392","A1909C3BA5489E2AD827EDB4BDFDFF5879123CC7E6149A11D06707A8B240F6B9","RoTaNa(1) pa3x.SET","MEDIUM_PCM","UNLINKED_PCM_HOLD_FOR_LATER","READ_ONLY_NO_BINARY_OUTPUT"
"RAM32.PCM","E:\UAOS_OPEN_LIBRARY_SOURCE\pa3x\‏‏RoTaNa(1) pa3x.SET - نسخة\tareq pa3x.SET\PCM\RAM32.PCM","2569392","A1909C3BA5489E2AD827EDB4BDFDFF5879123CC7E6149A11D06707A8B240F6B9","tareq pa3x.SET","MEDIUM_PCM","UNLINKED_PCM_HOLD_FOR_LATER","READ_ONLY_NO_BINARY_OUTPUT"
"RAM32.PCM","E:\UAOS_OPEN_LIBRARY_SOURCE\pa3x\2020 pa1000 pa4x.SET\2020 pa1000 pa4x.SET\PCM\RAM32.PCM","3152652","B103792133EC4EE6A781C61CD34FB74A60D0625837F8DC3C8D605234DE61AC60","2020 pa1000 pa4x.SET","MEDIUM_PCM","UNLINKED_PCM_HOLD_FOR_LATER","READ_ONLY_NO_BINARY_OUTPUT"
"RAM32.PCM","E:\UAOS_OPEN_LIBRARY_SOURCE\pa3x\ROTANA. 2022.SET\ROTANA. 2022.SET\PCM\RAM32.PCM","5703982","E6B90A1C4C1439A199A6ADE45E2A0ACD353E86A912FF8CBC38717CC882BD5AE6","ROTANA. 2022.SET","MEDIUM_PCM","UNLINKED_PCM_HOLD_FOR_LATER","READ_ONLY_NO_BINARY_OUTPUT"
"RAM32.PCM","E:\UAOS_OPEN_LIBRARY_SOURCE\pa3x\LIVE CHARKI 3 2.SET\LIVE CHARKI 3 2.SET\PCM\RAM32.PCM","1524237","5803FBE2A8CD922A304231EDD3D7CE0F38B55221616A34B145A94775056777EA","LIVE CHARKI 3 2.SET","MEDIUM_PCM","UNLINKED_PCM_HOLD_FOR_LATER","READ_ONLY_NO_BINARY_OUTPUT"
"RAM32.PCM","E:\UAOS_OPEN_LIBRARY_SOURCE\pa3x\3xxxxx.SET\3xxxxx.SET\PCM\RAM32.PCM","2708885","4FBC9EAFB8551731DDF6CF9AE1FD4171C5E58A7A9A58C72655F21088E88AB978","3xxxxx.SET","MEDIUM_PCM","UNLINKED_PCM_HOLD_FOR_LATER","READ_ONLY_NO_BINARY_OUTPUT"
"RAM32.PCM","E:\UAOS_OPEN_LIBRARY_SOURCE\pa3x\SUPER4X.3X ASLY2018.SET\SUPER4X.3X ASLY2018.SET\PCM\RAM32.PCM","2694053","E96A2D11FAFB42D0D150A0844F25D0472E308E0B982B25C4289A150C8AE4C1E6","SUPER4X.3X ASLY2018.SET","MEDIUM_PCM","UNLINKED_PCM_HOLD_FOR_LATER","READ_ONLY_NO_BINARY_OUTPUT"
"RAM32.PCM","E:\UAOS_OPEN_LIBRARY_SOURCE\pa3x\a1111.SET\a1111.SET\PCM\RAM32.PCM","7197226","A485F0987C8686E815DD8A256526C2A2608CAEEA9680824931B90FDBF2172DA0","a1111.SET","MEDIUM_PCM","UNLINKED_PCM_HOLD_FOR_LATER","READ_ONLY_NO_BINARY_OUTPUT"
"RAM32.PCM","E:\UAOS_OPEN_LIBRARY_SOURCE\pa3x\omar44.SET\omar44.SET\PCM\RAM32.PCM","4722372","205033582B102D3DE14ACEBB795BD133E5558FB634DB26537D1526C950C0A074","omar44.SET","MEDIUM_PCM","UNLINKED_PCM_HOLD_FOR_LATER","READ_ONLY_NO_BINARY_OUTPUT"
"RAM33.PCM","E:\UAOS_OPEN_LIBRARY_SOURCE\pa3x\rahm pa3x.SET\rahm pa3x.SET\PCM\RAM33.PCM","2229618","CE273997EFCDA098CF86D83F72117954859DE0C031172E5119F18539B3941B87","rahm pa3x.SET","MEDIUM_PCM","UNLINKED_PCM_HOLD_FOR_LATER","READ_ONLY_NO_BINARY_OUTPUT"
"RAM33.PCM","E:\UAOS_OPEN_LIBRARY_SOURCE\pa3x\ROTANA. 2022.SET\ROTANA. 2022.SET\PCM\RAM33.PCM","5763820","97ABA2DA87403C6B420463B62F09ADAB3E69A14C861DFEC711D478F414C33D93","ROTANA. 2022.SET","MEDIUM_PCM","UNLINKED_PCM_HOLD_FOR_LATER","READ_ONLY_NO_BINARY_OUTPUT"
"RAM33.PCM","E:\UAOS_OPEN_LIBRARY_SOURCE\pa3x\‏‏RoTaNa(1) pa3x.SET - نسخة\tareq pa3x.SET\PCM\RAM33.PCM","2575246","C0D7BAD61F0B2F78153822C5ACED1071AEEF0A3443BF6DD12A6EA413AC9A538A","tareq pa3x.SET","MEDIUM_PCM","UNLINKED_PCM_HOLD_FOR_LATER","READ_ONLY_NO_BINARY_OUTPUT"
"RAM33.PCM","E:\UAOS_OPEN_LIBRARY_SOURCE\pa3x\3xxxxx.SET\3xxxxx.SET\PCM\RAM33.PCM","2712441","F250CEDDB9CB0B5AC993540D0C00CA38215667345C11EE7979933E8B9AC8D35E","3xxxxx.SET","MEDIUM_PCM","UNLINKED_PCM_HOLD_FOR_LATER","READ_ONLY_NO_BINARY_OUTPUT"
"RAM33.PCM","E:\UAOS_OPEN_LIBRARY_SOURCE\pa3x\SUPER4X.3X ASLY2018.SET\SUPER4X.3X ASLY2018.SET\PCM\RAM33.PCM","2686200","193CD4194583BC770CD5DFA0F96381277660DD6D054BB0D3AE42F6D9CE1F1E8D","SUPER4X.3X ASLY2018.SET","MEDIUM_PCM","UNLINKED_PCM_HOLD_FOR_LATER","READ_ONLY_NO_BINARY_OUTPUT"
"RAM33.PCM","E:\UAOS_OPEN_LIBRARY_SOURCE\pa3x\2020 pa1000 pa4x.SET\2020 pa1000 pa4x.SET\PCM\RAM33.PCM","2889600","45566B28E5BB9176B9026C099466F75357641D684A0A45A1680655E18A7710B8","2020 pa1000 pa4x.SET","MEDIUM_PCM","UNLINKED_PCM_HOLD_FOR_LATER","READ_ONLY_NO_BINARY_OUTPUT"
"RAM33.PCM","E:\UAOS_OPEN_LIBRARY_SOURCE\pa3x\a1111.SET\a1111.SET\PCM\RAM33.PCM","6691550","2012E65CD140C4DEB37781EFF4AEB85B80F01D86E075EADE31F55DB0B93C3080","a1111.SET","MEDIUM_PCM","UNLINKED_PCM_HOLD_FOR_LATER","READ_ONLY_NO_BINARY_OUTPUT"
"RAM33.PCM","E:\UAOS_OPEN_LIBRARY_SOURCE\pa3x\LIVE CHARKI 3 2.SET\LIVE CHARKI 3 2.SET\PCM\RAM33.PCM","1882179","4F9698D74593CE6BCBB8D8B698933C8E5001BE9A1117841E046D5A4C5C21FA76","LIVE CHARKI 3 2.SET","MEDIUM_PCM","UNLINKED_PCM_HOLD_FOR_LATER","READ_ONLY_NO_BINARY_OUTPUT"
"RAM33.PCM","E:\UAOS_OPEN_LIBRARY_SOURCE\pa3x\ABOUD NEXT-MG.SET\ABOUD NEXT-MG.SET\PCM\RAM33.PCM","3604553","ED5500407253E222168E747F55097819EE713D86669043647CA72710771750C2","ABOUD NEXT-MG.SET","MEDIUM_PCM","UNLINKED_PCM_HOLD_FOR_LATER","READ_ONLY_NO_BINARY_OUTPUT"
"RAM33.PCM","E:\UAOS_OPEN_LIBRARY_SOURCE\pa3x\omar44.SET\omar44.SET\PCM\RAM33.PCM","4342948","3C9D290D7C88D26EAEA44FF4236238750A69ADC5DE35716F7277EB05C8067720","omar44.SET","MEDIUM_PCM","UNLINKED_PCM_HOLD_FOR_LATER","READ_ONLY_NO_BINARY_OUTPUT"
"RAM33.PCM","E:\UAOS_OPEN_LIBRARY_SOURCE\pa3x\RoTaNa(1) pa3x.SET\tareq pa3x.SET\PCM\RAM33.PCM","2575246","C0D7BAD61F0B2F78153822C5ACED1071AEEF0A3443BF6DD12A6EA413AC9A538A","RoTaNa(1) pa3x.SET","MEDIUM_PCM","UNLINKED_PCM_HOLD_FOR_LATER","READ_ONLY_NO_BINARY_OUTPUT"
"RAM34.PCM","E:\UAOS_OPEN_LIBRARY_SOURCE\pa3x\3xxxxx.SET\3xxxxx.SET\PCM\RAM34.PCM","2609064","5CF798E2A8F90876DF8A27D95A7AD7360CAB255C1F671891CB7A0609FFD1A711","3xxxxx.SET","MEDIUM_PCM","UNLINKED_PCM_HOLD_FOR_LATER","READ_ONLY_NO_BINARY_OUTPUT"
"RAM34.PCM","E:\UAOS_OPEN_LIBRARY_SOURCE\pa3x\omar44.SET\omar44.SET\PCM\RAM34.PCM","4346516","A1F9DBAD7DA372A5ACCC72762A03175FAA5002EF9304DDDB2FC8F0378BA27772","omar44.SET","MEDIUM_PCM","UNLINKED_PCM_HOLD_FOR_LATER","READ_ONLY_NO_BINARY_OUTPUT"
"RAM34.PCM","E:\UAOS_OPEN_LIBRARY_SOURCE\pa3x\SUPER4X.3X ASLY2018.SET\SUPER4X.3X ASLY2018.SET\PCM\RAM34.PCM","2656714","A2F175C5FD6510B71DCA217512D9ABCD7E9BC5712C8DDE5E494424B4F57B14D3","SUPER4X.3X ASLY2018.SET","MEDIUM_PCM","UNLINKED_PCM_HOLD_FOR_LATER","READ_ONLY_NO_BINARY_OUTPUT"
"RAM34.PCM","E:\UAOS_OPEN_LIBRARY_SOURCE\pa3x\LIVE CHARKI 3 2.SET\LIVE CHARKI 3 2.SET\PCM\RAM34.PCM","1566386","FD2BF50C04CC923FFA2EBB2832988593E4B87C990B91591E7FDD0C014D30FAF0","LIVE CHARKI 3 2.SET","MEDIUM_PCM","UNLINKED_PCM_HOLD_FOR_LATER","READ_ONLY_NO_BINARY_OUTPUT"
"RAM34.PCM","E:\UAOS_OPEN_LIBRARY_SOURCE\pa3x\2020 pa1000 pa4x.SET\2020 pa1000 pa4x.SET\PCM\RAM34.PCM","3144199","6B05AE478A28EAFC57B327616EE1D5CF92427BCB2A5EF892061AA4A4C52AEDAA","2020 pa1000 pa4x.SET","MEDIUM_PCM","UNLINKED_PCM_HOLD_FOR_LATER","READ_ONLY_NO_BINARY_OUTPUT"
"RAM34.PCM","E:\UAOS_OPEN_LIBRARY_SOURCE\pa3x\ABOUD NEXT-MG.SET\ABOUD NEXT-MG.SET\PCM\RAM34.PCM","6051398","5A878777DFFD21FE992418D4388399F2EF64F2B7291C6350AB3DB45E7E31308E","ABOUD NEXT-MG.SET","MEDIUM_PCM","UNLINKED_PCM_HOLD_FOR_LATER","READ_ONLY_NO_BINARY_OUTPUT"
"RAM34.PCM","E:\UAOS_OPEN_LIBRARY_SOURCE\pa3x\ROTANA. 2022.SET\ROTANA. 2022.SET\PCM\RAM34.PCM","6612828","B73DF927D77A172F4EA809DCD30807D636BC9031103BA69FECC3C80412C5A8E2","ROTANA. 2022.SET","MEDIUM_PCM","UNLINKED_PCM_HOLD_FOR_LATER","READ_ONLY_NO_BINARY_OUTPUT"
"RAM34.PCM","E:\UAOS_OPEN_LIBRARY_SOURCE\pa3x\RoTaNa(1) pa3x.SET\tareq pa3x.SET\PCM\RAM34.PCM","2600026","99570158D596D2C5A6CB6C7ECF2AB0FB8332A85E0996D28CD5023EA751EF4725","RoTaNa(1) pa3x.SET","MEDIUM_PCM","UNLINKED_PCM_HOLD_FOR_LATER","READ_ONLY_NO_BINARY_OUTPUT"
"RAM34.PCM","E:\UAOS_OPEN_LIBRARY_SOURCE\pa3x\‏‏RoTaNa(1) pa3x.SET - نسخة\tareq pa3x.SET\PCM\RAM34.PCM","2600026","99570158D596D2C5A6CB6C7ECF2AB0FB8332A85E0996D28CD5023EA751EF4725","tareq pa3x.SET","MEDIUM_PCM","UNLINKED_PCM_HOLD_FOR_LATER","READ_ONLY_NO_BINARY_OUTPUT"
"RAM34.PCM","E:\UAOS_OPEN_LIBRARY_SOURCE\pa3x\a1111.SET\a1111.SET\PCM\RAM34.PCM","8309942","AB7E252A948A71D77ADCD9A7C69B3B8B59AC2296A211786F5DA0F10F9F0FE917","a1111.SET","MEDIUM_PCM","UNLINKED_PCM_HOLD_FOR_LATER","READ_ONLY_NO_BINARY_OUTPUT"
"RAM34.PCM","E:\UAOS_OPEN_LIBRARY_SOURCE\pa3x\rahm pa3x.SET\rahm pa3x.SET\PCM\RAM34.PCM","2231084","07D326BF622A7D9DBECB4B753AB30A196A7EF648B9D980B3CA0C9E7672C88677","rahm pa3x.SET","MEDIUM_PCM","UNLINKED_PCM_HOLD_FOR_LATER","READ_ONLY_NO_BINARY_OUTPUT"
"RAM35.PCM","E:\UAOS_OPEN_LIBRARY_SOURCE\pa3x\RoTaNa(1) pa3x.SET\tareq pa3x.SET\PCM\RAM35.PCM","2573976","B079E56F13903DAF8C3892DC696AEAA08A9FD0268E46150FA74E9BE4A2AB38D1","RoTaNa(1) pa3x.SET","MEDIUM_PCM","UNLINKED_PCM_HOLD_FOR_LATER","READ_ONLY_NO_BINARY_OUTPUT"
"RAM35.PCM","E:\UAOS_OPEN_LIBRARY_SOURCE\pa3x\omar44.SET\omar44.SET\PCM\RAM35.PCM","4347687","10B732FEBE5BD400DF2315653A2984825114745DB6EA558C53517D2A61527FDC","omar44.SET","MEDIUM_PCM","UNLINKED_PCM_HOLD_FOR_LATER","READ_ONLY_NO_BINARY_OUTPUT"
"RAM35.PCM","E:\UAOS_OPEN_LIBRARY_SOURCE\pa3x\‏‏RoTaNa(1) pa3x.SET - نسخة\tareq pa3x.SET\PCM\RAM35.PCM","2573976","B079E56F13903DAF8C3892DC696AEAA08A9FD0268E46150FA74E9BE4A2AB38D1","tareq pa3x.SET","MEDIUM_PCM","UNLINKED_PCM_HOLD_FOR_LATER","READ_ONLY_NO_BINARY_OUTPUT"
"RAM35.PCM","E:\UAOS_OPEN_LIBRARY_SOURCE\pa3x\ROTANA. 2022.SET\ROTANA. 2022.SET\PCM\RAM35.PCM","5111218","4C3CFA4054B508F36288647A060472FE4AF9656BFB62866BE084888F24E80FA9","ROTANA. 2022.SET","MEDIUM_PCM","UNLINKED_PCM_HOLD_FOR_LATER","READ_ONLY_NO_BINARY_OUTPUT"
"RAM35.PCM","E:\UAOS_OPEN_LIBRARY_SOURCE\pa3x\3xxxxx.SET\3xxxxx.SET\PCM\RAM35.PCM","2688582","234CFD1966F60AAECC75C5FF3CCD37005EE9FE59572D8E5E116DCEC3CAFBD95F","3xxxxx.SET","MEDIUM_PCM","UNLINKED_PCM_HOLD_FOR_LATER","READ_ONLY_NO_BINARY_OUTPUT"
"RAM35.PCM","E:\UAOS_OPEN_LIBRARY_SOURCE\pa3x\LIVE CHARKI 3 2.SET\LIVE CHARKI 3 2.SET\PCM\RAM35.PCM","1616144","3A317CA39AECBD4E2186133515B9E29654C06CE24E659B1AAA5E3FA2A30FFB2B","LIVE CHARKI 3 2.SET","MEDIUM_PCM","UNLINKED_PCM_HOLD_FOR_LATER","READ_ONLY_NO_BINARY_OUTPUT"
"RAM35.PCM","E:\UAOS_OPEN_LIBRARY_SOURCE\pa3x\ABOUD NEXT-MG.SET\ABOUD NEXT-MG.SET\PCM\RAM35.PCM","4430536","5928BE94EAC9CEEA554847CDEA63C5AB9176320DC3E7148D5E5581DECE42B65B","ABOUD NEXT-MG.SET","MEDIUM_PCM","UNLINKED_PCM_HOLD_FOR_LATER","READ_ONLY_NO_BINARY_OUTPUT"
"RAM35.PCM","E:\UAOS_OPEN_LIBRARY_SOURCE\pa3x\rahm pa3x.SET\rahm pa3x.SET\PCM\RAM35.PCM","2230593","054943BB32CD585949FB689EA3BB14E2967696D105BC6AEA5EAEF2FFD43F7A74","rahm pa3x.SET","MEDIUM_PCM","UNLINKED_PCM_HOLD_FOR_LATER","READ_ONLY_NO_BINARY_OUTPUT"
"RAM35.PCM","E:\UAOS_OPEN_LIBRARY_SOURCE\pa3x\a1111.SET\a1111.SET\PCM\RAM35.PCM","6242156","6936C36CB2B14E9BAF705806DAB94FB86F30D95E0E4910437395ADA7DAE77310","a1111.SET","MEDIUM_PCM","UNLINKED_PCM_HOLD_FOR_LATER","READ_ONLY_NO_BINARY_OUTPUT"
"RAM35.PCM","E:\UAOS_OPEN_LIBRARY_SOURCE\pa3x\SUPER4X.3X ASLY2018.SET\SUPER4X.3X ASLY2018.SET\PCM\RAM35.PCM","2677804","EEF884C7540869D0F85ED60AAC75345C3C1BF2E4C37BCC0CA30F109A4F86ABA9","SUPER4X.3X ASLY2018.SET","MEDIUM_PCM","UNLINKED_PCM_HOLD_FOR_LATER","READ_ONLY_NO_BINARY_OUTPUT"
"RAM35.PCM","E:\UAOS_OPEN_LIBRARY_SOURCE\pa3x\2020 pa1000 pa4x.SET\2020 pa1000 pa4x.SET\PCM\RAM35.PCM","3052190","9D352B7C205D33D7954F768E22709B07A805A1B3F514F78C1BE702F0A3E01B13","2020 pa1000 pa4x.SET","MEDIUM_PCM","UNLINKED_PCM_HOLD_FOR_LATER","READ_ONLY_NO_BINARY_OUTPUT"
"RAM36.PCM","E:\UAOS_OPEN_LIBRARY_SOURCE\pa3x\ABOUD NEXT-MG.SET\ABOUD NEXT-MG.SET\PCM\RAM36.PCM","5286297","0BCDC1154C51370CCCBB26DAE2C84C47854EE8D013B1DF8C728C076FC561867E","ABOUD NEXT-MG.SET","MEDIUM_PCM","UNLINKED_PCM_HOLD_FOR_LATER","READ_ONLY_NO_BINARY_OUTPUT"
"RAM36.PCM","E:\UAOS_OPEN_LIBRARY_SOURCE\pa3x\ROTANA. 2022.SET\ROTANA. 2022.SET\PCM\RAM36.PCM","4166376","AE39FAAA2840EFC53E7FC0CA422BAF36051CDEF8020289F59D258E20DEBE5008","ROTANA. 2022.SET","MEDIUM_PCM","UNLINKED_PCM_HOLD_FOR_LATER","READ_ONLY_NO_BINARY_OUTPUT"
"RAM36.PCM","E:\UAOS_OPEN_LIBRARY_SOURCE\pa3x\omar44.SET\omar44.SET\PCM\RAM36.PCM","4188154","CD270BC6C1C70D4ECDACF71C7D717B2BD78BB0A6BC35EBBAF0265BDAE9C4BFF6","omar44.SET","MEDIUM_PCM","UNLINKED_PCM_HOLD_FOR_LATER","READ_ONLY_NO_BINARY_OUTPUT"
"RAM36.PCM","E:\UAOS_OPEN_LIBRARY_SOURCE\pa3x\SUPER4X.3X ASLY2018.SET\SUPER4X.3X ASLY2018.SET\PCM\RAM36.PCM","2671611","31DCEA58BDE989C3939B19D7CF1FFD13B5F9A632558D2B2050E2C09AE5DD551C","SUPER4X.3X ASLY2018.SET","MEDIUM_PCM","UNLINKED_PCM_HOLD_FOR_LATER","READ_ONLY_NO_BINARY_OUTPUT"
"RAM36.PCM","E:\UAOS_OPEN_LIBRARY_SOURCE\pa3x\a1111.SET\a1111.SET\PCM\RAM36.PCM","5836455","89C668C2C3DD80042BCA7ED20C419CA308AC5A1CC67649634A2279F3B35CF895","a1111.SET","MEDIUM_PCM","UNLINKED_PCM_HOLD_FOR_LATER","READ_ONLY_NO_BINARY_OUTPUT"
"RAM36.PCM","E:\UAOS_OPEN_LIBRARY_SOURCE\pa3x\rahm pa3x.SET\rahm pa3x.SET\PCM\RAM36.PCM","2114748","104AA73F5A66F4806895D44FA3EBA4A9EA9F0DAE77967D2EA7CFEB797CF68A53","rahm pa3x.SET","MEDIUM_PCM","UNLINKED_PCM_HOLD_FOR_LATER","READ_ONLY_NO_BINARY_OUTPUT"
"RAM36.PCM","E:\UAOS_OPEN_LIBRARY_SOURCE\pa3x\LIVE CHARKI 3 2.SET\LIVE CHARKI 3 2.SET\PCM\RAM36.PCM","2219045","BF5D094E61F03E512A3F2F201388404630C61956E270955B8DD140765796165A","LIVE CHARKI 3 2.SET","MEDIUM_PCM","UNLINKED_PCM_HOLD_FOR_LATER","READ_ONLY_NO_BINARY_OUTPUT"
"RAM36.PCM","E:\UAOS_OPEN_LIBRARY_SOURCE\pa3x\3xxxxx.SET\3xxxxx.SET\PCM\RAM36.PCM","2682671","501A10D0469B4ACE145FF3663BEE2A6C8AA18F5CAD13612C061256685DAE8F1C","3xxxxx.SET","MEDIUM_PCM","UNLINKED_PCM_HOLD_FOR_LATER","READ_ONLY_NO_BINARY_OUTPUT"
"RAM36.PCM","E:\UAOS_OPEN_LIBRARY_SOURCE\pa3x\2020 pa1000 pa4x.SET\2020 pa1000 pa4x.SET\PCM\RAM36.PCM","2922181","0A9A941C49A4BBDA7841A3B51796B2402CF5F84020B259BB813BB24FAA8CD2E0","2020 pa1000 pa4x.SET","MEDIUM_PCM","UNLINKED_PCM_HOLD_FOR_LATER","READ_ONLY_NO_BINARY_OUTPUT"
"RAM36.PCM","E:\UAOS_OPEN_LIBRARY_SOURCE\pa3x\RoTaNa(1) pa3x.SET\tareq pa3x.SET\PCM\RAM36.PCM","2589300","B5ECB3B63E61F8D6AA2362D6BCC9E0157A6E67143A0A338C9581F023FAC2F9A3","RoTaNa(1) pa3x.SET","MEDIUM_PCM","UNLINKED_PCM_HOLD_FOR_LATER","READ_ONLY_NO_BINARY_OUTPUT"
"RAM36.PCM","E:\UAOS_OPEN_LIBRARY_SOURCE\pa3x\‏‏RoTaNa(1) pa3x.SET - نسخة\tareq pa3x.SET\PCM\RAM36.PCM","2589300","B5ECB3B63E61F8D6AA2362D6BCC9E0157A6E67143A0A338C9581F023FAC2F9A3","tareq pa3x.SET","MEDIUM_PCM","UNLINKED_PCM_HOLD_FOR_LATER","READ_ONLY_NO_BINARY_OUTPUT"
"RAM37.PCM","E:\UAOS_OPEN_LIBRARY_SOURCE\pa3x\SUPER4X.3X ASLY2018.SET\SUPER4X.3X ASLY2018.SET\PCM\RAM37.PCM","2685196","3AC68A40778EA0B5AFA9746F24D14A8FCE5A7A855A85E6A1135B7017328A2F4B","SUPER4X.3X ASLY2018.SET","MEDIUM_PCM","UNLINKED_PCM_HOLD_FOR_LATER","READ_ONLY_NO_BINARY_OUTPUT"
"RAM37.PCM","E:\UAOS_OPEN_LIBRARY_SOURCE\pa3x\‏‏RoTaNa(1) pa3x.SET - نسخة\tareq pa3x.SET\PCM\RAM37.PCM","2603746","EE394405F957791FB19F38EAFE9DA5EA7BC11765768AEEF3C79F65A2C60D1CFB","tareq pa3x.SET","MEDIUM_PCM","UNLINKED_PCM_HOLD_FOR_LATER","READ_ONLY_NO_BINARY_OUTPUT"
"RAM37.PCM","E:\UAOS_OPEN_LIBRARY_SOURCE\pa3x\2020 pa1000 pa4x.SET\2020 pa1000 pa4x.SET\PCM\RAM37.PCM","2926198","B68805340132F668C960DA607DC3EF311144D97B672563EC6283EC6E6E65F112","2020 pa1000 pa4x.SET","MEDIUM_PCM","UNLINKED_PCM_HOLD_FOR_LATER","READ_ONLY_NO_BINARY_OUTPUT"
"RAM37.PCM","E:\UAOS_OPEN_LIBRARY_SOURCE\pa3x\omar44.SET\omar44.SET\PCM\RAM37.PCM","4291400","3B0EC5168F9655D48C566477D6EB67748D57AC92CCEDC9B2227854D32914D2AE","omar44.SET","MEDIUM_PCM","UNLINKED_PCM_HOLD_FOR_LATER","READ_ONLY_NO_BINARY_OUTPUT"
"RAM37.PCM","E:\UAOS_OPEN_LIBRARY_SOURCE\pa3x\LIVE CHARKI 3 2.SET\LIVE CHARKI 3 2.SET\PCM\RAM37.PCM","1909081","969F4D792A1AF89EAED7F34B02A1C24AB5AE814DCAB525747BA6BD8209D84E28","LIVE CHARKI 3 2.SET","MEDIUM_PCM","UNLINKED_PCM_HOLD_FOR_LATER","READ_ONLY_NO_BINARY_OUTPUT"
"RAM37.PCM","E:\UAOS_OPEN_LIBRARY_SOURCE\pa3x\ABOUD NEXT-MG.SET\ABOUD NEXT-MG.SET\PCM\RAM37.PCM","3777672","7DE2D91C1DFBCFC11FD0BD771CF70CBD537703F2E09BC1B09A9D8D5A0E48175E","ABOUD NEXT-MG.SET","MEDIUM_PCM","UNLINKED_PCM_HOLD_FOR_LATER","READ_ONLY_NO_BINARY_OUTPUT"
"RAM37.PCM","E:\UAOS_OPEN_LIBRARY_SOURCE\pa3x\ROTANA. 2022.SET\ROTANA. 2022.SET\PCM\RAM37.PCM","5475308","A3010A4E16DCE2A1782D66BCA624973BE24D162735266D0A819FAD87743DE8B8","ROTANA. 2022.SET","MEDIUM_PCM","UNLINKED_PCM_HOLD_FOR_LATER","READ_ONLY_NO_BINARY_OUTPUT"
"RAM37.PCM","E:\UAOS_OPEN_LIBRARY_SOURCE\pa3x\3xxxxx.SET\3xxxxx.SET\PCM\RAM37.PCM","2561851","13953980D9A25B3F839FE42D24049FCEAD91347EF385B67AAC94E188C1892031","3xxxxx.SET","MEDIUM_PCM","UNLINKED_PCM_HOLD_FOR_LATER","READ_ONLY_NO_BINARY_OUTPUT"
"RAM37.PCM","E:\UAOS_OPEN_LIBRARY_SOURCE\pa3x\rahm pa3x.SET\rahm pa3x.SET\PCM\RAM37.PCM","2163724","8E5334E34D2FE2814AA753D7DA05527717DF0A8C8F7F3BA97F33441AF370B9EB","rahm pa3x.SET","MEDIUM_PCM","UNLINKED_PCM_HOLD_FOR_LATER","READ_ONLY_NO_BINARY_OUTPUT"
"RAM37.PCM","E:\UAOS_OPEN_LIBRARY_SOURCE\pa3x\a1111.SET\a1111.SET\PCM\RAM37.PCM","5723636","5E326571F1820A0815234D7F9130F2D5F3D0954512C8C3B8FE0CF243082E27A7","a1111.SET","MEDIUM_PCM","UNLINKED_PCM_HOLD_FOR_LATER","READ_ONLY_NO_BINARY_OUTPUT"
"RAM37.PCM","E:\UAOS_OPEN_LIBRARY_SOURCE\pa3x\RoTaNa(1) pa3x.SET\tareq pa3x.SET\PCM\RAM37.PCM","2603746","EE394405F957791FB19F38EAFE9DA5EA7BC11765768AEEF3C79F65A2C60D1CFB","RoTaNa(1) pa3x.SET","MEDIUM_PCM","UNLINKED_PCM_HOLD_FOR_LATER","READ_ONLY_NO_BINARY_OUTPUT"
"RAM38.PCM","E:\UAOS_OPEN_LIBRARY_SOURCE\pa3x\RoTaNa(1) pa3x.SET\tareq pa3x.SET\PCM\RAM38.PCM","2619690","6E63A1AD7F81CF7A9348F2891EC93F95E7438ED52559F408C9841A7DE2F37727","RoTaNa(1) pa3x.SET","MEDIUM_PCM","UNLINKED_PCM_HOLD_FOR_LATER","READ_ONLY_NO_BINARY_OUTPUT"
"RAM38.PCM","E:\UAOS_OPEN_LIBRARY_SOURCE\pa3x\rahm pa3x.SET\rahm pa3x.SET\PCM\RAM38.PCM","2144864","9B7C7AC34C6B9D26B1931EA4CD9396227548F06F3B55749FDB6F00D4EAC69213","rahm pa3x.SET","MEDIUM_PCM","UNLINKED_PCM_HOLD_FOR_LATER","READ_ONLY_NO_BINARY_OUTPUT"
"RAM38.PCM","E:\UAOS_OPEN_LIBRARY_SOURCE\pa3x\LIVE CHARKI 3 2.SET\LIVE CHARKI 3 2.SET\PCM\RAM38.PCM","1500490","1A58D7753C5BB7255A9087068CE923C936F4A6EEE225C39CE80AB5635BDEB16B","LIVE CHARKI 3 2.SET","MEDIUM_PCM","UNLINKED_PCM_HOLD_FOR_LATER","READ_ONLY_NO_BINARY_OUTPUT"
"RAM38.PCM","E:\UAOS_OPEN_LIBRARY_SOURCE\pa3x\a1111.SET\a1111.SET\PCM\RAM38.PCM","6842585","B504D74F7E86D7B9B556C9F74D2006C3CFC5703FCDE814E2954C82CFD840CA1A","a1111.SET","MEDIUM_PCM","UNLINKED_PCM_HOLD_FOR_LATER","READ_ONLY_NO_BINARY_OUTPUT"
"RAM38.PCM","E:\UAOS_OPEN_LIBRARY_SOURCE\pa3x\3xxxxx.SET\3xxxxx.SET\PCM\RAM38.PCM","2692662","085D93C3CB3E5FD448FA82DB8CD34C3E52EF932F724DF8A1F193AE7AEF49803D","3xxxxx.SET","MEDIUM_PCM","UNLINKED_PCM_HOLD_FOR_LATER","READ_ONLY_NO_BINARY_OUTPUT"
"RAM38.PCM","E:\UAOS_OPEN_LIBRARY_SOURCE\pa3x\ABOUD NEXT-MG.SET\ABOUD NEXT-MG.SET\PCM\RAM38.PCM","3884156","7485285DFA1335A21FA340C90273D21A5342A6A0ED970CCD1125906ADB97421A","ABOUD NEXT-MG.SET","MEDIUM_PCM","UNLINKED_PCM_HOLD_FOR_LATER","READ_ONLY_NO_BINARY_OUTPUT"
"RAM38.PCM","E:\UAOS_OPEN_LIBRARY_SOURCE\pa3x\omar44.SET\omar44.SET\PCM\RAM38.PCM","4265120","D218ADEAB012A42EA1B67F7F20659C1A572D3CC541DD55EB694F73006BFA662B","omar44.SET","MEDIUM_PCM","UNLINKED_PCM_HOLD_FOR_LATER","READ_ONLY_NO_BINARY_OUTPUT"
"RAM38.PCM","E:\UAOS_OPEN_LIBRARY_SOURCE\pa3x\SUPER4X.3X ASLY2018.SET\SUPER4X.3X ASLY2018.SET\PCM\RAM38.PCM","2652584","A7E4058DFF6DBF75D0C205C63FF56C8E1825F25E069703F4005810E637275DB5","SUPER4X.3X ASLY2018.SET","MEDIUM_PCM","UNLINKED_PCM_HOLD_FOR_LATER","READ_ONLY_NO_BINARY_OUTPUT"
"RAM38.PCM","E:\UAOS_OPEN_LIBRARY_SOURCE\pa3x\ROTANA. 2022.SET\ROTANA. 2022.SET\PCM\RAM38.PCM","5925538","C0CE381209548BD10EE0AF875A9E9EAF672BB98B3B5C031D13B17F922CA00CE9","ROTANA. 2022.SET","MEDIUM_PCM","UNLINKED_PCM_HOLD_FOR_LATER","READ_ONLY_NO_BINARY_OUTPUT"
"RAM38.PCM","E:\UAOS_OPEN_LIBRARY_SOURCE\pa3x\2020 pa1000 pa4x.SET\2020 pa1000 pa4x.SET\PCM\RAM38.PCM","3149201","356EA7D9CBF3836F8981E0937F4942D60A04D9BADB71195BFA517445B2B78F9F","2020 pa1000 pa4x.SET","MEDIUM_PCM","UNLINKED_PCM_HOLD_FOR_LATER","READ_ONLY_NO_BINARY_OUTPUT"
"RAM38.PCM","E:\UAOS_OPEN_LIBRARY_SOURCE\pa3x\‏‏RoTaNa(1) pa3x.SET - نسخة\tareq pa3x.SET\PCM\RAM38.PCM","2619690","6E63A1AD7F81CF7A9348F2891EC93F95E7438ED52559F408C9841A7DE2F37727","tareq pa3x.SET","MEDIUM_PCM","UNLINKED_PCM_HOLD_FOR_LATER","READ_ONLY_NO_BINARY_OUTPUT"
"RAM39.PCM","E:\UAOS_OPEN_LIBRARY_SOURCE\pa3x\‏‏RoTaNa(1) pa3x.SET - نسخة\tareq pa3x.SET\PCM\RAM39.PCM","2575176","3BBE7239ACD7AC285983337D417214A02D285E38F06EFD92165A287C1F31D278","tareq pa3x.SET","MEDIUM_PCM","UNLINKED_PCM_HOLD_FOR_LATER","READ_ONLY_NO_BINARY_OUTPUT"
"RAM39.PCM","E:\UAOS_OPEN_LIBRARY_SOURCE\pa3x\a1111.SET\a1111.SET\PCM\RAM39.PCM","6533442","167EF0105F562BC1759D7DF20B2DCC97C200F8CB449607BE69BC40AA27F8B82A","a1111.SET","MEDIUM_PCM","UNLINKED_PCM_HOLD_FOR_LATER","READ_ONLY_NO_BINARY_OUTPUT"
"RAM39.PCM","E:\UAOS_OPEN_LIBRARY_SOURCE\pa3x\LIVE CHARKI 3 2.SET\LIVE CHARKI 3 2.SET\PCM\RAM39.PCM","1611470","AD17885F945E083D5C862037D6C8957334BFCDE007D6949046519AC814029E72","LIVE CHARKI 3 2.SET","MEDIUM_PCM","UNLINKED_PCM_HOLD_FOR_LATER","READ_ONLY_NO_BINARY_OUTPUT"
"RAM39.PCM","E:\UAOS_OPEN_LIBRARY_SOURCE\pa3x\ROTANA. 2022.SET\ROTANA. 2022.SET\PCM\RAM39.PCM","4138662","940839D75DC5585D5D6B6687F1352162EE94BC727394C1D8629EE44FAD895C5B","ROTANA. 2022.SET","MEDIUM_PCM","UNLINKED_PCM_HOLD_FOR_LATER","READ_ONLY_NO_BINARY_OUTPUT"
"RAM39.PCM","E:\UAOS_OPEN_LIBRARY_SOURCE\pa3x\rahm pa3x.SET\rahm pa3x.SET\PCM\RAM39.PCM","2171714","3DAD943BE57729CABF5514DBB81EB747C33E8DE55E6990260318299709DCB46C","rahm pa3x.SET","MEDIUM_PCM","UNLINKED_PCM_HOLD_FOR_LATER","READ_ONLY_NO_BINARY_OUTPUT"
"RAM39.PCM","E:\UAOS_OPEN_LIBRARY_SOURCE\pa3x\SUPER4X.3X ASLY2018.SET\SUPER4X.3X ASLY2018.SET\PCM\RAM39.PCM","3067650","01EDD3F68A2CDDC6A57A78BCAE00B17DD7B029BC2C9AFBB57AE22D265E45EFD4","SUPER4X.3X ASLY2018.SET","MEDIUM_PCM","UNLINKED_PCM_HOLD_FOR_LATER","READ_ONLY_NO_BINARY_OUTPUT"
"RAM39.PCM","E:\UAOS_OPEN_LIBRARY_SOURCE\pa3x\3xxxxx.SET\3xxxxx.SET\PCM\RAM39.PCM","2654679","4E139EA083A0AD709CAD491939DDC71943E90F2186785E98512C4F899A72C736","3xxxxx.SET","MEDIUM_PCM","UNLINKED_PCM_HOLD_FOR_LATER","READ_ONLY_NO_BINARY_OUTPUT"
"RAM39.PCM","E:\UAOS_OPEN_LIBRARY_SOURCE\pa3x\RoTaNa(1) pa3x.SET\tareq pa3x.SET\PCM\RAM39.PCM","2575176","3BBE7239ACD7AC285983337D417214A02D285E38F06EFD92165A287C1F31D278","RoTaNa(1) pa3x.SET","MEDIUM_PCM","UNLINKED_PCM_HOLD_FOR_LATER","READ_ONLY_NO_BINARY_OUTPUT"
"RAM39.PCM","E:\UAOS_OPEN_LIBRARY_SOURCE\pa3x\omar44.SET\omar44.SET\PCM\RAM39.PCM","4353854","8809E0B9212E8FB4F455A42907EDA80D8C36864CEE045CA3F78EDD47A8981516","omar44.SET","MEDIUM_PCM","UNLINKED_PCM_HOLD_FOR_LATER","READ_ONLY_NO_BINARY_OUTPUT"
"RAM39.PCM","E:\UAOS_OPEN_LIBRARY_SOURCE\pa3x\2020 pa1000 pa4x.SET\2020 pa1000 pa4x.SET\PCM\RAM39.PCM","2888911","FF4793F676A4B4EB586BDC26650E338DD93E5620CEF33DDCA8453B1E50BCEA2D","2020 pa1000 pa4x.SET","MEDIUM_PCM","UNLINKED_PCM_HOLD_FOR_LATER","READ_ONLY_NO_BINARY_OUTPUT"
"RAM39.PCM","E:\UAOS_OPEN_LIBRARY_SOURCE\pa3x\ABOUD NEXT-MG.SET\ABOUD NEXT-MG.SET\PCM\RAM39.PCM","4363768","0BEBB5030F818DFFB3F9707B113E386C866229D6D236E8E7C996F0FD2E15A70D","ABOUD NEXT-MG.SET","MEDIUM_PCM","UNLINKED_PCM_HOLD_FOR_LATER","READ_ONLY_NO_BINARY_OUTPUT"
"RAM40.PCM","E:\UAOS_OPEN_LIBRARY_SOURCE\pa3x\SUPER4X.3X ASLY2018.SET\SUPER4X.3X ASLY2018.SET\PCM\RAM40.PCM","2694022","E7CE08D4E23C9BD2D60B0CFCF14113E558FD21265BFAFA16A742A8012F651931","SUPER4X.3X ASLY2018.SET","MEDIUM_PCM","UNLINKED_PCM_HOLD_FOR_LATER","READ_ONLY_NO_BINARY_OUTPUT"
"RAM40.PCM","E:\UAOS_OPEN_LIBRARY_SOURCE\pa3x\2020 pa1000 pa4x.SET\2020 pa1000 pa4x.SET\PCM\RAM40.PCM","2925613","22135B1FD67801A49EFAFCB6BBFAB18958B81E4A0EEFB1C59AADE8D39FD9F2A6","2020 pa1000 pa4x.SET","MEDIUM_PCM","UNLINKED_PCM_HOLD_FOR_LATER","READ_ONLY_NO_BINARY_OUTPUT"
"RAM40.PCM","E:\UAOS_OPEN_LIBRARY_SOURCE\pa3x\LIVE CHARKI 3 2.SET\LIVE CHARKI 3 2.SET\PCM\RAM40.PCM","1707349","5A543B209F2C5575B21D58EEC0DA46E73077E02B9821662F660860EBA24ED4F9","LIVE CHARKI 3 2.SET","MEDIUM_PCM","UNLINKED_PCM_HOLD_FOR_LATER","READ_ONLY_NO_BINARY_OUTPUT"
"RAM40.PCM","E:\UAOS_OPEN_LIBRARY_SOURCE\pa3x\ABOUD NEXT-MG.SET\ABOUD NEXT-MG.SET\PCM\RAM40.PCM","5669194","B8FE43A6DA8D3866C73E79CE43F122C76F74AE1CD30694DA23FB2B8D190A6083","ABOUD NEXT-MG.SET","MEDIUM_PCM","UNLINKED_PCM_HOLD_FOR_LATER","READ_ONLY_NO_BINARY_OUTPUT"
"RAM40.PCM","E:\UAOS_OPEN_LIBRARY_SOURCE\pa3x\rahm pa3x.SET\rahm pa3x.SET\PCM\RAM40.PCM","2236322","4705E2C219AAFE3DDEE66393F70D2C8AE97A75E230A2528C69A23BD8A4127D90","rahm pa3x.SET","MEDIUM_PCM","UNLINKED_PCM_HOLD_FOR_LATER","READ_ONLY_NO_BINARY_OUTPUT"
"RAM40.PCM","E:\UAOS_OPEN_LIBRARY_SOURCE\pa3x\‏‏RoTaNa(1) pa3x.SET - نسخة\tareq pa3x.SET\PCM\RAM40.PCM","2570076","59157DD16250E0210F5D25E92B4D0208F344EA5AFE1D99F40B68FA748CDCE912","tareq pa3x.SET","MEDIUM_PCM","UNLINKED_PCM_HOLD_FOR_LATER","READ_ONLY_NO_BINARY_OUTPUT"
"RAM40.PCM","E:\UAOS_OPEN_LIBRARY_SOURCE\pa3x\omar44.SET\omar44.SET\PCM\RAM40.PCM","4069885","0839851A53AC768ABB5BDEE00E4D5800A3FACAD919E5463009B5979A6C6C4771","omar44.SET","MEDIUM_PCM","UNLINKED_PCM_HOLD_FOR_LATER","READ_ONLY_NO_BINARY_OUTPUT"
"RAM40.PCM","E:\UAOS_OPEN_LIBRARY_SOURCE\pa3x\a1111.SET\a1111.SET\PCM\RAM40.PCM","5566050","C66CFA32E10BECED8AB9CED7060C0D144F70CEA59BCBAC6CEC6BC6468CF4AD5B","a1111.SET","MEDIUM_PCM","UNLINKED_PCM_HOLD_FOR_LATER","READ_ONLY_NO_BINARY_OUTPUT"
"RAM40.PCM","E:\UAOS_OPEN_LIBRARY_SOURCE\pa3x\ROTANA. 2022.SET\ROTANA. 2022.SET\PCM\RAM40.PCM","6596064","7BEEE12EB8AF0A44647C5BA9016EE8848ECA935F33A2ADBE3DDACF8A27E110A6","ROTANA. 2022.SET","MEDIUM_PCM","UNLINKED_PCM_HOLD_FOR_LATER","READ_ONLY_NO_BINARY_OUTPUT"
"RAM40.PCM","E:\UAOS_OPEN_LIBRARY_SOURCE\pa3x\3xxxxx.SET\3xxxxx.SET\PCM\RAM40.PCM","2599067","C49A54E6DF0224A8D04DA8C370831B62FD5CBE40FED4A567996AA84AF516EE4F","3xxxxx.SET","MEDIUM_PCM","UNLINKED_PCM_HOLD_FOR_LATER","READ_ONLY_NO_BINARY_OUTPUT"
"RAM40.PCM","E:\UAOS_OPEN_LIBRARY_SOURCE\pa3x\RoTaNa(1) pa3x.SET\tareq pa3x.SET\PCM\RAM40.PCM","2570076","59157DD16250E0210F5D25E92B4D0208F344EA5AFE1D99F40B68FA748CDCE912","RoTaNa(1) pa3x.SET","MEDIUM_PCM","UNLINKED_PCM_HOLD_FOR_LATER","READ_ONLY_NO_BINARY_OUTPUT"
"RAM41.PCM","E:\UAOS_OPEN_LIBRARY_SOURCE\pa3x\a1111.SET\a1111.SET\PCM\RAM41.PCM","7870034","24CDB1E51BEB1C41921200A3FB03F10B08B3336FAA09E5C6F052374349115F9B","a1111.SET","MEDIUM_PCM","UNLINKED_PCM_HOLD_FOR_LATER","READ_ONLY_NO_BINARY_OUTPUT"
"RAM41.PCM","E:\UAOS_OPEN_LIBRARY_SOURCE\pa3x\2020 pa1000 pa4x.SET\2020 pa1000 pa4x.SET\PCM\RAM41.PCM","3144578","7A7C98B9EE4AFB17CDACFC4A5A00B755D9AA008B8DE5A783572E53CCBFDFB520","2020 pa1000 pa4x.SET","MEDIUM_PCM","UNLINKED_PCM_HOLD_FOR_LATER","READ_ONLY_NO_BINARY_OUTPUT"
"RAM41.PCM","E:\UAOS_OPEN_LIBRARY_SOURCE\pa3x\omar44.SET\omar44.SET\PCM\RAM41.PCM","4094189","A557FB199EC490F7C57778640E5691ACCB8AE9BE677D84DAC19629E909828780","omar44.SET","MEDIUM_PCM","UNLINKED_PCM_HOLD_FOR_LATER","READ_ONLY_NO_BINARY_OUTPUT"
"RAM41.PCM","E:\UAOS_OPEN_LIBRARY_SOURCE\pa3x\‏‏RoTaNa(1) pa3x.SET - نسخة\tareq pa3x.SET\PCM\RAM41.PCM","2600308","3FAC261853B4A32ADED195EF65DBD051EF81AFE38E30E4BFAC92269D10C758AF","tareq pa3x.SET","MEDIUM_PCM","UNLINKED_PCM_HOLD_FOR_LATER","READ_ONLY_NO_BINARY_OUTPUT"
"RAM41.PCM","E:\UAOS_OPEN_LIBRARY_SOURCE\pa3x\SUPER4X.3X ASLY2018.SET\SUPER4X.3X ASLY2018.SET\PCM\RAM41.PCM","2661820","8CD552CC9DEB14F12BE96C8DADE1FF0D68849B9F13AC775F1175AB9271C2BF82","SUPER4X.3X ASLY2018.SET","MEDIUM_PCM","UNLINKED_PCM_HOLD_FOR_LATER","READ_ONLY_NO_BINARY_OUTPUT"
"RAM41.PCM","E:\UAOS_OPEN_LIBRARY_SOURCE\pa3x\rahm pa3x.SET\rahm pa3x.SET\PCM\RAM41.PCM","2103965","0E4D06915FA388B8C5EEF1DE94A3803E9FFD5D7056E67C223F2D3C888FC22BCE","rahm pa3x.SET","MEDIUM_PCM","UNLINKED_PCM_HOLD_FOR_LATER","READ_ONLY_NO_BINARY_OUTPUT"
"RAM41.PCM","E:\UAOS_OPEN_LIBRARY_SOURCE\pa3x\RoTaNa(1) pa3x.SET\tareq pa3x.SET\PCM\RAM41.PCM","2600308","3FAC261853B4A32ADED195EF65DBD051EF81AFE38E30E4BFAC92269D10C758AF","RoTaNa(1) pa3x.SET","MEDIUM_PCM","UNLINKED_PCM_HOLD_FOR_LATER","READ_ONLY_NO_BINARY_OUTPUT"
"RAM41.PCM","E:\UAOS_OPEN_LIBRARY_SOURCE\pa3x\ROTANA. 2022.SET\ROTANA. 2022.SET\PCM\RAM41.PCM","5398742","8D097026AC8AB95A7854FA59095ED3A4D86C01D73328CA0E08B07F8F889200CA","ROTANA. 2022.SET","MEDIUM_PCM","UNLINKED_PCM_HOLD_FOR_LATER","READ_ONLY_NO_BINARY_OUTPUT"
"RAM41.PCM","E:\UAOS_OPEN_LIBRARY_SOURCE\pa3x\3xxxxx.SET\3xxxxx.SET\PCM\RAM41.PCM","2816111","D5D12A844808B1363BDE7583885A9163FCB6C6B24549A98A57E08A75EE1ADE02","3xxxxx.SET","MEDIUM_PCM","UNLINKED_PCM_HOLD_FOR_LATER","READ_ONLY_NO_BINARY_OUTPUT"
"RAM41.PCM","E:\UAOS_OPEN_LIBRARY_SOURCE\pa3x\ABOUD NEXT-MG.SET\ABOUD NEXT-MG.SET\PCM\RAM41.PCM","5533975","624170F12B776B344EF0FD2FBEC30B310CB8AC19B98C133901718865225CB27C","ABOUD NEXT-MG.SET","MEDIUM_PCM","UNLINKED_PCM_HOLD_FOR_LATER","READ_ONLY_NO_BINARY_OUTPUT"
"RAM41.PCM","E:\UAOS_OPEN_LIBRARY_SOURCE\pa3x\LIVE CHARKI 3 2.SET\LIVE CHARKI 3 2.SET\PCM\RAM41.PCM","1572343","ED056893B9EAB6E76B65DCCDC71B13960572255057E2438806E6087AB1B67D5A","LIVE CHARKI 3 2.SET","MEDIUM_PCM","UNLINKED_PCM_HOLD_FOR_LATER","READ_ONLY_NO_BINARY_OUTPUT"
"RAM42.PCM","E:\UAOS_OPEN_LIBRARY_SOURCE\pa3x\‏‏RoTaNa(1) pa3x.SET - نسخة\tareq pa3x.SET\PCM\RAM42.PCM","2587648","AC48DE16C65512056DC560C064E41A102FF1D73E6CF52FB65A3B760FF9EBD4F8","tareq pa3x.SET","MEDIUM_PCM","UNLINKED_PCM_HOLD_FOR_LATER","READ_ONLY_NO_BINARY_OUTPUT"
"RAM42.PCM","E:\UAOS_OPEN_LIBRARY_SOURCE\pa3x\RoTaNa(1) pa3x.SET\tareq pa3x.SET\PCM\RAM42.PCM","2587648","AC48DE16C65512056DC560C064E41A102FF1D73E6CF52FB65A3B760FF9EBD4F8","RoTaNa(1) pa3x.SET","MEDIUM_PCM","UNLINKED_PCM_HOLD_FOR_LATER","READ_ONLY_NO_BINARY_OUTPUT"
"RAM42.PCM","E:\UAOS_OPEN_LIBRARY_SOURCE\pa3x\rahm pa3x.SET\rahm pa3x.SET\PCM\RAM42.PCM","2117790","2418049D18864F4D4301529E873B05B00143978E938932C18A31B22673EE7530","rahm pa3x.SET","MEDIUM_PCM","UNLINKED_PCM_HOLD_FOR_LATER","READ_ONLY_NO_BINARY_OUTPUT"
"RAM42.PCM","E:\UAOS_OPEN_LIBRARY_SOURCE\pa3x\ROTANA. 2022.SET\ROTANA. 2022.SET\PCM\RAM42.PCM","5512528","871167AA013C9033E6C2F0E835DBBD3D4048A327EAEB8D60A916F5961F6B567E","ROTANA. 2022.SET","MEDIUM_PCM","UNLINKED_PCM_HOLD_FOR_LATER","READ_ONLY_NO_BINARY_OUTPUT"
"RAM42.PCM","E:\UAOS_OPEN_LIBRARY_SOURCE\pa3x\LIVE CHARKI 3 2.SET\LIVE CHARKI 3 2.SET\PCM\RAM42.PCM","3448920","F114E2994D379D1C0C9C51FE6741E3582719F86E0036C43B02745EEEB6F381DB","LIVE CHARKI 3 2.SET","MEDIUM_PCM","UNLINKED_PCM_HOLD_FOR_LATER","READ_ONLY_NO_BINARY_OUTPUT"
"RAM42.PCM","E:\UAOS_OPEN_LIBRARY_SOURCE\pa3x\2020 pa1000 pa4x.SET\2020 pa1000 pa4x.SET\PCM\RAM42.PCM","2885683","3AF10A08A50364FA2A18DD95A54565B8F6331687E78F6A02B54B20B776562D3C","2020 pa1000 pa4x.SET","MEDIUM_PCM","UNLINKED_PCM_HOLD_FOR_LATER","READ_ONLY_NO_BINARY_OUTPUT"
"RAM42.PCM","E:\UAOS_OPEN_LIBRARY_SOURCE\pa3x\omar44.SET\omar44.SET\PCM\RAM42.PCM","4276026","246653E801F0ABCCC51A0331206746055EF3FBF36E2952CABE74133799CBCE1E","omar44.SET","MEDIUM_PCM","UNLINKED_PCM_HOLD_FOR_LATER","READ_ONLY_NO_BINARY_OUTPUT"
"RAM42.PCM","E:\UAOS_OPEN_LIBRARY_SOURCE\pa3x\3xxxxx.SET\3xxxxx.SET\PCM\RAM42.PCM","2719287","DC8176DEB5E44226C5EE7A0B571B88BDA5135A31CE5A756EDC7D46E67202FFEB","3xxxxx.SET","MEDIUM_PCM","UNLINKED_PCM_HOLD_FOR_LATER","READ_ONLY_NO_BINARY_OUTPUT"
"RAM42.PCM","E:\UAOS_OPEN_LIBRARY_SOURCE\pa3x\a1111.SET\a1111.SET\PCM\RAM42.PCM","6729302","ED9E6E44EAC7FF565EBE4A92AE9428DF7251229F80FC8733D22D31FCE02E7D18","a1111.SET","MEDIUM_PCM","UNLINKED_PCM_HOLD_FOR_LATER","READ_ONLY_NO_BINARY_OUTPUT"
"RAM42.PCM","E:\UAOS_OPEN_LIBRARY_SOURCE\pa3x\SUPER4X.3X ASLY2018.SET\SUPER4X.3X ASLY2018.SET\PCM\RAM42.PCM","2669334","BD031900E853F4F4156E06FDB8FDCFA482E98334F258F66F69E9A768A0832BE6","SUPER4X.3X ASLY2018.SET","MEDIUM_PCM","UNLINKED_PCM_HOLD_FOR_LATER","READ_ONLY_NO_BINARY_OUTPUT"
"RAM42.PCM","E:\UAOS_OPEN_LIBRARY_SOURCE\pa3x\ABOUD NEXT-MG.SET\ABOUD NEXT-MG.SET\PCM\RAM42.PCM","5687943","7E40ED346A5BDD9BB37D7F3ECF9E399F654B59267CC5350F01CFA05BA3961413","ABOUD NEXT-MG.SET","MEDIUM_PCM","UNLINKED_PCM_HOLD_FOR_LATER","READ_ONLY_NO_BINARY_OUTPUT"
"RAM43.PCM","E:\UAOS_OPEN_LIBRARY_SOURCE\pa3x\rahm pa3x.SET\rahm pa3x.SET\PCM\RAM43.PCM","2159174","5DB1034EEA16ADDCCF071F255715D24E35C0BB6DBB84E682F40F066242F30422","rahm pa3x.SET","MEDIUM_PCM","UNLINKED_PCM_HOLD_FOR_LATER","READ_ONLY_NO_BINARY_OUTPUT"
"RAM43.PCM","E:\UAOS_OPEN_LIBRARY_SOURCE\pa3x\‏‏RoTaNa(1) pa3x.SET - نسخة\tareq pa3x.SET\PCM\RAM43.PCM","2622552","20463AC6FA42141C3E75814AAE01C9134574B4C58A3A071EBA33E59E554ECFEB","tareq pa3x.SET","MEDIUM_PCM","UNLINKED_PCM_HOLD_FOR_LATER","READ_ONLY_NO_BINARY_OUTPUT"
"RAM43.PCM","E:\UAOS_OPEN_LIBRARY_SOURCE\pa3x\SUPER4X.3X ASLY2018.SET\SUPER4X.3X ASLY2018.SET\PCM\RAM43.PCM","2840132","F780F84F52C2B0B635AFC5577C294C249EBBD39FB572D61F814B23ECB3C2E4B5","SUPER4X.3X ASLY2018.SET","MEDIUM_PCM","UNLINKED_PCM_HOLD_FOR_LATER","READ_ONLY_NO_BINARY_OUTPUT"
"RAM43.PCM","E:\UAOS_OPEN_LIBRARY_SOURCE\pa3x\RoTaNa(1) pa3x.SET\tareq pa3x.SET\PCM\RAM43.PCM","2622552","20463AC6FA42141C3E75814AAE01C9134574B4C58A3A071EBA33E59E554ECFEB","RoTaNa(1) pa3x.SET","MEDIUM_PCM","UNLINKED_PCM_HOLD_FOR_LATER","READ_ONLY_NO_BINARY_OUTPUT"
"RAM43.PCM","E:\UAOS_OPEN_LIBRARY_SOURCE\pa3x\ROTANA. 2022.SET\ROTANA. 2022.SET\PCM\RAM43.PCM","3843764","06316A5639A8F56785DBC08336D658B9D1FD8C47B195541824473C1F4C623B56","ROTANA. 2022.SET","MEDIUM_PCM","UNLINKED_PCM_HOLD_FOR_LATER","READ_ONLY_NO_BINARY_OUTPUT"
"RAM43.PCM","E:\UAOS_OPEN_LIBRARY_SOURCE\pa3x\a1111.SET\a1111.SET\PCM\RAM43.PCM","6127686","EA591B8CA309AE054ADBE7D2CB59002B711AE81AFF9E9E6EAEC1808783DC820D","a1111.SET","MEDIUM_PCM","UNLINKED_PCM_HOLD_FOR_LATER","READ_ONLY_NO_BINARY_OUTPUT"
"RAM43.PCM","E:\UAOS_OPEN_LIBRARY_SOURCE\pa3x\ABOUD NEXT-MG.SET\ABOUD NEXT-MG.SET\PCM\RAM43.PCM","5395060","B62D4B8DAD53B74CAB038106BF2273E6888CB8C3729026323EAD5BE5E45E66E9","ABOUD NEXT-MG.SET","MEDIUM_PCM","UNLINKED_PCM_HOLD_FOR_LATER","READ_ONLY_NO_BINARY_OUTPUT"
"RAM43.PCM","E:\UAOS_OPEN_LIBRARY_SOURCE\pa3x\3xxxxx.SET\3xxxxx.SET\PCM\RAM43.PCM","2824740","9D871E54D185956C90CF7501294ADA9DEF6617271A5ED24BB96EC277EDCCB75D","3xxxxx.SET","MEDIUM_PCM","UNLINKED_PCM_HOLD_FOR_LATER","READ_ONLY_NO_BINARY_OUTPUT"
"RAM43.PCM","E:\UAOS_OPEN_LIBRARY_SOURCE\pa3x\2020 pa1000 pa4x.SET\2020 pa1000 pa4x.SET\PCM\RAM43.PCM","2894932","A79482498CE62C0AD7D6B558C20C253AA3DD8E391D3906ABB2D7C70273B269D5","2020 pa1000 pa4x.SET","MEDIUM_PCM","UNLINKED_PCM_HOLD_FOR_LATER","READ_ONLY_NO_BINARY_OUTPUT"
"RAM43.PCM","E:\UAOS_OPEN_LIBRARY_SOURCE\pa3x\omar44.SET\omar44.SET\PCM\RAM43.PCM","4740445","1E385F73F5416C12D659F4BD23E81B75DBF82D38F6CEED8D5953763277E1F5A7","omar44.SET","MEDIUM_PCM","UNLINKED_PCM_HOLD_FOR_LATER","READ_ONLY_NO_BINARY_OUTPUT"
"RAM43.PCM","E:\UAOS_OPEN_LIBRARY_SOURCE\pa3x\LIVE CHARKI 3 2.SET\LIVE CHARKI 3 2.SET\PCM\RAM43.PCM","1790117","90810FA7CE39FB77C450B1D4587A2538196F4D23AEBE9FD6E5B42535EBDEFAA6","LIVE CHARKI 3 2.SET","MEDIUM_PCM","UNLINKED_PCM_HOLD_FOR_LATER","READ_ONLY_NO_BINARY_OUTPUT"
"RAM44.PCM","E:\UAOS_OPEN_LIBRARY_SOURCE\pa3x\ROTANA. 2022.SET\ROTANA. 2022.SET\PCM\RAM44.PCM","5354584","88EA3A7F492EA5BB9B530290FFC291832E8B7DB6BF2BA9AD23B091DE5394594F","ROTANA. 2022.SET","MEDIUM_PCM","UNLINKED_PCM_HOLD_FOR_LATER","READ_ONLY_NO_BINARY_OUTPUT"
"RAM44.PCM","E:\UAOS_OPEN_LIBRARY_SOURCE\pa3x\rahm pa3x.SET\rahm pa3x.SET\PCM\RAM44.PCM","2203216","5B99546D4B5A502895BA8970D3D6FD9D8EA23D8C1C739D72F4B713FA913B22BC","rahm pa3x.SET","MEDIUM_PCM","UNLINKED_PCM_HOLD_FOR_LATER","READ_ONLY_NO_BINARY_OUTPUT"
"RAM44.PCM","E:\UAOS_OPEN_LIBRARY_SOURCE\pa3x\SUPER4X.3X ASLY2018.SET\SUPER4X.3X ASLY2018.SET\PCM\RAM44.PCM","2828358","74A7E91166F52B497AD9549EEB88AE3F1D2CCA1DBEF6113D1072E9236CEC12C8","SUPER4X.3X ASLY2018.SET","MEDIUM_PCM","UNLINKED_PCM_HOLD_FOR_LATER","READ_ONLY_NO_BINARY_OUTPUT"
"RAM44.PCM","E:\UAOS_OPEN_LIBRARY_SOURCE\pa3x\LIVE CHARKI 3 2.SET\LIVE CHARKI 3 2.SET\PCM\RAM44.PCM","1856172","C99F33CA8BA94FA0A0A4C1BDB362BC50024B02693BFF1AF2177C1BA2742D6B68","LIVE CHARKI 3 2.SET","MEDIUM_PCM","UNLINKED_PCM_HOLD_FOR_LATER","READ_ONLY_NO_BINARY_OUTPUT"
"RAM44.PCM","E:\UAOS_OPEN_LIBRARY_SOURCE\pa3x\2020 pa1000 pa4x.SET\2020 pa1000 pa4x.SET\PCM\RAM44.PCM","2888532","7B4DA1006169FE225BB4E84132B744A7831E1BCBD5CDA69EFF86268ED560B50C","2020 pa1000 pa4x.SET","MEDIUM_PCM","UNLINKED_PCM_HOLD_FOR_LATER","READ_ONLY_NO_BINARY_OUTPUT"
"RAM44.PCM","E:\UAOS_OPEN_LIBRARY_SOURCE\pa3x\ABOUD NEXT-MG.SET\ABOUD NEXT-MG.SET\PCM\RAM44.PCM","5024339","C9FF8BCB2EAEAADB76286D78248DFE20118AF35A7B6C16D67CD4094FB766026F","ABOUD NEXT-MG.SET","MEDIUM_PCM","UNLINKED_PCM_HOLD_FOR_LATER","READ_ONLY_NO_BINARY_OUTPUT"
"RAM44.PCM","E:\UAOS_OPEN_LIBRARY_SOURCE\pa3x\RoTaNa(1) pa3x.SET\tareq pa3x.SET\PCM\RAM44.PCM","2727580","0153F9EF36EECF8980DD96C2A095EDDE5F3E0B85C52ACE50EE635FAC98BF3CE1","RoTaNa(1) pa3x.SET","MEDIUM_PCM","UNLINKED_PCM_HOLD_FOR_LATER","READ_ONLY_NO_BINARY_OUTPUT"
"RAM44.PCM","E:\UAOS_OPEN_LIBRARY_SOURCE\pa3x\omar44.SET\omar44.SET\PCM\RAM44.PCM","4278983","487E53AD4040105E510D98D60A07D6F7E32A34C61667F52F652B86582E344135","omar44.SET","MEDIUM_PCM","UNLINKED_PCM_HOLD_FOR_LATER","READ_ONLY_NO_BINARY_OUTPUT"
"RAM44.PCM","E:\UAOS_OPEN_LIBRARY_SOURCE\pa3x\3xxxxx.SET\3xxxxx.SET\PCM\RAM44.PCM","2574229","C0C5BDB0E64CFC57877F03F66145DC1D104C5A4A6618330CA871B896E78DBE26","3xxxxx.SET","MEDIUM_PCM","UNLINKED_PCM_HOLD_FOR_LATER","READ_ONLY_NO_BINARY_OUTPUT"
"RAM44.PCM","E:\UAOS_OPEN_LIBRARY_SOURCE\pa3x\‏‏RoTaNa(1) pa3x.SET - نسخة\tareq pa3x.SET\PCM\RAM44.PCM","2727580","0153F9EF36EECF8980DD96C2A095EDDE5F3E0B85C52ACE50EE635FAC98BF3CE1","tareq pa3x.SET","MEDIUM_PCM","UNLINKED_PCM_HOLD_FOR_LATER","READ_ONLY_NO_BINARY_OUTPUT"
"RAM44.PCM","E:\UAOS_OPEN_LIBRARY_SOURCE\pa3x\a1111.SET\a1111.SET\PCM\RAM44.PCM","8793246","0FE2A314D86D926EAB6DF0A6A9FC04D08BD69F22659A32AE6D186EC0DC5B6130","a1111.SET","MEDIUM_PCM","UNLINKED_PCM_HOLD_FOR_LATER","READ_ONLY_NO_BINARY_OUTPUT"
"RAM45.PCM","E:\UAOS_OPEN_LIBRARY_SOURCE\pa3x\ABOUD NEXT-MG.SET\ABOUD NEXT-MG.SET\PCM\RAM45.PCM","3521154","6A1E06707DAC1D14FFF7120F448BE2FCB8EEA812267BD14A5287E551F3A40B50","ABOUD NEXT-MG.SET","MEDIUM_PCM","UNLINKED_PCM_HOLD_FOR_LATER","READ_ONLY_NO_BINARY_OUTPUT"
"RAM45.PCM","E:\UAOS_OPEN_LIBRARY_SOURCE\pa3x\3xxxxx.SET\3xxxxx.SET\PCM\RAM45.PCM","2576844","FA757AED097F805D2A2FE496214DA0441960EAAC5D8E4E171204F7B4E9D810A4","3xxxxx.SET","MEDIUM_PCM","UNLINKED_PCM_HOLD_FOR_LATER","READ_ONLY_NO_BINARY_OUTPUT"
"RAM45.PCM","E:\UAOS_OPEN_LIBRARY_SOURCE\pa3x\omar44.SET\omar44.SET\PCM\RAM45.PCM","4287631","DBFFE1FFEEEF56A66A79441C4CD72F9B168EBADD3F80D622975D2A55D12E5C07","omar44.SET","MEDIUM_PCM","UNLINKED_PCM_HOLD_FOR_LATER","READ_ONLY_NO_BINARY_OUTPUT"
"RAM45.PCM","E:\UAOS_OPEN_LIBRARY_SOURCE\pa3x\‏‏RoTaNa(1) pa3x.SET - نسخة\tareq pa3x.SET\PCM\RAM45.PCM","2584741","D4F2D8EA337D414C69CCB560F01DE668530FA725B6B7CCD74DE441BE30C59C7A","tareq pa3x.SET","MEDIUM_PCM","UNLINKED_PCM_HOLD_FOR_LATER","READ_ONLY_NO_BINARY_OUTPUT"
"RAM45.PCM","E:\UAOS_OPEN_LIBRARY_SOURCE\pa3x\rahm pa3x.SET\rahm pa3x.SET\PCM\RAM45.PCM","2223202","5449D39C745EE8AF75CFD8953CFD4B5404BF41566A4C1E24AFC2AB3AC231C372","rahm pa3x.SET","MEDIUM_PCM","UNLINKED_PCM_HOLD_FOR_LATER","READ_ONLY_NO_BINARY_OUTPUT"
"RAM45.PCM","E:\UAOS_OPEN_LIBRARY_SOURCE\pa3x\SUPER4X.3X ASLY2018.SET\SUPER4X.3X ASLY2018.SET\PCM\RAM45.PCM","2682362","2F36A6B1A582C8C00013E064B435F1A711E7482EEF30171AD5A284F97AE187D2","SUPER4X.3X ASLY2018.SET","MEDIUM_PCM","UNLINKED_PCM_HOLD_FOR_LATER","READ_ONLY_NO_BINARY_OUTPUT"
"RAM45.PCM","E:\UAOS_OPEN_LIBRARY_SOURCE\pa3x\2020 pa1000 pa4x.SET\2020 pa1000 pa4x.SET\PCM\RAM45.PCM","3138052","AC258296D2D08C3F4A352B7BFD9344EC89ABCB5179F21526020A80D0FDF667CB","2020 pa1000 pa4x.SET","MEDIUM_PCM","UNLINKED_PCM_HOLD_FOR_LATER","READ_ONLY_NO_BINARY_OUTPUT"
"RAM45.PCM","E:\UAOS_OPEN_LIBRARY_SOURCE\pa3x\a1111.SET\a1111.SET\PCM\RAM45.PCM","9707429","1AA7D82AC9C1BED33F04E03C17FE2E7230AF7442302F386DF94EF555A469378D","a1111.SET","MEDIUM_PCM","UNLINKED_PCM_HOLD_FOR_LATER","READ_ONLY_NO_BINARY_OUTPUT"
"RAM45.PCM","E:\UAOS_OPEN_LIBRARY_SOURCE\pa3x\LIVE CHARKI 3 2.SET\LIVE CHARKI 3 2.SET\PCM\RAM45.PCM","1392508","5D232B872661936155D6D60C320ED36C9903A4570A8D15A74FDCD996C457773D","LIVE CHARKI 3 2.SET","MEDIUM_PCM","UNLINKED_PCM_HOLD_FOR_LATER","READ_ONLY_NO_BINARY_OUTPUT"
"RAM45.PCM","E:\UAOS_OPEN_LIBRARY_SOURCE\pa3x\ROTANA. 2022.SET\ROTANA. 2022.SET\PCM\RAM45.PCM","4913982","5C967A5B69674909DCF610FA79195604142E1E33DA2788BBBBD9C25D0DA0D5C0","ROTANA. 2022.SET","MEDIUM_PCM","UNLINKED_PCM_HOLD_FOR_LATER","READ_ONLY_NO_BINARY_OUTPUT"
"RAM45.PCM","E:\UAOS_OPEN_LIBRARY_SOURCE\pa3x\RoTaNa(1) pa3x.SET\tareq pa3x.SET\PCM\RAM45.PCM","2584741","D4F2D8EA337D414C69CCB560F01DE668530FA725B6B7CCD74DE441BE30C59C7A","RoTaNa(1) pa3x.SET","MEDIUM_PCM","UNLINKED_PCM_HOLD_FOR_LATER","READ_ONLY_NO_BINARY_OUTPUT"
"RAM46.PCM","E:\UAOS_OPEN_LIBRARY_SOURCE\pa3x\LIVE CHARKI 3 2.SET\LIVE CHARKI 3 2.SET\PCM\RAM46.PCM","1234101","DA09B5D75B54D2F8A6126AC88519C9B1A4A5871C55A211357DEAE495E80DA2EA","LIVE CHARKI 3 2.SET","MEDIUM_PCM","UNLINKED_PCM_HOLD_FOR_LATER","READ_ONLY_NO_BINARY_OUTPUT"
"RAM46.PCM","E:\UAOS_OPEN_LIBRARY_SOURCE\pa3x\omar44.SET\omar44.SET\PCM\RAM46.PCM","4082134","8F46ADCF471C96FB186F13042153E9F12BEB229DA10DBBDDA6F83F4446C452DC","omar44.SET","MEDIUM_PCM","UNLINKED_PCM_HOLD_FOR_LATER","READ_ONLY_NO_BINARY_OUTPUT"
"RAM46.PCM","E:\UAOS_OPEN_LIBRARY_SOURCE\pa3x\3xxxxx.SET\3xxxxx.SET\PCM\RAM46.PCM","2575313","A2785E827421916746E8F073D8AAA72D2F92D133CDDEDAFD4E0EE3E4DB96E73F","3xxxxx.SET","MEDIUM_PCM","UNLINKED_PCM_HOLD_FOR_LATER","READ_ONLY_NO_BINARY_OUTPUT"
"RAM46.PCM","E:\UAOS_OPEN_LIBRARY_SOURCE\pa3x\ABOUD NEXT-MG.SET\ABOUD NEXT-MG.SET\PCM\RAM46.PCM","5926633","DCB160A6E16890181CAF96CDB66413667639C51844B6CF9530D2CD610064F072","ABOUD NEXT-MG.SET","MEDIUM_PCM","UNLINKED_PCM_HOLD_FOR_LATER","READ_ONLY_NO_BINARY_OUTPUT"
"RAM46.PCM","E:\UAOS_OPEN_LIBRARY_SOURCE\pa3x\ROTANA. 2022.SET\ROTANA. 2022.SET\PCM\RAM46.PCM","4387698","FA15E20F5F4881596471ABD9339DF32505AE25F403DC23377AC3BF8C0691F2DF","ROTANA. 2022.SET","MEDIUM_PCM","UNLINKED_PCM_HOLD_FOR_LATER","READ_ONLY_NO_BINARY_OUTPUT"
"RAM46.PCM","E:\UAOS_OPEN_LIBRARY_SOURCE\pa3x\rahm pa3x.SET\rahm pa3x.SET\PCM\RAM46.PCM","2501926","67BBA120D04B7A877A0EB0A17E9A96BED9592B0794ED114B007F3380EF94BBA0","rahm pa3x.SET","MEDIUM_PCM","UNLINKED_PCM_HOLD_FOR_LATER","READ_ONLY_NO_BINARY_OUTPUT"
"RAM46.PCM","E:\UAOS_OPEN_LIBRARY_SOURCE\pa3x\RoTaNa(1) pa3x.SET\tareq pa3x.SET\PCM\RAM46.PCM","2579706","298897C5AE0B3219DBC2C085827AA32C793E751BAF29F8747CD3A5202B9C31AF","RoTaNa(1) pa3x.SET","MEDIUM_PCM","UNLINKED_PCM_HOLD_FOR_LATER","READ_ONLY_NO_BINARY_OUTPUT"
"RAM46.PCM","E:\UAOS_OPEN_LIBRARY_SOURCE\pa3x\a1111.SET\a1111.SET\PCM\RAM46.PCM","7572930","BF6D901B62B9988B403AE83FBFCDD9B6EAE965B11243257D77FC7D496C1D3D3E","a1111.SET","MEDIUM_PCM","UNLINKED_PCM_HOLD_FOR_LATER","READ_ONLY_NO_BINARY_OUTPUT"
"RAM46.PCM","E:\UAOS_OPEN_LIBRARY_SOURCE\pa3x\‏‏RoTaNa(1) pa3x.SET - نسخة\tareq pa3x.SET\PCM\RAM46.PCM","2579706","298897C5AE0B3219DBC2C085827AA32C793E751BAF29F8747CD3A5202B9C31AF","tareq pa3x.SET","MEDIUM_PCM","UNLINKED_PCM_HOLD_FOR_LATER","READ_ONLY_NO_BINARY_OUTPUT"
"RAM46.PCM","E:\UAOS_OPEN_LIBRARY_SOURCE\pa3x\2020 pa1000 pa4x.SET\2020 pa1000 pa4x.SET\PCM\RAM46.PCM","2883536","8A1969644DCD45026FB760B4B2E0F11A375B5276A2EEE120AE1D9DEB513055BA","2020 pa1000 pa4x.SET","MEDIUM_PCM","UNLINKED_PCM_HOLD_FOR_LATER","READ_ONLY_NO_BINARY_OUTPUT"
"RAM46.PCM","E:\UAOS_OPEN_LIBRARY_SOURCE\pa3x\SUPER4X.3X ASLY2018.SET\SUPER4X.3X ASLY2018.SET\PCM\RAM46.PCM","2681840","F93770440EDD3D7899E98EA999D5A9C1A22A06ED2BB8FF266B3093A727DCC5B3","SUPER4X.3X ASLY2018.SET","MEDIUM_PCM","UNLINKED_PCM_HOLD_FOR_LATER","READ_ONLY_NO_BINARY_OUTPUT"
"RAM47.PCM","E:\UAOS_OPEN_LIBRARY_SOURCE\pa3x\‏‏RoTaNa(1) pa3x.SET - نسخة\tareq pa3x.SET\PCM\RAM47.PCM","2581662","737404E988D3B2A9B92B9A883A48E318DD59ADC9FFF5675DCB5F61FB3B04F869","tareq pa3x.SET","MEDIUM_PCM","UNLINKED_PCM_HOLD_FOR_LATER","READ_ONLY_NO_BINARY_OUTPUT"
"RAM47.PCM","E:\UAOS_OPEN_LIBRARY_SOURCE\pa3x\3xxxxx.SET\3xxxxx.SET\PCM\RAM47.PCM","2580455","4EF5C05889DF36E44809571CCCA887FF44FFE09AF51A98090D7848943D667752","3xxxxx.SET","MEDIUM_PCM","UNLINKED_PCM_HOLD_FOR_LATER","READ_ONLY_NO_BINARY_OUTPUT"
"RAM47.PCM","E:\UAOS_OPEN_LIBRARY_SOURCE\pa3x\ROTANA. 2022.SET\ROTANA. 2022.SET\PCM\RAM47.PCM","3971498","D424978037E918C1B9DC62AD49D645B29C44C24FC3908C353CF9EA5CB1C58F94","ROTANA. 2022.SET","MEDIUM_PCM","UNLINKED_PCM_HOLD_FOR_LATER","READ_ONLY_NO_BINARY_OUTPUT"
"RAM47.PCM","E:\UAOS_OPEN_LIBRARY_SOURCE\pa3x\ABOUD NEXT-MG.SET\ABOUD NEXT-MG.SET\PCM\RAM47.PCM","5063057","8B18420FF8EA687788FF5E9E02E4EB9CD687617C46296F03413EA76132CD138B","ABOUD NEXT-MG.SET","MEDIUM_PCM","UNLINKED_PCM_HOLD_FOR_LATER","READ_ONLY_NO_BINARY_OUTPUT"
"RAM47.PCM","E:\UAOS_OPEN_LIBRARY_SOURCE\pa3x\2020 pa1000 pa4x.SET\2020 pa1000 pa4x.SET\PCM\RAM47.PCM","2908635","CD006190DC1EF5AE4EA60F38A8A5AB4BEBDC5547919C67D55FC66D494C180277","2020 pa1000 pa4x.SET","MEDIUM_PCM","UNLINKED_PCM_HOLD_FOR_LATER","READ_ONLY_NO_BINARY_OUTPUT"
"RAM47.PCM","E:\UAOS_OPEN_LIBRARY_SOURCE\pa3x\omar44.SET\omar44.SET\PCM\RAM47.PCM","4195349","298C0AF7B55A52B5CD04910007B3B1FE11DB97966C847845F5B5ABFEF71F61A0","omar44.SET","MEDIUM_PCM","UNLINKED_PCM_HOLD_FOR_LATER","READ_ONLY_NO_BINARY_OUTPUT"
"RAM47.PCM","E:\UAOS_OPEN_LIBRARY_SOURCE\pa3x\a1111.SET\a1111.SET\PCM\RAM47.PCM","6582032","549A46DF75F10577D83E436792091248880F5868EB6FCCB1306CD8AE70E367A3","a1111.SET","MEDIUM_PCM","UNLINKED_PCM_HOLD_FOR_LATER","READ_ONLY_NO_BINARY_OUTPUT"
"RAM47.PCM","E:\UAOS_OPEN_LIBRARY_SOURCE\pa3x\rahm pa3x.SET\rahm pa3x.SET\PCM\RAM47.PCM","2225366","1C158A91CD05E2154FD20CCF3D57981789F8DDE3B4A0703CC10785482A192E68","rahm pa3x.SET","MEDIUM_PCM","UNLINKED_PCM_HOLD_FOR_LATER","READ_ONLY_NO_BINARY_OUTPUT"
"RAM47.PCM","E:\UAOS_OPEN_LIBRARY_SOURCE\pa3x\LIVE CHARKI 3 2.SET\LIVE CHARKI 3 2.SET\PCM\RAM47.PCM","1223827","93B7AB1B24166FF372DE1C7696EE0142DAF9241137A93FDB49AF8065186EE822","LIVE CHARKI 3 2.SET","MEDIUM_PCM","UNLINKED_PCM_HOLD_FOR_LATER","READ_ONLY_NO_BINARY_OUTPUT"
"RAM47.PCM","E:\UAOS_OPEN_LIBRARY_SOURCE\pa3x\SUPER4X.3X ASLY2018.SET\SUPER4X.3X ASLY2018.SET\PCM\RAM47.PCM","2698456","1897234ED574ACA057E15B20892023CDE4833767F2E3FF75497508601320FE82","SUPER4X.3X ASLY2018.SET","MEDIUM_PCM","UNLINKED_PCM_HOLD_FOR_LATER","READ_ONLY_NO_BINARY_OUTPUT"
"RAM47.PCM","E:\UAOS_OPEN_LIBRARY_SOURCE\pa3x\RoTaNa(1) pa3x.SET\tareq pa3x.SET\PCM\RAM47.PCM","2581662","737404E988D3B2A9B92B9A883A48E318DD59ADC9FFF5675DCB5F61FB3B04F869","RoTaNa(1) pa3x.SET","MEDIUM_PCM","UNLINKED_PCM_HOLD_FOR_LATER","READ_ONLY_NO_BINARY_OUTPUT"
"RAM48.PCM","E:\UAOS_OPEN_LIBRARY_SOURCE\pa3x\LIVE CHARKI 3 2.SET\LIVE CHARKI 3 2.SET\PCM\RAM48.PCM","1349739","BB635DE76B08E35306397B2F5C83AE91CD4DC61560091615B8B97289B99451FC","LIVE CHARKI 3 2.SET","MEDIUM_PCM","UNLINKED_PCM_HOLD_FOR_LATER","READ_ONLY_NO_BINARY_OUTPUT"
"RAM48.PCM","E:\UAOS_OPEN_LIBRARY_SOURCE\pa3x\a1111.SET\a1111.SET\PCM\RAM48.PCM","7050496","B97C3C7305C9AE763AFE3F11F5610FF4E7420EFEC69C936A22F9599094605FB9","a1111.SET","MEDIUM_PCM","UNLINKED_PCM_HOLD_FOR_LATER","READ_ONLY_NO_BINARY_OUTPUT"
"RAM48.PCM","E:\UAOS_OPEN_LIBRARY_SOURCE\pa3x\2020 pa1000 pa4x.SET\2020 pa1000 pa4x.SET\PCM\RAM48.PCM","2956801","A9BAAC48E335F7F69723D7BAB2B46D0B43F1A4443EBAC6216F073B24F5EEE95E","2020 pa1000 pa4x.SET","MEDIUM_PCM","UNLINKED_PCM_HOLD_FOR_LATER","READ_ONLY_NO_BINARY_OUTPUT"
"RAM48.PCM","E:\UAOS_OPEN_LIBRARY_SOURCE\pa3x\ROTANA. 2022.SET\ROTANA. 2022.SET\PCM\RAM48.PCM","3496920","C322437107C110F2C2F6E4A4D9E2727BB9B1CC414F56A1FCAFE6EF1992A3D4D8","ROTANA. 2022.SET","MEDIUM_PCM","UNLINKED_PCM_HOLD_FOR_LATER","READ_ONLY_NO_BINARY_OUTPUT"
"RAM48.PCM","E:\UAOS_OPEN_LIBRARY_SOURCE\pa3x\rahm pa3x.SET\rahm pa3x.SET\PCM\RAM48.PCM","2104068","3FCC23961DF6A282C3548A6F48358CFDD485F52A9ADB2B2410FDCB0FD37ABDC4","rahm pa3x.SET","MEDIUM_PCM","UNLINKED_PCM_HOLD_FOR_LATER","READ_ONLY_NO_BINARY_OUTPUT"
"RAM48.PCM","E:\UAOS_OPEN_LIBRARY_SOURCE\pa3x\omar44.SET\omar44.SET\PCM\RAM48.PCM","4338814","6A54BA7B184ABF24D4B139490FB54BF7A6DA5EF8F9CEA55A4247810DD24CB8AE","omar44.SET","MEDIUM_PCM","UNLINKED_PCM_HOLD_FOR_LATER","READ_ONLY_NO_BINARY_OUTPUT"
"RAM48.PCM","E:\UAOS_OPEN_LIBRARY_SOURCE\pa3x\SUPER4X.3X ASLY2018.SET\SUPER4X.3X ASLY2018.SET\PCM\RAM48.PCM","2682520","E9138E74BDA68E11BDFDE46A039AD78D5EA6D420A3562B240B9F51492C175BCD","SUPER4X.3X ASLY2018.SET","MEDIUM_PCM","UNLINKED_PCM_HOLD_FOR_LATER","READ_ONLY_NO_BINARY_OUTPUT"
"RAM48.PCM","E:\UAOS_OPEN_LIBRARY_SOURCE\pa3x\RoTaNa(1) pa3x.SET\tareq pa3x.SET\PCM\RAM48.PCM","2572500","271B9C831264E95B260E8DCE21B5D0015E9AF7A87135EBF82E999B01BB79616C","RoTaNa(1) pa3x.SET","MEDIUM_PCM","UNLINKED_PCM_HOLD_FOR_LATER","READ_ONLY_NO_BINARY_OUTPUT"
"RAM48.PCM","E:\UAOS_OPEN_LIBRARY_SOURCE\pa3x\3xxxxx.SET\3xxxxx.SET\PCM\RAM48.PCM","2576789","36830D451CC67853D9C19C3EF429CF1BB0E21A35EAA8D1A1A4727D21BEAB7352","3xxxxx.SET","MEDIUM_PCM","UNLINKED_PCM_HOLD_FOR_LATER","READ_ONLY_NO_BINARY_OUTPUT"
"RAM48.PCM","E:\UAOS_OPEN_LIBRARY_SOURCE\pa3x\‏‏RoTaNa(1) pa3x.SET - نسخة\tareq pa3x.SET\PCM\RAM48.PCM","2572500","271B9C831264E95B260E8DCE21B5D0015E9AF7A87135EBF82E999B01BB79616C","tareq pa3x.SET","MEDIUM_PCM","UNLINKED_PCM_HOLD_FOR_LATER","READ_ONLY_NO_BINARY_OUTPUT"
"RAM48.PCM","E:\UAOS_OPEN_LIBRARY_SOURCE\pa3x\ABOUD NEXT-MG.SET\ABOUD NEXT-MG.SET\PCM\RAM48.PCM","6208488","1459D0A10B03DEE40F887ED35AF58DD85785C7F697E487B9E82AFFC36B34E116","ABOUD NEXT-MG.SET","MEDIUM_PCM","UNLINKED_PCM_HOLD_FOR_LATER","READ_ONLY_NO_BINARY_OUTPUT"
"RAM49.PCM","E:\UAOS_OPEN_LIBRARY_SOURCE\pa3x\LIVE CHARKI 3 2.SET\LIVE CHARKI 3 2.SET\PCM\RAM49.PCM","1288850","028758E0072F0D839362D3B750639767720BFCE67F1BEFE9253C34DCD38D76C8","LIVE CHARKI 3 2.SET","MEDIUM_PCM","UNLINKED_PCM_HOLD_FOR_LATER","READ_ONLY_NO_BINARY_OUTPUT"
"RAM49.PCM","E:\UAOS_OPEN_LIBRARY_SOURCE\pa3x\rahm pa3x.SET\rahm pa3x.SET\PCM\RAM49.PCM","2130518","FC1CBB44C750B0E2B750BC7F06138A127C450ED4FF620DB14CC9D0562E293B90","rahm pa3x.SET","MEDIUM_PCM","UNLINKED_PCM_HOLD_FOR_LATER","READ_ONLY_NO_BINARY_OUTPUT"
"RAM49.PCM","E:\UAOS_OPEN_LIBRARY_SOURCE\pa3x\ROTANA. 2022.SET\ROTANA. 2022.SET\PCM\RAM49.PCM","3834128","0298AB59272EE3B9D9DD8BFC1766B3E97B1B0A68E3681A4F0A317BCBB7612968","ROTANA. 2022.SET","MEDIUM_PCM","UNLINKED_PCM_HOLD_FOR_LATER","READ_ONLY_NO_BINARY_OUTPUT"
"RAM49.PCM","E:\UAOS_OPEN_LIBRARY_SOURCE\pa3x\‏‏RoTaNa(1) pa3x.SET - نسخة\tareq pa3x.SET\PCM\RAM49.PCM","2580800","C0A93A0625B63E5F8BE9148A296EA5B6D9B9BCEA7C605DE391C709CD7006317E","tareq pa3x.SET","MEDIUM_PCM","UNLINKED_PCM_HOLD_FOR_LATER","READ_ONLY_NO_BINARY_OUTPUT"
"RAM49.PCM","E:\UAOS_OPEN_LIBRARY_SOURCE\pa3x\a1111.SET\a1111.SET\PCM\RAM49.PCM","6274508","61B4E5A89E147B91FDA1E13321E69B3509956F26793BB6EB0A3EFD6F2ED80E2C","a1111.SET","MEDIUM_PCM","UNLINKED_PCM_HOLD_FOR_LATER","READ_ONLY_NO_BINARY_OUTPUT"
"RAM49.PCM","E:\UAOS_OPEN_LIBRARY_SOURCE\pa3x\SUPER4X.3X ASLY2018.SET\SUPER4X.3X ASLY2018.SET\PCM\RAM49.PCM","2834258","57EAC7277E50E21B8DE6879D8426716F550AC89097B693580F4C81D22134739D","SUPER4X.3X ASLY2018.SET","MEDIUM_PCM","UNLINKED_PCM_HOLD_FOR_LATER","READ_ONLY_NO_BINARY_OUTPUT"
"RAM49.PCM","E:\UAOS_OPEN_LIBRARY_SOURCE\pa3x\omar44.SET\omar44.SET\PCM\RAM49.PCM","4260658","02D6EBDDF410C8939E0CA1AA0EEBF54414C74D37D9E0BFD07A77DF8512CA6FA6","omar44.SET","MEDIUM_PCM","UNLINKED_PCM_HOLD_FOR_LATER","READ_ONLY_NO_BINARY_OUTPUT"
"RAM49.PCM","E:\UAOS_OPEN_LIBRARY_SOURCE\pa3x\RoTaNa(1) pa3x.SET\tareq pa3x.SET\PCM\RAM49.PCM","2580800","C0A93A0625B63E5F8BE9148A296EA5B6D9B9BCEA7C605DE391C709CD7006317E","RoTaNa(1) pa3x.SET","MEDIUM_PCM","UNLINKED_PCM_HOLD_FOR_LATER","READ_ONLY_NO_BINARY_OUTPUT"
"RAM49.PCM","E:\UAOS_OPEN_LIBRARY_SOURCE\pa3x\2020 pa1000 pa4x.SET\2020 pa1000 pa4x.SET\PCM\RAM49.PCM","3123913","1C5DE1F71937E84CECFA7D6A7086AB628DA0688AFDEED7D80895D436E0D995C7","2020 pa1000 pa4x.SET","MEDIUM_PCM","UNLINKED_PCM_HOLD_FOR_LATER","READ_ONLY_NO_BINARY_OUTPUT"
"RAM49.PCM","E:\UAOS_OPEN_LIBRARY_SOURCE\pa3x\ABOUD NEXT-MG.SET\ABOUD NEXT-MG.SET\PCM\RAM49.PCM","5148049","963B6082092B0CB1015311C2893A94014CC47140903C123DE9F0C727E40A8C4B","ABOUD NEXT-MG.SET","MEDIUM_PCM","UNLINKED_PCM_HOLD_FOR_LATER","READ_ONLY_NO_BINARY_OUTPUT"
"RAM49.PCM","E:\UAOS_OPEN_LIBRARY_SOURCE\pa3x\3xxxxx.SET\3xxxxx.SET\PCM\RAM49.PCM","2724789","9801F7F527E798EBEA0231BA5A5E28F6A67AB69CDA54CCE3892FE07732739E94","3xxxxx.SET","MEDIUM_PCM","UNLINKED_PCM_HOLD_FOR_LATER","READ_ONLY_NO_BINARY_OUTPUT"
"RAM50.PCM","E:\UAOS_OPEN_LIBRARY_SOURCE\pa3x\‏‏RoTaNa(1) pa3x.SET - نسخة\tareq pa3x.SET\PCM\RAM50.PCM","2641906","0BC66CFC898330387AED2C5A052C66E4A02B46F3E74B4C87D5F2E00C1EBAB7DA","tareq pa3x.SET","MEDIUM_PCM","UNLINKED_PCM_HOLD_FOR_LATER","READ_ONLY_NO_BINARY_OUTPUT"
"RAM50.PCM","E:\UAOS_OPEN_LIBRARY_SOURCE\pa3x\a1111.SET\a1111.SET\PCM\RAM50.PCM","5949376","CB358C4A3DCEB60B851206D59F01A1E48C4F94D4E81455CCA4532E93542C274D","a1111.SET","MEDIUM_PCM","UNLINKED_PCM_HOLD_FOR_LATER","READ_ONLY_NO_BINARY_OUTPUT"
"RAM50.PCM","E:\UAOS_OPEN_LIBRARY_SOURCE\pa3x\3xxxxx.SET\3xxxxx.SET\PCM\RAM50.PCM","2569747","A7D5BA6D4885B4C9DDA6D97BF875C2F82ED42472B83E83C5278EF92658EAAE48","3xxxxx.SET","MEDIUM_PCM","UNLINKED_PCM_HOLD_FOR_LATER","READ_ONLY_NO_BINARY_OUTPUT"
"RAM50.PCM","E:\UAOS_OPEN_LIBRARY_SOURCE\pa3x\rahm pa3x.SET\rahm pa3x.SET\PCM\RAM50.PCM","2225882","5ACAA6C0BE8475DB874B6807C71919AA5570E7DBE52AEFBE2C77DDE6102247B1","rahm pa3x.SET","MEDIUM_PCM","UNLINKED_PCM_HOLD_FOR_LATER","READ_ONLY_NO_BINARY_OUTPUT"
"RAM50.PCM","E:\UAOS_OPEN_LIBRARY_SOURCE\pa3x\ROTANA. 2022.SET\ROTANA. 2022.SET\PCM\RAM50.PCM","4928454","06781FD9866366B46FD1D92F4AD100873FC87339E5BEC4FB0ECF1173CF7836F0","ROTANA. 2022.SET","MEDIUM_PCM","UNLINKED_PCM_HOLD_FOR_LATER","READ_ONLY_NO_BINARY_OUTPUT"
"RAM50.PCM","E:\UAOS_OPEN_LIBRARY_SOURCE\pa3x\2020 pa1000 pa4x.SET\2020 pa1000 pa4x.SET\PCM\RAM50.PCM","3138460","C155331A36AF105B4903A5E70BCD4749385C7C02078F943B8D049E070D07B393","2020 pa1000 pa4x.SET","MEDIUM_PCM","UNLINKED_PCM_HOLD_FOR_LATER","READ_ONLY_NO_BINARY_OUTPUT"
"RAM50.PCM","E:\UAOS_OPEN_LIBRARY_SOURCE\pa3x\RoTaNa(1) pa3x.SET\tareq pa3x.SET\PCM\RAM50.PCM","2641906","0BC66CFC898330387AED2C5A052C66E4A02B46F3E74B4C87D5F2E00C1EBAB7DA","RoTaNa(1) pa3x.SET","MEDIUM_PCM","UNLINKED_PCM_HOLD_FOR_LATER","READ_ONLY_NO_BINARY_OUTPUT"
"RAM50.PCM","E:\UAOS_OPEN_LIBRARY_SOURCE\pa3x\ABOUD NEXT-MG.SET\ABOUD NEXT-MG.SET\PCM\RAM50.PCM","6137071","B563CEE27709EDFC32FE21BAA848F7BAEAA01EB91423E8FF7372964A42D6C69D","ABOUD NEXT-MG.SET","MEDIUM_PCM","UNLINKED_PCM_HOLD_FOR_LATER","READ_ONLY_NO_BINARY_OUTPUT"
"RAM50.PCM","E:\UAOS_OPEN_LIBRARY_SOURCE\pa3x\SUPER4X.3X ASLY2018.SET\SUPER4X.3X ASLY2018.SET\PCM\RAM50.PCM","2679202","D3B63D5A273BD1C5C6929D405AA28B72DFFEA8AB6B83A4F1C5DC60CFEC222B2C","SUPER4X.3X ASLY2018.SET","MEDIUM_PCM","UNLINKED_PCM_HOLD_FOR_LATER","READ_ONLY_NO_BINARY_OUTPUT"
"RAM50.PCM","E:\UAOS_OPEN_LIBRARY_SOURCE\pa3x\LIVE CHARKI 3 2.SET\LIVE CHARKI 3 2.SET\PCM\RAM50.PCM","1315966","18683296378F3C750F45A809F472D7050D1FA91E2AA1A9FD212981E786E7F267","LIVE CHARKI 3 2.SET","MEDIUM_PCM","UNLINKED_PCM_HOLD_FOR_LATER","READ_ONLY_NO_BINARY_OUTPUT"
"RAM50.PCM","E:\UAOS_OPEN_LIBRARY_SOURCE\pa3x\omar44.SET\omar44.SET\PCM\RAM50.PCM","4336077","DDF641F4ADBB5F719578D41C864614866140B24B7ED7D7D0ADC3ECEBBB997309","omar44.SET","MEDIUM_PCM","UNLINKED_PCM_HOLD_FOR_LATER","READ_ONLY_NO_BINARY_OUTPUT"
"RAM51.PCM","E:\UAOS_OPEN_LIBRARY_SOURCE\pa3x\rahm pa3x.SET\rahm pa3x.SET\PCM\RAM51.PCM","2112718","2318006C208E36CCA01C6905BD69FE493097D8DA63F95CD132F39A577F4B8FE3","rahm pa3x.SET","MEDIUM_PCM","UNLINKED_PCM_HOLD_FOR_LATER","READ_ONLY_NO_BINARY_OUTPUT"
"RAM51.PCM","E:\UAOS_OPEN_LIBRARY_SOURCE\pa3x\2020 pa1000 pa4x.SET\2020 pa1000 pa4x.SET\PCM\RAM51.PCM","3150630","2EAA6E969E8CA2C021A753147F3BE02AF19CBBEA0D1DA07C0F1C705E42DBCCAF","2020 pa1000 pa4x.SET","MEDIUM_PCM","UNLINKED_PCM_HOLD_FOR_LATER","READ_ONLY_NO_BINARY_OUTPUT"
"RAM51.PCM","E:\UAOS_OPEN_LIBRARY_SOURCE\pa3x\omar44.SET\omar44.SET\PCM\RAM51.PCM","4256114","D765ECE6E922DA0903D02AF3E1CEE9B090EE9CD9D886B6E1932ED7704D5DE338","omar44.SET","MEDIUM_PCM","UNLINKED_PCM_HOLD_FOR_LATER","READ_ONLY_NO_BINARY_OUTPUT"
"RAM51.PCM","E:\UAOS_OPEN_LIBRARY_SOURCE\pa3x\a1111.SET\a1111.SET\PCM\RAM51.PCM","6523208","A53E9E909EF949818A831E03F466C441899CA5F6ADBB5A2F6301E08DA72E35A8","a1111.SET","MEDIUM_PCM","UNLINKED_PCM_HOLD_FOR_LATER","READ_ONLY_NO_BINARY_OUTPUT"
"RAM51.PCM","E:\UAOS_OPEN_LIBRARY_SOURCE\pa3x\ABOUD NEXT-MG.SET\ABOUD NEXT-MG.SET\PCM\RAM51.PCM","4149048","4C4919C9A2E9A64E1C122B56282A30FFAF09E1B36FB61EAD5867A360D52625FF","ABOUD NEXT-MG.SET","MEDIUM_PCM","UNLINKED_PCM_HOLD_FOR_LATER","READ_ONLY_NO_BINARY_OUTPUT"
"RAM51.PCM","E:\UAOS_OPEN_LIBRARY_SOURCE\pa3x\SUPER4X.3X ASLY2018.SET\SUPER4X.3X ASLY2018.SET\PCM\RAM51.PCM","2670627","802D3ACAD1F6E5473ABE4605CCCCB0CB574C0DC4A908D2C07D6F46047FE6BACC","SUPER4X.3X ASLY2018.SET","MEDIUM_PCM","UNLINKED_PCM_HOLD_FOR_LATER","READ_ONLY_NO_BINARY_OUTPUT"
"RAM51.PCM","E:\UAOS_OPEN_LIBRARY_SOURCE\pa3x\ROTANA. 2022.SET\ROTANA. 2022.SET\PCM\RAM51.PCM","5623514","368CC5ADA79E69B87E88266CAEAC00CE22A213414E35FAB95F319AC1682C16CD","ROTANA. 2022.SET","MEDIUM_PCM","UNLINKED_PCM_HOLD_FOR_LATER","READ_ONLY_NO_BINARY_OUTPUT"
"RAM51.PCM","E:\UAOS_OPEN_LIBRARY_SOURCE\pa3x\‏‏RoTaNa(1) pa3x.SET - نسخة\tareq pa3x.SET\PCM\RAM51.PCM","2639376","69B1852A4989D094B065C37184770DA23940AD444DCF5E381F225C8E0658FA36","tareq pa3x.SET","MEDIUM_PCM","UNLINKED_PCM_HOLD_FOR_LATER","READ_ONLY_NO_BINARY_OUTPUT"
"RAM51.PCM","E:\UAOS_OPEN_LIBRARY_SOURCE\pa3x\RoTaNa(1) pa3x.SET\tareq pa3x.SET\PCM\RAM51.PCM","2639376","69B1852A4989D094B065C37184770DA23940AD444DCF5E381F225C8E0658FA36","RoTaNa(1) pa3x.SET","MEDIUM_PCM","UNLINKED_PCM_HOLD_FOR_LATER","READ_ONLY_NO_BINARY_OUTPUT"
"RAM51.PCM","E:\UAOS_OPEN_LIBRARY_SOURCE\pa3x\LIVE CHARKI 3 2.SET\LIVE CHARKI 3 2.SET\PCM\RAM51.PCM","1473661","E038F9590DA22E6AB031DD9E01D366BEBED10AC7E5650B1717CCBB491D2AD265","LIVE CHARKI 3 2.SET","MEDIUM_PCM","UNLINKED_PCM_HOLD_FOR_LATER","READ_ONLY_NO_BINARY_OUTPUT"
"RAM51.PCM","E:\UAOS_OPEN_LIBRARY_SOURCE\pa3x\3xxxxx.SET\3xxxxx.SET\PCM\RAM51.PCM","2643253","7B8D7FE37A50BF3E327EC364491E26C4BBE60F623F24422CA0216DF4516A7684","3xxxxx.SET","MEDIUM_PCM","UNLINKED_PCM_HOLD_FOR_LATER","READ_ONLY_NO_BINARY_OUTPUT"
"RAM52.PCM","E:\UAOS_OPEN_LIBRARY_SOURCE\pa3x\3xxxxx.SET\3xxxxx.SET\PCM\RAM52.PCM","2651416","B614A033D4939155F31C02485A82CFD68D851F2F1A66EBC8F211ED20FE7DBA1E","3xxxxx.SET","MEDIUM_PCM","UNLINKED_PCM_HOLD_FOR_LATER","READ_ONLY_NO_BINARY_OUTPUT"
"RAM52.PCM","E:\UAOS_OPEN_LIBRARY_SOURCE\pa3x\ABOUD NEXT-MG.SET\ABOUD NEXT-MG.SET\PCM\RAM52.PCM","5244074","735B1064801487CE418A70D35E8E651FEC8EFB73B0B759AF9D10686E119CA3F1","ABOUD NEXT-MG.SET","MEDIUM_PCM","UNLINKED_PCM_HOLD_FOR_LATER","READ_ONLY_NO_BINARY_OUTPUT"
"RAM52.PCM","E:\UAOS_OPEN_LIBRARY_SOURCE\pa3x\a1111.SET\a1111.SET\PCM\RAM52.PCM","4889166","883EACE70A186A1D4235810EC944A6B737CFAD63C006CDD1B7DCC0E52AF836BE","a1111.SET","MEDIUM_PCM","UNLINKED_PCM_HOLD_FOR_LATER","READ_ONLY_NO_BINARY_OUTPUT"
"RAM52.PCM","E:\UAOS_OPEN_LIBRARY_SOURCE\pa3x\omar44.SET\omar44.SET\PCM\RAM52.PCM","4346736","EDCD55A285BE9F797BFD54749D743ED42B92EA0BFE8672CDFF140AF199282E96","omar44.SET","MEDIUM_PCM","UNLINKED_PCM_HOLD_FOR_LATER","READ_ONLY_NO_BINARY_OUTPUT"
"RAM52.PCM","E:\UAOS_OPEN_LIBRARY_SOURCE\pa3x\ROTANA. 2022.SET\ROTANA. 2022.SET\PCM\RAM52.PCM","4092924","442178DCC469A796A37411E37ADFBB25632F6885B9DFB803727DF40685053FEA","ROTANA. 2022.SET","MEDIUM_PCM","UNLINKED_PCM_HOLD_FOR_LATER","READ_ONLY_NO_BINARY_OUTPUT"
"RAM52.PCM","E:\UAOS_OPEN_LIBRARY_SOURCE\pa3x\rahm pa3x.SET\rahm pa3x.SET\PCM\RAM52.PCM","2106471","E781F95D93808B556C0DDEE0F8FE91FDD2AF46F4DC89E13CF099667DB838AC0A","rahm pa3x.SET","MEDIUM_PCM","UNLINKED_PCM_HOLD_FOR_LATER","READ_ONLY_NO_BINARY_OUTPUT"
"RAM52.PCM","E:\UAOS_OPEN_LIBRARY_SOURCE\pa3x\SUPER4X.3X ASLY2018.SET\SUPER4X.3X ASLY2018.SET\PCM\RAM52.PCM","2640098","1C361AD56494396B1220183B060BB16B447ADD266891DE1A7DEAA005C2DCFE72","SUPER4X.3X ASLY2018.SET","MEDIUM_PCM","UNLINKED_PCM_HOLD_FOR_LATER","READ_ONLY_NO_BINARY_OUTPUT"
"RAM52.PCM","E:\UAOS_OPEN_LIBRARY_SOURCE\pa3x\LIVE CHARKI 3 2.SET\LIVE CHARKI 3 2.SET\PCM\RAM52.PCM","1452110","EDE6253B4A3EB39D570ABBBDDB6632055AC27292B207C7DB2C1F46DAAF3A99BD","LIVE CHARKI 3 2.SET","MEDIUM_PCM","UNLINKED_PCM_HOLD_FOR_LATER","READ_ONLY_NO_BINARY_OUTPUT"
"RAM52.PCM","E:\UAOS_OPEN_LIBRARY_SOURCE\pa3x\‏‏RoTaNa(1) pa3x.SET - نسخة\tareq pa3x.SET\PCM\RAM52.PCM","2578897","D3A6990EC98433437724AA3764A8C9247753DB91DA7009F1DD57CD0D66564B7C","tareq pa3x.SET","MEDIUM_PCM","UNLINKED_PCM_HOLD_FOR_LATER","READ_ONLY_NO_BINARY_OUTPUT"
"RAM52.PCM","E:\UAOS_OPEN_LIBRARY_SOURCE\pa3x\RoTaNa(1) pa3x.SET\tareq pa3x.SET\PCM\RAM52.PCM","2578897","D3A6990EC98433437724AA3764A8C9247753DB91DA7009F1DD57CD0D66564B7C","RoTaNa(1) pa3x.SET","MEDIUM_PCM","UNLINKED_PCM_HOLD_FOR_LATER","READ_ONLY_NO_BINARY_OUTPUT"
"RAM52.PCM","E:\UAOS_OPEN_LIBRARY_SOURCE\pa3x\2020 pa1000 pa4x.SET\2020 pa1000 pa4x.SET\PCM\RAM52.PCM","2888424","A038C4B12B167E116EAB0ED67B30063E5F4AB95D15E30A8F8EB109D39E3DD8DA","2020 pa1000 pa4x.SET","MEDIUM_PCM","UNLINKED_PCM_HOLD_FOR_LATER","READ_ONLY_NO_BINARY_OUTPUT"
"RAM53.PCM","E:\UAOS_OPEN_LIBRARY_SOURCE\pa3x\‏‏RoTaNa(1) pa3x.SET - نسخة\tareq pa3x.SET\PCM\RAM53.PCM","2593242","ABF0B974D1EAAD55502BD37BF3F66888BC9A4BFC557BB6A5596F3B17B3243AFF","tareq pa3x.SET","MEDIUM_PCM","UNLINKED_PCM_HOLD_FOR_LATER","READ_ONLY_NO_BINARY_OUTPUT"
"RAM53.PCM","E:\UAOS_OPEN_LIBRARY_SOURCE\pa3x\ABOUD NEXT-MG.SET\ABOUD NEXT-MG.SET\PCM\RAM53.PCM","3755281","347FBD50AB9E895130BF26CA5F72948015E8D051BD485E627DC38ADC95F6D47C","ABOUD NEXT-MG.SET","MEDIUM_PCM","UNLINKED_PCM_HOLD_FOR_LATER","READ_ONLY_NO_BINARY_OUTPUT"
"RAM53.PCM","E:\UAOS_OPEN_LIBRARY_SOURCE\pa3x\ROTANA. 2022.SET\ROTANA. 2022.SET\PCM\RAM53.PCM","5207710","D7425FBD5EB791CC07FACC986EC5163496B340CA69E91F468E3D0708585702F6","ROTANA. 2022.SET","MEDIUM_PCM","UNLINKED_PCM_HOLD_FOR_LATER","READ_ONLY_NO_BINARY_OUTPUT"
"RAM53.PCM","E:\UAOS_OPEN_LIBRARY_SOURCE\pa3x\a1111.SET\a1111.SET\PCM\RAM53.PCM","6700731","F8F52ED9733FE97496B70E9DD70FAAD0681F59C33D56C3ECCB921AD8253788F8","a1111.SET","MEDIUM_PCM","UNLINKED_PCM_HOLD_FOR_LATER","READ_ONLY_NO_BINARY_OUTPUT"
"RAM53.PCM","E:\UAOS_OPEN_LIBRARY_SOURCE\pa3x\2020 pa1000 pa4x.SET\2020 pa1000 pa4x.SET\PCM\RAM53.PCM","3632128","B5B6EE25D9C27D6F8BC005C184D98D38A9A79F1C88E28870BF67FB4EAA11ED55","2020 pa1000 pa4x.SET","MEDIUM_PCM","UNLINKED_PCM_HOLD_FOR_LATER","READ_ONLY_NO_BINARY_OUTPUT"
"RAM53.PCM","E:\UAOS_OPEN_LIBRARY_SOURCE\pa3x\SUPER4X.3X ASLY2018.SET\SUPER4X.3X ASLY2018.SET\PCM\RAM53.PCM","2682688","5E433BDE0398DFB0C04658B555B7E85B028FDCD84D2AF27F52F9F8A4A116BBE8","SUPER4X.3X ASLY2018.SET","MEDIUM_PCM","UNLINKED_PCM_HOLD_FOR_LATER","READ_ONLY_NO_BINARY_OUTPUT"
"RAM53.PCM","E:\UAOS_OPEN_LIBRARY_SOURCE\pa3x\rahm pa3x.SET\rahm pa3x.SET\PCM\RAM53.PCM","2418496","F568CBF4C9B53399D5B2682A56BC22C0CC7A49C92554B71BE1694F6D18B4F7A2","rahm pa3x.SET","MEDIUM_PCM","UNLINKED_PCM_HOLD_FOR_LATER","READ_ONLY_NO_BINARY_OUTPUT"
"RAM53.PCM","E:\UAOS_OPEN_LIBRARY_SOURCE\pa3x\LIVE CHARKI 3 2.SET\LIVE CHARKI 3 2.SET\PCM\RAM53.PCM","1302541","A95CDF35AE185A3756ECC730854282C39796F0EDA13972189192AFC089C1F80F","LIVE CHARKI 3 2.SET","MEDIUM_PCM","UNLINKED_PCM_HOLD_FOR_LATER","READ_ONLY_NO_BINARY_OUTPUT"
"RAM53.PCM","E:\UAOS_OPEN_LIBRARY_SOURCE\pa3x\omar44.SET\omar44.SET\PCM\RAM53.PCM","4107888","27DB373AE0581F13A8D557A2076D3C8375E966BFAE02BA497AD77F5907CB56BD","omar44.SET","MEDIUM_PCM","UNLINKED_PCM_HOLD_FOR_LATER","READ_ONLY_NO_BINARY_OUTPUT"
"RAM53.PCM","E:\UAOS_OPEN_LIBRARY_SOURCE\pa3x\3xxxxx.SET\3xxxxx.SET\PCM\RAM53.PCM","2557475","95C6A727F9E02D37375584B9BFB3A78B50FD2B5A6A5F8EBD8665437D65064031","3xxxxx.SET","MEDIUM_PCM","UNLINKED_PCM_HOLD_FOR_LATER","READ_ONLY_NO_BINARY_OUTPUT"
"RAM53.PCM","E:\UAOS_OPEN_LIBRARY_SOURCE\pa3x\RoTaNa(1) pa3x.SET\tareq pa3x.SET\PCM\RAM53.PCM","2593242","ABF0B974D1EAAD55502BD37BF3F66888BC9A4BFC557BB6A5596F3B17B3243AFF","RoTaNa(1) pa3x.SET","MEDIUM_PCM","UNLINKED_PCM_HOLD_FOR_LATER","READ_ONLY_NO_BINARY_OUTPUT"
"RAM54.PCM","E:\UAOS_OPEN_LIBRARY_SOURCE\pa3x\‏‏RoTaNa(1) pa3x.SET - نسخة\tareq pa3x.SET\PCM\RAM54.PCM","2571908","09D8AE86DAF7DEA02DEE9DB28436F53D0BDD7790119402299F20296643D9E4A8","tareq pa3x.SET","MEDIUM_PCM","UNLINKED_PCM_HOLD_FOR_LATER","READ_ONLY_NO_BINARY_OUTPUT"
"RAM54.PCM","E:\UAOS_OPEN_LIBRARY_SOURCE\pa3x\3xxxxx.SET\3xxxxx.SET\PCM\RAM54.PCM","3166841","AE028965F2E9716195CB879C5F39F8ADC6E814F1F229D41B7CD9F6DE62561193","3xxxxx.SET","MEDIUM_PCM","UNLINKED_PCM_HOLD_FOR_LATER","READ_ONLY_NO_BINARY_OUTPUT"
"RAM54.PCM","E:\UAOS_OPEN_LIBRARY_SOURCE\pa3x\a1111.SET\a1111.SET\PCM\RAM54.PCM","7345332","F4102F770A1ABF34B28821163A211A82E0A458F7A8DE9249D7B9A11028486EAF","a1111.SET","MEDIUM_PCM","UNLINKED_PCM_HOLD_FOR_LATER","READ_ONLY_NO_BINARY_OUTPUT"
"RAM54.PCM","E:\UAOS_OPEN_LIBRARY_SOURCE\pa3x\SUPER4X.3X ASLY2018.SET\SUPER4X.3X ASLY2018.SET\PCM\RAM54.PCM","2927296","5BE7548C3C8300841F6F9ABD69F9D3AB823538E5D4F81EBD43A60882E1338D53","SUPER4X.3X ASLY2018.SET","MEDIUM_PCM","UNLINKED_PCM_HOLD_FOR_LATER","READ_ONLY_NO_BINARY_OUTPUT"
"RAM54.PCM","E:\UAOS_OPEN_LIBRARY_SOURCE\pa3x\LIVE CHARKI 3 2.SET\LIVE CHARKI 3 2.SET\PCM\RAM54.PCM","1404380","1F50797AF260DE257F552C77D2B5B9744789611E70DD8518BA027EEE7F91BF8A","LIVE CHARKI 3 2.SET","MEDIUM_PCM","UNLINKED_PCM_HOLD_FOR_LATER","READ_ONLY_NO_BINARY_OUTPUT"
"RAM54.PCM","E:\UAOS_OPEN_LIBRARY_SOURCE\pa3x\ROTANA. 2022.SET\ROTANA. 2022.SET\PCM\RAM54.PCM","5377104","8F0B44832D05CE30CA13614CE47373740E2F82341F6BA1BF9BE9A766661E3535","ROTANA. 2022.SET","MEDIUM_PCM","UNLINKED_PCM_HOLD_FOR_LATER","READ_ONLY_NO_BINARY_OUTPUT"
"RAM54.PCM","E:\UAOS_OPEN_LIBRARY_SOURCE\pa3x\RoTaNa(1) pa3x.SET\tareq pa3x.SET\PCM\RAM54.PCM","2571908","09D8AE86DAF7DEA02DEE9DB28436F53D0BDD7790119402299F20296643D9E4A8","RoTaNa(1) pa3x.SET","MEDIUM_PCM","UNLINKED_PCM_HOLD_FOR_LATER","READ_ONLY_NO_BINARY_OUTPUT"
"RAM54.PCM","E:\UAOS_OPEN_LIBRARY_SOURCE\pa3x\2020 pa1000 pa4x.SET\2020 pa1000 pa4x.SET\PCM\RAM54.PCM","2888498","146674D9DDCA19F30DFAD06ABFF8CC98C351AB3ED7EAEEDE05F242F75AC34426","2020 pa1000 pa4x.SET","MEDIUM_PCM","UNLINKED_PCM_HOLD_FOR_LATER","READ_ONLY_NO_BINARY_OUTPUT"
"RAM54.PCM","E:\UAOS_OPEN_LIBRARY_SOURCE\pa3x\omar44.SET\omar44.SET\PCM\RAM54.PCM","5901023","EF0EA9E0D3B199C387B900EEC239C461EB64011704A0662AFFBCBDBD7D4B3EF2","omar44.SET","MEDIUM_PCM","UNLINKED_PCM_HOLD_FOR_LATER","READ_ONLY_NO_BINARY_OUTPUT"
"RAM54.PCM","E:\UAOS_OPEN_LIBRARY_SOURCE\pa3x\ABOUD NEXT-MG.SET\ABOUD NEXT-MG.SET\PCM\RAM54.PCM","5932468","60DE2FA52D574CDC1A55AE5AB2A2AA1186A4B9C889CC4CC1BD2D27FBF563D501","ABOUD NEXT-MG.SET","MEDIUM_PCM","UNLINKED_PCM_HOLD_FOR_LATER","READ_ONLY_NO_BINARY_OUTPUT"
"RAM54.PCM","E:\UAOS_OPEN_LIBRARY_SOURCE\pa3x\rahm pa3x.SET\rahm pa3x.SET\PCM\RAM54.PCM","2104602","F1660684CCEAB44FD86E323EA685D8CD4DFBE6686F2C6D9734241A5197CD6482","rahm pa3x.SET","MEDIUM_PCM","UNLINKED_PCM_HOLD_FOR_LATER","READ_ONLY_NO_BINARY_OUTPUT"
"RAM55.PCM","E:\UAOS_OPEN_LIBRARY_SOURCE\pa3x\ROTANA. 2022.SET\ROTANA. 2022.SET\PCM\RAM55.PCM","4447846","F3F81A101ECA412226D6CC62524F3A9CAEE32F3D0372D1AD88A78A86106E935A","ROTANA. 2022.SET","MEDIUM_PCM","UNLINKED_PCM_HOLD_FOR_LATER","READ_ONLY_NO_BINARY_OUTPUT"
"RAM55.PCM","E:\UAOS_OPEN_LIBRARY_SOURCE\pa3x\ABOUD NEXT-MG.SET\ABOUD NEXT-MG.SET\PCM\RAM55.PCM","3381583","CC562D1A138E172852EEFD3BC6D34DD0D474DA3101E4408A7533AA0909E1A5F3","ABOUD NEXT-MG.SET","MEDIUM_PCM","UNLINKED_PCM_HOLD_FOR_LATER","READ_ONLY_NO_BINARY_OUTPUT"
"RAM55.PCM","E:\UAOS_OPEN_LIBRARY_SOURCE\pa3x\SUPER4X.3X ASLY2018.SET\SUPER4X.3X ASLY2018.SET\PCM\RAM55.PCM","2646678","DFA2BD63C406EE79BF4B38433507823A53456B5BE467AE1E6857DBEB1F8E5E7B","SUPER4X.3X ASLY2018.SET","MEDIUM_PCM","UNLINKED_PCM_HOLD_FOR_LATER","READ_ONLY_NO_BINARY_OUTPUT"
"RAM55.PCM","E:\UAOS_OPEN_LIBRARY_SOURCE\pa3x\rahm pa3x.SET\rahm pa3x.SET\PCM\RAM55.PCM","2680616","FA81D1DE3A0B38E6A8E284083C2D01F101516A17D48D87AABB0F810DBCC5CF2C","rahm pa3x.SET","MEDIUM_PCM","UNLINKED_PCM_HOLD_FOR_LATER","READ_ONLY_NO_BINARY_OUTPUT"
"RAM55.PCM","E:\UAOS_OPEN_LIBRARY_SOURCE\pa3x\RoTaNa(1) pa3x.SET\tareq pa3x.SET\PCM\RAM55.PCM","2586136","047BA3C6944E8B6CAC50E7C30FA0813ECE6558A3C767BDA94AE006A83846D794","RoTaNa(1) pa3x.SET","MEDIUM_PCM","UNLINKED_PCM_HOLD_FOR_LATER","READ_ONLY_NO_BINARY_OUTPUT"
"RAM55.PCM","E:\UAOS_OPEN_LIBRARY_SOURCE\pa3x\2020 pa1000 pa4x.SET\2020 pa1000 pa4x.SET\PCM\RAM55.PCM","2891467","BD066184DE7F0BDE68C60441F2A7B5E40CFEE1D045A597077BC9E5CC57A9CE43","2020 pa1000 pa4x.SET","MEDIUM_PCM","UNLINKED_PCM_HOLD_FOR_LATER","READ_ONLY_NO_BINARY_OUTPUT"
"RAM55.PCM","E:\UAOS_OPEN_LIBRARY_SOURCE\pa3x\LIVE CHARKI 3 2.SET\LIVE CHARKI 3 2.SET\PCM\RAM55.PCM","1419572","239B2B16D98EC6A51DEBE99ECB9048311EA99E642664FDB5A11CDAB13FF5F07C","LIVE CHARKI 3 2.SET","MEDIUM_PCM","UNLINKED_PCM_HOLD_FOR_LATER","READ_ONLY_NO_BINARY_OUTPUT"
"RAM55.PCM","E:\UAOS_OPEN_LIBRARY_SOURCE\pa3x\omar44.SET\omar44.SET\PCM\RAM55.PCM","4355292","296E7B051977AE8CD21B4CC15BC56A5CB72CE4AE440ECE9027F0BE74221F8F59","omar44.SET","MEDIUM_PCM","UNLINKED_PCM_HOLD_FOR_LATER","READ_ONLY_NO_BINARY_OUTPUT"
"RAM55.PCM","E:\UAOS_OPEN_LIBRARY_SOURCE\pa3x\3xxxxx.SET\3xxxxx.SET\PCM\RAM55.PCM","2805078","D8E6025111882593B974D59837F31D957C20F9FF9624B95AE10ED5CFDB8C13F9","3xxxxx.SET","MEDIUM_PCM","UNLINKED_PCM_HOLD_FOR_LATER","READ_ONLY_NO_BINARY_OUTPUT"
"RAM55.PCM","E:\UAOS_OPEN_LIBRARY_SOURCE\pa3x\a1111.SET\a1111.SET\PCM\RAM55.PCM","7129588","B9BE457A7CB5527E8BE75E7D17128BA01ED9E6CE2D28761EDEDC56EF37F1E8FE","a1111.SET","MEDIUM_PCM","UNLINKED_PCM_HOLD_FOR_LATER","READ_ONLY_NO_BINARY_OUTPUT"
"RAM55.PCM","E:\UAOS_OPEN_LIBRARY_SOURCE\pa3x\‏‏RoTaNa(1) pa3x.SET - نسخة\tareq pa3x.SET\PCM\RAM55.PCM","2586136","047BA3C6944E8B6CAC50E7C30FA0813ECE6558A3C767BDA94AE006A83846D794","tareq pa3x.SET","MEDIUM_PCM","UNLINKED_PCM_HOLD_FOR_LATER","READ_ONLY_NO_BINARY_OUTPUT"
"RAM56.PCM","E:\UAOS_OPEN_LIBRARY_SOURCE\pa3x\ROTANA. 2022.SET\ROTANA. 2022.SET\PCM\RAM56.PCM","5683364","97670EC5F3E8E81E161AFB05CEAC85A1FE116811827743652C56163DAD69C881","ROTANA. 2022.SET","MEDIUM_PCM","UNLINKED_PCM_HOLD_FOR_LATER","READ_ONLY_NO_BINARY_OUTPUT"
"RAM56.PCM","E:\UAOS_OPEN_LIBRARY_SOURCE\pa3x\rahm pa3x.SET\rahm pa3x.SET\PCM\RAM56.PCM","2119304","16EBB2FB8F683BC303E4A7849E8DB0FC15A974447E95EFB48CA0F78398175500","rahm pa3x.SET","MEDIUM_PCM","UNLINKED_PCM_HOLD_FOR_LATER","READ_ONLY_NO_BINARY_OUTPUT"
"RAM56.PCM","E:\UAOS_OPEN_LIBRARY_SOURCE\pa3x\‏‏RoTaNa(1) pa3x.SET - نسخة\tareq pa3x.SET\PCM\RAM56.PCM","2572221","B1C999B8F12414AD4AC0B09DCDE48E25A949A0819B1605B69D36C22CCB14BFC0","tareq pa3x.SET","MEDIUM_PCM","UNLINKED_PCM_HOLD_FOR_LATER","READ_ONLY_NO_BINARY_OUTPUT"
"RAM56.PCM","E:\UAOS_OPEN_LIBRARY_SOURCE\pa3x\RoTaNa(1) pa3x.SET\tareq pa3x.SET\PCM\RAM56.PCM","2572221","B1C999B8F12414AD4AC0B09DCDE48E25A949A0819B1605B69D36C22CCB14BFC0","RoTaNa(1) pa3x.SET","MEDIUM_PCM","UNLINKED_PCM_HOLD_FOR_LATER","READ_ONLY_NO_BINARY_OUTPUT"
"RAM56.PCM","E:\UAOS_OPEN_LIBRARY_SOURCE\pa3x\omar44.SET\omar44.SET\PCM\RAM56.PCM","4043009","D4D62AFB66CB395EDBF8D0F3B51CE598E207C1E8EC8C4736434A1487E72824DA","omar44.SET","MEDIUM_PCM","UNLINKED_PCM_HOLD_FOR_LATER","READ_ONLY_NO_BINARY_OUTPUT"
"RAM56.PCM","E:\UAOS_OPEN_LIBRARY_SOURCE\pa3x\LIVE CHARKI 3 2.SET\LIVE CHARKI 3 2.SET\PCM\RAM56.PCM","1252512","833C9D8AAC561DB675621ED7F60E0177DCDF197C57CA475154B934CD1029A75D","LIVE CHARKI 3 2.SET","MEDIUM_PCM","UNLINKED_PCM_HOLD_FOR_LATER","READ_ONLY_NO_BINARY_OUTPUT"
"RAM56.PCM","E:\UAOS_OPEN_LIBRARY_SOURCE\pa3x\a1111.SET\a1111.SET\PCM\RAM56.PCM","8229989","4565981F067D5FBDE18704E445C6F20541A94048FEE8BEC9CC24B50566AA2B6C","a1111.SET","MEDIUM_PCM","UNLINKED_PCM_HOLD_FOR_LATER","READ_ONLY_NO_BINARY_OUTPUT"
"RAM56.PCM","E:\UAOS_OPEN_LIBRARY_SOURCE\pa3x\ABOUD NEXT-MG.SET\ABOUD NEXT-MG.SET\PCM\RAM56.PCM","4291316","E09B7123C2191757D8A7F7CFCC33D93A8B68696B793612264173CB2FA4758193","ABOUD NEXT-MG.SET","MEDIUM_PCM","UNLINKED_PCM_HOLD_FOR_LATER","READ_ONLY_NO_BINARY_OUTPUT"
"RAM56.PCM","E:\UAOS_OPEN_LIBRARY_SOURCE\pa3x\SUPER4X.3X ASLY2018.SET\SUPER4X.3X ASLY2018.SET\PCM\RAM56.PCM","2671512","D6B5E25E836B85C9C9710701802750AAA93E227B377FBE9E5753BAC2AA62449F","SUPER4X.3X ASLY2018.SET","MEDIUM_PCM","UNLINKED_PCM_HOLD_FOR_LATER","READ_ONLY_NO_BINARY_OUTPUT"
"RAM56.PCM","E:\UAOS_OPEN_LIBRARY_SOURCE\pa3x\2020 pa1000 pa4x.SET\2020 pa1000 pa4x.SET\PCM\RAM56.PCM","3141331","3CB9D382FFEC6D33574F6D846EEBC287C44A82048E41322449A475F9F615B1F6","2020 pa1000 pa4x.SET","MEDIUM_PCM","UNLINKED_PCM_HOLD_FOR_LATER","READ_ONLY_NO_BINARY_OUTPUT"
"RAM56.PCM","E:\UAOS_OPEN_LIBRARY_SOURCE\pa3x\3xxxxx.SET\3xxxxx.SET\PCM\RAM56.PCM","2650115","339C35BB68A2A9CF0C38A10E7D42EA9C2CD79BAF8F62F11C2517D388AFA49BF4","3xxxxx.SET","MEDIUM_PCM","UNLINKED_PCM_HOLD_FOR_LATER","READ_ONLY_NO_BINARY_OUTPUT"
"RAM57.PCM","E:\UAOS_OPEN_LIBRARY_SOURCE\pa3x\RoTaNa(1) pa3x.SET\tareq pa3x.SET\PCM\RAM57.PCM","2607754","06A442BC9AE84DF5CAE2E4A1799C47715A038E01A98D4B842DAF75EA9F89C614","RoTaNa(1) pa3x.SET","MEDIUM_PCM","UNLINKED_PCM_HOLD_FOR_LATER","READ_ONLY_NO_BINARY_OUTPUT"
"RAM57.PCM","E:\UAOS_OPEN_LIBRARY_SOURCE\pa3x\ROTANA. 2022.SET\ROTANA. 2022.SET\PCM\RAM57.PCM","5194080","0169181BC1491668AEC42CD773BE95C587A773D19385ABF7E4F8EC1E3EFC626A","ROTANA. 2022.SET","MEDIUM_PCM","UNLINKED_PCM_HOLD_FOR_LATER","READ_ONLY_NO_BINARY_OUTPUT"
"RAM57.PCM","E:\UAOS_OPEN_LIBRARY_SOURCE\pa3x\SUPER4X.3X ASLY2018.SET\SUPER4X.3X ASLY2018.SET\PCM\RAM57.PCM","2639348","9AE70E90EFB1BAF362A508DA3543EA1C14BA65B36E8C7E721473D3BA02808A17","SUPER4X.3X ASLY2018.SET","MEDIUM_PCM","UNLINKED_PCM_HOLD_FOR_LATER","READ_ONLY_NO_BINARY_OUTPUT"
"RAM57.PCM","E:\UAOS_OPEN_LIBRARY_SOURCE\pa3x\3xxxxx.SET\3xxxxx.SET\PCM\RAM57.PCM","2686301","9980333F99C10215CA23DE2B59F3E91BA584E0A580DAA675E028C6AB378E167E","3xxxxx.SET","MEDIUM_PCM","UNLINKED_PCM_HOLD_FOR_LATER","READ_ONLY_NO_BINARY_OUTPUT"
"RAM57.PCM","E:\UAOS_OPEN_LIBRARY_SOURCE\pa3x\a1111.SET\a1111.SET\PCM\RAM57.PCM","6232211","CE921192E4606D71B1A75295A2A8AA9C8A7684F788DF396E0ED1E440D72BF763","a1111.SET","MEDIUM_PCM","UNLINKED_PCM_HOLD_FOR_LATER","READ_ONLY_NO_BINARY_OUTPUT"
"RAM57.PCM","E:\UAOS_OPEN_LIBRARY_SOURCE\pa3x\omar44.SET\omar44.SET\PCM\RAM57.PCM","4170962","0AA51A054E98BFF60089B5EA07BDC306970476C92C191667E53FDC6EE74182F8","omar44.SET","MEDIUM_PCM","UNLINKED_PCM_HOLD_FOR_LATER","READ_ONLY_NO_BINARY_OUTPUT"
"RAM57.PCM","E:\UAOS_OPEN_LIBRARY_SOURCE\pa3x\‏‏RoTaNa(1) pa3x.SET - نسخة\tareq pa3x.SET\PCM\RAM57.PCM","2607754","06A442BC9AE84DF5CAE2E4A1799C47715A038E01A98D4B842DAF75EA9F89C614","tareq pa3x.SET","MEDIUM_PCM","UNLINKED_PCM_HOLD_FOR_LATER","READ_ONLY_NO_BINARY_OUTPUT"
"RAM57.PCM","E:\UAOS_OPEN_LIBRARY_SOURCE\pa3x\rahm pa3x.SET\rahm pa3x.SET\PCM\RAM57.PCM","2588794","CF036EA90CACBE9DFEAFAC0C2AB0AADBBB7220CF82F34048DC48B8E263B06843","rahm pa3x.SET","MEDIUM_PCM","UNLINKED_PCM_HOLD_FOR_LATER","READ_ONLY_NO_BINARY_OUTPUT"
"RAM57.PCM","E:\UAOS_OPEN_LIBRARY_SOURCE\pa3x\2020 pa1000 pa4x.SET\2020 pa1000 pa4x.SET\PCM\RAM57.PCM","2923099","3AFA52FBA9DD5A35984F990F4D883C96985AAFE7CF437332608140143240A3A6","2020 pa1000 pa4x.SET","MEDIUM_PCM","UNLINKED_PCM_HOLD_FOR_LATER","READ_ONLY_NO_BINARY_OUTPUT"
"RAM57.PCM","E:\UAOS_OPEN_LIBRARY_SOURCE\pa3x\LIVE CHARKI 3 2.SET\LIVE CHARKI 3 2.SET\PCM\RAM57.PCM","1117612","7100AB04522388E5E291FD350892BF8F9A7BA09CD530250EECC921AD24AD155A","LIVE CHARKI 3 2.SET","MEDIUM_PCM","UNLINKED_PCM_HOLD_FOR_LATER","READ_ONLY_NO_BINARY_OUTPUT"
"RAM57.PCM","E:\UAOS_OPEN_LIBRARY_SOURCE\pa3x\ABOUD NEXT-MG.SET\ABOUD NEXT-MG.SET\PCM\RAM57.PCM","3528537","C22E20828EF2FC6FC90FEF537BAC6F9B6BF2FC81D63C4600F38260DFB35685F8","ABOUD NEXT-MG.SET","MEDIUM_PCM","UNLINKED_PCM_HOLD_FOR_LATER","READ_ONLY_NO_BINARY_OUTPUT"
"RAM58.PCM","E:\UAOS_OPEN_LIBRARY_SOURCE\pa3x\rahm pa3x.SET\rahm pa3x.SET\PCM\RAM58.PCM","2200412","4359D2E8A654927C1A402C54594E3C7B2DB5701CF5E570CBDAA9FB7720516982","rahm pa3x.SET","MEDIUM_PCM","UNLINKED_PCM_HOLD_FOR_LATER","READ_ONLY_NO_BINARY_OUTPUT"
"RAM58.PCM","E:\UAOS_OPEN_LIBRARY_SOURCE\pa3x\a1111.SET\a1111.SET\PCM\RAM58.PCM","7728899","C094A394A02FE24E495AC26028A6F8BF081A49305343951996B76D4DF691178B","a1111.SET","MEDIUM_PCM","UNLINKED_PCM_HOLD_FOR_LATER","READ_ONLY_NO_BINARY_OUTPUT"
"RAM58.PCM","E:\UAOS_OPEN_LIBRARY_SOURCE\pa3x\‏‏RoTaNa(1) pa3x.SET - نسخة\tareq pa3x.SET\PCM\RAM58.PCM","2581648","7A3BF1EE8C270E15052AA3A29ABF2EB4A95B7F25F4C941839C4AA8A0B6FF6700","tareq pa3x.SET","MEDIUM_PCM","UNLINKED_PCM_HOLD_FOR_LATER","READ_ONLY_NO_BINARY_OUTPUT"
"RAM58.PCM","E:\UAOS_OPEN_LIBRARY_SOURCE\pa3x\ROTANA. 2022.SET\ROTANA. 2022.SET\PCM\RAM58.PCM","6124230","144EC47BF5DDF10138E2F704E46A4EFE0AF94B9BAA0324182CC4123B88106304","ROTANA. 2022.SET","MEDIUM_PCM","UNLINKED_PCM_HOLD_FOR_LATER","READ_ONLY_NO_BINARY_OUTPUT"
"RAM58.PCM","E:\UAOS_OPEN_LIBRARY_SOURCE\pa3x\ABOUD NEXT-MG.SET\ABOUD NEXT-MG.SET\PCM\RAM58.PCM","5408429","AD8C35E8CC30836A06407C31C29F59449F607A1F81FE2BA6FDA2A4C6B4B9547C","ABOUD NEXT-MG.SET","MEDIUM_PCM","UNLINKED_PCM_HOLD_FOR_LATER","READ_ONLY_NO_BINARY_OUTPUT"
"RAM58.PCM","E:\UAOS_OPEN_LIBRARY_SOURCE\pa3x\omar44.SET\omar44.SET\PCM\RAM58.PCM","4351784","9D1C2DC4B74FC78B5067710FA570A215EB5ED3ADE2E8949861FB9782FB9F3BBC","omar44.SET","MEDIUM_PCM","UNLINKED_PCM_HOLD_FOR_LATER","READ_ONLY_NO_BINARY_OUTPUT"
"RAM58.PCM","E:\UAOS_OPEN_LIBRARY_SOURCE\pa3x\LIVE CHARKI 3 2.SET\LIVE CHARKI 3 2.SET\PCM\RAM58.PCM","1594489","BDC585EB60D8A19AC8375D72D85F2E40BE1C79595345D80ABCAE9E02C6B4DBEC","LIVE CHARKI 3 2.SET","MEDIUM_PCM","UNLINKED_PCM_HOLD_FOR_LATER","READ_ONLY_NO_BINARY_OUTPUT"
"RAM58.PCM","E:\UAOS_OPEN_LIBRARY_SOURCE\pa3x\RoTaNa(1) pa3x.SET\tareq pa3x.SET\PCM\RAM58.PCM","2581648","7A3BF1EE8C270E15052AA3A29ABF2EB4A95B7F25F4C941839C4AA8A0B6FF6700","RoTaNa(1) pa3x.SET","MEDIUM_PCM","UNLINKED_PCM_HOLD_FOR_LATER","READ_ONLY_NO_BINARY_OUTPUT"
"RAM58.PCM","E:\UAOS_OPEN_LIBRARY_SOURCE\pa3x\SUPER4X.3X ASLY2018.SET\SUPER4X.3X ASLY2018.SET\PCM\RAM58.PCM","2683154","8D19E410672A591FBB31D585B2369715B65F8C5D24BF044DBFD5A524A85CCD1F","SUPER4X.3X ASLY2018.SET","MEDIUM_PCM","UNLINKED_PCM_HOLD_FOR_LATER","READ_ONLY_NO_BINARY_OUTPUT"
"RAM58.PCM","E:\UAOS_OPEN_LIBRARY_SOURCE\pa3x\2020 pa1000 pa4x.SET\2020 pa1000 pa4x.SET\PCM\RAM58.PCM","2883942","A08CCE1C4EBD13C438ACC71CBE50B7BF9B6A8B086D89EA36B670D4A5F1E8E525","2020 pa1000 pa4x.SET","MEDIUM_PCM","UNLINKED_PCM_HOLD_FOR_LATER","READ_ONLY_NO_BINARY_OUTPUT"
"RAM58.PCM","E:\UAOS_OPEN_LIBRARY_SOURCE\pa3x\3xxxxx.SET\3xxxxx.SET\PCM\RAM58.PCM","2830773","DDC403334242195032F341AE258659FA202C91CF2F8449D25633EBB4B5AD8CCA","3xxxxx.SET","MEDIUM_PCM","UNLINKED_PCM_HOLD_FOR_LATER","READ_ONLY_NO_BINARY_OUTPUT"
"RAM59.PCM","E:\UAOS_OPEN_LIBRARY_SOURCE\pa3x\RoTaNa(1) pa3x.SET\tareq pa3x.SET\PCM\RAM59.PCM","2579580","843A4E2BF4A4FCA2BD4E15E41062A7C768A560D5E2709BB1F9E61DF4930C3042","RoTaNa(1) pa3x.SET","MEDIUM_PCM","UNLINKED_PCM_HOLD_FOR_LATER","READ_ONLY_NO_BINARY_OUTPUT"
"RAM59.PCM","E:\UAOS_OPEN_LIBRARY_SOURCE\pa3x\LIVE CHARKI 3 2.SET\LIVE CHARKI 3 2.SET\PCM\RAM59.PCM","1261697","3B7F9BC46FCA9312FB6F49F24819147EA405948FA662F243F1FEF04DF8A33171","LIVE CHARKI 3 2.SET","MEDIUM_PCM","UNLINKED_PCM_HOLD_FOR_LATER","READ_ONLY_NO_BINARY_OUTPUT"
"RAM59.PCM","E:\UAOS_OPEN_LIBRARY_SOURCE\pa3x\2020 pa1000 pa4x.SET\2020 pa1000 pa4x.SET\PCM\RAM59.PCM","2893099","3114774E1A66658BD1BE22E925090317B8181A0B2AABBBBC78938CA5F834C81D","2020 pa1000 pa4x.SET","MEDIUM_PCM","UNLINKED_PCM_HOLD_FOR_LATER","READ_ONLY_NO_BINARY_OUTPUT"
"RAM59.PCM","E:\UAOS_OPEN_LIBRARY_SOURCE\pa3x\‏‏RoTaNa(1) pa3x.SET - نسخة\tareq pa3x.SET\PCM\RAM59.PCM","2579580","843A4E2BF4A4FCA2BD4E15E41062A7C768A560D5E2709BB1F9E61DF4930C3042","tareq pa3x.SET","MEDIUM_PCM","UNLINKED_PCM_HOLD_FOR_LATER","READ_ONLY_NO_BINARY_OUTPUT"
"RAM59.PCM","E:\UAOS_OPEN_LIBRARY_SOURCE\pa3x\ABOUD NEXT-MG.SET\ABOUD NEXT-MG.SET\PCM\RAM59.PCM","5058994","E8508DE25019348A11D55A31D8199E6638837ACAA8FD54B6338E9DF9A2EB50DF","ABOUD NEXT-MG.SET","MEDIUM_PCM","UNLINKED_PCM_HOLD_FOR_LATER","READ_ONLY_NO_BINARY_OUTPUT"
"RAM59.PCM","E:\UAOS_OPEN_LIBRARY_SOURCE\pa3x\ROTANA. 2022.SET\ROTANA. 2022.SET\PCM\RAM59.PCM","5665658","CA74FCE8A27F67555241C3A4D08DC1F005B232BBE7DF66461DDC2E6B17ADCAAB","ROTANA. 2022.SET","MEDIUM_PCM","UNLINKED_PCM_HOLD_FOR_LATER","READ_ONLY_NO_BINARY_OUTPUT"
"RAM59.PCM","E:\UAOS_OPEN_LIBRARY_SOURCE\pa3x\SUPER4X.3X ASLY2018.SET\SUPER4X.3X ASLY2018.SET\PCM\RAM59.PCM","2850994","A843948062F842ECE319D6782FC86825D9393FE3A4E2F119CAFE416C1154B71F","SUPER4X.3X ASLY2018.SET","MEDIUM_PCM","UNLINKED_PCM_HOLD_FOR_LATER","READ_ONLY_NO_BINARY_OUTPUT"
"RAM59.PCM","E:\UAOS_OPEN_LIBRARY_SOURCE\pa3x\omar44.SET\omar44.SET\PCM\RAM59.PCM","4286889","4DB5C4A4F96C04C9732D4BE285413C068DA1B214F2B20AEDCF2B130B05540B5D","omar44.SET","MEDIUM_PCM","UNLINKED_PCM_HOLD_FOR_LATER","READ_ONLY_NO_BINARY_OUTPUT"
"RAM59.PCM","E:\UAOS_OPEN_LIBRARY_SOURCE\pa3x\3xxxxx.SET\3xxxxx.SET\PCM\RAM59.PCM","2678565","44D8A86A7AB99CA004805E601429BB54D663D6C96077FDB62E79A92BBFEBF6EA","3xxxxx.SET","MEDIUM_PCM","UNLINKED_PCM_HOLD_FOR_LATER","READ_ONLY_NO_BINARY_OUTPUT"
"RAM59.PCM","E:\UAOS_OPEN_LIBRARY_SOURCE\pa3x\a1111.SET\a1111.SET\PCM\RAM59.PCM","4882428","151D2383D4AF0BBEFBB38CC023E73F16DE8C61AD544B92AC5F34B1CE27BF35BB","a1111.SET","MEDIUM_PCM","UNLINKED_PCM_HOLD_FOR_LATER","READ_ONLY_NO_BINARY_OUTPUT"
"RAM59.PCM","E:\UAOS_OPEN_LIBRARY_SOURCE\pa3x\rahm pa3x.SET\rahm pa3x.SET\PCM\RAM59.PCM","2235785","C840C64CC9FAC4F0BE4C51A50DF6F2E0146D6BAC4EE1C70C3A2E564F7FA9C95D","rahm pa3x.SET","MEDIUM_PCM","UNLINKED_PCM_HOLD_FOR_LATER","READ_ONLY_NO_BINARY_OUTPUT"
"RAM60.PCM","E:\UAOS_OPEN_LIBRARY_SOURCE\pa3x\rahm pa3x.SET\rahm pa3x.SET\PCM\RAM60.PCM","3076590","D4D8BF3CCE2F9BD17006E493E366ACA53FB7BE78771EA865E81625A6EA7BE8EA","rahm pa3x.SET","MEDIUM_PCM","UNLINKED_PCM_HOLD_FOR_LATER","READ_ONLY_NO_BINARY_OUTPUT"
"RAM60.PCM","E:\UAOS_OPEN_LIBRARY_SOURCE\pa3x\ABOUD NEXT-MG.SET\ABOUD NEXT-MG.SET\PCM\RAM60.PCM","4662523","48ADA0EE4684B506D7A70C8DFAFC8637B927B3A64C514E217AA8458225E00DD4","ABOUD NEXT-MG.SET","MEDIUM_PCM","UNLINKED_PCM_HOLD_FOR_LATER","READ_ONLY_NO_BINARY_OUTPUT"
"RAM60.PCM","E:\UAOS_OPEN_LIBRARY_SOURCE\pa3x\LIVE CHARKI 3 2.SET\LIVE CHARKI 3 2.SET\PCM\RAM60.PCM","1584936","40A313B3E005954F1F2D43F3E1A702EB58DA26F2118E33838BD94CFD0A8B1ABC","LIVE CHARKI 3 2.SET","MEDIUM_PCM","UNLINKED_PCM_HOLD_FOR_LATER","READ_ONLY_NO_BINARY_OUTPUT"
"RAM60.PCM","E:\UAOS_OPEN_LIBRARY_SOURCE\pa3x\3xxxxx.SET\3xxxxx.SET\PCM\RAM60.PCM","2638382","6AAEB976F83FB77164BDA10BAD4540A0B85278B4CB380E45C22F82BA3F3BE65D","3xxxxx.SET","MEDIUM_PCM","UNLINKED_PCM_HOLD_FOR_LATER","READ_ONLY_NO_BINARY_OUTPUT"
"RAM60.PCM","E:\UAOS_OPEN_LIBRARY_SOURCE\pa3x\SUPER4X.3X ASLY2018.SET\SUPER4X.3X ASLY2018.SET\PCM\RAM60.PCM","3506460","47DE67D7AA1B818236E9483173A8E15BDD330B34C777C49C577456CCC933D7F4","SUPER4X.3X ASLY2018.SET","MEDIUM_PCM","UNLINKED_PCM_HOLD_FOR_LATER","READ_ONLY_NO_BINARY_OUTPUT"
"RAM60.PCM","E:\UAOS_OPEN_LIBRARY_SOURCE\pa3x\a1111.SET\a1111.SET\PCM\RAM60.PCM","6687810","DE94AC13653F199B0E7B31454B5414A48EFF4D52441EB2BA8E6F786A47ED393C","a1111.SET","MEDIUM_PCM","UNLINKED_PCM_HOLD_FOR_LATER","READ_ONLY_NO_BINARY_OUTPUT"
"RAM60.PCM","E:\UAOS_OPEN_LIBRARY_SOURCE\pa3x\omar44.SET\omar44.SET\PCM\RAM60.PCM","4264168","0D868E7F525A032DEA8834998F81F799EB67543670A01EF80A76ED7FC4B1C0E4","omar44.SET","MEDIUM_PCM","UNLINKED_PCM_HOLD_FOR_LATER","READ_ONLY_NO_BINARY_OUTPUT"
"RAM60.PCM","E:\UAOS_OPEN_LIBRARY_SOURCE\pa3x\ROTANA. 2022.SET\ROTANA. 2022.SET\PCM\RAM60.PCM","3973304","24F03DFD45FFB0A78985A1C431EE79C90CFA4FF9402C2A40D506B48539888767","ROTANA. 2022.SET","MEDIUM_PCM","UNLINKED_PCM_HOLD_FOR_LATER","READ_ONLY_NO_BINARY_OUTPUT"
"RAM60.PCM","E:\UAOS_OPEN_LIBRARY_SOURCE\pa3x\RoTaNa(1) pa3x.SET\tareq pa3x.SET\PCM\RAM60.PCM","2582532","130556C8E4DA6C7647F2562FBFA43D6251B2FE8DF3A8786D74279A8E1FA8ADAA","RoTaNa(1) pa3x.SET","MEDIUM_PCM","UNLINKED_PCM_HOLD_FOR_LATER","READ_ONLY_NO_BINARY_OUTPUT"
"RAM60.PCM","E:\UAOS_OPEN_LIBRARY_SOURCE\pa3x\2020 pa1000 pa4x.SET\2020 pa1000 pa4x.SET\PCM\RAM60.PCM","2910096","1BCDFAC6C1CC8B7E29AA6B4D06B7104FF830E2EEC9561B25521CF08EF54EA096","2020 pa1000 pa4x.SET","MEDIUM_PCM","UNLINKED_PCM_HOLD_FOR_LATER","READ_ONLY_NO_BINARY_OUTPUT"
"RAM60.PCM","E:\UAOS_OPEN_LIBRARY_SOURCE\pa3x\‏‏RoTaNa(1) pa3x.SET - نسخة\tareq pa3x.SET\PCM\RAM60.PCM","2582532","130556C8E4DA6C7647F2562FBFA43D6251B2FE8DF3A8786D74279A8E1FA8ADAA","tareq pa3x.SET","MEDIUM_PCM","UNLINKED_PCM_HOLD_FOR_LATER","READ_ONLY_NO_BINARY_OUTPUT"
"RAM61.PCM","E:\UAOS_OPEN_LIBRARY_SOURCE\pa3x\2020 pa1000 pa4x.SET\2020 pa1000 pa4x.SET\PCM\RAM61.PCM","2920896","B75E7B35917541519CAB8337B1AAB24E2A04409B0AA244D8B560B5307ABA9CD6","2020 pa1000 pa4x.SET","MEDIUM_PCM","UNLINKED_PCM_HOLD_FOR_LATER","READ_ONLY_NO_BINARY_OUTPUT"
"RAM61.PCM","E:\UAOS_OPEN_LIBRARY_SOURCE\pa3x\LIVE CHARKI 3 2.SET\LIVE CHARKI 3 2.SET\PCM\RAM61.PCM","1256156","708BD0AE573B2A107CAE620378FEBABE0476B7CB26F5CBB756CF70B52DF6C811","LIVE CHARKI 3 2.SET","MEDIUM_PCM","UNLINKED_PCM_HOLD_FOR_LATER","READ_ONLY_NO_BINARY_OUTPUT"
"RAM61.PCM","E:\UAOS_OPEN_LIBRARY_SOURCE\pa3x\RoTaNa(1) pa3x.SET\tareq pa3x.SET\PCM\RAM61.PCM","2583032","9825D1089F22A16D08A8FB43AA455F1065A434DCE49D1827BB4B0F7581930EF3","RoTaNa(1) pa3x.SET","MEDIUM_PCM","UNLINKED_PCM_HOLD_FOR_LATER","READ_ONLY_NO_BINARY_OUTPUT"
"RAM61.PCM","E:\UAOS_OPEN_LIBRARY_SOURCE\pa3x\3xxxxx.SET\3xxxxx.SET\PCM\RAM61.PCM","2591614","8CBBDA07273E465BE780C3C9AA001890A0994DC70026339038E06B89997C3527","3xxxxx.SET","MEDIUM_PCM","UNLINKED_PCM_HOLD_FOR_LATER","READ_ONLY_NO_BINARY_OUTPUT"
"RAM61.PCM","E:\UAOS_OPEN_LIBRARY_SOURCE\pa3x\ROTANA. 2022.SET\ROTANA. 2022.SET\PCM\RAM61.PCM","4134750","D7DCFC7F80087C5488FAFF463BFE71BBB2CA726F4FC9D919062FC0437A6F2719","ROTANA. 2022.SET","MEDIUM_PCM","UNLINKED_PCM_HOLD_FOR_LATER","READ_ONLY_NO_BINARY_OUTPUT"
"RAM61.PCM","E:\UAOS_OPEN_LIBRARY_SOURCE\pa3x\ABOUD NEXT-MG.SET\ABOUD NEXT-MG.SET\PCM\RAM61.PCM","4172237","DD2825A59F5793AE8B4093CA9323796E0E409602718593FA913E6DBE6D44CE79","ABOUD NEXT-MG.SET","MEDIUM_PCM","UNLINKED_PCM_HOLD_FOR_LATER","READ_ONLY_NO_BINARY_OUTPUT"
"RAM61.PCM","E:\UAOS_OPEN_LIBRARY_SOURCE\pa3x\omar44.SET\omar44.SET\PCM\RAM61.PCM","4279581","FD5709E8F0059D2F66488E6C669FA7E0E303EC43874082D837EBA48EEA470DAD","omar44.SET","MEDIUM_PCM","UNLINKED_PCM_HOLD_FOR_LATER","READ_ONLY_NO_BINARY_OUTPUT"
"RAM61.PCM","E:\UAOS_OPEN_LIBRARY_SOURCE\pa3x\‏‏RoTaNa(1) pa3x.SET - نسخة\tareq pa3x.SET\PCM\RAM61.PCM","2583032","9825D1089F22A16D08A8FB43AA455F1065A434DCE49D1827BB4B0F7581930EF3","tareq pa3x.SET","MEDIUM_PCM","UNLINKED_PCM_HOLD_FOR_LATER","READ_ONLY_NO_BINARY_OUTPUT"
"RAM61.PCM","E:\UAOS_OPEN_LIBRARY_SOURCE\pa3x\SUPER4X.3X ASLY2018.SET\SUPER4X.3X ASLY2018.SET\PCM\RAM61.PCM","2940706","238D9BAE5B2CF4B1BD463AACEFAC111D56AF88A85B1752AB27C5654BCB54AD81","SUPER4X.3X ASLY2018.SET","MEDIUM_PCM","UNLINKED_PCM_HOLD_FOR_LATER","READ_ONLY_NO_BINARY_OUTPUT"
"RAM61.PCM","E:\UAOS_OPEN_LIBRARY_SOURCE\pa3x\rahm pa3x.SET\rahm pa3x.SET\PCM\RAM61.PCM","2573348","FCEC8E8160DD7848993818FF17304BA9CEAD30C77B31346294DB7165226BDBA6","rahm pa3x.SET","MEDIUM_PCM","UNLINKED_PCM_HOLD_FOR_LATER","READ_ONLY_NO_BINARY_OUTPUT"
"RAM61.PCM","E:\UAOS_OPEN_LIBRARY_SOURCE\pa3x\a1111.SET\a1111.SET\PCM\RAM61.PCM","6778742","4CA2887F45C943643D9D230A735012DA37D71F29123DBC83D0BB56B6A8D18641","a1111.SET","MEDIUM_PCM","UNLINKED_PCM_HOLD_FOR_LATER","READ_ONLY_NO_BINARY_OUTPUT"
"RAM62.PCM","E:\UAOS_OPEN_LIBRARY_SOURCE\pa3x\‏‏RoTaNa(1) pa3x.SET - نسخة\tareq pa3x.SET\PCM\RAM62.PCM","2571578","C0DA7D9F473F83F1B30A4C6F69FE4A2B6A44134E17317266BAD38F29C88A9FB8","tareq pa3x.SET","MEDIUM_PCM","UNLINKED_PCM_HOLD_FOR_LATER","READ_ONLY_NO_BINARY_OUTPUT"
"RAM62.PCM","E:\UAOS_OPEN_LIBRARY_SOURCE\pa3x\omar44.SET\omar44.SET\PCM\RAM62.PCM","4360514","834F148AD77845F7FDC66638502853A992B10D8760C6286206D8ECB2DEA8A6DD","omar44.SET","MEDIUM_PCM","UNLINKED_PCM_HOLD_FOR_LATER","READ_ONLY_NO_BINARY_OUTPUT"
"RAM62.PCM","E:\UAOS_OPEN_LIBRARY_SOURCE\pa3x\rahm pa3x.SET\rahm pa3x.SET\PCM\RAM62.PCM","2123898","24DFA82AC3F8823614E3E0289749BC91B2D3DCEF852CCF72766DD2A3F2773EF7","rahm pa3x.SET","MEDIUM_PCM","UNLINKED_PCM_HOLD_FOR_LATER","READ_ONLY_NO_BINARY_OUTPUT"
"RAM62.PCM","E:\UAOS_OPEN_LIBRARY_SOURCE\pa3x\a1111.SET\a1111.SET\PCM\RAM62.PCM","6681783","00EEFD1765F8FBA34A07856C708EE6DA1F4D51169D5DA5BCA01E5D13D4FA68E9","a1111.SET","MEDIUM_PCM","UNLINKED_PCM_HOLD_FOR_LATER","READ_ONLY_NO_BINARY_OUTPUT"
"RAM62.PCM","E:\UAOS_OPEN_LIBRARY_SOURCE\pa3x\RoTaNa(1) pa3x.SET\tareq pa3x.SET\PCM\RAM62.PCM","2571578","C0DA7D9F473F83F1B30A4C6F69FE4A2B6A44134E17317266BAD38F29C88A9FB8","RoTaNa(1) pa3x.SET","MEDIUM_PCM","UNLINKED_PCM_HOLD_FOR_LATER","READ_ONLY_NO_BINARY_OUTPUT"
"RAM62.PCM","E:\UAOS_OPEN_LIBRARY_SOURCE\pa3x\LIVE CHARKI 3 2.SET\LIVE CHARKI 3 2.SET\PCM\RAM62.PCM","1114941","C442C7B02F58E7DF334CF0A1D5A265D5D6536DE5E760C2CBBACC96681A599346","LIVE CHARKI 3 2.SET","MEDIUM_PCM","UNLINKED_PCM_HOLD_FOR_LATER","READ_ONLY_NO_BINARY_OUTPUT"
"RAM62.PCM","E:\UAOS_OPEN_LIBRARY_SOURCE\pa3x\3xxxxx.SET\3xxxxx.SET\PCM\RAM62.PCM","2563164","532FD4214184FAD8F6C180283F68B6436E2BB1B122B1F2704D322A305D812DE0","3xxxxx.SET","MEDIUM_PCM","UNLINKED_PCM_HOLD_FOR_LATER","READ_ONLY_NO_BINARY_OUTPUT"
"RAM62.PCM","E:\UAOS_OPEN_LIBRARY_SOURCE\pa3x\ABOUD NEXT-MG.SET\ABOUD NEXT-MG.SET\PCM\RAM62.PCM","4117995","DFE321FCF6F1D1C3CE7DFE7EC721991F63512FF21D89E62355F47604BA396E22","ABOUD NEXT-MG.SET","MEDIUM_PCM","UNLINKED_PCM_HOLD_FOR_LATER","READ_ONLY_NO_BINARY_OUTPUT"
"RAM62.PCM","E:\UAOS_OPEN_LIBRARY_SOURCE\pa3x\ROTANA. 2022.SET\ROTANA. 2022.SET\PCM\RAM62.PCM","4461213","4B7F1CC4E731EA9D925096559BFDF132AAFDE2564A1966725DF0E3CE115C08AE","ROTANA. 2022.SET","MEDIUM_PCM","UNLINKED_PCM_HOLD_FOR_LATER","READ_ONLY_NO_BINARY_OUTPUT"
"RAM62.PCM","E:\UAOS_OPEN_LIBRARY_SOURCE\pa3x\2020 pa1000 pa4x.SET\2020 pa1000 pa4x.SET\PCM\RAM62.PCM","3003187","130E246894668A16102441D2F10119F07D1B8A9477A0E3AD0B02A3ACE315910C","2020 pa1000 pa4x.SET","MEDIUM_PCM","UNLINKED_PCM_HOLD_FOR_LATER","READ_ONLY_NO_BINARY_OUTPUT"
"RAM62.PCM","E:\UAOS_OPEN_LIBRARY_SOURCE\pa3x\SUPER4X.3X ASLY2018.SET\SUPER4X.3X ASLY2018.SET\PCM\RAM62.PCM","2850140","5D28339FC2027AC3C8E049F98AC3B5944BECDDDCE5842239B3697918368BEB0F","SUPER4X.3X ASLY2018.SET","MEDIUM_PCM","UNLINKED_PCM_HOLD_FOR_LATER","READ_ONLY_NO_BINARY_OUTPUT"
"RAM69.PCM","E:\UAOS_OPEN_LIBRARY_SOURCE\pa3x\ABOUD NEXT-MG.SET\ABOUD NEXT-MG.SET\PCM\RAM69.PCM","5139073","229076E6D0238804C8FEC23A52913C600E46C41D653D55807FB66902DC7C0F70","ABOUD NEXT-MG.SET","MEDIUM_PCM","UNLINKED_PCM_HOLD_FOR_LATER","READ_ONLY_NO_BINARY_OUTPUT"
"RAM69.PCM","E:\UAOS_OPEN_LIBRARY_SOURCE\pa3x\LIVE CHARKI 3 2.SET\LIVE CHARKI 3 2.SET\PCM\RAM69.PCM","1378721","1F046748413DF05D963FA22A052D6A174D2864A2628DE51164B0FB1B16F031B5","LIVE CHARKI 3 2.SET","MEDIUM_PCM","UNLINKED_PCM_HOLD_FOR_LATER","READ_ONLY_NO_BINARY_OUTPUT"
"RAM69.PCM","E:\UAOS_OPEN_LIBRARY_SOURCE\pa3x\omar44.SET\omar44.SET\PCM\RAM69.PCM","4258321","F0370ECC40AE6E66EDBEED29B6FEF9A0D306C8580792CA8D4C8973C61139CB0C","omar44.SET","MEDIUM_PCM","UNLINKED_PCM_HOLD_FOR_LATER","READ_ONLY_NO_BINARY_OUTPUT"
"RAM69.PCM","E:\UAOS_OPEN_LIBRARY_SOURCE\pa3x\‏‏RoTaNa(1) pa3x.SET - نسخة\tareq pa3x.SET\PCM\RAM69.PCM","2574791","CD7BEDCE946C32DB54B78225FE846A92B6C20357BB04036CDE9A8A90DE4C47A4","tareq pa3x.SET","MEDIUM_PCM","UNLINKED_PCM_HOLD_FOR_LATER","READ_ONLY_NO_BINARY_OUTPUT"
"RAM69.PCM","E:\UAOS_OPEN_LIBRARY_SOURCE\pa3x\3xxxxx.SET\3xxxxx.SET\PCM\RAM69.PCM","2698505","6AE22A5A5E03CD8D7568915FC4A40824FC7FCF6A22425CD3DFF7CA2423C7BAA4","3xxxxx.SET","MEDIUM_PCM","UNLINKED_PCM_HOLD_FOR_LATER","READ_ONLY_NO_BINARY_OUTPUT"
"RAM69.PCM","E:\UAOS_OPEN_LIBRARY_SOURCE\pa3x\ROTANA. 2022.SET\ROTANA. 2022.SET\PCM\RAM69.PCM","6342910","39930B386E801238A3B665CE03FF889E3C6407E7308D278312A314CF24DBED86","ROTANA. 2022.SET","MEDIUM_PCM","UNLINKED_PCM_HOLD_FOR_LATER","READ_ONLY_NO_BINARY_OUTPUT"
"RAM69.PCM","E:\UAOS_OPEN_LIBRARY_SOURCE\pa3x\SUPER4X.3X ASLY2018.SET\SUPER4X.3X ASLY2018.SET\PCM\RAM69.PCM","2680249","6BEF4B8BB79670EC467574688D92A833F6ACCC9EC6679EA589CE5B14FC4064C0","SUPER4X.3X ASLY2018.SET","MEDIUM_PCM","UNLINKED_PCM_HOLD_FOR_LATER","READ_ONLY_NO_BINARY_OUTPUT"
"RAM69.PCM","E:\UAOS_OPEN_LIBRARY_SOURCE\pa3x\2020 pa1000 pa4x.SET\2020 pa1000 pa4x.SET\PCM\RAM69.PCM","2915102","8EA23390220C6CDB2A493CBEB4131A5FC496EC1748625620C9569BCBC2F3CDCD","2020 pa1000 pa4x.SET","MEDIUM_PCM","UNLINKED_PCM_HOLD_FOR_LATER","READ_ONLY_NO_BINARY_OUTPUT"
"RAM69.PCM","E:\UAOS_OPEN_LIBRARY_SOURCE\pa3x\RoTaNa(1) pa3x.SET\tareq pa3x.SET\PCM\RAM69.PCM","2574791","CD7BEDCE946C32DB54B78225FE846A92B6C20357BB04036CDE9A8A90DE4C47A4","RoTaNa(1) pa3x.SET","MEDIUM_PCM","UNLINKED_PCM_HOLD_FOR_LATER","READ_ONLY_NO_BINARY_OUTPUT"
"RAM69.PCM","E:\UAOS_OPEN_LIBRARY_SOURCE\pa3x\rahm pa3x.SET\rahm pa3x.SET\PCM\RAM69.PCM","2109053","952F66ED3BC5C70E83B1D5F35541ECDDC2E63F3BD3E35107ED1CAE45629A7BD7","rahm pa3x.SET","MEDIUM_PCM","UNLINKED_PCM_HOLD_FOR_LATER","READ_ONLY_NO_BINARY_OUTPUT"
"RAM69.PCM","E:\UAOS_OPEN_LIBRARY_SOURCE\pa3x\a1111.SET\a1111.SET\PCM\RAM69.PCM","6729254","A3FDF54B6255900877ED23DE50209DFB703187F381515A98FC93325A71A9B624","a1111.SET","MEDIUM_PCM","UNLINKED_PCM_HOLD_FOR_LATER","READ_ONLY_NO_BINARY_OUTPUT"
"RAM70.PCM","E:\UAOS_OPEN_LIBRARY_SOURCE\pa3x\SUPER4X.3X ASLY2018.SET\SUPER4X.3X ASLY2018.SET\PCM\RAM70.PCM","2633934","F62350653920F9141B892B14228C381EDFAD36FF9A63570EC91153FEB3FCC4C4","SUPER4X.3X ASLY2018.SET","MEDIUM_PCM","UNLINKED_PCM_HOLD_FOR_LATER","READ_ONLY_NO_BINARY_OUTPUT"
"RAM70.PCM","E:\UAOS_OPEN_LIBRARY_SOURCE\pa3x\‏‏RoTaNa(1) pa3x.SET - نسخة\tareq pa3x.SET\PCM\RAM70.PCM","2572704","6C5CF0655AC27795F3E85800B251217457A1788D6F932AEA7A43CFFE10D37DEC","tareq pa3x.SET","MEDIUM_PCM","UNLINKED_PCM_HOLD_FOR_LATER","READ_ONLY_NO_BINARY_OUTPUT"
"RAM70.PCM","E:\UAOS_OPEN_LIBRARY_SOURCE\pa3x\ROTANA. 2022.SET\ROTANA. 2022.SET\PCM\RAM70.PCM","5413538","46145E0922618411E94A537B9B0BDCCF8F30C1C4593FCCBC1C97B79994EC9660","ROTANA. 2022.SET","MEDIUM_PCM","UNLINKED_PCM_HOLD_FOR_LATER","READ_ONLY_NO_BINARY_OUTPUT"
"RAM70.PCM","E:\UAOS_OPEN_LIBRARY_SOURCE\pa3x\3xxxxx.SET\3xxxxx.SET\PCM\RAM70.PCM","2700720","91DF7D011BC44B69E198A5771E61005033E7883984765970A6E644582B95F0AC","3xxxxx.SET","MEDIUM_PCM","UNLINKED_PCM_HOLD_FOR_LATER","READ_ONLY_NO_BINARY_OUTPUT"
"RAM70.PCM","E:\UAOS_OPEN_LIBRARY_SOURCE\pa3x\a1111.SET\a1111.SET\PCM\RAM70.PCM","6432770","B2A333B873B1A8DCFFF76772F0B17A4E03465BFCD50ECD99DCEBA8A159271934","a1111.SET","MEDIUM_PCM","UNLINKED_PCM_HOLD_FOR_LATER","READ_ONLY_NO_BINARY_OUTPUT"
"RAM70.PCM","E:\UAOS_OPEN_LIBRARY_SOURCE\pa3x\omar44.SET\omar44.SET\PCM\RAM70.PCM","4356166","DB19DF7C6F3B14A937212D244D191A457217AFCBF457012B64977E151DF2E147","omar44.SET","MEDIUM_PCM","UNLINKED_PCM_HOLD_FOR_LATER","READ_ONLY_NO_BINARY_OUTPUT"
"RAM70.PCM","E:\UAOS_OPEN_LIBRARY_SOURCE\pa3x\ABOUD NEXT-MG.SET\ABOUD NEXT-MG.SET\PCM\RAM70.PCM","4036487","B5CDECF652B94E1024B2523C911C16250FC0AEEA765581C0E2A23B9114C8ACFE","ABOUD NEXT-MG.SET","MEDIUM_PCM","UNLINKED_PCM_HOLD_FOR_LATER","READ_ONLY_NO_BINARY_OUTPUT"
"RAM70.PCM","E:\UAOS_OPEN_LIBRARY_SOURCE\pa3x\LIVE CHARKI 3 2.SET\LIVE CHARKI 3 2.SET\PCM\RAM70.PCM","1462396","6740EC6439DDE1541D9CD2AAE727A8CE2BB828F0AEBC0F71983C4129C4A6D598","LIVE CHARKI 3 2.SET","MEDIUM_PCM","UNLINKED_PCM_HOLD_FOR_LATER","READ_ONLY_NO_BINARY_OUTPUT"
"RAM70.PCM","E:\UAOS_OPEN_LIBRARY_SOURCE\pa3x\rahm pa3x.SET\rahm pa3x.SET\PCM\RAM70.PCM","3010678","17DFDCEFD65432989F5264FA9F2C586BB1C453FD5CB01A8C00B311AB366F45D3","rahm pa3x.SET","MEDIUM_PCM","UNLINKED_PCM_HOLD_FOR_LATER","READ_ONLY_NO_BINARY_OUTPUT"
"RAM70.PCM","E:\UAOS_OPEN_LIBRARY_SOURCE\pa3x\2020 pa1000 pa4x.SET\2020 pa1000 pa4x.SET\PCM\RAM70.PCM","2925361","74C21B9A6C5BE2AC5CC1C07DD5D909A4B8517B88DCDFF73C4DC27A0BF4E056F6","2020 pa1000 pa4x.SET","MEDIUM_PCM","UNLINKED_PCM_HOLD_FOR_LATER","READ_ONLY_NO_BINARY_OUTPUT"
"RAM70.PCM","E:\UAOS_OPEN_LIBRARY_SOURCE\pa3x\RoTaNa(1) pa3x.SET\tareq pa3x.SET\PCM\RAM70.PCM","2572704","6C5CF0655AC27795F3E85800B251217457A1788D6F932AEA7A43CFFE10D37DEC","RoTaNa(1) pa3x.SET","MEDIUM_PCM","UNLINKED_PCM_HOLD_FOR_LATER","READ_ONLY_NO_BINARY_OUTPUT"
"RAM71.PCM","E:\UAOS_OPEN_LIBRARY_SOURCE\pa3x\ABOUD NEXT-MG.SET\ABOUD NEXT-MG.SET\PCM\RAM71.PCM","5238136","C70C26B01E2ED033B8A55E054A9CDDA25017BCEF56DA9EFFDBCEAE1FDA015004","ABOUD NEXT-MG.SET","MEDIUM_PCM","UNLINKED_PCM_HOLD_FOR_LATER","READ_ONLY_NO_BINARY_OUTPUT"
"RAM71.PCM","E:\UAOS_OPEN_LIBRARY_SOURCE\pa3x\omar44.SET\omar44.SET\PCM\RAM71.PCM","6059792","E4F72A12F23BD1FFD25E18DCFCD3B4ECD64947BF817BE429B6D910BB396A4D63","omar44.SET","MEDIUM_PCM","UNLINKED_PCM_HOLD_FOR_LATER","READ_ONLY_NO_BINARY_OUTPUT"
"RAM71.PCM","E:\UAOS_OPEN_LIBRARY_SOURCE\pa3x\2020 pa1000 pa4x.SET\2020 pa1000 pa4x.SET\PCM\RAM71.PCM","2885724","A6EF0DDD50538C870B65629E373177040C255B4E8882E34E201F5D7C9F4EFAE4","2020 pa1000 pa4x.SET","MEDIUM_PCM","UNLINKED_PCM_HOLD_FOR_LATER","READ_ONLY_NO_BINARY_OUTPUT"
"RAM71.PCM","E:\UAOS_OPEN_LIBRARY_SOURCE\pa3x\RoTaNa(1) pa3x.SET\tareq pa3x.SET\PCM\RAM71.PCM","2596921","CD623CD4E0DBA2A4D60986234C56382B87ED29459371C4DA907FE5ED4E81A4D5","RoTaNa(1) pa3x.SET","MEDIUM_PCM","UNLINKED_PCM_HOLD_FOR_LATER","READ_ONLY_NO_BINARY_OUTPUT"
"RAM71.PCM","E:\UAOS_OPEN_LIBRARY_SOURCE\pa3x\LIVE CHARKI 3 2.SET\LIVE CHARKI 3 2.SET\PCM\RAM71.PCM","1279055","E57699090D55EF294E2A9231A90C168239F2E0B88CDB77278CA3BC818CC9DE59","LIVE CHARKI 3 2.SET","MEDIUM_PCM","UNLINKED_PCM_HOLD_FOR_LATER","READ_ONLY_NO_BINARY_OUTPUT"
"RAM71.PCM","E:\UAOS_OPEN_LIBRARY_SOURCE\pa3x\rahm pa3x.SET\rahm pa3x.SET\PCM\RAM71.PCM","2555644","3751B2ABAAC6DE52FEA4B5F2C8BA73BD19A48DD688DB6BF9499089703FE66DBF","rahm pa3x.SET","MEDIUM_PCM","UNLINKED_PCM_HOLD_FOR_LATER","READ_ONLY_NO_BINARY_OUTPUT"
"RAM71.PCM","E:\UAOS_OPEN_LIBRARY_SOURCE\pa3x\SUPER4X.3X ASLY2018.SET\SUPER4X.3X ASLY2018.SET\PCM\RAM71.PCM","2819942","A4F2902AE7D381CBA6CC85AF006718290C6512F9C56C333D347219DB03EF9A10","SUPER4X.3X ASLY2018.SET","MEDIUM_PCM","UNLINKED_PCM_HOLD_FOR_LATER","READ_ONLY_NO_BINARY_OUTPUT"
"RAM71.PCM","E:\UAOS_OPEN_LIBRARY_SOURCE\pa3x\a1111.SET\a1111.SET\PCM\RAM71.PCM","4770842","B810ECC728A5F1E340285FAD4612C8A57D340A260634FDA8D6F082E73CB80FB4","a1111.SET","MEDIUM_PCM","UNLINKED_PCM_HOLD_FOR_LATER","READ_ONLY_NO_BINARY_OUTPUT"
"RAM71.PCM","E:\UAOS_OPEN_LIBRARY_SOURCE\pa3x\‏‏RoTaNa(1) pa3x.SET - نسخة\tareq pa3x.SET\PCM\RAM71.PCM","2596921","CD623CD4E0DBA2A4D60986234C56382B87ED29459371C4DA907FE5ED4E81A4D5","tareq pa3x.SET","MEDIUM_PCM","UNLINKED_PCM_HOLD_FOR_LATER","READ_ONLY_NO_BINARY_OUTPUT"
"RAM71.PCM","E:\UAOS_OPEN_LIBRARY_SOURCE\pa3x\ROTANA. 2022.SET\ROTANA. 2022.SET\PCM\RAM71.PCM","4709012","DD109A6C89AD69A4E3AD014AE530A32A1C134D9D9D03B06A66CE455DDB67590B","ROTANA. 2022.SET","MEDIUM_PCM","UNLINKED_PCM_HOLD_FOR_LATER","READ_ONLY_NO_BINARY_OUTPUT"
"RAM71.PCM","E:\UAOS_OPEN_LIBRARY_SOURCE\pa3x\3xxxxx.SET\3xxxxx.SET\PCM\RAM71.PCM","2671407","E4F24828907D2E55E01740CEAEE15D1EF7DEB89B205D18F28D7D03B71A5DE280","3xxxxx.SET","MEDIUM_PCM","UNLINKED_PCM_HOLD_FOR_LATER","READ_ONLY_NO_BINARY_OUTPUT"
"RAM74.PCM","E:\UAOS_OPEN_LIBRARY_SOURCE\pa3x\2020 pa1000 pa4x.SET\2020 pa1000 pa4x.SET\PCM\RAM74.PCM","2929186","067F02AF60E370F8D73BF4E52FD42EB6CC9EF1DFEF93396B9A6F76AD995642DA","2020 pa1000 pa4x.SET","MEDIUM_PCM","UNLINKED_PCM_HOLD_FOR_LATER","READ_ONLY_NO_BINARY_OUTPUT"
"RAM74.PCM","E:\UAOS_OPEN_LIBRARY_SOURCE\pa3x\‏‏RoTaNa(1) pa3x.SET - نسخة\tareq pa3x.SET\PCM\RAM74.PCM","2728334","8DAAC391075CC7A3E827FC80388E79189F0A5A46815AEF9C038A1BA06465CE3D","tareq pa3x.SET","MEDIUM_PCM","UNLINKED_PCM_HOLD_FOR_LATER","READ_ONLY_NO_BINARY_OUTPUT"
"RAM74.PCM","E:\UAOS_OPEN_LIBRARY_SOURCE\pa3x\rahm pa3x.SET\rahm pa3x.SET\PCM\RAM74.PCM","2174226","DF7E43482F59EB72744CF12BFD30494BE30E8429DA5CBEB89DD645517F80EB36","rahm pa3x.SET","MEDIUM_PCM","UNLINKED_PCM_HOLD_FOR_LATER","READ_ONLY_NO_BINARY_OUTPUT"
"RAM74.PCM","E:\UAOS_OPEN_LIBRARY_SOURCE\pa3x\3xxxxx.SET\3xxxxx.SET\PCM\RAM74.PCM","2758291","118809EE8FB58206A4FC1E22FA0ED5D933738322229FB80EB35DE375AF43A4C3","3xxxxx.SET","MEDIUM_PCM","UNLINKED_PCM_HOLD_FOR_LATER","READ_ONLY_NO_BINARY_OUTPUT"
"RAM74.PCM","E:\UAOS_OPEN_LIBRARY_SOURCE\pa3x\ABOUD NEXT-MG.SET\ABOUD NEXT-MG.SET\PCM\RAM74.PCM","5640411","D7FE5AF7E62EEEBDB504EB525AC9A86CC4C45244D3322990254B6C9198057FC3","ABOUD NEXT-MG.SET","MEDIUM_PCM","UNLINKED_PCM_HOLD_FOR_LATER","READ_ONLY_NO_BINARY_OUTPUT"
"RAM74.PCM","E:\UAOS_OPEN_LIBRARY_SOURCE\pa3x\a1111.SET\a1111.SET\PCM\RAM74.PCM","6159724","A738D127EC85C62F97DAED14FBDB44F0CFF781F8EBFB33CDBD90CFE54A86C203","a1111.SET","MEDIUM_PCM","UNLINKED_PCM_HOLD_FOR_LATER","READ_ONLY_NO_BINARY_OUTPUT"
"RAM74.PCM","E:\UAOS_OPEN_LIBRARY_SOURCE\pa3x\LIVE CHARKI 3 2.SET\LIVE CHARKI 3 2.SET\PCM\RAM74.PCM","1105247","E1B8F36D81DC3D8BC2E15BA03D5198A05A17509EB93744E53DCB26B273315059","LIVE CHARKI 3 2.SET","MEDIUM_PCM","UNLINKED_PCM_HOLD_FOR_LATER","READ_ONLY_NO_BINARY_OUTPUT"
"RAM74.PCM","E:\UAOS_OPEN_LIBRARY_SOURCE\pa3x\RoTaNa(1) pa3x.SET\tareq pa3x.SET\PCM\RAM74.PCM","2728334","8DAAC391075CC7A3E827FC80388E79189F0A5A46815AEF9C038A1BA06465CE3D","RoTaNa(1) pa3x.SET","MEDIUM_PCM","UNLINKED_PCM_HOLD_FOR_LATER","READ_ONLY_NO_BINARY_OUTPUT"
"RAM74.PCM","E:\UAOS_OPEN_LIBRARY_SOURCE\pa3x\ROTANA. 2022.SET\ROTANA. 2022.SET\PCM\RAM74.PCM","4530900","44873F8326C3EEDD29BCB586F1AA950F73ABA5C589D6FC2BA361E64C220948CA","ROTANA. 2022.SET","MEDIUM_PCM","UNLINKED_PCM_HOLD_FOR_LATER","READ_ONLY_NO_BINARY_OUTPUT"
"RAM74.PCM","E:\UAOS_OPEN_LIBRARY_SOURCE\pa3x\omar44.SET\omar44.SET\PCM\RAM74.PCM","4252976","F34FFF47B1F3A0DD2AEA821790F7A3BB854FEB6815900BC0BF4F9AE1EC37015D","omar44.SET","MEDIUM_PCM","UNLINKED_PCM_HOLD_FOR_LATER","READ_ONLY_NO_BINARY_OUTPUT"
"RAM74.PCM","E:\UAOS_OPEN_LIBRARY_SOURCE\pa3x\SUPER4X.3X ASLY2018.SET\SUPER4X.3X ASLY2018.SET\PCM\RAM74.PCM","2889903","D3DFDDFF49D755B5D01B2FF0F794A52CA65880F5ACCCA122FADD260659143FFB","SUPER4X.3X ASLY2018.SET","MEDIUM_PCM","UNLINKED_PCM_HOLD_FOR_LATER","READ_ONLY_NO_BINARY_OUTPUT"
"RAM75.PCM","E:\UAOS_OPEN_LIBRARY_SOURCE\pa3x\SUPER4X.3X ASLY2018.SET\SUPER4X.3X ASLY2018.SET\PCM\RAM75.PCM","2837318","C1575E045611292E77E1949B3103F510E95483472C76C1B4422475A08A20B44D","SUPER4X.3X ASLY2018.SET","MEDIUM_PCM","UNLINKED_PCM_HOLD_FOR_LATER","READ_ONLY_NO_BINARY_OUTPUT"
"RAM75.PCM","E:\UAOS_OPEN_LIBRARY_SOURCE\pa3x\ABOUD NEXT-MG.SET\ABOUD NEXT-MG.SET\PCM\RAM75.PCM","5175609","14F1575B4D3E7AA7EE3E10A9F0258F9D48FE5713963BEF3CA45C48A2C4E69B24","ABOUD NEXT-MG.SET","MEDIUM_PCM","UNLINKED_PCM_HOLD_FOR_LATER","READ_ONLY_NO_BINARY_OUTPUT"
"RAM75.PCM","E:\UAOS_OPEN_LIBRARY_SOURCE\pa3x\3xxxxx.SET\3xxxxx.SET\PCM\RAM75.PCM","2774864","6D0C397C0E7EFD24CCF99F26D6D00F85F15229A05CD99A94881BE778D88BA859","3xxxxx.SET","MEDIUM_PCM","UNLINKED_PCM_HOLD_FOR_LATER","READ_ONLY_NO_BINARY_OUTPUT"
"RAM75.PCM","E:\UAOS_OPEN_LIBRARY_SOURCE\pa3x\a1111.SET\a1111.SET\PCM\RAM75.PCM","8118180","220B9CE4E0EE81A5A2A8A0B7AD393B8200686A9EC0061FD93D099784EA6FC038","a1111.SET","MEDIUM_PCM","UNLINKED_PCM_HOLD_FOR_LATER","READ_ONLY_NO_BINARY_OUTPUT"
"RAM75.PCM","E:\UAOS_OPEN_LIBRARY_SOURCE\pa3x\LIVE CHARKI 3 2.SET\LIVE CHARKI 3 2.SET\PCM\RAM75.PCM","1019524","A262BC33CAE5285093A06097645B7008AE367C1CF59A526B0FE84EFE9B09E53C","LIVE CHARKI 3 2.SET","SMALL_PCM","UNLINKED_PCM_HOLD_FOR_LATER","READ_ONLY_NO_BINARY_OUTPUT"
"RAM75.PCM","E:\UAOS_OPEN_LIBRARY_SOURCE\pa3x\RoTaNa(1) pa3x.SET\tareq pa3x.SET\PCM\RAM75.PCM","2605900","2AF8F299B23D21010C20880649D98EFB5E0C14B68829BE9796ACAE93745832B0","RoTaNa(1) pa3x.SET","MEDIUM_PCM","UNLINKED_PCM_HOLD_FOR_LATER","READ_ONLY_NO_BINARY_OUTPUT"
"RAM75.PCM","E:\UAOS_OPEN_LIBRARY_SOURCE\pa3x\‏‏RoTaNa(1) pa3x.SET - نسخة\tareq pa3x.SET\PCM\RAM75.PCM","2605900","2AF8F299B23D21010C20880649D98EFB5E0C14B68829BE9796ACAE93745832B0","tareq pa3x.SET","MEDIUM_PCM","UNLINKED_PCM_HOLD_FOR_LATER","READ_ONLY_NO_BINARY_OUTPUT"
"RAM75.PCM","E:\UAOS_OPEN_LIBRARY_SOURCE\pa3x\omar44.SET\omar44.SET\PCM\RAM75.PCM","4903781","33E300138F9405E5F4AB6E1E8EC9A472DF9D7D38D26559795CA91D8004CA77D4","omar44.SET","MEDIUM_PCM","UNLINKED_PCM_HOLD_FOR_LATER","READ_ONLY_NO_BINARY_OUTPUT"
"RAM75.PCM","E:\UAOS_OPEN_LIBRARY_SOURCE\pa3x\2020 pa1000 pa4x.SET\2020 pa1000 pa4x.SET\PCM\RAM75.PCM","2931183","83776026BE2DC0FB07744F90ACF6F10DE75BDCFDC86AB82B46EDC4D565ED12DA","2020 pa1000 pa4x.SET","MEDIUM_PCM","UNLINKED_PCM_HOLD_FOR_LATER","READ_ONLY_NO_BINARY_OUTPUT"
"RAM75.PCM","E:\UAOS_OPEN_LIBRARY_SOURCE\pa3x\ROTANA. 2022.SET\ROTANA. 2022.SET\PCM\RAM75.PCM","5700628","E6A42C84DA344B6DE21006033A0E61EC2DAA2926D53BF538A477911FF0AAD2A0","ROTANA. 2022.SET","MEDIUM_PCM","UNLINKED_PCM_HOLD_FOR_LATER","READ_ONLY_NO_BINARY_OUTPUT"
"RAM75.PCM","E:\UAOS_OPEN_LIBRARY_SOURCE\pa3x\rahm pa3x.SET\rahm pa3x.SET\PCM\RAM75.PCM","2107418","8D76C376D05722723818A6F6BB27819D31D872D4ECC8F61A505CAC0FC06AC4BB","rahm pa3x.SET","MEDIUM_PCM","UNLINKED_PCM_HOLD_FOR_LATER","READ_ONLY_NO_BINARY_OUTPUT"
"RAM76.PCM","E:\UAOS_OPEN_LIBRARY_SOURCE\pa3x\omar44.SET\omar44.SET\PCM\RAM76.PCM","5409629","4B6DAAC4E318A64B72853DC0643BC8A21FD8CF734EA30E6A20899E6B66714C09","omar44.SET","MEDIUM_PCM","UNLINKED_PCM_HOLD_FOR_LATER","READ_ONLY_NO_BINARY_OUTPUT"
"RAM76.PCM","E:\UAOS_OPEN_LIBRARY_SOURCE\pa3x\LIVE CHARKI 3 2.SET\LIVE CHARKI 3 2.SET\PCM\RAM76.PCM","1174631","B5C17134869FE01751B5CFDE3DDFC80BA662E72C43026A437B4F54E5B2D6079B","LIVE CHARKI 3 2.SET","MEDIUM_PCM","UNLINKED_PCM_HOLD_FOR_LATER","READ_ONLY_NO_BINARY_OUTPUT"
"RAM76.PCM","E:\UAOS_OPEN_LIBRARY_SOURCE\pa3x\3xxxxx.SET\3xxxxx.SET\PCM\RAM76.PCM","2719740","0950D0AD2B9B9A497EF55B7867E512B10C29A78DDF1B0598405757F20A8D57F3","3xxxxx.SET","MEDIUM_PCM","UNLINKED_PCM_HOLD_FOR_LATER","READ_ONLY_NO_BINARY_OUTPUT"
"RAM76.PCM","E:\UAOS_OPEN_LIBRARY_SOURCE\pa3x\SUPER4X.3X ASLY2018.SET\SUPER4X.3X ASLY2018.SET\PCM\RAM76.PCM","2657700","E638F89938C9CDCEA14D5017CCCDD1F3B442439361A83564C338197670BEA24C","SUPER4X.3X ASLY2018.SET","MEDIUM_PCM","UNLINKED_PCM_HOLD_FOR_LATER","READ_ONLY_NO_BINARY_OUTPUT"
"RAM76.PCM","E:\UAOS_OPEN_LIBRARY_SOURCE\pa3x\ABOUD NEXT-MG.SET\ABOUD NEXT-MG.SET\PCM\RAM76.PCM","4638026","E8E214C16C35FCCC44DF2FB9DA4D4ABB41F8DADC6136CEFBA2C1420A113851EE","ABOUD NEXT-MG.SET","MEDIUM_PCM","UNLINKED_PCM_HOLD_FOR_LATER","READ_ONLY_NO_BINARY_OUTPUT"
"RAM76.PCM","E:\UAOS_OPEN_LIBRARY_SOURCE\pa3x\2020 pa1000 pa4x.SET\2020 pa1000 pa4x.SET\PCM\RAM76.PCM","2881692","8EA41A7B0BC6A14BCECA67ABCDA09847B419CE8FF9A57CEF69DB9FBA3A1B012B","2020 pa1000 pa4x.SET","MEDIUM_PCM","UNLINKED_PCM_HOLD_FOR_LATER","READ_ONLY_NO_BINARY_OUTPUT"
"RAM76.PCM","E:\UAOS_OPEN_LIBRARY_SOURCE\pa3x\ROTANA. 2022.SET\ROTANA. 2022.SET\PCM\RAM76.PCM","8744954","D4951849DE68CF32952A49D701B71490B657E4DBDFBC81E47C82B1F0CAE068EF","ROTANA. 2022.SET","MEDIUM_PCM","UNLINKED_PCM_HOLD_FOR_LATER","READ_ONLY_NO_BINARY_OUTPUT"
"RAM76.PCM","E:\UAOS_OPEN_LIBRARY_SOURCE\pa3x\rahm pa3x.SET\rahm pa3x.SET\PCM\RAM76.PCM","2224106","F12844BFFBC7B8633DE410F3238AD39CC090565221CD5F5F6A8412AF568B4140","rahm pa3x.SET","MEDIUM_PCM","UNLINKED_PCM_HOLD_FOR_LATER","READ_ONLY_NO_BINARY_OUTPUT"
"RAM76.PCM","E:\UAOS_OPEN_LIBRARY_SOURCE\pa3x\RoTaNa(1) pa3x.SET\tareq pa3x.SET\PCM\RAM76.PCM","2581492","9880FFE790E70E2632685C5F6765DC564F97EFD842D3C32F3827EB1187C0F659","RoTaNa(1) pa3x.SET","MEDIUM_PCM","UNLINKED_PCM_HOLD_FOR_LATER","READ_ONLY_NO_BINARY_OUTPUT"
"RAM76.PCM","E:\UAOS_OPEN_LIBRARY_SOURCE\pa3x\‏‏RoTaNa(1) pa3x.SET - نسخة\tareq pa3x.SET\PCM\RAM76.PCM","2581492","9880FFE790E70E2632685C5F6765DC564F97EFD842D3C32F3827EB1187C0F659","tareq pa3x.SET","MEDIUM_PCM","UNLINKED_PCM_HOLD_FOR_LATER","READ_ONLY_NO_BINARY_OUTPUT"
"RAM76.PCM","E:\UAOS_OPEN_LIBRARY_SOURCE\pa3x\a1111.SET\a1111.SET\PCM\RAM76.PCM","6301875","4AABDAF52909F02EEA58CDB9EAE3EBE02FBC9F2C8108C3468B4C2F90EE6B28A1","a1111.SET","MEDIUM_PCM","UNLINKED_PCM_HOLD_FOR_LATER","READ_ONLY_NO_BINARY_OUTPUT"
"RAM77.PCM","E:\UAOS_OPEN_LIBRARY_SOURCE\pa3x\a1111.SET\a1111.SET\PCM\RAM77.PCM","5916892","5374086574811649C03CA7F490C5577FD82B954E2860406E0AF19D6DF8BA1DC3","a1111.SET","MEDIUM_PCM","UNLINKED_PCM_HOLD_FOR_LATER","READ_ONLY_NO_BINARY_OUTPUT"
"RAM77.PCM","E:\UAOS_OPEN_LIBRARY_SOURCE\pa3x\rahm pa3x.SET\rahm pa3x.SET\PCM\RAM77.PCM","2249824","7346EBF1C208A3274D2E78D1315AC6A5A88C86CF4297B9D57A4BCA9928575BAB","rahm pa3x.SET","MEDIUM_PCM","UNLINKED_PCM_HOLD_FOR_LATER","READ_ONLY_NO_BINARY_OUTPUT"
"RAM77.PCM","E:\UAOS_OPEN_LIBRARY_SOURCE\pa3x\ABOUD NEXT-MG.SET\ABOUD NEXT-MG.SET\PCM\RAM77.PCM","6429410","5CF8A2D5B51358EF158AEA45F294DB207F8B8713EC2802CB0CF03F4D65791AC5","ABOUD NEXT-MG.SET","MEDIUM_PCM","UNLINKED_PCM_HOLD_FOR_LATER","READ_ONLY_NO_BINARY_OUTPUT"
"RAM77.PCM","E:\UAOS_OPEN_LIBRARY_SOURCE\pa3x\RoTaNa(1) pa3x.SET\tareq pa3x.SET\PCM\RAM77.PCM","2618918","46E71FA022A07DEDEC392B71774FCC2442C04492736E9E62528275A9EB45777D","RoTaNa(1) pa3x.SET","MEDIUM_PCM","UNLINKED_PCM_HOLD_FOR_LATER","READ_ONLY_NO_BINARY_OUTPUT"
"RAM77.PCM","E:\UAOS_OPEN_LIBRARY_SOURCE\pa3x\2020 pa1000 pa4x.SET\2020 pa1000 pa4x.SET\PCM\RAM77.PCM","2962884","364C218E4BE2EB42D8C79AAF323D3EDBFF4CDAE5824DC96F26847472F53395D8","2020 pa1000 pa4x.SET","MEDIUM_PCM","UNLINKED_PCM_HOLD_FOR_LATER","READ_ONLY_NO_BINARY_OUTPUT"
"RAM77.PCM","E:\UAOS_OPEN_LIBRARY_SOURCE\pa3x\ROTANA. 2022.SET\ROTANA. 2022.SET\PCM\RAM77.PCM","5971514","04C3EFA6D67B9A96B4FE97B22463415A21CD2DF0A950221A15C6B7D4EF8316EE","ROTANA. 2022.SET","MEDIUM_PCM","UNLINKED_PCM_HOLD_FOR_LATER","READ_ONLY_NO_BINARY_OUTPUT"
"RAM77.PCM","E:\UAOS_OPEN_LIBRARY_SOURCE\pa3x\omar44.SET\omar44.SET\PCM\RAM77.PCM","4257040","C8A138A00E8067704DA56505706DBAE71003330A23B612699AB5DF5CB5FC169F","omar44.SET","MEDIUM_PCM","UNLINKED_PCM_HOLD_FOR_LATER","READ_ONLY_NO_BINARY_OUTPUT"
"RAM77.PCM","E:\UAOS_OPEN_LIBRARY_SOURCE\pa3x\3xxxxx.SET\3xxxxx.SET\PCM\RAM77.PCM","2570564","5C46077011F748158D474B77A5E9F0642DF0ED3952E2B5473346E527FC545326","3xxxxx.SET","MEDIUM_PCM","UNLINKED_PCM_HOLD_FOR_LATER","READ_ONLY_NO_BINARY_OUTPUT"
"RAM77.PCM","E:\UAOS_OPEN_LIBRARY_SOURCE\pa3x\‏‏RoTaNa(1) pa3x.SET - نسخة\tareq pa3x.SET\PCM\RAM77.PCM","2618918","46E71FA022A07DEDEC392B71774FCC2442C04492736E9E62528275A9EB45777D","tareq pa3x.SET","MEDIUM_PCM","UNLINKED_PCM_HOLD_FOR_LATER","READ_ONLY_NO_BINARY_OUTPUT"
"RAM77.PCM","E:\UAOS_OPEN_LIBRARY_SOURCE\pa3x\SUPER4X.3X ASLY2018.SET\SUPER4X.3X ASLY2018.SET\PCM\RAM77.PCM","2694828","41F8EC1881962E162AB1EC5EA6190453403A2C5918EAA5A779999282FEC0D7D7","SUPER4X.3X ASLY2018.SET","MEDIUM_PCM","UNLINKED_PCM_HOLD_FOR_LATER","READ_ONLY_NO_BINARY_OUTPUT"
"RAM77.PCM","E:\UAOS_OPEN_LIBRARY_SOURCE\pa3x\LIVE CHARKI 3 2.SET\LIVE CHARKI 3 2.SET\PCM\RAM77.PCM","993339","D6E68192BBFE07BA9D79AC6C8DDB49D416947EA52CF3B463A34A31C777430989","LIVE CHARKI 3 2.SET","SMALL_PCM","UNLINKED_PCM_HOLD_FOR_LATER","READ_ONLY_NO_BINARY_OUTPUT"
"RAM78.PCM","E:\UAOS_OPEN_LIBRARY_SOURCE\pa3x\‏‏RoTaNa(1) pa3x.SET - نسخة\tareq pa3x.SET\PCM\RAM78.PCM","2620978","796867C6DCB768B3A26362C44BDEBB8436D28C2FB9F71F1072DC1773B95AF773","tareq pa3x.SET","MEDIUM_PCM","UNLINKED_PCM_HOLD_FOR_LATER","READ_ONLY_NO_BINARY_OUTPUT"
"RAM78.PCM","E:\UAOS_OPEN_LIBRARY_SOURCE\pa3x\SUPER4X.3X ASLY2018.SET\SUPER4X.3X ASLY2018.SET\PCM\RAM78.PCM","2655506","04F2F5FC6FDB7F466B4B6DC0129C7EF4EFD68AE9DA9B6B397E6C71C422E25C3A","SUPER4X.3X ASLY2018.SET","MEDIUM_PCM","UNLINKED_PCM_HOLD_FOR_LATER","READ_ONLY_NO_BINARY_OUTPUT"
"RAM78.PCM","E:\UAOS_OPEN_LIBRARY_SOURCE\pa3x\omar44.SET\omar44.SET\PCM\RAM78.PCM","4063830","A8EBD3C407D5C4DB0DB760CCCE99A911435D10F360BC05C2AB273718E6DAF9E0","omar44.SET","MEDIUM_PCM","UNLINKED_PCM_HOLD_FOR_LATER","READ_ONLY_NO_BINARY_OUTPUT"
"RAM78.PCM","E:\UAOS_OPEN_LIBRARY_SOURCE\pa3x\3xxxxx.SET\3xxxxx.SET\PCM\RAM78.PCM","2724137","8CB2FCF951F9A7DF65DCFD5159AC99A03B126597E0BB80702A8AF013CD300CB6","3xxxxx.SET","MEDIUM_PCM","UNLINKED_PCM_HOLD_FOR_LATER","READ_ONLY_NO_BINARY_OUTPUT"
"RAM78.PCM","E:\UAOS_OPEN_LIBRARY_SOURCE\pa3x\rahm pa3x.SET\rahm pa3x.SET\PCM\RAM78.PCM","2225004","53F5AA59150E67CDEF4A69C6DA0376FA5945EBF31CC783FE1BBC6632942A8F2D","rahm pa3x.SET","MEDIUM_PCM","UNLINKED_PCM_HOLD_FOR_LATER","READ_ONLY_NO_BINARY_OUTPUT"
"RAM78.PCM","E:\UAOS_OPEN_LIBRARY_SOURCE\pa3x\RoTaNa(1) pa3x.SET\tareq pa3x.SET\PCM\RAM78.PCM","2620978","796867C6DCB768B3A26362C44BDEBB8436D28C2FB9F71F1072DC1773B95AF773","RoTaNa(1) pa3x.SET","MEDIUM_PCM","UNLINKED_PCM_HOLD_FOR_LATER","READ_ONLY_NO_BINARY_OUTPUT"
"RAM78.PCM","E:\UAOS_OPEN_LIBRARY_SOURCE\pa3x\2020 pa1000 pa4x.SET\2020 pa1000 pa4x.SET\PCM\RAM78.PCM","2924242","FEA2C667B56AF28E9896921C9BD398034CA0B261B04B6517D25AE8EF37FA6A50","2020 pa1000 pa4x.SET","MEDIUM_PCM","UNLINKED_PCM_HOLD_FOR_LATER","READ_ONLY_NO_BINARY_OUTPUT"
"RAM78.PCM","E:\UAOS_OPEN_LIBRARY_SOURCE\pa3x\LIVE CHARKI 3 2.SET\LIVE CHARKI 3 2.SET\PCM\RAM78.PCM","1089591","FBAA7088954344A47B11A931878797F3CFE93699A21BBA13A752E76A1B55C248","LIVE CHARKI 3 2.SET","MEDIUM_PCM","UNLINKED_PCM_HOLD_FOR_LATER","READ_ONLY_NO_BINARY_OUTPUT"
"RAM78.PCM","E:\UAOS_OPEN_LIBRARY_SOURCE\pa3x\ABOUD NEXT-MG.SET\ABOUD NEXT-MG.SET\PCM\RAM78.PCM","5702498","834C8442C150614D4A4DAFA291D4B4729F5305DD0CCFE536669C734163F54528","ABOUD NEXT-MG.SET","MEDIUM_PCM","UNLINKED_PCM_HOLD_FOR_LATER","READ_ONLY_NO_BINARY_OUTPUT"
"RAM78.PCM","E:\UAOS_OPEN_LIBRARY_SOURCE\pa3x\ROTANA. 2022.SET\ROTANA. 2022.SET\PCM\RAM78.PCM","8913586","06B64E6F056F2718370C903A677E1E85B53CB27838B26B6C21013A38B38C4CAD","ROTANA. 2022.SET","MEDIUM_PCM","UNLINKED_PCM_HOLD_FOR_LATER","READ_ONLY_NO_BINARY_OUTPUT"
"RAM78.PCM","E:\UAOS_OPEN_LIBRARY_SOURCE\pa3x\a1111.SET\a1111.SET\PCM\RAM78.PCM","5484110","1CFB5A5A264A923E2270D988611249DE03DF5321CD449F4D815AE8B08E39218F","a1111.SET","MEDIUM_PCM","UNLINKED_PCM_HOLD_FOR_LATER","READ_ONLY_NO_BINARY_OUTPUT"
"RAM79.PCM","E:\UAOS_OPEN_LIBRARY_SOURCE\pa3x\LIVE CHARKI 3 2.SET\LIVE CHARKI 3 2.SET\PCM\RAM79.PCM","1255393","6A4DB85742EEEB1376BB29B19C6C785CB932F9696B834824697028B707F7A7B1","LIVE CHARKI 3 2.SET","MEDIUM_PCM","UNLINKED_PCM_HOLD_FOR_LATER","READ_ONLY_NO_BINARY_OUTPUT"
"RAM79.PCM","E:\UAOS_OPEN_LIBRARY_SOURCE\pa3x\rahm pa3x.SET\rahm pa3x.SET\PCM\RAM79.PCM","2127589","B20F7879B3CFC0B1F1C0B5CB9F594B59B6309BA37620330A21327D8A9E6379BF","rahm pa3x.SET","MEDIUM_PCM","UNLINKED_PCM_HOLD_FOR_LATER","READ_ONLY_NO_BINARY_OUTPUT"
"RAM79.PCM","E:\UAOS_OPEN_LIBRARY_SOURCE\pa3x\3xxxxx.SET\3xxxxx.SET\PCM\RAM79.PCM","2565131","B8DA860F0CC557F787FFE176F0350AF54D43CC899319C922F7A8462DB212C020","3xxxxx.SET","MEDIUM_PCM","UNLINKED_PCM_HOLD_FOR_LATER","READ_ONLY_NO_BINARY_OUTPUT"
"RAM79.PCM","E:\UAOS_OPEN_LIBRARY_SOURCE\pa3x\omar44.SET\omar44.SET\PCM\RAM79.PCM","4288938","7C6DC91BCF79CAB5CA25DEDF37E4662052C5C0CF4C0C2D2AFFBA3BCDD8E4E4FA","omar44.SET","MEDIUM_PCM","UNLINKED_PCM_HOLD_FOR_LATER","READ_ONLY_NO_BINARY_OUTPUT"
"RAM79.PCM","E:\UAOS_OPEN_LIBRARY_SOURCE\pa3x\ABOUD NEXT-MG.SET\ABOUD NEXT-MG.SET\PCM\RAM79.PCM","8094344","B4354F7CE0EA2BDA7F79F28D05E264ECDFCD3ABD46ADA0333565AE9D40FEC3E8","ABOUD NEXT-MG.SET","MEDIUM_PCM","UNLINKED_PCM_HOLD_FOR_LATER","READ_ONLY_NO_BINARY_OUTPUT"
"RAM79.PCM","E:\UAOS_OPEN_LIBRARY_SOURCE\pa3x\a1111.SET\a1111.SET\PCM\RAM79.PCM","6562974","44AEBF178C08F66944F8789DD4860EDD26FBF5A951763D9382A88AE2AD43CEB3","a1111.SET","MEDIUM_PCM","UNLINKED_PCM_HOLD_FOR_LATER","READ_ONLY_NO_BINARY_OUTPUT"
"RAM79.PCM","E:\UAOS_OPEN_LIBRARY_SOURCE\pa3x\RoTaNa(1) pa3x.SET\tareq pa3x.SET\PCM\RAM79.PCM","2627922","07368C9F620301C7F13EB37E32BA202ECE91CEE791693B46AC4AFE69C166FB3E","RoTaNa(1) pa3x.SET","MEDIUM_PCM","UNLINKED_PCM_HOLD_FOR_LATER","READ_ONLY_NO_BINARY_OUTPUT"
"RAM79.PCM","E:\UAOS_OPEN_LIBRARY_SOURCE\pa3x\ROTANA. 2022.SET\ROTANA. 2022.SET\PCM\RAM79.PCM","4571344","4C1136E6C1492FDE1EA073AA728FC41D042B065878C97D32AB785B324883ECDE","ROTANA. 2022.SET","MEDIUM_PCM","UNLINKED_PCM_HOLD_FOR_LATER","READ_ONLY_NO_BINARY_OUTPUT"
"RAM79.PCM","E:\UAOS_OPEN_LIBRARY_SOURCE\pa3x\2020 pa1000 pa4x.SET\2020 pa1000 pa4x.SET\PCM\RAM79.PCM","2976277","BC11ABA7127ADF491E6F57AF5B8F15622D2C373CAB033FAFCC8AE1FA385F4645","2020 pa1000 pa4x.SET","MEDIUM_PCM","UNLINKED_PCM_HOLD_FOR_LATER","READ_ONLY_NO_BINARY_OUTPUT"
"RAM79.PCM","E:\UAOS_OPEN_LIBRARY_SOURCE\pa3x\SUPER4X.3X ASLY2018.SET\SUPER4X.3X ASLY2018.SET\PCM\RAM79.PCM","2653854","DAC8007F3C5D8E774F46D248FE9D99049F304D9B69A63DC74660CED776946949","SUPER4X.3X ASLY2018.SET","MEDIUM_PCM","UNLINKED_PCM_HOLD_FOR_LATER","READ_ONLY_NO_BINARY_OUTPUT"
"RAM79.PCM","E:\UAOS_OPEN_LIBRARY_SOURCE\pa3x\‏‏RoTaNa(1) pa3x.SET - نسخة\tareq pa3x.SET\PCM\RAM79.PCM","2627922","07368C9F620301C7F13EB37E32BA202ECE91CEE791693B46AC4AFE69C166FB3E","tareq pa3x.SET","MEDIUM_PCM","UNLINKED_PCM_HOLD_FOR_LATER","READ_ONLY_NO_BINARY_OUTPUT"
"RAM80.PCM","E:\UAOS_OPEN_LIBRARY_SOURCE\pa3x\ABOUD NEXT-MG.SET\ABOUD NEXT-MG.SET\PCM\RAM80.PCM","7791279","01D620BA4E79DF0DFF9E9DAA33A98013766C5440BFBEB69AC0755B303BA96F33","ABOUD NEXT-MG.SET","MEDIUM_PCM","UNLINKED_PCM_HOLD_FOR_LATER","READ_ONLY_NO_BINARY_OUTPUT"
"RAM80.PCM","E:\UAOS_OPEN_LIBRARY_SOURCE\pa3x\SUPER4X.3X ASLY2018.SET\SUPER4X.3X ASLY2018.SET\PCM\RAM80.PCM","2648433","A2BB43E01E02CCF410C9CCF37C9B19511C9B152915CD0C1CEBD67D2563577F34","SUPER4X.3X ASLY2018.SET","MEDIUM_PCM","UNLINKED_PCM_HOLD_FOR_LATER","READ_ONLY_NO_BINARY_OUTPUT"
"RAM80.PCM","E:\UAOS_OPEN_LIBRARY_SOURCE\pa3x\RoTaNa(1) pa3x.SET\tareq pa3x.SET\PCM\RAM80.PCM","2629198","E8EB1C039453968D621AF8CD157945E84ED171A476F57A1362B54309C2A1B272","RoTaNa(1) pa3x.SET","MEDIUM_PCM","UNLINKED_PCM_HOLD_FOR_LATER","READ_ONLY_NO_BINARY_OUTPUT"
"RAM80.PCM","E:\UAOS_OPEN_LIBRARY_SOURCE\pa3x\LIVE CHARKI 3 2.SET\LIVE CHARKI 3 2.SET\PCM\RAM80.PCM","1016923","5232D2AF0F9280EAABA49BE557F041D24D8880C68F702831CC5AF38DEDA46B4A","LIVE CHARKI 3 2.SET","SMALL_PCM","UNLINKED_PCM_HOLD_FOR_LATER","READ_ONLY_NO_BINARY_OUTPUT"
"RAM80.PCM","E:\UAOS_OPEN_LIBRARY_SOURCE\pa3x\3xxxxx.SET\3xxxxx.SET\PCM\RAM80.PCM","2566998","315F6183FA8FDA766167E7EC576B06EABCD87544C9B305877C21B4A793F1AF3E","3xxxxx.SET","MEDIUM_PCM","UNLINKED_PCM_HOLD_FOR_LATER","READ_ONLY_NO_BINARY_OUTPUT"
"RAM80.PCM","E:\UAOS_OPEN_LIBRARY_SOURCE\pa3x\‏‏RoTaNa(1) pa3x.SET - نسخة\tareq pa3x.SET\PCM\RAM80.PCM","2629198","E8EB1C039453968D621AF8CD157945E84ED171A476F57A1362B54309C2A1B272","tareq pa3x.SET","MEDIUM_PCM","UNLINKED_PCM_HOLD_FOR_LATER","READ_ONLY_NO_BINARY_OUTPUT"
"RAM80.PCM","E:\UAOS_OPEN_LIBRARY_SOURCE\pa3x\rahm pa3x.SET\rahm pa3x.SET\PCM\RAM80.PCM","2311774","AC7332F8E96A96DD035BCE316BFF7B2D4E0F6578F5EBDC375E21C1B0F809DEE6","rahm pa3x.SET","MEDIUM_PCM","UNLINKED_PCM_HOLD_FOR_LATER","READ_ONLY_NO_BINARY_OUTPUT"
"RAM80.PCM","E:\UAOS_OPEN_LIBRARY_SOURCE\pa3x\ROTANA. 2022.SET\ROTANA. 2022.SET\PCM\RAM80.PCM","5965286","135F5091FC06BB9592D5BBB4D307D3ECA9021A69424B98FC5491F6115B98AD96","ROTANA. 2022.SET","MEDIUM_PCM","UNLINKED_PCM_HOLD_FOR_LATER","READ_ONLY_NO_BINARY_OUTPUT"
"RAM80.PCM","E:\UAOS_OPEN_LIBRARY_SOURCE\pa3x\a1111.SET\a1111.SET\PCM\RAM80.PCM","5011180","BF794B4FB8E3F855CF4595F98714DCCC69D59F1D9B81EE78699426799FDD3D8B","a1111.SET","MEDIUM_PCM","UNLINKED_PCM_HOLD_FOR_LATER","READ_ONLY_NO_BINARY_OUTPUT"
"RAM80.PCM","E:\UAOS_OPEN_LIBRARY_SOURCE\pa3x\omar44.SET\omar44.SET\PCM\RAM80.PCM","4614340","607765774EBFA4731A69813ADBE5ECC34DA9572250686768BD7B34DD02DBB3EB","omar44.SET","MEDIUM_PCM","UNLINKED_PCM_HOLD_FOR_LATER","READ_ONLY_NO_BINARY_OUTPUT"
"RAM80.PCM","E:\UAOS_OPEN_LIBRARY_SOURCE\pa3x\2020 pa1000 pa4x.SET\2020 pa1000 pa4x.SET\PCM\RAM80.PCM","2921376","59027086232E4419AEDF8A369510CE9FAE9C45B162E7E602AD89143D1117E5A9","2020 pa1000 pa4x.SET","MEDIUM_PCM","UNLINKED_PCM_HOLD_FOR_LATER","READ_ONLY_NO_BINARY_OUTPUT"
"RAM81.PCM","E:\UAOS_OPEN_LIBRARY_SOURCE\pa3x\ROTANA. 2022.SET\ROTANA. 2022.SET\PCM\RAM81.PCM","6830497","00739201CEB9A06C8591CC04C18BC7026673E5C36D1A52C63A0D2BCA4CEAA787","ROTANA. 2022.SET","MEDIUM_PCM","UNLINKED_PCM_HOLD_FOR_LATER","READ_ONLY_NO_BINARY_OUTPUT"
"RAM81.PCM","E:\UAOS_OPEN_LIBRARY_SOURCE\pa3x\omar44.SET\omar44.SET\PCM\RAM81.PCM","4261563","14F6E55C86F8DE1FB39F51D10E6912129B298137B6FED90A02DD3FFE8557B912","omar44.SET","MEDIUM_PCM","UNLINKED_PCM_HOLD_FOR_LATER","READ_ONLY_NO_BINARY_OUTPUT"
"RAM81.PCM","E:\UAOS_OPEN_LIBRARY_SOURCE\pa3x\SUPER4X.3X ASLY2018.SET\SUPER4X.3X ASLY2018.SET\PCM\RAM81.PCM","2836197","C6A35122925CC62BB02FF45FF3AE8F32A5F489C441E7D1DE5D6DD11C3379B94F","SUPER4X.3X ASLY2018.SET","MEDIUM_PCM","UNLINKED_PCM_HOLD_FOR_LATER","READ_ONLY_NO_BINARY_OUTPUT"
"RAM81.PCM","E:\UAOS_OPEN_LIBRARY_SOURCE\pa3x\RoTaNa(1) pa3x.SET\tareq pa3x.SET\PCM\RAM81.PCM","2580565","541AFF709AC8B6F491AA6F7378D8643FBED584EFAAED1DDC7D80818AD15E05F3","RoTaNa(1) pa3x.SET","MEDIUM_PCM","UNLINKED_PCM_HOLD_FOR_LATER","READ_ONLY_NO_BINARY_OUTPUT"
"RAM81.PCM","E:\UAOS_OPEN_LIBRARY_SOURCE\pa3x\2020 pa1000 pa4x.SET\2020 pa1000 pa4x.SET\PCM\RAM81.PCM","3145878","4ABCA33B1B08116BA364846D195EF81042AD7059305833E96BA18A57CCB69145","2020 pa1000 pa4x.SET","MEDIUM_PCM","UNLINKED_PCM_HOLD_FOR_LATER","READ_ONLY_NO_BINARY_OUTPUT"
"RAM81.PCM","E:\UAOS_OPEN_LIBRARY_SOURCE\pa3x\‏‏RoTaNa(1) pa3x.SET - نسخة\tareq pa3x.SET\PCM\RAM81.PCM","2580565","541AFF709AC8B6F491AA6F7378D8643FBED584EFAAED1DDC7D80818AD15E05F3","tareq pa3x.SET","MEDIUM_PCM","UNLINKED_PCM_HOLD_FOR_LATER","READ_ONLY_NO_BINARY_OUTPUT"
"RAM81.PCM","E:\UAOS_OPEN_LIBRARY_SOURCE\pa3x\rahm pa3x.SET\rahm pa3x.SET\PCM\RAM81.PCM","2231038","3B78C81E1FC4174AC89950833A13945977F88B01E335C364AC102FA4B74E3D0F","rahm pa3x.SET","MEDIUM_PCM","UNLINKED_PCM_HOLD_FOR_LATER","READ_ONLY_NO_BINARY_OUTPUT"
"RAM81.PCM","E:\UAOS_OPEN_LIBRARY_SOURCE\pa3x\LIVE CHARKI 3 2.SET\LIVE CHARKI 3 2.SET\PCM\RAM81.PCM","1316672","8A6268020C99A26A8FBE5D6025CB9533D4FD77B5CE57F56B9D874B69B9E042D1","LIVE CHARKI 3 2.SET","MEDIUM_PCM","UNLINKED_PCM_HOLD_FOR_LATER","READ_ONLY_NO_BINARY_OUTPUT"
"RAM81.PCM","E:\UAOS_OPEN_LIBRARY_SOURCE\pa3x\a1111.SET\a1111.SET\PCM\RAM81.PCM","5731839","3BA42F7A0DD04192960E55112DD1EEB19B4C86F3FAF63E405C5646582394BC19","a1111.SET","MEDIUM_PCM","UNLINKED_PCM_HOLD_FOR_LATER","READ_ONLY_NO_BINARY_OUTPUT"
"RAM81.PCM","E:\UAOS_OPEN_LIBRARY_SOURCE\pa3x\3xxxxx.SET\3xxxxx.SET\PCM\RAM81.PCM","2547478","AE11098BB1D7E2D010625BFBCF4E9C5A8EAC5D217BF1D609239B0C5E5F44EAEC","3xxxxx.SET","MEDIUM_PCM","UNLINKED_PCM_HOLD_FOR_LATER","READ_ONLY_NO_BINARY_OUTPUT"
"RAM81.PCM","E:\UAOS_OPEN_LIBRARY_SOURCE\pa3x\ABOUD NEXT-MG.SET\ABOUD NEXT-MG.SET\PCM\RAM81.PCM","5788509","43A7D1453955A154262BA878E9E810C2CECABE3D5464AB369099D4F540469200","ABOUD NEXT-MG.SET","MEDIUM_PCM","UNLINKED_PCM_HOLD_FOR_LATER","READ_ONLY_NO_BINARY_OUTPUT"
"RAM82.PCM","E:\UAOS_OPEN_LIBRARY_SOURCE\pa3x\SUPER4X.3X ASLY2018.SET\SUPER4X.3X ASLY2018.SET\PCM\RAM82.PCM","2688427","D8B02E620493CC0241C8DB28405C8032519C2BDD52A772B0D389B6DAF2124116","SUPER4X.3X ASLY2018.SET","MEDIUM_PCM","UNLINKED_PCM_HOLD_FOR_LATER","READ_ONLY_NO_BINARY_OUTPUT"
"RAM82.PCM","E:\UAOS_OPEN_LIBRARY_SOURCE\pa3x\RoTaNa(1) pa3x.SET\tareq pa3x.SET\PCM\RAM82.PCM","2629977","D0E1C894436E3BDB91FA5C334CCFAD1A5A14BA492AECA898D9AC6B0E3FE205C4","RoTaNa(1) pa3x.SET","MEDIUM_PCM","UNLINKED_PCM_HOLD_FOR_LATER","READ_ONLY_NO_BINARY_OUTPUT"
"RAM82.PCM","E:\UAOS_OPEN_LIBRARY_SOURCE\pa3x\ABOUD NEXT-MG.SET\ABOUD NEXT-MG.SET\PCM\RAM82.PCM","6715635","B0CA1AF2A47DBE8FD3016DE9DDFCFE5A1400725B83A41EEC279C3E3CE082F8E9","ABOUD NEXT-MG.SET","MEDIUM_PCM","UNLINKED_PCM_HOLD_FOR_LATER","READ_ONLY_NO_BINARY_OUTPUT"
"RAM82.PCM","E:\UAOS_OPEN_LIBRARY_SOURCE\pa3x\rahm pa3x.SET\rahm pa3x.SET\PCM\RAM82.PCM","2144982","2F471A9594B49D0A53563CBF4955D25FC16C69922A81A31CFDFA086A3AAEC6FA","rahm pa3x.SET","MEDIUM_PCM","UNLINKED_PCM_HOLD_FOR_LATER","READ_ONLY_NO_BINARY_OUTPUT"
"RAM82.PCM","E:\UAOS_OPEN_LIBRARY_SOURCE\pa3x\ROTANA. 2022.SET\ROTANA. 2022.SET\PCM\RAM82.PCM","5099438","4F08AEE339A3483EAA502F05DEAA7388678B66CB7DB6A5D026FEF6D46C1F9F31","ROTANA. 2022.SET","MEDIUM_PCM","UNLINKED_PCM_HOLD_FOR_LATER","READ_ONLY_NO_BINARY_OUTPUT"
"RAM82.PCM","E:\UAOS_OPEN_LIBRARY_SOURCE\pa3x\LIVE CHARKI 3 2.SET\LIVE CHARKI 3 2.SET\PCM\RAM82.PCM","1130031","BE39B6FCE3D92B6250B9D14E825DBC6C428597D50CACFBD36B05F6AF31AF6577","LIVE CHARKI 3 2.SET","MEDIUM_PCM","UNLINKED_PCM_HOLD_FOR_LATER","READ_ONLY_NO_BINARY_OUTPUT"
"RAM82.PCM","E:\UAOS_OPEN_LIBRARY_SOURCE\pa3x\2020 pa1000 pa4x.SET\2020 pa1000 pa4x.SET\PCM\RAM82.PCM","2897426","4C3EFDE95F3DD948351DA9B8D8B0635A235B02995BAAD77284F9FA9333F3AA7C","2020 pa1000 pa4x.SET","MEDIUM_PCM","UNLINKED_PCM_HOLD_FOR_LATER","READ_ONLY_NO_BINARY_OUTPUT"
"RAM82.PCM","E:\UAOS_OPEN_LIBRARY_SOURCE\pa3x\3xxxxx.SET\3xxxxx.SET\PCM\RAM82.PCM","2649364","C004BCE9C9966282A8132A26EB2A101C504B8F7EA9AE3EBCE18300E353AECCED","3xxxxx.SET","MEDIUM_PCM","UNLINKED_PCM_HOLD_FOR_LATER","READ_ONLY_NO_BINARY_OUTPUT"
"RAM82.PCM","E:\UAOS_OPEN_LIBRARY_SOURCE\pa3x\‏‏RoTaNa(1) pa3x.SET - نسخة\tareq pa3x.SET\PCM\RAM82.PCM","2629977","D0E1C894436E3BDB91FA5C334CCFAD1A5A14BA492AECA898D9AC6B0E3FE205C4","tareq pa3x.SET","MEDIUM_PCM","UNLINKED_PCM_HOLD_FOR_LATER","READ_ONLY_NO_BINARY_OUTPUT"
"RAM82.PCM","E:\UAOS_OPEN_LIBRARY_SOURCE\pa3x\a1111.SET\a1111.SET\PCM\RAM82.PCM","6217488","F2F5DBEA278A376E3E0E32933C69963DC11D20425B26AE5CA584B6D225C9BD0C","a1111.SET","MEDIUM_PCM","UNLINKED_PCM_HOLD_FOR_LATER","READ_ONLY_NO_BINARY_OUTPUT"
"RAM82.PCM","E:\UAOS_OPEN_LIBRARY_SOURCE\pa3x\omar44.SET\omar44.SET\PCM\RAM82.PCM","4171176","C269C0C54E3BE9FEC1EBEEE5B11915E87D05697A10D12F5BDE8F42E905E98146","omar44.SET","MEDIUM_PCM","UNLINKED_PCM_HOLD_FOR_LATER","READ_ONLY_NO_BINARY_OUTPUT"
"RAM83.PCM","E:\UAOS_OPEN_LIBRARY_SOURCE\pa3x\2020 pa1000 pa4x.SET\2020 pa1000 pa4x.SET\PCM\RAM83.PCM","2887191","D4792527091B704A1F0F777B930BEF51DEDA50685CC77FC9368D49F295E3AE0F","2020 pa1000 pa4x.SET","MEDIUM_PCM","UNLINKED_PCM_HOLD_FOR_LATER","READ_ONLY_NO_BINARY_OUTPUT"
"RAM83.PCM","E:\UAOS_OPEN_LIBRARY_SOURCE\pa3x\rahm pa3x.SET\rahm pa3x.SET\PCM\RAM83.PCM","2229670","E123C0DF892FE0202C89804B7D2E3395BFF0F17528B573D5C5DEA7EEF1DA7BE7","rahm pa3x.SET","MEDIUM_PCM","UNLINKED_PCM_HOLD_FOR_LATER","READ_ONLY_NO_BINARY_OUTPUT"
"RAM83.PCM","E:\UAOS_OPEN_LIBRARY_SOURCE\pa3x\ABOUD NEXT-MG.SET\ABOUD NEXT-MG.SET\PCM\RAM83.PCM","6185423","82C47647081518618F26ABA49EFEF34CA02A2F69C7860EEBB0DEDCF4FDF02C45","ABOUD NEXT-MG.SET","MEDIUM_PCM","UNLINKED_PCM_HOLD_FOR_LATER","READ_ONLY_NO_BINARY_OUTPUT"
"RAM83.PCM","E:\UAOS_OPEN_LIBRARY_SOURCE\pa3x\a1111.SET\a1111.SET\PCM\RAM83.PCM","4954521","DDA62A14CD0DFF3C136B11803C2308C9D3969CF90E616EAE43E2557AD7613B85","a1111.SET","MEDIUM_PCM","UNLINKED_PCM_HOLD_FOR_LATER","READ_ONLY_NO_BINARY_OUTPUT"
"RAM83.PCM","E:\UAOS_OPEN_LIBRARY_SOURCE\pa3x\RoTaNa(1) pa3x.SET\tareq pa3x.SET\PCM\RAM83.PCM","2582332","5BAA79500A9F70AAAEDCF8541EAF05C341AD6D9C8A23501633CA9C4EFED6F424","RoTaNa(1) pa3x.SET","MEDIUM_PCM","UNLINKED_PCM_HOLD_FOR_LATER","READ_ONLY_NO_BINARY_OUTPUT"
"RAM83.PCM","E:\UAOS_OPEN_LIBRARY_SOURCE\pa3x\‏‏RoTaNa(1) pa3x.SET - نسخة\tareq pa3x.SET\PCM\RAM83.PCM","2582332","5BAA79500A9F70AAAEDCF8541EAF05C341AD6D9C8A23501633CA9C4EFED6F424","tareq pa3x.SET","MEDIUM_PCM","UNLINKED_PCM_HOLD_FOR_LATER","READ_ONLY_NO_BINARY_OUTPUT"
"RAM83.PCM","E:\UAOS_OPEN_LIBRARY_SOURCE\pa3x\ROTANA. 2022.SET\ROTANA. 2022.SET\PCM\RAM83.PCM","5720628","1B9404251C0AA9FE7BF985812920A2A8148DACCE48ACD4C3BD15321D52E6229F","ROTANA. 2022.SET","MEDIUM_PCM","UNLINKED_PCM_HOLD_FOR_LATER","READ_ONLY_NO_BINARY_OUTPUT"
"RAM83.PCM","E:\UAOS_OPEN_LIBRARY_SOURCE\pa3x\SUPER4X.3X ASLY2018.SET\SUPER4X.3X ASLY2018.SET\PCM\RAM83.PCM","2679468","4C876D9B4754C7B488D1CA4F2656E613A1A8C7029DC692719E427C01E77026E3","SUPER4X.3X ASLY2018.SET","MEDIUM_PCM","UNLINKED_PCM_HOLD_FOR_LATER","READ_ONLY_NO_BINARY_OUTPUT"
"RAM83.PCM","E:\UAOS_OPEN_LIBRARY_SOURCE\pa3x\3xxxxx.SET\3xxxxx.SET\PCM\RAM83.PCM","2693607","31B5CD4C096062F13DA2C568E7FEBA32EFE2AE0B9EAF64AE181FB20705DF2AEC","3xxxxx.SET","MEDIUM_PCM","UNLINKED_PCM_HOLD_FOR_LATER","READ_ONLY_NO_BINARY_OUTPUT"
"RAM83.PCM","E:\UAOS_OPEN_LIBRARY_SOURCE\pa3x\omar44.SET\omar44.SET\PCM\RAM83.PCM","4137182","6DF8EA609DC16783707A353F13F5E2E15160879D38EC0E9BA93402C2480B7487","omar44.SET","MEDIUM_PCM","UNLINKED_PCM_HOLD_FOR_LATER","READ_ONLY_NO_BINARY_OUTPUT"
"RAM83.PCM","E:\UAOS_OPEN_LIBRARY_SOURCE\pa3x\LIVE CHARKI 3 2.SET\LIVE CHARKI 3 2.SET\PCM\RAM83.PCM","1306464","15DEA6869774F4234AC6EFA80D5FAAD5C508821E0D5345EEA06FCB7E1ACF0065","LIVE CHARKI 3 2.SET","MEDIUM_PCM","UNLINKED_PCM_HOLD_FOR_LATER","READ_ONLY_NO_BINARY_OUTPUT"
"RAM84.PCM","E:\UAOS_OPEN_LIBRARY_SOURCE\pa3x\RoTaNa(1) pa3x.SET\tareq pa3x.SET\PCM\RAM84.PCM","2591868","46782D7149455E25C09B7374E958BFFF123DB3F15261EE464F9E1BCE0DDE1C1B","RoTaNa(1) pa3x.SET","MEDIUM_PCM","UNLINKED_PCM_HOLD_FOR_LATER","READ_ONLY_NO_BINARY_OUTPUT"
"RAM84.PCM","E:\UAOS_OPEN_LIBRARY_SOURCE\pa3x\rahm pa3x.SET\rahm pa3x.SET\PCM\RAM84.PCM","2103754","C5A4193DB251C77BD195AC1FAB8FEA11D9B27A4B33E717128A24E5A9499D02C8","rahm pa3x.SET","MEDIUM_PCM","UNLINKED_PCM_HOLD_FOR_LATER","READ_ONLY_NO_BINARY_OUTPUT"
"RAM84.PCM","E:\UAOS_OPEN_LIBRARY_SOURCE\pa3x\a1111.SET\a1111.SET\PCM\RAM84.PCM","6457404","898D05EC5E16BDD02C49AEDCEE33DE69970D56904F6FD316C19CF089EB004147","a1111.SET","MEDIUM_PCM","UNLINKED_PCM_HOLD_FOR_LATER","READ_ONLY_NO_BINARY_OUTPUT"
"RAM84.PCM","E:\UAOS_OPEN_LIBRARY_SOURCE\pa3x\LIVE CHARKI 3 2.SET\LIVE CHARKI 3 2.SET\PCM\RAM84.PCM","1389941","992D7313CA966B82547BA1B288D4F0FBBEF8650AED524F59D8B3D392F859363B","LIVE CHARKI 3 2.SET","MEDIUM_PCM","UNLINKED_PCM_HOLD_FOR_LATER","READ_ONLY_NO_BINARY_OUTPUT"
"RAM84.PCM","E:\UAOS_OPEN_LIBRARY_SOURCE\pa3x\‏‏RoTaNa(1) pa3x.SET - نسخة\tareq pa3x.SET\PCM\RAM84.PCM","2591868","46782D7149455E25C09B7374E958BFFF123DB3F15261EE464F9E1BCE0DDE1C1B","tareq pa3x.SET","MEDIUM_PCM","UNLINKED_PCM_HOLD_FOR_LATER","READ_ONLY_NO_BINARY_OUTPUT"
"RAM84.PCM","E:\UAOS_OPEN_LIBRARY_SOURCE\pa3x\3xxxxx.SET\3xxxxx.SET\PCM\RAM84.PCM","2544145","2EFCED6764D9D9383BAF2EAD6C9B7397E7F987A3F1EE716995A24B987D7A63D3","3xxxxx.SET","MEDIUM_PCM","UNLINKED_PCM_HOLD_FOR_LATER","READ_ONLY_NO_BINARY_OUTPUT"
"RAM84.PCM","E:\UAOS_OPEN_LIBRARY_SOURCE\pa3x\ABOUD NEXT-MG.SET\ABOUD NEXT-MG.SET\PCM\RAM84.PCM","6540371","D85F74FCC0333C6F39189ACA29071BCDDF3B8CB2BB854783698EB63F9866BB67","ABOUD NEXT-MG.SET","MEDIUM_PCM","UNLINKED_PCM_HOLD_FOR_LATER","READ_ONLY_NO_BINARY_OUTPUT"
"RAM84.PCM","E:\UAOS_OPEN_LIBRARY_SOURCE\pa3x\omar44.SET\omar44.SET\PCM\RAM84.PCM","4264839","38C7305A24161F63191917C4DB694CF8D483658E16C57100C5D6D20D5343B7BB","omar44.SET","MEDIUM_PCM","UNLINKED_PCM_HOLD_FOR_LATER","READ_ONLY_NO_BINARY_OUTPUT"
"RAM84.PCM","E:\UAOS_OPEN_LIBRARY_SOURCE\pa3x\2020 pa1000 pa4x.SET\2020 pa1000 pa4x.SET\PCM\RAM84.PCM","3142790","44B98216FF910B89E62D814DF73290D0A4FF917B00AB207E8DB8F92D07F55504","2020 pa1000 pa4x.SET","MEDIUM_PCM","UNLINKED_PCM_HOLD_FOR_LATER","READ_ONLY_NO_BINARY_OUTPUT"
"RAM84.PCM","E:\UAOS_OPEN_LIBRARY_SOURCE\pa3x\ROTANA. 2022.SET\ROTANA. 2022.SET\PCM\RAM84.PCM","4447216","5DBA623F07547E4C41A99B5601CB1173D5DD4A74047981FE10CFFD2DEFF00EB1","ROTANA. 2022.SET","MEDIUM_PCM","UNLINKED_PCM_HOLD_FOR_LATER","READ_ONLY_NO_BINARY_OUTPUT"
"RAM84.PCM","E:\UAOS_OPEN_LIBRARY_SOURCE\pa3x\SUPER4X.3X ASLY2018.SET\SUPER4X.3X ASLY2018.SET\PCM\RAM84.PCM","2671574","1F6DC4D1BC05522BDAAB052A5729B9508F3204FBB488AB4DC2FAD18F8B6903CE","SUPER4X.3X ASLY2018.SET","MEDIUM_PCM","UNLINKED_PCM_HOLD_FOR_LATER","READ_ONLY_NO_BINARY_OUTPUT"
"RAM85.PCM","E:\UAOS_OPEN_LIBRARY_SOURCE\pa3x\2020 pa1000 pa4x.SET\2020 pa1000 pa4x.SET\PCM\RAM85.PCM","2881720","3C8DB84E495A03F92D902536952C33AA34ABB9119A4E0F79C2C8595D8E6542EF","2020 pa1000 pa4x.SET","MEDIUM_PCM","UNLINKED_PCM_HOLD_FOR_LATER","READ_ONLY_NO_BINARY_OUTPUT"
"RAM85.PCM","E:\UAOS_OPEN_LIBRARY_SOURCE\pa3x\omar44.SET\omar44.SET\PCM\RAM85.PCM","4352277","D89C83DFE0827ADE12CFC5E408671AC129B7AFEBE622C145D18ED59D76746919","omar44.SET","MEDIUM_PCM","UNLINKED_PCM_HOLD_FOR_LATER","READ_ONLY_NO_BINARY_OUTPUT"
"RAM85.PCM","E:\UAOS_OPEN_LIBRARY_SOURCE\pa3x\‏‏RoTaNa(1) pa3x.SET - نسخة\tareq pa3x.SET\PCM\RAM85.PCM","2715972","312CC6EFA942ECD83F10835E1BAFF7DA87CC8049F9EE83CCC07515651DDE6BB5","tareq pa3x.SET","MEDIUM_PCM","UNLINKED_PCM_HOLD_FOR_LATER","READ_ONLY_NO_BINARY_OUTPUT"
"RAM85.PCM","E:\UAOS_OPEN_LIBRARY_SOURCE\pa3x\RoTaNa(1) pa3x.SET\tareq pa3x.SET\PCM\RAM85.PCM","2715972","312CC6EFA942ECD83F10835E1BAFF7DA87CC8049F9EE83CCC07515651DDE6BB5","RoTaNa(1) pa3x.SET","MEDIUM_PCM","UNLINKED_PCM_HOLD_FOR_LATER","READ_ONLY_NO_BINARY_OUTPUT"
"RAM85.PCM","E:\UAOS_OPEN_LIBRARY_SOURCE\pa3x\SUPER4X.3X ASLY2018.SET\SUPER4X.3X ASLY2018.SET\PCM\RAM85.PCM","3006088","D2EE7F5565DC07D9CA3F09E0D5A57096AC18F539ED6A341AA4A4C3A1D3C1E9F3","SUPER4X.3X ASLY2018.SET","MEDIUM_PCM","UNLINKED_PCM_HOLD_FOR_LATER","READ_ONLY_NO_BINARY_OUTPUT"
"RAM85.PCM","E:\UAOS_OPEN_LIBRARY_SOURCE\pa3x\LIVE CHARKI 3 2.SET\LIVE CHARKI 3 2.SET\PCM\RAM85.PCM","1099445","2DB8A2D3B10FE60AC955B712D89BEBD884887895FAA62D625A778D7E3E023ED5","LIVE CHARKI 3 2.SET","MEDIUM_PCM","UNLINKED_PCM_HOLD_FOR_LATER","READ_ONLY_NO_BINARY_OUTPUT"
"RAM85.PCM","E:\UAOS_OPEN_LIBRARY_SOURCE\pa3x\ABOUD NEXT-MG.SET\ABOUD NEXT-MG.SET\PCM\RAM85.PCM","7849982","01500608B2E07E715663DCAA9863784F68B3CBE5AE5E1DBE86E706A591888695","ABOUD NEXT-MG.SET","MEDIUM_PCM","UNLINKED_PCM_HOLD_FOR_LATER","READ_ONLY_NO_BINARY_OUTPUT"
"RAM85.PCM","E:\UAOS_OPEN_LIBRARY_SOURCE\pa3x\3xxxxx.SET\3xxxxx.SET\PCM\RAM85.PCM","2630348","8AE7BF2D34BDF7429D3F842D01566EEE739BAF72D1F487B971FD6166201532D5","3xxxxx.SET","MEDIUM_PCM","UNLINKED_PCM_HOLD_FOR_LATER","READ_ONLY_NO_BINARY_OUTPUT"
"RAM85.PCM","E:\UAOS_OPEN_LIBRARY_SOURCE\pa3x\a1111.SET\a1111.SET\PCM\RAM85.PCM","6027237","62460A55FF413AE1E416DEF1D9CE2B9C57148075E83848C1F5EA310C527A145E","a1111.SET","MEDIUM_PCM","UNLINKED_PCM_HOLD_FOR_LATER","READ_ONLY_NO_BINARY_OUTPUT"
"RAM85.PCM","E:\UAOS_OPEN_LIBRARY_SOURCE\pa3x\ROTANA. 2022.SET\ROTANA. 2022.SET\PCM\RAM85.PCM","5232338","9DB9E441F3B571AA93F353F170563E72149C822BC53F3F5BB564CCC5A4B6F29C","ROTANA. 2022.SET","MEDIUM_PCM","UNLINKED_PCM_HOLD_FOR_LATER","READ_ONLY_NO_BINARY_OUTPUT"
"RAM85.PCM","E:\UAOS_OPEN_LIBRARY_SOURCE\pa3x\rahm pa3x.SET\rahm pa3x.SET\PCM\RAM85.PCM","2129424","EC5E0193A4683B94DFD13E7BE139374E918C279C30CEAB8FFC5949520D6BB816","rahm pa3x.SET","MEDIUM_PCM","UNLINKED_PCM_HOLD_FOR_LATER","READ_ONLY_NO_BINARY_OUTPUT"
"RAM86.PCM","E:\UAOS_OPEN_LIBRARY_SOURCE\pa3x\RoTaNa(1) pa3x.SET\tareq pa3x.SET\PCM\RAM86.PCM","2580528","FE09026ECCD93EACFAAA7E4F747E69E0172FBC43DF97D63895EF4DEB1AD49CC3","RoTaNa(1) pa3x.SET","MEDIUM_PCM","UNLINKED_PCM_HOLD_FOR_LATER","READ_ONLY_NO_BINARY_OUTPUT"
"RAM86.PCM","E:\UAOS_OPEN_LIBRARY_SOURCE\pa3x\ABOUD NEXT-MG.SET\ABOUD NEXT-MG.SET\PCM\RAM86.PCM","6041552","C184035BEA0F0254D991EEF8DBDBDD6352B4E65588FCEE3F5A19DFCC5A3B7387","ABOUD NEXT-MG.SET","MEDIUM_PCM","UNLINKED_PCM_HOLD_FOR_LATER","READ_ONLY_NO_BINARY_OUTPUT"
"RAM86.PCM","E:\UAOS_OPEN_LIBRARY_SOURCE\pa3x\2020 pa1000 pa4x.SET\2020 pa1000 pa4x.SET\PCM\RAM86.PCM","3143108","F2F4C2CE8072EDE97FAFF4515EEB5FBA660F72AEC183E5EB8694D327D6BFA87A","2020 pa1000 pa4x.SET","MEDIUM_PCM","UNLINKED_PCM_HOLD_FOR_LATER","READ_ONLY_NO_BINARY_OUTPUT"
"RAM86.PCM","E:\UAOS_OPEN_LIBRARY_SOURCE\pa3x\LIVE CHARKI 3 2.SET\LIVE CHARKI 3 2.SET\PCM\RAM86.PCM","1061002","4E2F1A420B4197E10D5F8125B9E0204E90C769AF0ADC0BC3B9D554D08EF840C8","LIVE CHARKI 3 2.SET","MEDIUM_PCM","UNLINKED_PCM_HOLD_FOR_LATER","READ_ONLY_NO_BINARY_OUTPUT"
"RAM86.PCM","E:\UAOS_OPEN_LIBRARY_SOURCE\pa3x\3xxxxx.SET\3xxxxx.SET\PCM\RAM86.PCM","2539942","3FF46EBFE9DC3E16D33348260EFE27CF4C8CAFCA4A13699092D883A64E0789C0","3xxxxx.SET","MEDIUM_PCM","UNLINKED_PCM_HOLD_FOR_LATER","READ_ONLY_NO_BINARY_OUTPUT"
"RAM86.PCM","E:\UAOS_OPEN_LIBRARY_SOURCE\pa3x\rahm pa3x.SET\rahm pa3x.SET\PCM\RAM86.PCM","2110545","52910B6EF8050ACB2FCB4DB0B8BD43CA6802F2A04F0581E4F6D584244372CA73","rahm pa3x.SET","MEDIUM_PCM","UNLINKED_PCM_HOLD_FOR_LATER","READ_ONLY_NO_BINARY_OUTPUT"
"RAM86.PCM","E:\UAOS_OPEN_LIBRARY_SOURCE\pa3x\‏‏RoTaNa(1) pa3x.SET - نسخة\tareq pa3x.SET\PCM\RAM86.PCM","2580528","FE09026ECCD93EACFAAA7E4F747E69E0172FBC43DF97D63895EF4DEB1AD49CC3","tareq pa3x.SET","MEDIUM_PCM","UNLINKED_PCM_HOLD_FOR_LATER","READ_ONLY_NO_BINARY_OUTPUT"
"RAM86.PCM","E:\UAOS_OPEN_LIBRARY_SOURCE\pa3x\a1111.SET\a1111.SET\PCM\RAM86.PCM","5306262","3A90A97337666609E49995B7D3977CF564B45536A015B84DFF54FC71BB744DE3","a1111.SET","MEDIUM_PCM","UNLINKED_PCM_HOLD_FOR_LATER","READ_ONLY_NO_BINARY_OUTPUT"
"RAM86.PCM","E:\UAOS_OPEN_LIBRARY_SOURCE\pa3x\omar44.SET\omar44.SET\PCM\RAM86.PCM","4365385","4EC3716AD8235CFC488D643BBF67210859532DD7E8CAB69D26CFC96D47D24777","omar44.SET","MEDIUM_PCM","UNLINKED_PCM_HOLD_FOR_LATER","READ_ONLY_NO_BINARY_OUTPUT"
"RAM86.PCM","E:\UAOS_OPEN_LIBRARY_SOURCE\pa3x\SUPER4X.3X ASLY2018.SET\SUPER4X.3X ASLY2018.SET\PCM\RAM86.PCM","2651528","5687FB20CE5163EC07A6A51ED848E6BC82BE6EFC824507DB1E489445D48482C4","SUPER4X.3X ASLY2018.SET","MEDIUM_PCM","UNLINKED_PCM_HOLD_FOR_LATER","READ_ONLY_NO_BINARY_OUTPUT"
"RAM86.PCM","E:\UAOS_OPEN_LIBRARY_SOURCE\pa3x\ROTANA. 2022.SET\ROTANA. 2022.SET\PCM\RAM86.PCM","5572988","4F6530D6859CBB771DED947D21B276527054CC3C28307A5A694C389AA53CB098","ROTANA. 2022.SET","MEDIUM_PCM","UNLINKED_PCM_HOLD_FOR_LATER","READ_ONLY_NO_BINARY_OUTPUT"
"RAM87.PCM","E:\UAOS_OPEN_LIBRARY_SOURCE\pa3x\LIVE CHARKI 3 2.SET\LIVE CHARKI 3 2.SET\PCM\RAM87.PCM","1240483","C08CC83ECD8D573F93ABBCFFA0DF314A6FCD5300BB0DBABB4B3564FBBD806E4D","LIVE CHARKI 3 2.SET","MEDIUM_PCM","UNLINKED_PCM_HOLD_FOR_LATER","READ_ONLY_NO_BINARY_OUTPUT"
"RAM87.PCM","E:\UAOS_OPEN_LIBRARY_SOURCE\pa3x\‏‏RoTaNa(1) pa3x.SET - نسخة\tareq pa3x.SET\PCM\RAM87.PCM","2582968","6DD632C307825FB355C87EBB97FB8DB3B9FC9FED7B4BD7F6579C8E8935E5FDAC","tareq pa3x.SET","MEDIUM_PCM","UNLINKED_PCM_HOLD_FOR_LATER","READ_ONLY_NO_BINARY_OUTPUT"
"RAM87.PCM","E:\UAOS_OPEN_LIBRARY_SOURCE\pa3x\omar44.SET\omar44.SET\PCM\RAM87.PCM","4360404","EB37AB942460A945711A0B27C6D40392EE4CE0A2D53200C6658979DCBFE5A131","omar44.SET","MEDIUM_PCM","UNLINKED_PCM_HOLD_FOR_LATER","READ_ONLY_NO_BINARY_OUTPUT"
"RAM87.PCM","E:\UAOS_OPEN_LIBRARY_SOURCE\pa3x\a1111.SET\a1111.SET\PCM\RAM87.PCM","6560476","544D3417327BD8845EE047782D57FABD0F721F36CE2539B66ABC0AE777524F96","a1111.SET","MEDIUM_PCM","UNLINKED_PCM_HOLD_FOR_LATER","READ_ONLY_NO_BINARY_OUTPUT"
"RAM87.PCM","E:\UAOS_OPEN_LIBRARY_SOURCE\pa3x\SUPER4X.3X ASLY2018.SET\SUPER4X.3X ASLY2018.SET\PCM\RAM87.PCM","2747710","E764766B80891954CBC2AECB8F5877E2C4B1F0605FC7C596EE9D022E87491A5C","SUPER4X.3X ASLY2018.SET","MEDIUM_PCM","UNLINKED_PCM_HOLD_FOR_LATER","READ_ONLY_NO_BINARY_OUTPUT"
"RAM87.PCM","E:\UAOS_OPEN_LIBRARY_SOURCE\pa3x\RoTaNa(1) pa3x.SET\tareq pa3x.SET\PCM\RAM87.PCM","2582968","6DD632C307825FB355C87EBB97FB8DB3B9FC9FED7B4BD7F6579C8E8935E5FDAC","RoTaNa(1) pa3x.SET","MEDIUM_PCM","UNLINKED_PCM_HOLD_FOR_LATER","READ_ONLY_NO_BINARY_OUTPUT"
"RAM87.PCM","E:\UAOS_OPEN_LIBRARY_SOURCE\pa3x\2020 pa1000 pa4x.SET\2020 pa1000 pa4x.SET\PCM\RAM87.PCM","2937748","F1278C3FC78BC5EC9CA17F28264B442B432A2D8568DFEFB473AAD59045994AC1","2020 pa1000 pa4x.SET","MEDIUM_PCM","UNLINKED_PCM_HOLD_FOR_LATER","READ_ONLY_NO_BINARY_OUTPUT"
"RAM87.PCM","E:\UAOS_OPEN_LIBRARY_SOURCE\pa3x\ROTANA. 2022.SET\ROTANA. 2022.SET\PCM\RAM87.PCM","5598104","38395BC706015F705D1C8F58CE1FD35DBBCF5C6330F6283297A5E45B6A11662B","ROTANA. 2022.SET","MEDIUM_PCM","UNLINKED_PCM_HOLD_FOR_LATER","READ_ONLY_NO_BINARY_OUTPUT"
"RAM87.PCM","E:\UAOS_OPEN_LIBRARY_SOURCE\pa3x\rahm pa3x.SET\rahm pa3x.SET\PCM\RAM87.PCM","2149295","7D7D8BA17695F3ABF4EDDFBCE3B1CF471AEF3D9E5B4FA694774B1EF4087A8779","rahm pa3x.SET","MEDIUM_PCM","UNLINKED_PCM_HOLD_FOR_LATER","READ_ONLY_NO_BINARY_OUTPUT"
"RAM87.PCM","E:\UAOS_OPEN_LIBRARY_SOURCE\pa3x\3xxxxx.SET\3xxxxx.SET\PCM\RAM87.PCM","3719367","AB9640A0CC38668B9866615D9F3F9115A77B8C8961CB974A11E85044351903FC","3xxxxx.SET","MEDIUM_PCM","UNLINKED_PCM_HOLD_FOR_LATER","READ_ONLY_NO_BINARY_OUTPUT"
"RAM87.PCM","E:\UAOS_OPEN_LIBRARY_SOURCE\pa3x\ABOUD NEXT-MG.SET\ABOUD NEXT-MG.SET\PCM\RAM87.PCM","6389117","856AC22E5787458758B14B0AB4BFA73AB5B0AF24E7D0DE8F7CFDBF63199368FD","ABOUD NEXT-MG.SET","MEDIUM_PCM","UNLINKED_PCM_HOLD_FOR_LATER","READ_ONLY_NO_BINARY_OUTPUT"
"RAM88.PCM","E:\UAOS_OPEN_LIBRARY_SOURCE\pa3x\3xxxxx.SET\3xxxxx.SET\PCM\RAM88.PCM","2565472","F705B88BAE3CE11498FD8154C0F6DF7770C1E66305B3D45EF5765C806AB13101","3xxxxx.SET","MEDIUM_PCM","UNLINKED_PCM_HOLD_FOR_LATER","READ_ONLY_NO_BINARY_OUTPUT"
"RAM88.PCM","E:\UAOS_OPEN_LIBRARY_SOURCE\pa3x\2020 pa1000 pa4x.SET\2020 pa1000 pa4x.SET\PCM\RAM88.PCM","3383504","DC08599301279E20BF26EC07A837FA8E248EE29D90E92FBBCCC9A8C4F4012AD6","2020 pa1000 pa4x.SET","MEDIUM_PCM","UNLINKED_PCM_HOLD_FOR_LATER","READ_ONLY_NO_BINARY_OUTPUT"
"RAM88.PCM","E:\UAOS_OPEN_LIBRARY_SOURCE\pa3x\ABOUD NEXT-MG.SET\ABOUD NEXT-MG.SET\PCM\RAM88.PCM","4737688","E95812ACD5938E814ACDBCD7874F710D56AFD477BFAD834F81F75F63327B3353","ABOUD NEXT-MG.SET","MEDIUM_PCM","UNLINKED_PCM_HOLD_FOR_LATER","READ_ONLY_NO_BINARY_OUTPUT"
"RAM88.PCM","E:\UAOS_OPEN_LIBRARY_SOURCE\pa3x\rahm pa3x.SET\rahm pa3x.SET\PCM\RAM88.PCM","3576036","169CADFD60DF39B7CEA411B2EC7AC576BB32AB14425387F8A4DDF8C8CB6EA236","rahm pa3x.SET","MEDIUM_PCM","UNLINKED_PCM_HOLD_FOR_LATER","READ_ONLY_NO_BINARY_OUTPUT"
"RAM88.PCM","E:\UAOS_OPEN_LIBRARY_SOURCE\pa3x\‏‏RoTaNa(1) pa3x.SET - نسخة\tareq pa3x.SET\PCM\RAM88.PCM","2570972","055F0D3FFA621AFB3A64C4E04077912C6D99CE6D8F7C8501F448555CD27C16E2","tareq pa3x.SET","MEDIUM_PCM","UNLINKED_PCM_HOLD_FOR_LATER","READ_ONLY_NO_BINARY_OUTPUT"
"RAM88.PCM","E:\UAOS_OPEN_LIBRARY_SOURCE\pa3x\SUPER4X.3X ASLY2018.SET\SUPER4X.3X ASLY2018.SET\PCM\RAM88.PCM","2728026","FC11D8828F44EF3DA881EE24367A6EA76EFEFD7EA94A02B38479AE0D410F7069","SUPER4X.3X ASLY2018.SET","MEDIUM_PCM","UNLINKED_PCM_HOLD_FOR_LATER","READ_ONLY_NO_BINARY_OUTPUT"
"RAM88.PCM","E:\UAOS_OPEN_LIBRARY_SOURCE\pa3x\ROTANA. 2022.SET\ROTANA. 2022.SET\PCM\RAM88.PCM","5542492","4CF23502B46022094F34830E3E3F6518F4AFBF786EC69FFCCD17293026063E77","ROTANA. 2022.SET","MEDIUM_PCM","UNLINKED_PCM_HOLD_FOR_LATER","READ_ONLY_NO_BINARY_OUTPUT"
"RAM88.PCM","E:\UAOS_OPEN_LIBRARY_SOURCE\pa3x\omar44.SET\omar44.SET\PCM\RAM88.PCM","4700328","8C77D9F55E656097BA337CABC20E633144F4746E81CC27DB8DAA6DEC160C9F74","omar44.SET","MEDIUM_PCM","UNLINKED_PCM_HOLD_FOR_LATER","READ_ONLY_NO_BINARY_OUTPUT"
"RAM88.PCM","E:\UAOS_OPEN_LIBRARY_SOURCE\pa3x\RoTaNa(1) pa3x.SET\tareq pa3x.SET\PCM\RAM88.PCM","2570972","055F0D3FFA621AFB3A64C4E04077912C6D99CE6D8F7C8501F448555CD27C16E2","RoTaNa(1) pa3x.SET","MEDIUM_PCM","UNLINKED_PCM_HOLD_FOR_LATER","READ_ONLY_NO_BINARY_OUTPUT"
"RAM88.PCM","E:\UAOS_OPEN_LIBRARY_SOURCE\pa3x\a1111.SET\a1111.SET\PCM\RAM88.PCM","7411636","8C89395CAB3AE6ADD60DAD20535786B6433B39A8903B672FBC194C841039F37A","a1111.SET","MEDIUM_PCM","UNLINKED_PCM_HOLD_FOR_LATER","READ_ONLY_NO_BINARY_OUTPUT"
"RAM88.PCM","E:\UAOS_OPEN_LIBRARY_SOURCE\pa3x\LIVE CHARKI 3 2.SET\LIVE CHARKI 3 2.SET\PCM\RAM88.PCM","1339805","C25B1A5C94F3270BFA8A47F5468E1F088265F21DE06CFA89E7C8BFD8E8DC3509","LIVE CHARKI 3 2.SET","MEDIUM_PCM","UNLINKED_PCM_HOLD_FOR_LATER","READ_ONLY_NO_BINARY_OUTPUT"
"RAM89.PCM","E:\UAOS_OPEN_LIBRARY_SOURCE\pa3x\SUPER4X.3X ASLY2018.SET\SUPER4X.3X ASLY2018.SET\PCM\RAM89.PCM","2673548","EB9CEB7FD97E273E72739111E1E0EBCC1E5B06FF085CA56B26FED61478E41F29","SUPER4X.3X ASLY2018.SET","MEDIUM_PCM","UNLINKED_PCM_HOLD_FOR_LATER","READ_ONLY_NO_BINARY_OUTPUT"
"RAM89.PCM","E:\UAOS_OPEN_LIBRARY_SOURCE\pa3x\ABOUD NEXT-MG.SET\ABOUD NEXT-MG.SET\PCM\RAM89.PCM","5666887","3DCC6DB2623885D906B159C6B6A7FB580A8ADCA834E44D531C2C727D2A4D3526","ABOUD NEXT-MG.SET","MEDIUM_PCM","UNLINKED_PCM_HOLD_FOR_LATER","READ_ONLY_NO_BINARY_OUTPUT"
"RAM89.PCM","E:\UAOS_OPEN_LIBRARY_SOURCE\pa3x\3xxxxx.SET\3xxxxx.SET\PCM\RAM89.PCM","2541796","2B9286B4C69ACF2B226BE9DF101B68181CD7B38FF3422EDB5CA422A1275B3877","3xxxxx.SET","MEDIUM_PCM","UNLINKED_PCM_HOLD_FOR_LATER","READ_ONLY_NO_BINARY_OUTPUT"
"RAM89.PCM","E:\UAOS_OPEN_LIBRARY_SOURCE\pa3x\omar44.SET\omar44.SET\PCM\RAM89.PCM","4112447","894E5A83811A17A2245A3139E3505F13C24AD8D788B0293475F8E84BF3B2E209","omar44.SET","MEDIUM_PCM","UNLINKED_PCM_HOLD_FOR_LATER","READ_ONLY_NO_BINARY_OUTPUT"
"RAM89.PCM","E:\UAOS_OPEN_LIBRARY_SOURCE\pa3x\rahm pa3x.SET\rahm pa3x.SET\PCM\RAM89.PCM","2117490","590DB816117CFD6A11B8550FC38924A140DEF10B442E1FD2E9B78755455DC23D","rahm pa3x.SET","MEDIUM_PCM","UNLINKED_PCM_HOLD_FOR_LATER","READ_ONLY_NO_BINARY_OUTPUT"
"RAM89.PCM","E:\UAOS_OPEN_LIBRARY_SOURCE\pa3x\ROTANA. 2022.SET\ROTANA. 2022.SET\PCM\RAM89.PCM","5289592","6D0FA686ACD7C43FC71A64F5A7990743D0A5E6218A4D09BAE65F0AD7CF330035","ROTANA. 2022.SET","MEDIUM_PCM","UNLINKED_PCM_HOLD_FOR_LATER","READ_ONLY_NO_BINARY_OUTPUT"
"RAM89.PCM","E:\UAOS_OPEN_LIBRARY_SOURCE\pa3x\2020 pa1000 pa4x.SET\2020 pa1000 pa4x.SET\PCM\RAM89.PCM","2969279","082E3A364E5C9B54D89698670F6A6B46D13A9996E30BC0236878963FA1281502","2020 pa1000 pa4x.SET","MEDIUM_PCM","UNLINKED_PCM_HOLD_FOR_LATER","READ_ONLY_NO_BINARY_OUTPUT"
"RAM89.PCM","E:\UAOS_OPEN_LIBRARY_SOURCE\pa3x\RoTaNa(1) pa3x.SET\tareq pa3x.SET\PCM\RAM89.PCM","2606811","5D3261AB2CE813ED4B8CBA6218093307DAF079C2D03DF52134599486FBCA0238","RoTaNa(1) pa3x.SET","MEDIUM_PCM","UNLINKED_PCM_HOLD_FOR_LATER","READ_ONLY_NO_BINARY_OUTPUT"
"RAM89.PCM","E:\UAOS_OPEN_LIBRARY_SOURCE\pa3x\a1111.SET\a1111.SET\PCM\RAM89.PCM","5900832","F4479E94F057597819CE45427E972298534F71407C54D67A6A5D7BBC755FB456","a1111.SET","MEDIUM_PCM","UNLINKED_PCM_HOLD_FOR_LATER","READ_ONLY_NO_BINARY_OUTPUT"
"RAM89.PCM","E:\UAOS_OPEN_LIBRARY_SOURCE\pa3x\LIVE CHARKI 3 2.SET\LIVE CHARKI 3 2.SET\PCM\RAM89.PCM","1359844","05E9F1779B0EE2B9323698DB7AFE023FE566D17C0E6982CBB81AA031D4E7EE1F","LIVE CHARKI 3 2.SET","MEDIUM_PCM","UNLINKED_PCM_HOLD_FOR_LATER","READ_ONLY_NO_BINARY_OUTPUT"
"RAM89.PCM","E:\UAOS_OPEN_LIBRARY_SOURCE\pa3x\‏‏RoTaNa(1) pa3x.SET - نسخة\tareq pa3x.SET\PCM\RAM89.PCM","2606811","5D3261AB2CE813ED4B8CBA6218093307DAF079C2D03DF52134599486FBCA0238","tareq pa3x.SET","MEDIUM_PCM","UNLINKED_PCM_HOLD_FOR_LATER","READ_ONLY_NO_BINARY_OUTPUT"
"RAM90.PCM","E:\UAOS_OPEN_LIBRARY_SOURCE\pa3x\ABOUD NEXT-MG.SET\ABOUD NEXT-MG.SET\PCM\RAM90.PCM","6215705","6EBCC3E4C98CC187773395C2F2B53A8295E0D42EA84B992E45ADC873F5CB9E03","ABOUD NEXT-MG.SET","MEDIUM_PCM","UNLINKED_PCM_HOLD_FOR_LATER","READ_ONLY_NO_BINARY_OUTPUT"
"RAM90.PCM","E:\UAOS_OPEN_LIBRARY_SOURCE\pa3x\SUPER4X.3X ASLY2018.SET\SUPER4X.3X ASLY2018.SET\PCM\RAM90.PCM","2652732","7808680B9F7B64813083CE27C62C9F1DE0F0143F2A469E28789F5D994998433F","SUPER4X.3X ASLY2018.SET","MEDIUM_PCM","UNLINKED_PCM_HOLD_FOR_LATER","READ_ONLY_NO_BINARY_OUTPUT"
"RAM90.PCM","E:\UAOS_OPEN_LIBRARY_SOURCE\pa3x\rahm pa3x.SET\rahm pa3x.SET\PCM\RAM90.PCM","2099908","EBA01A4E168F53E65823F9A9AF346F597C4183BE9CAACFF2FD03C2C2BAE43BBF","rahm pa3x.SET","MEDIUM_PCM","UNLINKED_PCM_HOLD_FOR_LATER","READ_ONLY_NO_BINARY_OUTPUT"
"RAM90.PCM","E:\UAOS_OPEN_LIBRARY_SOURCE\pa3x\RoTaNa(1) pa3x.SET\tareq pa3x.SET\PCM\RAM90.PCM","2625317","7C137E2D70777E61AB5B68A4B5371CDABB56C2209E6BEB82B0A0F6A8005B24F2","RoTaNa(1) pa3x.SET","MEDIUM_PCM","UNLINKED_PCM_HOLD_FOR_LATER","READ_ONLY_NO_BINARY_OUTPUT"
"RAM90.PCM","E:\UAOS_OPEN_LIBRARY_SOURCE\pa3x\2020 pa1000 pa4x.SET\2020 pa1000 pa4x.SET\PCM\RAM90.PCM","3141862","EC8DD6F5958CE9EDF4E6A0543DEDAED745C7D3A1A5981D54590B3ACEA370D629","2020 pa1000 pa4x.SET","MEDIUM_PCM","UNLINKED_PCM_HOLD_FOR_LATER","READ_ONLY_NO_BINARY_OUTPUT"
"RAM90.PCM","E:\UAOS_OPEN_LIBRARY_SOURCE\pa3x\3xxxxx.SET\3xxxxx.SET\PCM\RAM90.PCM","2826090","F33667C1C0E7AA04876F2D7BDB93561991E0FF2F1CC7DA412C3FCB8FCE71D781","3xxxxx.SET","MEDIUM_PCM","UNLINKED_PCM_HOLD_FOR_LATER","READ_ONLY_NO_BINARY_OUTPUT"
"RAM90.PCM","E:\UAOS_OPEN_LIBRARY_SOURCE\pa3x\omar44.SET\omar44.SET\PCM\RAM90.PCM","4124667","AF1133636083B9015E4A0CD179C2C5C13FC5D0B38A8361619765EC376C1C9A27","omar44.SET","MEDIUM_PCM","UNLINKED_PCM_HOLD_FOR_LATER","READ_ONLY_NO_BINARY_OUTPUT"
"RAM90.PCM","E:\UAOS_OPEN_LIBRARY_SOURCE\pa3x\a1111.SET\a1111.SET\PCM\RAM90.PCM","5683478","193BF5916ADBDD12804100EA9B53AB9D614D2012E0C73C73585F58CE6422ACF5","a1111.SET","MEDIUM_PCM","UNLINKED_PCM_HOLD_FOR_LATER","READ_ONLY_NO_BINARY_OUTPUT"
"RAM90.PCM","E:\UAOS_OPEN_LIBRARY_SOURCE\pa3x\‏‏RoTaNa(1) pa3x.SET - نسخة\tareq pa3x.SET\PCM\RAM90.PCM","2625317","7C137E2D70777E61AB5B68A4B5371CDABB56C2209E6BEB82B0A0F6A8005B24F2","tareq pa3x.SET","MEDIUM_PCM","UNLINKED_PCM_HOLD_FOR_LATER","READ_ONLY_NO_BINARY_OUTPUT"
"RAM90.PCM","E:\UAOS_OPEN_LIBRARY_SOURCE\pa3x\ROTANA. 2022.SET\ROTANA. 2022.SET\PCM\RAM90.PCM","5175414","2578F599B31A388262D8F346C0E5D7F90F19799F97AC0FA5F379BD47129035DB","ROTANA. 2022.SET","MEDIUM_PCM","UNLINKED_PCM_HOLD_FOR_LATER","READ_ONLY_NO_BINARY_OUTPUT"
"RAM90.PCM","E:\UAOS_OPEN_LIBRARY_SOURCE\pa3x\LIVE CHARKI 3 2.SET\LIVE CHARKI 3 2.SET\PCM\RAM90.PCM","1155500","7CCF971B34DC884A4D1EA5EA2DB099FC25D130377A27406BA843A0D4E029B6DB","LIVE CHARKI 3 2.SET","MEDIUM_PCM","UNLINKED_PCM_HOLD_FOR_LATER","READ_ONLY_NO_BINARY_OUTPUT"
"RAM91.PCM","E:\UAOS_OPEN_LIBRARY_SOURCE\pa3x\omar44.SET\omar44.SET\PCM\RAM91.PCM","4165071","7B500E7525C788390B49F491B29BFC81234914613463AC059968C3EBAB007460","omar44.SET","MEDIUM_PCM","UNLINKED_PCM_HOLD_FOR_LATER","READ_ONLY_NO_BINARY_OUTPUT"
"RAM91.PCM","E:\UAOS_OPEN_LIBRARY_SOURCE\pa3x\SUPER4X.3X ASLY2018.SET\SUPER4X.3X ASLY2018.SET\PCM\RAM91.PCM","2683654","FF18C6BA84B67882293367704DE72854D941ADE96F6820CD66F0F3A9F593D132","SUPER4X.3X ASLY2018.SET","MEDIUM_PCM","UNLINKED_PCM_HOLD_FOR_LATER","READ_ONLY_NO_BINARY_OUTPUT"
"RAM91.PCM","E:\UAOS_OPEN_LIBRARY_SOURCE\pa3x\rahm pa3x.SET\rahm pa3x.SET\PCM\RAM91.PCM","2120763","5BED9CBD0B5E4CF7E9ABD3F53E8F6A87916EAEBAEE6A5A8909DA636640745BB3","rahm pa3x.SET","MEDIUM_PCM","UNLINKED_PCM_HOLD_FOR_LATER","READ_ONLY_NO_BINARY_OUTPUT"
"RAM91.PCM","E:\UAOS_OPEN_LIBRARY_SOURCE\pa3x\ROTANA. 2022.SET\ROTANA. 2022.SET\PCM\RAM91.PCM","4012948","41D81A25CE6CD2E6B20138C1390F2B4DD141683B5A29574E7B3310AADCEF9123","ROTANA. 2022.SET","MEDIUM_PCM","UNLINKED_PCM_HOLD_FOR_LATER","READ_ONLY_NO_BINARY_OUTPUT"
"RAM91.PCM","E:\UAOS_OPEN_LIBRARY_SOURCE\pa3x\a1111.SET\a1111.SET\PCM\RAM91.PCM","6241283","DE7E6ECD4E37E89BA4B29C65EC46CF3DF805995269697C0099D4EA473B6D1BC2","a1111.SET","MEDIUM_PCM","UNLINKED_PCM_HOLD_FOR_LATER","READ_ONLY_NO_BINARY_OUTPUT"
"RAM91.PCM","E:\UAOS_OPEN_LIBRARY_SOURCE\pa3x\2020 pa1000 pa4x.SET\2020 pa1000 pa4x.SET\PCM\RAM91.PCM","2906371","F85F8C1B9C0F922AB4DCF35BECDB6FBBA6CF40BBF9F06B0A9B6B9275C77BFCE2","2020 pa1000 pa4x.SET","MEDIUM_PCM","UNLINKED_PCM_HOLD_FOR_LATER","READ_ONLY_NO_BINARY_OUTPUT"
"RAM91.PCM","E:\UAOS_OPEN_LIBRARY_SOURCE\pa3x\ABOUD NEXT-MG.SET\ABOUD NEXT-MG.SET\PCM\RAM91.PCM","5902793","3D8F69E7ABF75007213BA3E4F49C48BCD18D6239E9FA14C7F10A72B19EBEFE62","ABOUD NEXT-MG.SET","MEDIUM_PCM","UNLINKED_PCM_HOLD_FOR_LATER","READ_ONLY_NO_BINARY_OUTPUT"
"RAM91.PCM","E:\UAOS_OPEN_LIBRARY_SOURCE\pa3x\LIVE CHARKI 3 2.SET\LIVE CHARKI 3 2.SET\PCM\RAM91.PCM","1097389","48BB0B43392FA16D23F2E49E755D1978143665D00767A55B6E84DB15611EC3FA","LIVE CHARKI 3 2.SET","MEDIUM_PCM","UNLINKED_PCM_HOLD_FOR_LATER","READ_ONLY_NO_BINARY_OUTPUT"
"RAM91.PCM","E:\UAOS_OPEN_LIBRARY_SOURCE\pa3x\‏‏RoTaNa(1) pa3x.SET - نسخة\tareq pa3x.SET\PCM\RAM91.PCM","2579532","3BBEC4C1A07822414749AEB2947955CE8AB109A04A230D82AEBADE68071BFA2A","tareq pa3x.SET","MEDIUM_PCM","UNLINKED_PCM_HOLD_FOR_LATER","READ_ONLY_NO_BINARY_OUTPUT"
"RAM91.PCM","E:\UAOS_OPEN_LIBRARY_SOURCE\pa3x\3xxxxx.SET\3xxxxx.SET\PCM\RAM91.PCM","2590694","E8440E8DDFF37E43398226ADC62215669C36C5009E5893C90BE8C85667EDE0D7","3xxxxx.SET","MEDIUM_PCM","UNLINKED_PCM_HOLD_FOR_LATER","READ_ONLY_NO_BINARY_OUTPUT"
"RAM91.PCM","E:\UAOS_OPEN_LIBRARY_SOURCE\pa3x\RoTaNa(1) pa3x.SET\tareq pa3x.SET\PCM\RAM91.PCM","2579532","3BBEC4C1A07822414749AEB2947955CE8AB109A04A230D82AEBADE68071BFA2A","RoTaNa(1) pa3x.SET","MEDIUM_PCM","UNLINKED_PCM_HOLD_FOR_LATER","READ_ONLY_NO_BINARY_OUTPUT"
"RAM92.PCM","E:\UAOS_OPEN_LIBRARY_SOURCE\pa3x\3xxxxx.SET\3xxxxx.SET\PCM\RAM92.PCM","2663396","84FC186A5966951AB800E04656F2D6BE459D4FF4D6FA1D9DFD91EB92CF511599","3xxxxx.SET","MEDIUM_PCM","UNLINKED_PCM_HOLD_FOR_LATER","READ_ONLY_NO_BINARY_OUTPUT"
"RAM92.PCM","E:\UAOS_OPEN_LIBRARY_SOURCE\pa3x\rahm pa3x.SET\rahm pa3x.SET\PCM\RAM92.PCM","2101560","974E2E38D10D9DCD5541F012F55F8BFED1F3066DF58F90AD25D84C91FCFF96F6","rahm pa3x.SET","MEDIUM_PCM","UNLINKED_PCM_HOLD_FOR_LATER","READ_ONLY_NO_BINARY_OUTPUT"
"RAM92.PCM","E:\UAOS_OPEN_LIBRARY_SOURCE\pa3x\SUPER4X.3X ASLY2018.SET\SUPER4X.3X ASLY2018.SET\PCM\RAM92.PCM","2661806","BA0F5868CBAD5AFEEFC06757665C610354F342FF958F2B09EF843EA46C1B7019","SUPER4X.3X ASLY2018.SET","MEDIUM_PCM","UNLINKED_PCM_HOLD_FOR_LATER","READ_ONLY_NO_BINARY_OUTPUT"
"RAM92.PCM","E:\UAOS_OPEN_LIBRARY_SOURCE\pa3x\‏‏RoTaNa(1) pa3x.SET - نسخة\tareq pa3x.SET\PCM\RAM92.PCM","2576418","3CBA45DBE48BEBC6AA5DC6B139E251F8CE1654C1C7B10A71BC35159592CCAB56","tareq pa3x.SET","MEDIUM_PCM","UNLINKED_PCM_HOLD_FOR_LATER","READ_ONLY_NO_BINARY_OUTPUT"
"RAM92.PCM","E:\UAOS_OPEN_LIBRARY_SOURCE\pa3x\a1111.SET\a1111.SET\PCM\RAM92.PCM","4904166","923EA22C6F1A24FAD948E5EDFAF0EC8BE4BB0CEF21B93776BA0334F7446AEB15","a1111.SET","MEDIUM_PCM","UNLINKED_PCM_HOLD_FOR_LATER","READ_ONLY_NO_BINARY_OUTPUT"
"RAM92.PCM","E:\UAOS_OPEN_LIBRARY_SOURCE\pa3x\ROTANA. 2022.SET\ROTANA. 2022.SET\PCM\RAM92.PCM","5410124","C64936E84E805734FDC8F414C5A1C4EF92DE90F13974C0EDE03677864419F8F5","ROTANA. 2022.SET","MEDIUM_PCM","UNLINKED_PCM_HOLD_FOR_LATER","READ_ONLY_NO_BINARY_OUTPUT"
"RAM92.PCM","E:\UAOS_OPEN_LIBRARY_SOURCE\pa3x\LIVE CHARKI 3 2.SET\LIVE CHARKI 3 2.SET\PCM\RAM92.PCM","992429","C407CB8D9A4756DFD4C8FCF6EEB809DB17F2FB9323D17D568B72E7DEEF91CBE6","LIVE CHARKI 3 2.SET","SMALL_PCM","UNLINKED_PCM_HOLD_FOR_LATER","READ_ONLY_NO_BINARY_OUTPUT"
"RAM92.PCM","E:\UAOS_OPEN_LIBRARY_SOURCE\pa3x\2020 pa1000 pa4x.SET\2020 pa1000 pa4x.SET\PCM\RAM92.PCM","3151658","95866B5D48FEF846766F2DE694911F62945C3F3F7DFECD07307B07C765C132CB","2020 pa1000 pa4x.SET","MEDIUM_PCM","UNLINKED_PCM_HOLD_FOR_LATER","READ_ONLY_NO_BINARY_OUTPUT"
"RAM92.PCM","E:\UAOS_OPEN_LIBRARY_SOURCE\pa3x\omar44.SET\omar44.SET\PCM\RAM92.PCM","4259005","A858A589F1E63EE3F3BAC92ABFE1D682FF904C52D35D9E39A01B0CD279A10053","omar44.SET","MEDIUM_PCM","UNLINKED_PCM_HOLD_FOR_LATER","READ_ONLY_NO_BINARY_OUTPUT"
"RAM92.PCM","E:\UAOS_OPEN_LIBRARY_SOURCE\pa3x\RoTaNa(1) pa3x.SET\tareq pa3x.SET\PCM\RAM92.PCM","2576418","3CBA45DBE48BEBC6AA5DC6B139E251F8CE1654C1C7B10A71BC35159592CCAB56","RoTaNa(1) pa3x.SET","MEDIUM_PCM","UNLINKED_PCM_HOLD_FOR_LATER","READ_ONLY_NO_BINARY_OUTPUT"
"RAM92.PCM","E:\UAOS_OPEN_LIBRARY_SOURCE\pa3x\ABOUD NEXT-MG.SET\ABOUD NEXT-MG.SET\PCM\RAM92.PCM","5694180","FCD543FFEEDF6FD4B08C7BE574E88687F6ED78F23D5488FDD04F593A41CF3CD1","ABOUD NEXT-MG.SET","MEDIUM_PCM","UNLINKED_PCM_HOLD_FOR_LATER","READ_ONLY_NO_BINARY_OUTPUT"
"RAM93.PCM","E:\UAOS_OPEN_LIBRARY_SOURCE\pa3x\omar44.SET\omar44.SET\PCM\RAM93.PCM","4352648","B871C47591D9559E639B7C6AECE873079E3EB0BC0F38DDB972831F0DE4AEC39D","omar44.SET","MEDIUM_PCM","UNLINKED_PCM_HOLD_FOR_LATER","READ_ONLY_NO_BINARY_OUTPUT"
"RAM93.PCM","E:\UAOS_OPEN_LIBRARY_SOURCE\pa3x\RoTaNa(1) pa3x.SET\tareq pa3x.SET\PCM\RAM93.PCM","2636884","8C539248040B6FC546D3D7E6511CB92C71AAE93FF0FCACDE9FF015CF287CD0F6","RoTaNa(1) pa3x.SET","MEDIUM_PCM","UNLINKED_PCM_HOLD_FOR_LATER","READ_ONLY_NO_BINARY_OUTPUT"
"RAM93.PCM","E:\UAOS_OPEN_LIBRARY_SOURCE\pa3x\a1111.SET\a1111.SET\PCM\RAM93.PCM","7506651","4E54688BF4B92D7DF74BB61E539B04CC887B6CFDB9DDEA6E4D0DBF3129C61EFB","a1111.SET","MEDIUM_PCM","UNLINKED_PCM_HOLD_FOR_LATER","READ_ONLY_NO_BINARY_OUTPUT"
"RAM93.PCM","E:\UAOS_OPEN_LIBRARY_SOURCE\pa3x\ABOUD NEXT-MG.SET\ABOUD NEXT-MG.SET\PCM\RAM93.PCM","6378279","9FA2D69FD52B8CA54B05C85C1F54AB91E4E958321395A050F5A266ECF8E27936","ABOUD NEXT-MG.SET","MEDIUM_PCM","UNLINKED_PCM_HOLD_FOR_LATER","READ_ONLY_NO_BINARY_OUTPUT"
"RAM93.PCM","E:\UAOS_OPEN_LIBRARY_SOURCE\pa3x\ROTANA. 2022.SET\ROTANA. 2022.SET\PCM\RAM93.PCM","6003952","2BEED16CB9F22D10E0FD887B009D7363A603804CC5DF8D5A001D186AF3032646","ROTANA. 2022.SET","MEDIUM_PCM","UNLINKED_PCM_HOLD_FOR_LATER","READ_ONLY_NO_BINARY_OUTPUT"
"RAM93.PCM","E:\UAOS_OPEN_LIBRARY_SOURCE\pa3x\‏‏RoTaNa(1) pa3x.SET - نسخة\tareq pa3x.SET\PCM\RAM93.PCM","2636884","8C539248040B6FC546D3D7E6511CB92C71AAE93FF0FCACDE9FF015CF287CD0F6","tareq pa3x.SET","MEDIUM_PCM","UNLINKED_PCM_HOLD_FOR_LATER","READ_ONLY_NO_BINARY_OUTPUT"
"RAM93.PCM","E:\UAOS_OPEN_LIBRARY_SOURCE\pa3x\SUPER4X.3X ASLY2018.SET\SUPER4X.3X ASLY2018.SET\PCM\RAM93.PCM","2687578","EC3F25985D9FB1FD5ADDFE42CFE261BDC98367AD61A6BA35CE5578D46D6D99EC","SUPER4X.3X ASLY2018.SET","MEDIUM_PCM","UNLINKED_PCM_HOLD_FOR_LATER","READ_ONLY_NO_BINARY_OUTPUT"
"RAM93.PCM","E:\UAOS_OPEN_LIBRARY_SOURCE\pa3x\2020 pa1000 pa4x.SET\2020 pa1000 pa4x.SET\PCM\RAM93.PCM","2888560","19D3E158EF0D23D82215C2D9ECF7AB1548C17C7BC05860B37E13D4C2A4FEEDC6","2020 pa1000 pa4x.SET","MEDIUM_PCM","UNLINKED_PCM_HOLD_FOR_LATER","READ_ONLY_NO_BINARY_OUTPUT"
"RAM93.PCM","E:\UAOS_OPEN_LIBRARY_SOURCE\pa3x\LIVE CHARKI 3 2.SET\LIVE CHARKI 3 2.SET\PCM\RAM93.PCM","1218488","CE8C38BCECEFAE2ECE8EC016F03A7601832371069A316485B640875665F64D2C","LIVE CHARKI 3 2.SET","MEDIUM_PCM","UNLINKED_PCM_HOLD_FOR_LATER","READ_ONLY_NO_BINARY_OUTPUT"
"RAM93.PCM","E:\UAOS_OPEN_LIBRARY_SOURCE\pa3x\3xxxxx.SET\3xxxxx.SET\PCM\RAM93.PCM","2609739","73D1E7A02870D59EFD0F0BCA27ECB1ED64C9E18F8E55F090BCA1E79752C62069","3xxxxx.SET","MEDIUM_PCM","UNLINKED_PCM_HOLD_FOR_LATER","READ_ONLY_NO_BINARY_OUTPUT"
"RAM93.PCM","E:\UAOS_OPEN_LIBRARY_SOURCE\pa3x\rahm pa3x.SET\rahm pa3x.SET\PCM\RAM93.PCM","2831858","D0E87D3FD6C5696E092992B093EAC366A1EF29D5CE2DAB1EF70952DC41160503","rahm pa3x.SET","MEDIUM_PCM","UNLINKED_PCM_HOLD_FOR_LATER","READ_ONLY_NO_BINARY_OUTPUT"
"RAM94.PCM","E:\UAOS_OPEN_LIBRARY_SOURCE\pa3x\ABOUD NEXT-MG.SET\ABOUD NEXT-MG.SET\PCM\RAM94.PCM","5625593","23AD69DC759FB347A663D5B2DDDD7AECF3DE398F73BA89F147C66FFA84BE8F4A","ABOUD NEXT-MG.SET","MEDIUM_PCM","UNLINKED_PCM_HOLD_FOR_LATER","READ_ONLY_NO_BINARY_OUTPUT"
"RAM94.PCM","E:\UAOS_OPEN_LIBRARY_SOURCE\pa3x\omar44.SET\omar44.SET\PCM\RAM94.PCM","4348193","367EBB1A00AD71C089A0EFA4D9C4CAD5B171354816225EB8949DE9929F76B03E","omar44.SET","MEDIUM_PCM","UNLINKED_PCM_HOLD_FOR_LATER","READ_ONLY_NO_BINARY_OUTPUT"
"RAM94.PCM","E:\UAOS_OPEN_LIBRARY_SOURCE\pa3x\SUPER4X.3X ASLY2018.SET\SUPER4X.3X ASLY2018.SET\PCM\RAM94.PCM","2684328","7819B772F6A51E8D229496191A61539ED24C6CBB3783950FF534C4071EBB8CA8","SUPER4X.3X ASLY2018.SET","MEDIUM_PCM","UNLINKED_PCM_HOLD_FOR_LATER","READ_ONLY_NO_BINARY_OUTPUT"
"RAM94.PCM","E:\UAOS_OPEN_LIBRARY_SOURCE\pa3x\ROTANA. 2022.SET\ROTANA. 2022.SET\PCM\RAM94.PCM","4049136","A720CC8734FA7DD5C8109213636DC9B48A14A04FAD005F3A36E1C4A8D084F008","ROTANA. 2022.SET","MEDIUM_PCM","UNLINKED_PCM_HOLD_FOR_LATER","READ_ONLY_NO_BINARY_OUTPUT"
"RAM94.PCM","E:\UAOS_OPEN_LIBRARY_SOURCE\pa3x\2020 pa1000 pa4x.SET\2020 pa1000 pa4x.SET\PCM\RAM94.PCM","2961520","E3EA070B9898F52721AA2B1B473782E80F22B9AF87802AB7BDE865931740077F","2020 pa1000 pa4x.SET","MEDIUM_PCM","UNLINKED_PCM_HOLD_FOR_LATER","READ_ONLY_NO_BINARY_OUTPUT"
"RAM94.PCM","E:\UAOS_OPEN_LIBRARY_SOURCE\pa3x\rahm pa3x.SET\rahm pa3x.SET\PCM\RAM94.PCM","2198728","DF365CAA88BB64A751D62F04B8E4FE62780C783D84FEA7106F9D0D3C94C2CC44","rahm pa3x.SET","MEDIUM_PCM","UNLINKED_PCM_HOLD_FOR_LATER","READ_ONLY_NO_BINARY_OUTPUT"
"RAM94.PCM","E:\UAOS_OPEN_LIBRARY_SOURCE\pa3x\a1111.SET\a1111.SET\PCM\RAM94.PCM","7338328","8BF27784AC5208040BDD214F71158A47DB41701C02401BF59C611AEAA17310B3","a1111.SET","MEDIUM_PCM","UNLINKED_PCM_HOLD_FOR_LATER","READ_ONLY_NO_BINARY_OUTPUT"
"RAM94.PCM","E:\UAOS_OPEN_LIBRARY_SOURCE\pa3x\RoTaNa(1) pa3x.SET\tareq pa3x.SET\PCM\RAM94.PCM","2598058","2215BF009F01C3698E178E07DAFE1093899E976EB5B19CF30065ED718259677E","RoTaNa(1) pa3x.SET","MEDIUM_PCM","UNLINKED_PCM_HOLD_FOR_LATER","READ_ONLY_NO_BINARY_OUTPUT"
"RAM94.PCM","E:\UAOS_OPEN_LIBRARY_SOURCE\pa3x\LIVE CHARKI 3 2.SET\LIVE CHARKI 3 2.SET\PCM\RAM94.PCM","1258931","F1F37980066C5881A9DFE5E05FAB08FE1E2FFD8F77BD164A88AF3F62C7C59025","LIVE CHARKI 3 2.SET","MEDIUM_PCM","UNLINKED_PCM_HOLD_FOR_LATER","READ_ONLY_NO_BINARY_OUTPUT"
"RAM94.PCM","E:\UAOS_OPEN_LIBRARY_SOURCE\pa3x\3xxxxx.SET\3xxxxx.SET\PCM\RAM94.PCM","2610758","D3A8AD91EC09D16DDC74BCEF5D53D45B9360CB452095F1A84582BD0BB2CEF14C","3xxxxx.SET","MEDIUM_PCM","UNLINKED_PCM_HOLD_FOR_LATER","READ_ONLY_NO_BINARY_OUTPUT"
"RAM94.PCM","E:\UAOS_OPEN_LIBRARY_SOURCE\pa3x\‏‏RoTaNa(1) pa3x.SET - نسخة\tareq pa3x.SET\PCM\RAM94.PCM","2598058","2215BF009F01C3698E178E07DAFE1093899E976EB5B19CF30065ED718259677E","tareq pa3x.SET","MEDIUM_PCM","UNLINKED_PCM_HOLD_FOR_LATER","READ_ONLY_NO_BINARY_OUTPUT"
"RAM95.PCM","E:\UAOS_OPEN_LIBRARY_SOURCE\pa3x\SUPER4X.3X ASLY2018.SET\SUPER4X.3X ASLY2018.SET\PCM\RAM95.PCM","2724804","9291A4CBE728178B74E67A6B48B2280548F96D6677563504FA27373C1B706FB3","SUPER4X.3X ASLY2018.SET","MEDIUM_PCM","UNLINKED_PCM_HOLD_FOR_LATER","READ_ONLY_NO_BINARY_OUTPUT"
"RAM95.PCM","E:\UAOS_OPEN_LIBRARY_SOURCE\pa3x\LIVE CHARKI 3 2.SET\LIVE CHARKI 3 2.SET\PCM\RAM95.PCM","1074999","CB6DFDAB2EBD4BEE21E781989BBAE19F554FBD29FB6DD1E29BAEAF08B4ECB719","LIVE CHARKI 3 2.SET","MEDIUM_PCM","UNLINKED_PCM_HOLD_FOR_LATER","READ_ONLY_NO_BINARY_OUTPUT"
"RAM95.PCM","E:\UAOS_OPEN_LIBRARY_SOURCE\pa3x\a1111.SET\a1111.SET\PCM\RAM95.PCM","6633740","6E4DC77F7C3D28025A92AE95085EEC844771A5DA7D4C4B62344311DCBFB13A58","a1111.SET","MEDIUM_PCM","UNLINKED_PCM_HOLD_FOR_LATER","READ_ONLY_NO_BINARY_OUTPUT"
"RAM95.PCM","E:\UAOS_OPEN_LIBRARY_SOURCE\pa3x\rahm pa3x.SET\rahm pa3x.SET\PCM\RAM95.PCM","2109464","65081A8788AC6DFB7A97DAA72AE45DAF5D272542102054C33AE629B28C3DA4A0","rahm pa3x.SET","MEDIUM_PCM","UNLINKED_PCM_HOLD_FOR_LATER","READ_ONLY_NO_BINARY_OUTPUT"
"RAM95.PCM","E:\UAOS_OPEN_LIBRARY_SOURCE\pa3x\‏‏RoTaNa(1) pa3x.SET - نسخة\tareq pa3x.SET\PCM\RAM95.PCM","2589852","E0B3DD2231E39596094E285583B976C6F05B649927A78300B2C9944C22EE4B61","tareq pa3x.SET","MEDIUM_PCM","UNLINKED_PCM_HOLD_FOR_LATER","READ_ONLY_NO_BINARY_OUTPUT"
"RAM95.PCM","E:\UAOS_OPEN_LIBRARY_SOURCE\pa3x\3xxxxx.SET\3xxxxx.SET\PCM\RAM95.PCM","2603828","84F1E7DC9CB46432304AFEEC959D8D7FA86564C88B5447A685FEA4A3513A9949","3xxxxx.SET","MEDIUM_PCM","UNLINKED_PCM_HOLD_FOR_LATER","READ_ONLY_NO_BINARY_OUTPUT"
"RAM95.PCM","E:\UAOS_OPEN_LIBRARY_SOURCE\pa3x\2020 pa1000 pa4x.SET\2020 pa1000 pa4x.SET\PCM\RAM95.PCM","2945112","CEAD3FD2F675FE34D8D0097DB009422C8483F45815FDA71DE4270996C81A1845","2020 pa1000 pa4x.SET","MEDIUM_PCM","UNLINKED_PCM_HOLD_FOR_LATER","READ_ONLY_NO_BINARY_OUTPUT"
"RAM95.PCM","E:\UAOS_OPEN_LIBRARY_SOURCE\pa3x\ABOUD NEXT-MG.SET\ABOUD NEXT-MG.SET\PCM\RAM95.PCM","6532109","E887102748A57A34152DAB7EDED1811EF5630AACDFBC22A88B7E77CFA0E87CA9","ABOUD NEXT-MG.SET","MEDIUM_PCM","UNLINKED_PCM_HOLD_FOR_LATER","READ_ONLY_NO_BINARY_OUTPUT"
"RAM95.PCM","E:\UAOS_OPEN_LIBRARY_SOURCE\pa3x\ROTANA. 2022.SET\ROTANA. 2022.SET\PCM\RAM95.PCM","5280794","0D3E819E97AD73009F6432ED8A57B37449D4354A87C1F6DD45D32645CB0545F9","ROTANA. 2022.SET","MEDIUM_PCM","UNLINKED_PCM_HOLD_FOR_LATER","READ_ONLY_NO_BINARY_OUTPUT"
"RAM95.PCM","E:\UAOS_OPEN_LIBRARY_SOURCE\pa3x\omar44.SET\omar44.SET\PCM\RAM95.PCM","4075546","4B935A88CECD493E9C8F2FF49C9D759452AEA65274883507A5F8DE1AF13AE05C","omar44.SET","MEDIUM_PCM","UNLINKED_PCM_HOLD_FOR_LATER","READ_ONLY_NO_BINARY_OUTPUT"
"RAM95.PCM","E:\UAOS_OPEN_LIBRARY_SOURCE\pa3x\RoTaNa(1) pa3x.SET\tareq pa3x.SET\PCM\RAM95.PCM","2589852","E0B3DD2231E39596094E285583B976C6F05B649927A78300B2C9944C22EE4B61","RoTaNa(1) pa3x.SET","MEDIUM_PCM","UNLINKED_PCM_HOLD_FOR_LATER","READ_ONLY_NO_BINARY_OUTPUT"
"RAM96.PCM","E:\UAOS_OPEN_LIBRARY_SOURCE\pa3x\SUPER4X.3X ASLY2018.SET\SUPER4X.3X ASLY2018.SET\PCM\RAM96.PCM","2681013","63BD3E3F68523F5661851A04EC6351BABDB848894DCAB8B8D4E28031F21BCD76","SUPER4X.3X ASLY2018.SET","MEDIUM_PCM","UNLINKED_PCM_HOLD_FOR_LATER","READ_ONLY_NO_BINARY_OUTPUT"
"RAM96.PCM","E:\UAOS_OPEN_LIBRARY_SOURCE\pa3x\3xxxxx.SET\3xxxxx.SET\PCM\RAM96.PCM","2577408","53EC5CEE26D1A2296870844432AE724A6B1EEB8B17079EE3F529701CEBDF7B27","3xxxxx.SET","MEDIUM_PCM","UNLINKED_PCM_HOLD_FOR_LATER","READ_ONLY_NO_BINARY_OUTPUT"
"RAM96.PCM","E:\UAOS_OPEN_LIBRARY_SOURCE\pa3x\RoTaNa(1) pa3x.SET\tareq pa3x.SET\PCM\RAM96.PCM","2572710","DAD8E0D0A66BB13F0A677667964E7A13B71C2F452FE6DDD24D88F7FAF6E75157","RoTaNa(1) pa3x.SET","MEDIUM_PCM","UNLINKED_PCM_HOLD_FOR_LATER","READ_ONLY_NO_BINARY_OUTPUT"
"RAM96.PCM","E:\UAOS_OPEN_LIBRARY_SOURCE\pa3x\2020 pa1000 pa4x.SET\2020 pa1000 pa4x.SET\PCM\RAM96.PCM","2931449","A6EE08C0C9A94AD4AAABFAFA5615E3A560A6B97C0DCDDDBB46592DFA482C5C40","2020 pa1000 pa4x.SET","MEDIUM_PCM","UNLINKED_PCM_HOLD_FOR_LATER","READ_ONLY_NO_BINARY_OUTPUT"
"RAM96.PCM","E:\UAOS_OPEN_LIBRARY_SOURCE\pa3x\‏‏RoTaNa(1) pa3x.SET - نسخة\tareq pa3x.SET\PCM\RAM96.PCM","2572710","DAD8E0D0A66BB13F0A677667964E7A13B71C2F452FE6DDD24D88F7FAF6E75157","tareq pa3x.SET","MEDIUM_PCM","UNLINKED_PCM_HOLD_FOR_LATER","READ_ONLY_NO_BINARY_OUTPUT"
"RAM96.PCM","E:\UAOS_OPEN_LIBRARY_SOURCE\pa3x\ROTANA. 2022.SET\ROTANA. 2022.SET\PCM\RAM96.PCM","4194648","B652F25A1BF7372D9FCAFD73B6BD648785E0DD203CB05CD28D8EC1707EE4679D","ROTANA. 2022.SET","MEDIUM_PCM","UNLINKED_PCM_HOLD_FOR_LATER","READ_ONLY_NO_BINARY_OUTPUT"
"RAM96.PCM","E:\UAOS_OPEN_LIBRARY_SOURCE\pa3x\rahm pa3x.SET\rahm pa3x.SET\PCM\RAM96.PCM","2100085","1F9DD3370EF298915F1E17FE3B03A32E981B2EF29CE8727E57AA8E286BC0C243","rahm pa3x.SET","MEDIUM_PCM","UNLINKED_PCM_HOLD_FOR_LATER","READ_ONLY_NO_BINARY_OUTPUT"
"RAM96.PCM","E:\UAOS_OPEN_LIBRARY_SOURCE\pa3x\ABOUD NEXT-MG.SET\ABOUD NEXT-MG.SET\PCM\RAM96.PCM","5969772","5830E96B6C019E1A32BD3F51A8B6B59C3627E162651CD62AB0581747DB0820A6","ABOUD NEXT-MG.SET","MEDIUM_PCM","UNLINKED_PCM_HOLD_FOR_LATER","READ_ONLY_NO_BINARY_OUTPUT"
"RAM96.PCM","E:\UAOS_OPEN_LIBRARY_SOURCE\pa3x\omar44.SET\omar44.SET\PCM\RAM96.PCM","4276291","22C89ED4E036FC984954DD8A64113B7DE69BCF2FD49A47BB49B58B99E17883F4","omar44.SET","MEDIUM_PCM","UNLINKED_PCM_HOLD_FOR_LATER","READ_ONLY_NO_BINARY_OUTPUT"
"RAM96.PCM","E:\UAOS_OPEN_LIBRARY_SOURCE\pa3x\a1111.SET\a1111.SET\PCM\RAM96.PCM","7268960","9CC8BD9B89E01614110EC25DB5BCE62F10D7E3A6E06A8DFD8032294CCB5B8185","a1111.SET","MEDIUM_PCM","UNLINKED_PCM_HOLD_FOR_LATER","READ_ONLY_NO_BINARY_OUTPUT"
"RAM96.PCM","E:\UAOS_OPEN_LIBRARY_SOURCE\pa3x\LIVE CHARKI 3 2.SET\LIVE CHARKI 3 2.SET\PCM\RAM96.PCM","1584496","D16D346F3B3574380894F558F1E3D0DD5D77C4DE4ECC17951F9685CFD6498E03","LIVE CHARKI 3 2.SET","MEDIUM_PCM","UNLINKED_PCM_HOLD_FOR_LATER","READ_ONLY_NO_BINARY_OUTPUT"
"RAM97.PCM","E:\UAOS_OPEN_LIBRARY_SOURCE\pa3x\ABOUD NEXT-MG.SET\ABOUD NEXT-MG.SET\PCM\RAM97.PCM","7024909","3AE02E0BCB68DC818B11C33959B2DA945D4B76E13039C6E380DF233F17DE5DD2","ABOUD NEXT-MG.SET","MEDIUM_PCM","UNLINKED_PCM_HOLD_FOR_LATER","READ_ONLY_NO_BINARY_OUTPUT"
"RAM97.PCM","E:\UAOS_OPEN_LIBRARY_SOURCE\pa3x\rahm pa3x.SET\rahm pa3x.SET\PCM\RAM97.PCM","2188122","016D2A36B4EAB4DE7454AB13843C1734813023124BA70E8EBD0C06AF33334D26","rahm pa3x.SET","MEDIUM_PCM","UNLINKED_PCM_HOLD_FOR_LATER","READ_ONLY_NO_BINARY_OUTPUT"
"RAM97.PCM","E:\UAOS_OPEN_LIBRARY_SOURCE\pa3x\omar44.SET\omar44.SET\PCM\RAM97.PCM","4274722","9DAC77DFBD78582095D9B347FBF5086049ADC85E9410DD14C3C0D09DED995F62","omar44.SET","MEDIUM_PCM","UNLINKED_PCM_HOLD_FOR_LATER","READ_ONLY_NO_BINARY_OUTPUT"
"RAM97.PCM","E:\UAOS_OPEN_LIBRARY_SOURCE\pa3x\RoTaNa(1) pa3x.SET\tareq pa3x.SET\PCM\RAM97.PCM","2618134","F4A866E7D5205B1FD6C433C81A96769EDEC1E05108677657D11DAF42A9537B82","RoTaNa(1) pa3x.SET","MEDIUM_PCM","UNLINKED_PCM_HOLD_FOR_LATER","READ_ONLY_NO_BINARY_OUTPUT"
"RAM97.PCM","E:\UAOS_OPEN_LIBRARY_SOURCE\pa3x\3xxxxx.SET\3xxxxx.SET\PCM\RAM97.PCM","2591542","0BF52C6B6C92B6DE75B4709F29B8D09BD895308534CCB8E528FAE2BFF18EE161","3xxxxx.SET","MEDIUM_PCM","UNLINKED_PCM_HOLD_FOR_LATER","READ_ONLY_NO_BINARY_OUTPUT"
"RAM97.PCM","E:\UAOS_OPEN_LIBRARY_SOURCE\pa3x\ROTANA. 2022.SET\ROTANA. 2022.SET\PCM\RAM97.PCM","5725476","CBB6A35B0EEC51EBCFFA72841D9F37797AB84EF82E9465B2CCC91A938092E582","ROTANA. 2022.SET","MEDIUM_PCM","UNLINKED_PCM_HOLD_FOR_LATER","READ_ONLY_NO_BINARY_OUTPUT"
"RAM97.PCM","E:\UAOS_OPEN_LIBRARY_SOURCE\pa3x\a1111.SET\a1111.SET\PCM\RAM97.PCM","5805895","F9B482B0F02F612AB184BC62BAF4380FD2D3C5CAD2128C62197D9B66911D3C03","a1111.SET","MEDIUM_PCM","UNLINKED_PCM_HOLD_FOR_LATER","READ_ONLY_NO_BINARY_OUTPUT"
"RAM97.PCM","E:\UAOS_OPEN_LIBRARY_SOURCE\pa3x\2020 pa1000 pa4x.SET\2020 pa1000 pa4x.SET\PCM\RAM97.PCM","3147717","C13DF7CA6CB803098151B81BD9BDA23D23820958A0935CEAD1E7F3790A53B99E","2020 pa1000 pa4x.SET","MEDIUM_PCM","UNLINKED_PCM_HOLD_FOR_LATER","READ_ONLY_NO_BINARY_OUTPUT"
"RAM97.PCM","E:\UAOS_OPEN_LIBRARY_SOURCE\pa3x\LIVE CHARKI 3 2.SET\LIVE CHARKI 3 2.SET\PCM\RAM97.PCM","1063336","B0DF8143426FBB6ADC7FCFA841A89FF8D635420BF03F23E6CD93782EA9C4DEBD","LIVE CHARKI 3 2.SET","MEDIUM_PCM","UNLINKED_PCM_HOLD_FOR_LATER","READ_ONLY_NO_BINARY_OUTPUT"
"RAM97.PCM","E:\UAOS_OPEN_LIBRARY_SOURCE\pa3x\SUPER4X.3X ASLY2018.SET\SUPER4X.3X ASLY2018.SET\PCM\RAM97.PCM","2657204","7DA6EA0D2F9EEEB4AE4519037C3AB04EB4437FA643155A2E8E710B8B4C787123","SUPER4X.3X ASLY2018.SET","MEDIUM_PCM","UNLINKED_PCM_HOLD_FOR_LATER","READ_ONLY_NO_BINARY_OUTPUT"
"RAM97.PCM","E:\UAOS_OPEN_LIBRARY_SOURCE\pa3x\‏‏RoTaNa(1) pa3x.SET - نسخة\tareq pa3x.SET\PCM\RAM97.PCM","2618134","F4A866E7D5205B1FD6C433C81A96769EDEC1E05108677657D11DAF42A9537B82","tareq pa3x.SET","MEDIUM_PCM","UNLINKED_PCM_HOLD_FOR_LATER","READ_ONLY_NO_BINARY_OUTPUT"
"RAM98.PCM","E:\UAOS_OPEN_LIBRARY_SOURCE\pa3x\SUPER4X.3X ASLY2018.SET\SUPER4X.3X ASLY2018.SET\PCM\RAM98.PCM","3170616","7D4CA959695FF077103BC8568278FAF4D3B9ACBECB7B8ACAE85C4835730FB98E","SUPER4X.3X ASLY2018.SET","MEDIUM_PCM","UNLINKED_PCM_HOLD_FOR_LATER","READ_ONLY_NO_BINARY_OUTPUT"
"RAM98.PCM","E:\UAOS_OPEN_LIBRARY_SOURCE\pa3x\RoTaNa(1) pa3x.SET\tareq pa3x.SET\PCM\RAM98.PCM","2574924","0AFA0CFD83BB20D7F466F28D3152014255896636328B64317EE859F87C728945","RoTaNa(1) pa3x.SET","MEDIUM_PCM","UNLINKED_PCM_HOLD_FOR_LATER","READ_ONLY_NO_BINARY_OUTPUT"
"RAM98.PCM","E:\UAOS_OPEN_LIBRARY_SOURCE\pa3x\LIVE CHARKI 3 2.SET\LIVE CHARKI 3 2.SET\PCM\RAM98.PCM","1005972","187FFF518C6C3BB1C9AF6C074948D3662A3E17D6428E273F17CAC19ADEE05439","LIVE CHARKI 3 2.SET","SMALL_PCM","UNLINKED_PCM_HOLD_FOR_LATER","READ_ONLY_NO_BINARY_OUTPUT"
"RAM98.PCM","E:\UAOS_OPEN_LIBRARY_SOURCE\pa3x\a1111.SET\a1111.SET\PCM\RAM98.PCM","6107026","2A9C858992E0BC1225C252E564234112F0BE8B176BFD3179F0A7EB730AA41F38","a1111.SET","MEDIUM_PCM","UNLINKED_PCM_HOLD_FOR_LATER","READ_ONLY_NO_BINARY_OUTPUT"
"RAM98.PCM","E:\UAOS_OPEN_LIBRARY_SOURCE\pa3x\2020 pa1000 pa4x.SET\2020 pa1000 pa4x.SET\PCM\RAM98.PCM","2915652","88E919D379E4EAC8CAA53022A42FD672B050D563644CD52EEF6033E9F7DDBE3D","2020 pa1000 pa4x.SET","MEDIUM_PCM","UNLINKED_PCM_HOLD_FOR_LATER","READ_ONLY_NO_BINARY_OUTPUT"
"RAM98.PCM","E:\UAOS_OPEN_LIBRARY_SOURCE\pa3x\rahm pa3x.SET\rahm pa3x.SET\PCM\RAM98.PCM","2492414","DF472A1AAE1276F7EAA0D36C9954963D2EC70EF275152DAE64F9ACCED2FFC553","rahm pa3x.SET","MEDIUM_PCM","UNLINKED_PCM_HOLD_FOR_LATER","READ_ONLY_NO_BINARY_OUTPUT"
"RAM98.PCM","E:\UAOS_OPEN_LIBRARY_SOURCE\pa3x\‏‏RoTaNa(1) pa3x.SET - نسخة\tareq pa3x.SET\PCM\RAM98.PCM","2574924","0AFA0CFD83BB20D7F466F28D3152014255896636328B64317EE859F87C728945","tareq pa3x.SET","MEDIUM_PCM","UNLINKED_PCM_HOLD_FOR_LATER","READ_ONLY_NO_BINARY_OUTPUT"
"RAM98.PCM","E:\UAOS_OPEN_LIBRARY_SOURCE\pa3x\ROTANA. 2022.SET\ROTANA. 2022.SET\PCM\RAM98.PCM","5248908","F268AB74872F26007B8DEEEE15F3D85D31311722FF22C0CE6CAB6C2B2E0430EF","ROTANA. 2022.SET","MEDIUM_PCM","UNLINKED_PCM_HOLD_FOR_LATER","READ_ONLY_NO_BINARY_OUTPUT"
"RAM98.PCM","E:\UAOS_OPEN_LIBRARY_SOURCE\pa3x\ABOUD NEXT-MG.SET\ABOUD NEXT-MG.SET\PCM\RAM98.PCM","3759162","E2C135CA945EFFA97FE4ED3F5A88F09216B6D9BC55A1CB4FD73448A6DD7A0DBA","ABOUD NEXT-MG.SET","MEDIUM_PCM","UNLINKED_PCM_HOLD_FOR_LATER","READ_ONLY_NO_BINARY_OUTPUT"
"RAM98.PCM","E:\UAOS_OPEN_LIBRARY_SOURCE\pa3x\omar44.SET\omar44.SET\PCM\RAM98.PCM","4199123","CEF85916D12367BAF3891D3A2C7856CC86226EF2B075589688576A994B684B43","omar44.SET","MEDIUM_PCM","UNLINKED_PCM_HOLD_FOR_LATER","READ_ONLY_NO_BINARY_OUTPUT"
"RAM98.PCM","E:\UAOS_OPEN_LIBRARY_SOURCE\pa3x\3xxxxx.SET\3xxxxx.SET\PCM\RAM98.PCM","2603530","509B1C78CF2EF8184C68E0BBCB429DC61A40939C36D05A8435D321ACE857C5DD","3xxxxx.SET","MEDIUM_PCM","UNLINKED_PCM_HOLD_FOR_LATER","READ_ONLY_NO_BINARY_OUTPUT"
"RAM99.PCM","E:\UAOS_OPEN_LIBRARY_SOURCE\pa3x\3xxxxx.SET\3xxxxx.SET\PCM\RAM99.PCM","2650680","6140E4B7731C9919A6493F21F9AEF3C5334E38F34E51D445AF6ABF0E5FDE0BBF","3xxxxx.SET","MEDIUM_PCM","UNLINKED_PCM_HOLD_FOR_LATER","READ_ONLY_NO_BINARY_OUTPUT"
"RAM99.PCM","E:\UAOS_OPEN_LIBRARY_SOURCE\pa3x\ROTANA. 2022.SET\ROTANA. 2022.SET\PCM\RAM99.PCM","5610698","C56649CDA6248AC96863B062A5471457704D0C82DB5F7A4C33E8F2C949EB92C6","ROTANA. 2022.SET","MEDIUM_PCM","UNLINKED_PCM_HOLD_FOR_LATER","READ_ONLY_NO_BINARY_OUTPUT"
"RAM99.PCM","E:\UAOS_OPEN_LIBRARY_SOURCE\pa3x\ABOUD NEXT-MG.SET\ABOUD NEXT-MG.SET\PCM\RAM99.PCM","4619285","4F13F024030BAB6ACC03425B7B15288DEA9EAB5B0C4606659C0FCD73D7B8C36A","ABOUD NEXT-MG.SET","MEDIUM_PCM","UNLINKED_PCM_HOLD_FOR_LATER","READ_ONLY_NO_BINARY_OUTPUT"
"RAM99.PCM","E:\UAOS_OPEN_LIBRARY_SOURCE\pa3x\RoTaNa(1) pa3x.SET\tareq pa3x.SET\PCM\RAM99.PCM","2725894","0E912497ADC93008103C7DB9285A0F3860A302DE8A756EEBC602CA04931BDDF7","RoTaNa(1) pa3x.SET","MEDIUM_PCM","UNLINKED_PCM_HOLD_FOR_LATER","READ_ONLY_NO_BINARY_OUTPUT"
"RAM99.PCM","E:\UAOS_OPEN_LIBRARY_SOURCE\pa3x\rahm pa3x.SET\rahm pa3x.SET\PCM\RAM99.PCM","2159722","30A6861EA7E295E8AF3F586E67EEE469E7E5FB9AE44EBFBE7A2AB008ED821028","rahm pa3x.SET","MEDIUM_PCM","UNLINKED_PCM_HOLD_FOR_LATER","READ_ONLY_NO_BINARY_OUTPUT"
"RAM99.PCM","E:\UAOS_OPEN_LIBRARY_SOURCE\pa3x\‏‏RoTaNa(1) pa3x.SET - نسخة\tareq pa3x.SET\PCM\RAM99.PCM","2725894","0E912497ADC93008103C7DB9285A0F3860A302DE8A756EEBC602CA04931BDDF7","tareq pa3x.SET","MEDIUM_PCM","UNLINKED_PCM_HOLD_FOR_LATER","READ_ONLY_NO_BINARY_OUTPUT"
"RAM99.PCM","E:\UAOS_OPEN_LIBRARY_SOURCE\pa3x\omar44.SET\omar44.SET\PCM\RAM99.PCM","4263360","00538D6C63BA778C2A7392BAD690985CBE8FFA3830C548ADA4DC5A0B0A74D7B5","omar44.SET","MEDIUM_PCM","UNLINKED_PCM_HOLD_FOR_LATER","READ_ONLY_NO_BINARY_OUTPUT"
"RAM99.PCM","E:\UAOS_OPEN_LIBRARY_SOURCE\pa3x\SUPER4X.3X ASLY2018.SET\SUPER4X.3X ASLY2018.SET\PCM\RAM99.PCM","2691356","6CC3DACA48E2727BD3B2AC4AC10507E71F802E76D37A4FB7AB9B4E9B8841838D","SUPER4X.3X ASLY2018.SET","MEDIUM_PCM","UNLINKED_PCM_HOLD_FOR_LATER","READ_ONLY_NO_BINARY_OUTPUT"
"RAM99.PCM","E:\UAOS_OPEN_LIBRARY_SOURCE\pa3x\2020 pa1000 pa4x.SET\2020 pa1000 pa4x.SET\PCM\RAM99.PCM","2948841","DC5AB31C55991040B9B85E131C814CEBFD6643D85847A9623993287D98DA15E4","2020 pa1000 pa4x.SET","MEDIUM_PCM","UNLINKED_PCM_HOLD_FOR_LATER","READ_ONLY_NO_BINARY_OUTPUT"
"RAM99.PCM","E:\UAOS_OPEN_LIBRARY_SOURCE\pa3x\LIVE CHARKI 3 2.SET\LIVE CHARKI 3 2.SET\PCM\RAM99.PCM","1595638","8466D53FFD16072976A63E1697C0E37FA66ACAD913D85D893BDDAC7E2E448653","LIVE CHARKI 3 2.SET","MEDIUM_PCM","UNLINKED_PCM_HOLD_FOR_LATER","READ_ONLY_NO_BINARY_OUTPUT"
"RAM99.PCM","E:\UAOS_OPEN_LIBRARY_SOURCE\pa3x\a1111.SET\a1111.SET\PCM\RAM99.PCM","5414108","F930C485C0AAD7DA306629A0F829D191D3813C5CEC477FC92D89EB46978259EA","a1111.SET","MEDIUM_PCM","UNLINKED_PCM_HOLD_FOR_LATER","READ_ONLY_NO_BINARY_OUTPUT"
