"final_id","review_id","extension","source_top_folder","relative_path","classification","risk_tier","bytes","blocked_reason","owner_decision","owner_notes","final_action","final_writer_mode","final_safe_copy_allowed","final_writer_ready","source_file_copied","keyboard_output_generated","usb_write","hardware_load","deploy","payment"
"V1713-F0001","V1712-R0001",".bkp","_ROOT","NewName.BKP","BLOCKED_FORBIDDEN_FILE_EXTENSION","RED","256680542","Keyboard/proprietary or high-risk extension. Copy/write/export remains blocked.","REQUEST_SEPARATE_APPROVAL_PHASE","Root backup file. Keep isolated. Requires a separate written approval phase before any further handling.","FINAL_ISOLATE_FOR_SEPARATE_APPROVAL","FINAL_OWNER_DECISION_WRITER","False","False","False","False","False","False","False","False"
"V1713-F0002","V1712-R0002",".mxp","NEWNAME.SET","NEWNAME.SET\GLOBAL\MXPRESET.MXP","BLOCKED_INSIDE_FORBIDDEN_SOURCE_FOLDER","RED","1943","Source path is inside a keyboard .SET-style folder. Metadata review only.","KEEP_BLOCKED","Owner baseline decision: keep blocked. Metadata-only documentation allowed. No copy, no writer, no keyboard output.","FINAL_KEEP_BLOCKED","FINAL_OWNER_DECISION_WRITER","False","False","False","False","False","False","False","False"
"V1713-F0003","V1712-R0003",".gbl","NEWNAME.SET","NEWNAME.SET\GLOBAL\SETUP.GBL","BLOCKED_INSIDE_FORBIDDEN_SOURCE_FOLDER","RED","3381","Source path is inside a keyboard .SET-style folder. Metadata review only.","KEEP_BLOCKED","Owner baseline decision: keep blocked. Metadata-only documentation allowed. No copy, no writer, no keyboard output.","FINAL_KEEP_BLOCKED","FINAL_OWNER_DECISION_WRITER","False","False","False","False","False","False","False","False"
"V1713-F0004","V1712-R0004",".voc","NEWNAME.SET","NEWNAME.SET\GLOBAL\VPPRESET.VOC","BLOCKED_INSIDE_FORBIDDEN_SOURCE_FOLDER","RED","34304","Source path is inside a keyboard .SET-style folder. Metadata review only.","KEEP_BLOCKED","Owner baseline decision: keep blocked. Metadata-only documentation allowed. No copy, no writer, no keyboard output.","FINAL_KEEP_BLOCKED","FINAL_OWNER_DECISION_WRITER","False","False","False","False","False","False","False","False"
"V1713-F0005","V1712-R0005",".kmp","NEWNAME.SET","NEWNAME.SET\MULTISMP\RAM.KMP","BLOCKED_INSIDE_FORBIDDEN_SOURCE_FOLDER","RED","235247","Source path is inside a keyboard .SET-style folder. Metadata review only.","KEEP_BLOCKED","Owner baseline decision: keep blocked. Metadata-only documentation allowed. No copy, no writer, no keyboard output.","FINAL_KEEP_BLOCKED","FINAL_OWNER_DECISION_WRITER","False","False","False","False","False","False","False","False"
"V1713-F0006","V1712-R0006",".pad","NEWNAME.SET","NEWNAME.SET\PAD\USER01.PAD","BLOCKED_INSIDE_FORBIDDEN_SOURCE_FOLDER","RED","17435","Source path is inside a keyboard .SET-style folder. Metadata review only.","KEEP_BLOCKED","Owner baseline decision: keep blocked. Metadata-only documentation allowed. No copy, no writer, no keyboard output.","FINAL_KEEP_BLOCKED","FINAL_OWNER_DECISION_WRITER","False","False","False","False","False","False","False","False"
"V1713-F0007","V1712-R0007",".pad","NEWNAME.SET","NEWNAME.SET\PAD\USER02.PAD","BLOCKED_INSIDE_FORBIDDEN_SOURCE_FOLDER","RED","4547","Source path is inside a keyboard .SET-style folder. Metadata review only.","KEEP_BLOCKED","Owner baseline decision: keep blocked. Metadata-only documentation allowed. No copy, no writer, no keyboard output.","FINAL_KEEP_BLOCKED","FINAL_OWNER_DECISION_WRITER","False","False","False","False","False","False","False","False"
"V1713-F0008","V1712-R0008",".pad","NEWNAME.SET","NEWNAME.SET\PAD\USER03.PAD","BLOCKED_INSIDE_FORBIDDEN_SOURCE_FOLDER","RED","15443","Source path is inside a keyboard .SET-style folder. Metadata review only.","KEEP_BLOCKED","Owner baseline decision: keep blocked. Metadata-only documentation allowed. No copy, no writer, no keyboard output.","FINAL_KEEP_BLOCKED","FINAL_OWNER_DECISION_WRITER","False","False","False","False","False","False","False","False"
"V1713-F0009","V1712-R0009",".pad","NEWNAME.SET","NEWNAME.SET\PAD\USER04.PAD","BLOCKED_INSIDE_FORBIDDEN_SOURCE_FOLDER","RED","3580","Source path is inside a keyboard .SET-style folder. Metadata review only.","KEEP_BLOCKED","Owner baseline decision: keep blocked. Metadata-only documentation allowed. No copy, no writer, no keyboard output.","FINAL_KEEP_BLOCKED","FINAL_OWNER_DECISION_WRITER","False","False","False","False","False","False","False","False"
"V1713-F0010","V1712-R0010",".pad","NEWNAME.SET","NEWNAME.SET\PAD\USER05.PAD","BLOCKED_INSIDE_FORBIDDEN_SOURCE_FOLDER","RED","3302","Source path is inside a keyboard .SET-style folder. Metadata review only.","KEEP_BLOCKED","Owner baseline decision: keep blocked. Metadata-only documentation allowed. No copy, no writer, no keyboard output.","FINAL_KEEP_BLOCKED","FINAL_OWNER_DECISION_WRITER","False","False","False","False","False","False","False","False"
"V1713-F0011","V1712-R0011",".pad","NEWNAME.SET","NEWNAME.SET\PAD\USER06.PAD","BLOCKED_INSIDE_FORBIDDEN_SOURCE_FOLDER","RED","3648","Source path is inside a keyboard .SET-style folder. Metadata review only.","KEEP_BLOCKED","Owner baseline decision: keep blocked. Metadata-only documentation allowed. No copy, no writer, no keyboard output.","FINAL_KEEP_BLOCKED","FINAL_OWNER_DECISION_WRITER","False","False","False","False","False","False","False","False"
"V1713-F0012","V1712-R0012",".pad","NEWNAME.SET","NEWNAME.SET\PAD\USER07.PAD","BLOCKED_INSIDE_FORBIDDEN_SOURCE_FOLDER","RED","877","Source path is inside a keyboard .SET-style folder. Metadata review only.","KEEP_BLOCKED","Owner baseline decision: keep blocked. Metadata-only documentation allowed. No copy, no writer, no keyboard output.","FINAL_KEEP_BLOCKED","FINAL_OWNER_DECISION_WRITER","False","False","False","False","False","False","False","False"
"V1713-F0013","V1712-R0013",".pad","NEWNAME.SET","NEWNAME.SET\PAD\USER08.PAD","BLOCKED_INSIDE_FORBIDDEN_SOURCE_FOLDER","RED","529","Source path is inside a keyboard .SET-style folder. Metadata review only.","KEEP_BLOCKED","Owner baseline decision: keep blocked. Metadata-only documentation allowed. No copy, no writer, no keyboard output.","FINAL_KEEP_BLOCKED","FINAL_OWNER_DECISION_WRITER","False","False","False","False","False","False","False","False"
"V1713-F0014","V1712-R0014",".pad","NEWNAME.SET","NEWNAME.SET\PAD\USER09.PAD","BLOCKED_INSIDE_FORBIDDEN_SOURCE_FOLDER","RED","666","Source path is inside a keyboard .SET-style folder. Metadata review only.","KEEP_BLOCKED","Owner baseline decision: keep blocked. Metadata-only documentation allowed. No copy, no writer, no keyboard output.","FINAL_KEEP_BLOCKED","FINAL_OWNER_DECISION_WRITER","False","False","False","False","False","False","False","False"
"V1713-F0015","V1712-R0015",".pad","NEWNAME.SET","NEWNAME.SET\PAD\USER10.PAD","BLOCKED_INSIDE_FORBIDDEN_SOURCE_FOLDER","RED","661","Source path is inside a keyboard .SET-style folder. Metadata review only.","KEEP_BLOCKED","Owner baseline decision: keep blocked. Metadata-only documentation allowed. No copy, no writer, no keyboard output.","FINAL_KEEP_BLOCKED","FINAL_OWNER_DECISION_WRITER","False","False","False","False","False","False","False","False"
"V1713-F0016","V1712-R0016",".pcm","NEWNAME.SET","NEWNAME.SET\PCM\RAM01.PCM","BLOCKED_INSIDE_FORBIDDEN_SOURCE_FOLDER","RED","2609467","Source path is inside a keyboard .SET-style folder. Metadata review only.","KEEP_BLOCKED","Owner baseline decision: keep blocked. Metadata-only documentation allowed. No copy, no writer, no keyboard output.","FINAL_KEEP_BLOCKED","FINAL_OWNER_DECISION_WRITER","False","False","False","False","False","False","False","False"
"V1713-F0017","V1712-R0017",".pcm","NEWNAME.SET","NEWNAME.SET\PCM\RAM02.PCM","BLOCKED_INSIDE_FORBIDDEN_SOURCE_FOLDER","RED","2761573","Source path is inside a keyboard .SET-style folder. Metadata review only.","KEEP_BLOCKED","Owner baseline decision: keep blocked. Metadata-only documentation allowed. No copy, no writer, no keyboard output.","FINAL_KEEP_BLOCKED","FINAL_OWNER_DECISION_WRITER","False","False","False","False","False","False","False","False"
"V1713-F0018","V1712-R0018",".pcm","NEWNAME.SET","NEWNAME.SET\PCM\RAM03.PCM","BLOCKED_INSIDE_FORBIDDEN_SOURCE_FOLDER","RED","1685510","Source path is inside a keyboard .SET-style folder. Metadata review only.","KEEP_BLOCKED","Owner baseline decision: keep blocked. Metadata-only documentation allowed. No copy, no writer, no keyboard output.","FINAL_KEEP_BLOCKED","FINAL_OWNER_DECISION_WRITER","False","False","False","False","False","False","False","False"
"V1713-F0019","V1712-R0019",".pcm","NEWNAME.SET","NEWNAME.SET\PCM\RAM04.PCM","BLOCKED_INSIDE_FORBIDDEN_SOURCE_FOLDER","RED","2570418","Source path is inside a keyboard .SET-style folder. Metadata review only.","KEEP_BLOCKED","Owner baseline decision: keep blocked. Metadata-only documentation allowed. No copy, no writer, no keyboard output.","FINAL_KEEP_BLOCKED","FINAL_OWNER_DECISION_WRITER","False","False","False","False","False","False","False","False"
"V1713-F0020","V1712-R0020",".pcm","NEWNAME.SET","NEWNAME.SET\PCM\RAM05.PCM","BLOCKED_INSIDE_FORBIDDEN_SOURCE_FOLDER","RED","1894621","Source path is inside a keyboard .SET-style folder. Metadata review only.","KEEP_BLOCKED","Owner baseline decision: keep blocked. Metadata-only documentation allowed. No copy, no writer, no keyboard output.","FINAL_KEEP_BLOCKED","FINAL_OWNER_DECISION_WRITER","False","False","False","False","False","False","False","False"
"V1713-F0021","V1712-R0021",".pcm","NEWNAME.SET","NEWNAME.SET\PCM\RAM06.PCM","BLOCKED_INSIDE_FORBIDDEN_SOURCE_FOLDER","RED","3678503","Source path is inside a keyboard .SET-style folder. Metadata review only.","KEEP_BLOCKED","Owner baseline decision: keep blocked. Metadata-only documentation allowed. No copy, no writer, no keyboard output.","FINAL_KEEP_BLOCKED","FINAL_OWNER_DECISION_WRITER","False","False","False","False","False","False","False","False"
"V1713-F0022","V1712-R0022",".pcm","NEWNAME.SET","NEWNAME.SET\PCM\RAM07.PCM","BLOCKED_INSIDE_FORBIDDEN_SOURCE_FOLDER","RED","2385716","Source path is inside a keyboard .SET-style folder. Metadata review only.","KEEP_BLOCKED","Owner baseline decision: keep blocked. Metadata-only documentation allowed. No copy, no writer, no keyboard output.","FINAL_KEEP_BLOCKED","FINAL_OWNER_DECISION_WRITER","False","False","False","False","False","False","False","False"
"V1713-F0023","V1712-R0023",".pcm","NEWNAME.SET","NEWNAME.SET\PCM\RAM08.PCM","BLOCKED_INSIDE_FORBIDDEN_SOURCE_FOLDER","RED","2343289","Source path is inside a keyboard .SET-style folder. Metadata review only.","KEEP_BLOCKED","Owner baseline decision: keep blocked. Metadata-only documentation allowed. No copy, no writer, no keyboard output.","FINAL_KEEP_BLOCKED","FINAL_OWNER_DECISION_WRITER","False","False","False","False","False","False","False","False"
"V1713-F0024","V1712-R0024",".pcm","NEWNAME.SET","NEWNAME.SET\PCM\RAM09.PCM","BLOCKED_INSIDE_FORBIDDEN_SOURCE_FOLDER","RED","2528316","Source path is inside a keyboard .SET-style folder. Metadata review only.","KEEP_BLOCKED","Owner baseline decision: keep blocked. Metadata-only documentation allowed. No copy, no writer, no keyboard output.","FINAL_KEEP_BLOCKED","FINAL_OWNER_DECISION_WRITER","False","False","False","False","False","False","False","False"
"V1713-F0025","V1712-R0025",".pcm","NEWNAME.SET","NEWNAME.SET\PCM\RAM10.PCM","BLOCKED_INSIDE_FORBIDDEN_SOURCE_FOLDER","RED","2035946","Source path is inside a keyboard .SET-style folder. Metadata review only.","KEEP_BLOCKED","Owner baseline decision: keep blocked. Metadata-only documentation allowed. No copy, no writer, no keyboard output.","FINAL_KEEP_BLOCKED","FINAL_OWNER_DECISION_WRITER","False","False","False","False","False","False","False","False"
"V1713-F0026","V1712-R0026",".pcm","NEWNAME.SET","NEWNAME.SET\PCM\RAM11.PCM","BLOCKED_INSIDE_FORBIDDEN_SOURCE_FOLDER","RED","2192345","Source path is inside a keyboard .SET-style folder. Metadata review only.","KEEP_BLOCKED","Owner baseline decision: keep blocked. Metadata-only documentation allowed. No copy, no writer, no keyboard output.","FINAL_KEEP_BLOCKED","FINAL_OWNER_DECISION_WRITER","False","False","False","False","False","False","False","False"
"V1713-F0027","V1712-R0027",".pcm","NEWNAME.SET","NEWNAME.SET\PCM\RAM12.PCM","BLOCKED_INSIDE_FORBIDDEN_SOURCE_FOLDER","RED","2802504","Source path is inside a keyboard .SET-style folder. Metadata review only.","KEEP_BLOCKED","Owner baseline decision: keep blocked. Metadata-only documentation allowed. No copy, no writer, no keyboard output.","FINAL_KEEP_BLOCKED","FINAL_OWNER_DECISION_WRITER","False","False","False","False","False","False","False","False"
"V1713-F0028","V1712-R0028",".pcm","NEWNAME.SET","NEWNAME.SET\PCM\RAM13.PCM","BLOCKED_INSIDE_FORBIDDEN_SOURCE_FOLDER","RED","1801345","Source path is inside a keyboard .SET-style folder. Metadata review only.","KEEP_BLOCKED","Owner baseline decision: keep blocked. Metadata-only documentation allowed. No copy, no writer, no keyboard output.","FINAL_KEEP_BLOCKED","FINAL_OWNER_DECISION_WRITER","False","False","False","False","False","False","False","False"
"V1713-F0029","V1712-R0029",".pcm","NEWNAME.SET","NEWNAME.SET\PCM\RAM14.PCM","BLOCKED_INSIDE_FORBIDDEN_SOURCE_FOLDER","RED","2211601","Source path is inside a keyboard .SET-style folder. Metadata review only.","KEEP_BLOCKED","Owner baseline decision: keep blocked. Metadata-only documentation allowed. No copy, no writer, no keyboard output.","FINAL_KEEP_BLOCKED","FINAL_OWNER_DECISION_WRITER","False","False","False","False","False","False","False","False"
"V1713-F0030","V1712-R0030",".pcm","NEWNAME.SET","NEWNAME.SET\PCM\RAM15.PCM","BLOCKED_INSIDE_FORBIDDEN_SOURCE_FOLDER","RED","3633676","Source path is inside a keyboard .SET-style folder. Metadata review only.","KEEP_BLOCKED","Owner baseline decision: keep blocked. Metadata-only documentation allowed. No copy, no writer, no keyboard output.","FINAL_KEEP_BLOCKED","FINAL_OWNER_DECISION_WRITER","False","False","False","False","False","False","False","False"
"V1713-F0031","V1712-R0031",".pcm","NEWNAME.SET","NEWNAME.SET\PCM\RAM16.PCM","BLOCKED_INSIDE_FORBIDDEN_SOURCE_FOLDER","RED","3098360","Source path is inside a keyboard .SET-style folder. Metadata review only.","KEEP_BLOCKED","Owner baseline decision: keep blocked. Metadata-only documentation allowed. No copy, no writer, no keyboard output.","FINAL_KEEP_BLOCKED","FINAL_OWNER_DECISION_WRITER","False","False","False","False","False","False","False","False"
"V1713-F0032","V1712-R0032",".pcm","NEWNAME.SET","NEWNAME.SET\PCM\RAM17.PCM","BLOCKED_INSIDE_FORBIDDEN_SOURCE_FOLDER","RED","2876209","Source path is inside a keyboard .SET-style folder. Metadata review only.","KEEP_BLOCKED","Owner baseline decision: keep blocked. Metadata-only documentation allowed. No copy, no writer, no keyboard output.","FINAL_KEEP_BLOCKED","FINAL_OWNER_DECISION_WRITER","False","False","False","False","False","False","False","False"
"V1713-F0033","V1712-R0033",".pcm","NEWNAME.SET","NEWNAME.SET\PCM\RAM18.PCM","BLOCKED_INSIDE_FORBIDDEN_SOURCE_FOLDER","RED","1852638","Source path is inside a keyboard .SET-style folder. Metadata review only.","KEEP_BLOCKED","Owner baseline decision: keep blocked. Metadata-only documentation allowed. No copy, no writer, no keyboard output.","FINAL_KEEP_BLOCKED","FINAL_OWNER_DECISION_WRITER","False","False","False","False","False","False","False","False"
"V1713-F0034","V1712-R0034",".pcm","NEWNAME.SET","NEWNAME.SET\PCM\RAM19.PCM","BLOCKED_INSIDE_FORBIDDEN_SOURCE_FOLDER","RED","2220968","Source path is inside a keyboard .SET-style folder. Metadata review only.","KEEP_BLOCKED","Owner baseline decision: keep blocked. Metadata-only documentation allowed. No copy, no writer, no keyboard output.","FINAL_KEEP_BLOCKED","FINAL_OWNER_DECISION_WRITER","False","False","False","False","False","False","False","False"
"V1713-F0035","V1712-R0035",".pcm","NEWNAME.SET","NEWNAME.SET\PCM\RAM20.PCM","BLOCKED_INSIDE_FORBIDDEN_SOURCE_FOLDER","RED","1722445","Source path is inside a keyboard .SET-style folder. Metadata review only.","KEEP_BLOCKED","Owner baseline decision: keep blocked. Metadata-only documentation allowed. No copy, no writer, no keyboard output.","FINAL_KEEP_BLOCKED","FINAL_OWNER_DECISION_WRITER","False","False","False","False","False","False","False","False"
"V1713-F0036","V1712-R0036",".pcm","NEWNAME.SET","NEWNAME.SET\PCM\RAM21.PCM","BLOCKED_INSIDE_FORBIDDEN_SOURCE_FOLDER","RED","2595382","Source path is inside a keyboard .SET-style folder. Metadata review only.","KEEP_BLOCKED","Owner baseline decision: keep blocked. Metadata-only documentation allowed. No copy, no writer, no keyboard output.","FINAL_KEEP_BLOCKED","FINAL_OWNER_DECISION_WRITER","False","False","False","False","False","False","False","False"
"V1713-F0037","V1712-R0037",".pcm","NEWNAME.SET","NEWNAME.SET\PCM\RAM22.PCM","BLOCKED_INSIDE_FORBIDDEN_SOURCE_FOLDER","RED","2060104","Source path is inside a keyboard .SET-style folder. Metadata review only.","KEEP_BLOCKED","Owner baseline decision: keep blocked. Metadata-only documentation allowed. No copy, no writer, no keyboard output.","FINAL_KEEP_BLOCKED","FINAL_OWNER_DECISION_WRITER","False","False","False","False","False","False","False","False"
"V1713-F0038","V1712-R0038",".pcm","NEWNAME.SET","NEWNAME.SET\PCM\RAM23.PCM","BLOCKED_INSIDE_FORBIDDEN_SOURCE_FOLDER","RED","2531710","Source path is inside a keyboard .SET-style folder. Metadata review only.","KEEP_BLOCKED","Owner baseline decision: keep blocked. Metadata-only documentation allowed. No copy, no writer, no keyboard output.","FINAL_KEEP_BLOCKED","FINAL_OWNER_DECISION_WRITER","False","False","False","False","False","False","False","False"
"V1713-F0039","V1712-R0039",".pcm","NEWNAME.SET","NEWNAME.SET\PCM\RAM24.PCM","BLOCKED_INSIDE_FORBIDDEN_SOURCE_FOLDER","RED","2142487","Source path is inside a keyboard .SET-style folder. Metadata review only.","KEEP_BLOCKED","Owner baseline decision: keep blocked. Metadata-only documentation allowed. No copy, no writer, no keyboard output.","FINAL_KEEP_BLOCKED","FINAL_OWNER_DECISION_WRITER","False","False","False","False","False","False","False","False"
"V1713-F0040","V1712-R0040",".pcm","NEWNAME.SET","NEWNAME.SET\PCM\RAM25.PCM","BLOCKED_INSIDE_FORBIDDEN_SOURCE_FOLDER","RED","2164534","Source path is inside a keyboard .SET-style folder. Metadata review only.","KEEP_BLOCKED","Owner baseline decision: keep blocked. Metadata-only documentation allowed. No copy, no writer, no keyboard output.","FINAL_KEEP_BLOCKED","FINAL_OWNER_DECISION_WRITER","False","False","False","False","False","False","False","False"
"V1713-F0041","V1712-R0041",".pcm","NEWNAME.SET","NEWNAME.SET\PCM\RAM26.PCM","BLOCKED_INSIDE_FORBIDDEN_SOURCE_FOLDER","RED","2565758","Source path is inside a keyboard .SET-style folder. Metadata review only.","KEEP_BLOCKED","Owner baseline decision: keep blocked. Metadata-only documentation allowed. No copy, no writer, no keyboard output.","FINAL_KEEP_BLOCKED","FINAL_OWNER_DECISION_WRITER","False","False","False","False","False","False","False","False"
"V1713-F0042","V1712-R0042",".pcm","NEWNAME.SET","NEWNAME.SET\PCM\RAM27.PCM","BLOCKED_INSIDE_FORBIDDEN_SOURCE_FOLDER","RED","2287978","Source path is inside a keyboard .SET-style folder. Metadata review only.","KEEP_BLOCKED","Owner baseline decision: keep blocked. Metadata-only documentation allowed. No copy, no writer, no keyboard output.","FINAL_KEEP_BLOCKED","FINAL_OWNER_DECISION_WRITER","False","False","False","False","False","False","False","False"
"V1713-F0043","V1712-R0043",".pcm","NEWNAME.SET","NEWNAME.SET\PCM\RAM28.PCM","BLOCKED_INSIDE_FORBIDDEN_SOURCE_FOLDER","RED","2594508","Source path is inside a keyboard .SET-style folder. Metadata review only.","KEEP_BLOCKED","Owner baseline decision: keep blocked. Metadata-only documentation allowed. No copy, no writer, no keyboard output.","FINAL_KEEP_BLOCKED","FINAL_OWNER_DECISION_WRITER","False","False","False","False","False","False","False","False"
"V1713-F0044","V1712-R0044",".pcm","NEWNAME.SET","NEWNAME.SET\PCM\RAM29.PCM","BLOCKED_INSIDE_FORBIDDEN_SOURCE_FOLDER","RED","1785173","Source path is inside a keyboard .SET-style folder. Metadata review only.","KEEP_BLOCKED","Owner baseline decision: keep blocked. Metadata-only documentation allowed. No copy, no writer, no keyboard output.","FINAL_KEEP_BLOCKED","FINAL_OWNER_DECISION_WRITER","False","False","False","False","False","False","False","False"
"V1713-F0045","V1712-R0045",".pcm","NEWNAME.SET","NEWNAME.SET\PCM\RAM30.PCM","BLOCKED_INSIDE_FORBIDDEN_SOURCE_FOLDER","RED","2270183","Source path is inside a keyboard .SET-style folder. Metadata review only.","KEEP_BLOCKED","Owner baseline decision: keep blocked. Metadata-only documentation allowed. No copy, no writer, no keyboard output.","FINAL_KEEP_BLOCKED","FINAL_OWNER_DECISION_WRITER","False","False","False","False","False","False","False","False"
"V1713-F0046","V1712-R0046",".pcm","NEWNAME.SET","NEWNAME.SET\PCM\RAM31.PCM","BLOCKED_INSIDE_FORBIDDEN_SOURCE_FOLDER","RED","3137802","Source path is inside a keyboard .SET-style folder. Metadata review only.","KEEP_BLOCKED","Owner baseline decision: keep blocked. Metadata-only documentation allowed. No copy, no writer, no keyboard output.","FINAL_KEEP_BLOCKED","FINAL_OWNER_DECISION_WRITER","False","False","False","False","False","False","False","False"
"V1713-F0047","V1712-R0047",".pcm","NEWNAME.SET","NEWNAME.SET\PCM\RAM32.PCM","BLOCKED_INSIDE_FORBIDDEN_SOURCE_FOLDER","RED","3074903","Source path is inside a keyboard .SET-style folder. Metadata review only.","KEEP_BLOCKED","Owner baseline decision: keep blocked. Metadata-only documentation allowed. No copy, no writer, no keyboard output.","FINAL_KEEP_BLOCKED","FINAL_OWNER_DECISION_WRITER","False","False","False","False","False","False","False","False"
"V1713-F0048","V1712-R0048",".pcm","NEWNAME.SET","NEWNAME.SET\PCM\RAM33.PCM","BLOCKED_INSIDE_FORBIDDEN_SOURCE_FOLDER","RED","2897098","Source path is inside a keyboard .SET-style folder. Metadata review only.","KEEP_BLOCKED","Owner baseline decision: keep blocked. Metadata-only documentation allowed. No copy, no writer, no keyboard output.","FINAL_KEEP_BLOCKED","FINAL_OWNER_DECISION_WRITER","False","False","False","False","False","False","False","False"
"V1713-F0049","V1712-R0049",".pcm","NEWNAME.SET","NEWNAME.SET\PCM\RAM34.PCM","BLOCKED_INSIDE_FORBIDDEN_SOURCE_FOLDER","RED","2405864","Source path is inside a keyboard .SET-style folder. Metadata review only.","KEEP_BLOCKED","Owner baseline decision: keep blocked. Metadata-only documentation allowed. No copy, no writer, no keyboard output.","FINAL_KEEP_BLOCKED","FINAL_OWNER_DECISION_WRITER","False","False","False","False","False","False","False","False"
"V1713-F0050","V1712-R0050",".pcm","NEWNAME.SET","NEWNAME.SET\PCM\RAM35.PCM","BLOCKED_INSIDE_FORBIDDEN_SOURCE_FOLDER","RED","1940526","Source path is inside a keyboard .SET-style folder. Metadata review only.","KEEP_BLOCKED","Owner baseline decision: keep blocked. Metadata-only documentation allowed. No copy, no writer, no keyboard output.","FINAL_KEEP_BLOCKED","FINAL_OWNER_DECISION_WRITER","False","False","False","False","False","False","False","False"
"V1713-F0051","V1712-R0051",".pcm","NEWNAME.SET","NEWNAME.SET\PCM\RAM36.PCM","BLOCKED_INSIDE_FORBIDDEN_SOURCE_FOLDER","RED","2273202","Source path is inside a keyboard .SET-style folder. Metadata review only.","KEEP_BLOCKED","Owner baseline decision: keep blocked. Metadata-only documentation allowed. No copy, no writer, no keyboard output.","FINAL_KEEP_BLOCKED","FINAL_OWNER_DECISION_WRITER","False","False","False","False","False","False","False","False"
"V1713-F0052","V1712-R0052",".pcm","NEWNAME.SET","NEWNAME.SET\PCM\RAM37.PCM","BLOCKED_INSIDE_FORBIDDEN_SOURCE_FOLDER","RED","1823568","Source path is inside a keyboard .SET-style folder. Metadata review only.","KEEP_BLOCKED","Owner baseline decision: keep blocked. Metadata-only documentation allowed. No copy, no writer, no keyboard output.","FINAL_KEEP_BLOCKED","FINAL_OWNER_DECISION_WRITER","False","False","False","False","False","False","False","False"
"V1713-F0053","V1712-R0053",".pcm","NEWNAME.SET","NEWNAME.SET\PCM\RAM38.PCM","BLOCKED_INSIDE_FORBIDDEN_SOURCE_FOLDER","RED","2826353","Source path is inside a keyboard .SET-style folder. Metadata review only.","KEEP_BLOCKED","Owner baseline decision: keep blocked. Metadata-only documentation allowed. No copy, no writer, no keyboard output.","FINAL_KEEP_BLOCKED","FINAL_OWNER_DECISION_WRITER","False","False","False","False","False","False","False","False"
"V1713-F0054","V1712-R0054",".pcm","NEWNAME.SET","NEWNAME.SET\PCM\RAM39.PCM","BLOCKED_INSIDE_FORBIDDEN_SOURCE_FOLDER","RED","1708270","Source path is inside a keyboard .SET-style folder. Metadata review only.","KEEP_BLOCKED","Owner baseline decision: keep blocked. Metadata-only documentation allowed. No copy, no writer, no keyboard output.","FINAL_KEEP_BLOCKED","FINAL_OWNER_DECISION_WRITER","False","False","False","False","False","False","False","False"
"V1713-F0055","V1712-R0055",".pcm","NEWNAME.SET","NEWNAME.SET\PCM\RAM40.PCM","BLOCKED_INSIDE_FORBIDDEN_SOURCE_FOLDER","RED","2202160","Source path is inside a keyboard .SET-style folder. Metadata review only.","KEEP_BLOCKED","Owner baseline decision: keep blocked. Metadata-only documentation allowed. No copy, no writer, no keyboard output.","FINAL_KEEP_BLOCKED","FINAL_OWNER_DECISION_WRITER","False","False","False","False","False","False","False","False"
"V1713-F0056","V1712-R0056",".pcm","NEWNAME.SET","NEWNAME.SET\PCM\RAM41.PCM","BLOCKED_INSIDE_FORBIDDEN_SOURCE_FOLDER","RED","2326367","Source path is inside a keyboard .SET-style folder. Metadata review only.","KEEP_BLOCKED","Owner baseline decision: keep blocked. Metadata-only documentation allowed. No copy, no writer, no keyboard output.","FINAL_KEEP_BLOCKED","FINAL_OWNER_DECISION_WRITER","False","False","False","False","False","False","False","False"
"V1713-F0057","V1712-R0057",".pcm","NEWNAME.SET","NEWNAME.SET\PCM\RAM42.PCM","BLOCKED_INSIDE_FORBIDDEN_SOURCE_FOLDER","RED","3891457","Source path is inside a keyboard .SET-style folder. Metadata review only.","KEEP_BLOCKED","Owner baseline decision: keep blocked. Metadata-only documentation allowed. No copy, no writer, no keyboard output.","FINAL_KEEP_BLOCKED","FINAL_OWNER_DECISION_WRITER","False","False","False","False","False","False","False","False"
"V1713-F0058","V1712-R0058",".pcm","NEWNAME.SET","NEWNAME.SET\PCM\RAM43.PCM","BLOCKED_INSIDE_FORBIDDEN_SOURCE_FOLDER","RED","2400009","Source path is inside a keyboard .SET-style folder. Metadata review only.","KEEP_BLOCKED","Owner baseline decision: keep blocked. Metadata-only documentation allowed. No copy, no writer, no keyboard output.","FINAL_KEEP_BLOCKED","FINAL_OWNER_DECISION_WRITER","False","False","False","False","False","False","False","False"
"V1713-F0059","V1712-R0059",".pcm","NEWNAME.SET","NEWNAME.SET\PCM\RAM44.PCM","BLOCKED_INSIDE_FORBIDDEN_SOURCE_FOLDER","RED","1897894","Source path is inside a keyboard .SET-style folder. Metadata review only.","KEEP_BLOCKED","Owner baseline decision: keep blocked. Metadata-only documentation allowed. No copy, no writer, no keyboard output.","FINAL_KEEP_BLOCKED","FINAL_OWNER_DECISION_WRITER","False","False","False","False","False","False","False","False"
"V1713-F0060","V1712-R0060",".pcm","NEWNAME.SET","NEWNAME.SET\PCM\RAM45.PCM","BLOCKED_INSIDE_FORBIDDEN_SOURCE_FOLDER","RED","2798354","Source path is inside a keyboard .SET-style folder. Metadata review only.","KEEP_BLOCKED","Owner baseline decision: keep blocked. Metadata-only documentation allowed. No copy, no writer, no keyboard output.","FINAL_KEEP_BLOCKED","FINAL_OWNER_DECISION_WRITER","False","False","False","False","False","False","False","False"
"V1713-F0061","V1712-R0061",".pcm","NEWNAME.SET","NEWNAME.SET\PCM\RAM46.PCM","BLOCKED_INSIDE_FORBIDDEN_SOURCE_FOLDER","RED","2014208","Source path is inside a keyboard .SET-style folder. Metadata review only.","KEEP_BLOCKED","Owner baseline decision: keep blocked. Metadata-only documentation allowed. No copy, no writer, no keyboard output.","FINAL_KEEP_BLOCKED","FINAL_OWNER_DECISION_WRITER","False","False","False","False","False","False","False","False"
"V1713-F0062","V1712-R0062",".pcm","NEWNAME.SET","NEWNAME.SET\PCM\RAM47.PCM","BLOCKED_INSIDE_FORBIDDEN_SOURCE_FOLDER","RED","2376024","Source path is inside a keyboard .SET-style folder. Metadata review only.","KEEP_BLOCKED","Owner baseline decision: keep blocked. Metadata-only documentation allowed. No copy, no writer, no keyboard output.","FINAL_KEEP_BLOCKED","FINAL_OWNER_DECISION_WRITER","False","False","False","False","False","False","False","False"
"V1713-F0063","V1712-R0063",".pcm","NEWNAME.SET","NEWNAME.SET\PCM\RAM48.PCM","BLOCKED_INSIDE_FORBIDDEN_SOURCE_FOLDER","RED","2499607","Source path is inside a keyboard .SET-style folder. Metadata review only.","KEEP_BLOCKED","Owner baseline decision: keep blocked. Metadata-only documentation allowed. No copy, no writer, no keyboard output.","FINAL_KEEP_BLOCKED","FINAL_OWNER_DECISION_WRITER","False","False","False","False","False","False","False","False"
"V1713-F0064","V1712-R0064",".pcm","NEWNAME.SET","NEWNAME.SET\PCM\RAM49.PCM","BLOCKED_INSIDE_FORBIDDEN_SOURCE_FOLDER","RED","2222014","Source path is inside a keyboard .SET-style folder. Metadata review only.","KEEP_BLOCKED","Owner baseline decision: keep blocked. Metadata-only documentation allowed. No copy, no writer, no keyboard output.","FINAL_KEEP_BLOCKED","FINAL_OWNER_DECISION_WRITER","False","False","False","False","False","False","False","False"
"V1713-F0065","V1712-R0065",".pcm","NEWNAME.SET","NEWNAME.SET\PCM\RAM50.PCM","BLOCKED_INSIDE_FORBIDDEN_SOURCE_FOLDER","RED","2718071","Source path is inside a keyboard .SET-style folder. Metadata review only.","KEEP_BLOCKED","Owner baseline decision: keep blocked. Metadata-only documentation allowed. No copy, no writer, no keyboard output.","FINAL_KEEP_BLOCKED","FINAL_OWNER_DECISION_WRITER","False","False","False","False","False","False","False","False"
"V1713-F0066","V1712-R0066",".pcm","NEWNAME.SET","NEWNAME.SET\PCM\RAM51.PCM","BLOCKED_INSIDE_FORBIDDEN_SOURCE_FOLDER","RED","2661361","Source path is inside a keyboard .SET-style folder. Metadata review only.","KEEP_BLOCKED","Owner baseline decision: keep blocked. Metadata-only documentation allowed. No copy, no writer, no keyboard output.","FINAL_KEEP_BLOCKED","FINAL_OWNER_DECISION_WRITER","False","False","False","False","False","False","False","False"
"V1713-F0067","V1712-R0067",".pcm","NEWNAME.SET","NEWNAME.SET\PCM\RAM52.PCM","BLOCKED_INSIDE_FORBIDDEN_SOURCE_FOLDER","RED","2520392","Source path is inside a keyboard .SET-style folder. Metadata review only.","KEEP_BLOCKED","Owner baseline decision: keep blocked. Metadata-only documentation allowed. No copy, no writer, no keyboard output.","FINAL_KEEP_BLOCKED","FINAL_OWNER_DECISION_WRITER","False","False","False","False","False","False","False","False"
"V1713-F0068","V1712-R0068",".pcm","NEWNAME.SET","NEWNAME.SET\PCM\RAM53.PCM","BLOCKED_INSIDE_FORBIDDEN_SOURCE_FOLDER","RED","3180334","Source path is inside a keyboard .SET-style folder. Metadata review only.","KEEP_BLOCKED","Owner baseline decision: keep blocked. Metadata-only documentation allowed. No copy, no writer, no keyboard output.","FINAL_KEEP_BLOCKED","FINAL_OWNER_DECISION_WRITER","False","False","False","False","False","False","False","False"
"V1713-F0069","V1712-R0069",".pcm","NEWNAME.SET","NEWNAME.SET\PCM\RAM54.PCM","BLOCKED_INSIDE_FORBIDDEN_SOURCE_FOLDER","RED","2146314","Source path is inside a keyboard .SET-style folder. Metadata review only.","KEEP_BLOCKED","Owner baseline decision: keep blocked. Metadata-only documentation allowed. No copy, no writer, no keyboard output.","FINAL_KEEP_BLOCKED","FINAL_OWNER_DECISION_WRITER","False","False","False","False","False","False","False","False"
"V1713-F0070","V1712-R0070",".pcm","NEWNAME.SET","NEWNAME.SET\PCM\RAM55.PCM","BLOCKED_INSIDE_FORBIDDEN_SOURCE_FOLDER","RED","2243332","Source path is inside a keyboard .SET-style folder. Metadata review only.","KEEP_BLOCKED","Owner baseline decision: keep blocked. Metadata-only documentation allowed. No copy, no writer, no keyboard output.","FINAL_KEEP_BLOCKED","FINAL_OWNER_DECISION_WRITER","False","False","False","False","False","False","False","False"
"V1713-F0071","V1712-R0071",".pcm","NEWNAME.SET","NEWNAME.SET\PCM\RAM56.PCM","BLOCKED_INSIDE_FORBIDDEN_SOURCE_FOLDER","RED","2131284","Source path is inside a keyboard .SET-style folder. Metadata review only.","KEEP_BLOCKED","Owner baseline decision: keep blocked. Metadata-only documentation allowed. No copy, no writer, no keyboard output.","FINAL_KEEP_BLOCKED","FINAL_OWNER_DECISION_WRITER","False","False","False","False","False","False","False","False"
"V1713-F0072","V1712-R0072",".pcm","NEWNAME.SET","NEWNAME.SET\PCM\RAM57.PCM","BLOCKED_INSIDE_FORBIDDEN_SOURCE_FOLDER","RED","3810854","Source path is inside a keyboard .SET-style folder. Metadata review only.","KEEP_BLOCKED","Owner baseline decision: keep blocked. Metadata-only documentation allowed. No copy, no writer, no keyboard output.","FINAL_KEEP_BLOCKED","FINAL_OWNER_DECISION_WRITER","False","False","False","False","False","False","False","False"
"V1713-F0073","V1712-R0073",".pcm","NEWNAME.SET","NEWNAME.SET\PCM\RAM58.PCM","BLOCKED_INSIDE_FORBIDDEN_SOURCE_FOLDER","RED","2158382","Source path is inside a keyboard .SET-style folder. Metadata review only.","KEEP_BLOCKED","Owner baseline decision: keep blocked. Metadata-only documentation allowed. No copy, no writer, no keyboard output.","FINAL_KEEP_BLOCKED","FINAL_OWNER_DECISION_WRITER","False","False","False","False","False","False","False","False"
"V1713-F0074","V1712-R0074",".pcm","NEWNAME.SET","NEWNAME.SET\PCM\RAM59.PCM","BLOCKED_INSIDE_FORBIDDEN_SOURCE_FOLDER","RED","2029138","Source path is inside a keyboard .SET-style folder. Metadata review only.","KEEP_BLOCKED","Owner baseline decision: keep blocked. Metadata-only documentation allowed. No copy, no writer, no keyboard output.","FINAL_KEEP_BLOCKED","FINAL_OWNER_DECISION_WRITER","False","False","False","False","False","False","False","False"
"V1713-F0075","V1712-R0075",".pcm","NEWNAME.SET","NEWNAME.SET\PCM\RAM60.PCM","BLOCKED_INSIDE_FORBIDDEN_SOURCE_FOLDER","RED","2967115","Source path is inside a keyboard .SET-style folder. Metadata review only.","KEEP_BLOCKED","Owner baseline decision: keep blocked. Metadata-only documentation allowed. No copy, no writer, no keyboard output.","FINAL_KEEP_BLOCKED","FINAL_OWNER_DECISION_WRITER","False","False","False","False","False","False","False","False"
"V1713-F0076","V1712-R0076",".pcm","NEWNAME.SET","NEWNAME.SET\PCM\RAM61.PCM","BLOCKED_INSIDE_FORBIDDEN_SOURCE_FOLDER","RED","2104894","Source path is inside a keyboard .SET-style folder. Metadata review only.","KEEP_BLOCKED","Owner baseline decision: keep blocked. Metadata-only documentation allowed. No copy, no writer, no keyboard output.","FINAL_KEEP_BLOCKED","FINAL_OWNER_DECISION_WRITER","False","False","False","False","False","False","False","False"
"V1713-F0077","V1712-R0077",".pcm","NEWNAME.SET","NEWNAME.SET\PCM\RAM62.PCM","BLOCKED_INSIDE_FORBIDDEN_SOURCE_FOLDER","RED","2926341","Source path is inside a keyboard .SET-style folder. Metadata review only.","KEEP_BLOCKED","Owner baseline decision: keep blocked. Metadata-only documentation allowed. No copy, no writer, no keyboard output.","FINAL_KEEP_BLOCKED","FINAL_OWNER_DECISION_WRITER","False","False","False","False","False","False","False","False"
"V1713-F0078","V1712-R0078",".pcm","NEWNAME.SET","NEWNAME.SET\PCM\RAM63.PCM","BLOCKED_INSIDE_FORBIDDEN_SOURCE_FOLDER","RED","2164118","Source path is inside a keyboard .SET-style folder. Metadata review only.","KEEP_BLOCKED","Owner baseline decision: keep blocked. Metadata-only documentation allowed. No copy, no writer, no keyboard output.","FINAL_KEEP_BLOCKED","FINAL_OWNER_DECISION_WRITER","False","False","False","False","False","False","False","False"
"V1713-F0079","V1712-R0079",".pcm","NEWNAME.SET","NEWNAME.SET\PCM\RAM64.PCM","BLOCKED_INSIDE_FORBIDDEN_SOURCE_FOLDER","RED","2000496","Source path is inside a keyboard .SET-style folder. Metadata review only.","KEEP_BLOCKED","Owner baseline decision: keep blocked. Metadata-only documentation allowed. No copy, no writer, no keyboard output.","FINAL_KEEP_BLOCKED","FINAL_OWNER_DECISION_WRITER","False","False","False","False","False","False","False","False"
"V1713-F0080","V1712-R0080",".pcm","NEWNAME.SET","NEWNAME.SET\PCM\RAM65.PCM","BLOCKED_INSIDE_FORBIDDEN_SOURCE_FOLDER","RED","2099301","Source path is inside a keyboard .SET-style folder. Metadata review only.","KEEP_BLOCKED","Owner baseline decision: keep blocked. Metadata-only documentation allowed. No copy, no writer, no keyboard output.","FINAL_KEEP_BLOCKED","FINAL_OWNER_DECISION_WRITER","False","False","False","False","False","False","False","False"
"V1713-F0081","V1712-R0081",".pcm","NEWNAME.SET","NEWNAME.SET\PCM\RAM66.PCM","BLOCKED_INSIDE_FORBIDDEN_SOURCE_FOLDER","RED","2401302","Source path is inside a keyboard .SET-style folder. Metadata review only.","KEEP_BLOCKED","Owner baseline decision: keep blocked. Metadata-only documentation allowed. No copy, no writer, no keyboard output.","FINAL_KEEP_BLOCKED","FINAL_OWNER_DECISION_WRITER","False","False","False","False","False","False","False","False"
"V1713-F0082","V1712-R0082",".pcm","NEWNAME.SET","NEWNAME.SET\PCM\RAM67.PCM","BLOCKED_INSIDE_FORBIDDEN_SOURCE_FOLDER","RED","2156897","Source path is inside a keyboard .SET-style folder. Metadata review only.","KEEP_BLOCKED","Owner baseline decision: keep blocked. Metadata-only documentation allowed. No copy, no writer, no keyboard output.","FINAL_KEEP_BLOCKED","FINAL_OWNER_DECISION_WRITER","False","False","False","False","False","False","False","False"
"V1713-F0083","V1712-R0083",".pcm","NEWNAME.SET","NEWNAME.SET\PCM\RAM68.PCM","BLOCKED_INSIDE_FORBIDDEN_SOURCE_FOLDER","RED","1782222","Source path is inside a keyboard .SET-style folder. Metadata review only.","KEEP_BLOCKED","Owner baseline decision: keep blocked. Metadata-only documentation allowed. No copy, no writer, no keyboard output.","FINAL_KEEP_BLOCKED","FINAL_OWNER_DECISION_WRITER","False","False","False","False","False","False","False","False"
"V1713-F0084","V1712-R0084",".pcm","NEWNAME.SET","NEWNAME.SET\PCM\RAM69.PCM","BLOCKED_INSIDE_FORBIDDEN_SOURCE_FOLDER","RED","1864001","Source path is inside a keyboard .SET-style folder. Metadata review only.","KEEP_BLOCKED","Owner baseline decision: keep blocked. Metadata-only documentation allowed. No copy, no writer, no keyboard output.","FINAL_KEEP_BLOCKED","FINAL_OWNER_DECISION_WRITER","False","False","False","False","False","False","False","False"
"V1713-F0085","V1712-R0085",".pcm","NEWNAME.SET","NEWNAME.SET\PCM\RAM70.PCM","BLOCKED_INSIDE_FORBIDDEN_SOURCE_FOLDER","RED","2403658","Source path is inside a keyboard .SET-style folder. Metadata review only.","KEEP_BLOCKED","Owner baseline decision: keep blocked. Metadata-only documentation allowed. No copy, no writer, no keyboard output.","FINAL_KEEP_BLOCKED","FINAL_OWNER_DECISION_WRITER","False","False","False","False","False","False","False","False"
"V1713-F0086","V1712-R0086",".pcm","NEWNAME.SET","NEWNAME.SET\PCM\RAM71.PCM","BLOCKED_INSIDE_FORBIDDEN_SOURCE_FOLDER","RED","1988276","Source path is inside a keyboard .SET-style folder. Metadata review only.","KEEP_BLOCKED","Owner baseline decision: keep blocked. Metadata-only documentation allowed. No copy, no writer, no keyboard output.","FINAL_KEEP_BLOCKED","FINAL_OWNER_DECISION_WRITER","False","False","False","False","False","False","False","False"
"V1713-F0087","V1712-R0087",".pcm","NEWNAME.SET","NEWNAME.SET\PCM\RAM72.PCM","BLOCKED_INSIDE_FORBIDDEN_SOURCE_FOLDER","RED","3120497","Source path is inside a keyboard .SET-style folder. Metadata review only.","KEEP_BLOCKED","Owner baseline decision: keep blocked. Metadata-only documentation allowed. No copy, no writer, no keyboard output.","FINAL_KEEP_BLOCKED","FINAL_OWNER_DECISION_WRITER","False","False","False","False","False","False","False","False"
"V1713-F0088","V1712-R0088",".pcm","NEWNAME.SET","NEWNAME.SET\PCM\RAM73.PCM","BLOCKED_INSIDE_FORBIDDEN_SOURCE_FOLDER","RED","1656312","Source path is inside a keyboard .SET-style folder. Metadata review only.","KEEP_BLOCKED","Owner baseline decision: keep blocked. Metadata-only documentation allowed. No copy, no writer, no keyboard output.","FINAL_KEEP_BLOCKED","FINAL_OWNER_DECISION_WRITER","False","False","False","False","False","False","False","False"
"V1713-F0089","V1712-R0089",".pcm","NEWNAME.SET","NEWNAME.SET\PCM\RAM74.PCM","BLOCKED_INSIDE_FORBIDDEN_SOURCE_FOLDER","RED","2290068","Source path is inside a keyboard .SET-style folder. Metadata review only.","KEEP_BLOCKED","Owner baseline decision: keep blocked. Metadata-only documentation allowed. No copy, no writer, no keyboard output.","FINAL_KEEP_BLOCKED","FINAL_OWNER_DECISION_WRITER","False","False","False","False","False","False","False","False"
"V1713-F0090","V1712-R0090",".pcm","NEWNAME.SET","NEWNAME.SET\PCM\RAM75.PCM","BLOCKED_INSIDE_FORBIDDEN_SOURCE_FOLDER","RED","2364428","Source path is inside a keyboard .SET-style folder. Metadata review only.","KEEP_BLOCKED","Owner baseline decision: keep blocked. Metadata-only documentation allowed. No copy, no writer, no keyboard output.","FINAL_KEEP_BLOCKED","FINAL_OWNER_DECISION_WRITER","False","False","False","False","False","False","False","False"
"V1713-F0091","V1712-R0091",".pcm","NEWNAME.SET","NEWNAME.SET\PCM\RAM76.PCM","BLOCKED_INSIDE_FORBIDDEN_SOURCE_FOLDER","RED","1882532","Source path is inside a keyboard .SET-style folder. Metadata review only.","KEEP_BLOCKED","Owner baseline decision: keep blocked. Metadata-only documentation allowed. No copy, no writer, no keyboard output.","FINAL_KEEP_BLOCKED","FINAL_OWNER_DECISION_WRITER","False","False","False","False","False","False","False","False"
"V1713-F0092","V1712-R0092",".pcm","NEWNAME.SET","NEWNAME.SET\PCM\RAM77.PCM","BLOCKED_INSIDE_FORBIDDEN_SOURCE_FOLDER","RED","2258324","Source path is inside a keyboard .SET-style folder. Metadata review only.","KEEP_BLOCKED","Owner baseline decision: keep blocked. Metadata-only documentation allowed. No copy, no writer, no keyboard output.","FINAL_KEEP_BLOCKED","FINAL_OWNER_DECISION_WRITER","False","False","False","False","False","False","False","False"
"V1713-F0093","V1712-R0093",".pcm","NEWNAME.SET","NEWNAME.SET\PCM\RAM78.PCM","BLOCKED_INSIDE_FORBIDDEN_SOURCE_FOLDER","RED","1643401","Source path is inside a keyboard .SET-style folder. Metadata review only.","KEEP_BLOCKED","Owner baseline decision: keep blocked. Metadata-only documentation allowed. No copy, no writer, no keyboard output.","FINAL_KEEP_BLOCKED","FINAL_OWNER_DECISION_WRITER","False","False","False","False","False","False","False","False"
"V1713-F0094","V1712-R0094",".pcm","NEWNAME.SET","NEWNAME.SET\PCM\RAM79.PCM","BLOCKED_INSIDE_FORBIDDEN_SOURCE_FOLDER","RED","1953674","Source path is inside a keyboard .SET-style folder. Metadata review only.","KEEP_BLOCKED","Owner baseline decision: keep blocked. Metadata-only documentation allowed. No copy, no writer, no keyboard output.","FINAL_KEEP_BLOCKED","FINAL_OWNER_DECISION_WRITER","False","False","False","False","False","False","False","False"
"V1713-F0095","V1712-R0095",".pcm","NEWNAME.SET","NEWNAME.SET\PCM\RAM80.PCM","BLOCKED_INSIDE_FORBIDDEN_SOURCE_FOLDER","RED","1821451","Source path is inside a keyboard .SET-style folder. Metadata review only.","KEEP_BLOCKED","Owner baseline decision: keep blocked. Metadata-only documentation allowed. No copy, no writer, no keyboard output.","FINAL_KEEP_BLOCKED","FINAL_OWNER_DECISION_WRITER","False","False","False","False","False","False","False","False"
"V1713-F0096","V1712-R0096",".pcm","NEWNAME.SET","NEWNAME.SET\PCM\RAM81.PCM","BLOCKED_INSIDE_FORBIDDEN_SOURCE_FOLDER","RED","2898977","Source path is inside a keyboard .SET-style folder. Metadata review only.","KEEP_BLOCKED","Owner baseline decision: keep blocked. Metadata-only documentation allowed. No copy, no writer, no keyboard output.","FINAL_KEEP_BLOCKED","FINAL_OWNER_DECISION_WRITER","False","False","False","False","False","False","False","False"
"V1713-F0097","V1712-R0097",".pcm","NEWNAME.SET","NEWNAME.SET\PCM\RAM82.PCM","BLOCKED_INSIDE_FORBIDDEN_SOURCE_FOLDER","RED","1649618","Source path is inside a keyboard .SET-style folder. Metadata review only.","KEEP_BLOCKED","Owner baseline decision: keep blocked. Metadata-only documentation allowed. No copy, no writer, no keyboard output.","FINAL_KEEP_BLOCKED","FINAL_OWNER_DECISION_WRITER","False","False","False","False","False","False","False","False"
"V1713-F0098","V1712-R0098",".pcm","NEWNAME.SET","NEWNAME.SET\PCM\RAM83.PCM","BLOCKED_INSIDE_FORBIDDEN_SOURCE_FOLDER","RED","2059079","Source path is inside a keyboard .SET-style folder. Metadata review only.","KEEP_BLOCKED","Owner baseline decision: keep blocked. Metadata-only documentation allowed. No copy, no writer, no keyboard output.","FINAL_KEEP_BLOCKED","FINAL_OWNER_DECISION_WRITER","False","False","False","False","False","False","False","False"
"V1713-F0099","V1712-R0099",".pcm","NEWNAME.SET","NEWNAME.SET\PCM\RAM84.PCM","BLOCKED_INSIDE_FORBIDDEN_SOURCE_FOLDER","RED","2140754","Source path is inside a keyboard .SET-style folder. Metadata review only.","KEEP_BLOCKED","Owner baseline decision: keep blocked. Metadata-only documentation allowed. No copy, no writer, no keyboard output.","FINAL_KEEP_BLOCKED","FINAL_OWNER_DECISION_WRITER","False","False","False","False","False","False","False","False"
"V1713-F0100","V1712-R0100",".pcm","NEWNAME.SET","NEWNAME.SET\PCM\RAM85.PCM","BLOCKED_INSIDE_FORBIDDEN_SOURCE_FOLDER","RED","2075814","Source path is inside a keyboard .SET-style folder. Metadata review only.","KEEP_BLOCKED","Owner baseline decision: keep blocked. Metadata-only documentation allowed. No copy, no writer, no keyboard output.","FINAL_KEEP_BLOCKED","FINAL_OWNER_DECISION_WRITER","False","False","False","False","False","False","False","False"
"V1713-F0101","V1712-R0101",".pcm","NEWNAME.SET","NEWNAME.SET\PCM\RAM86.PCM","BLOCKED_INSIDE_FORBIDDEN_SOURCE_FOLDER","RED","2596803","Source path is inside a keyboard .SET-style folder. Metadata review only.","KEEP_BLOCKED","Owner baseline decision: keep blocked. Metadata-only documentation allowed. No copy, no writer, no keyboard output.","FINAL_KEEP_BLOCKED","FINAL_OWNER_DECISION_WRITER","False","False","False","False","False","False","False","False"
"V1713-F0102","V1712-R0102",".pcm","NEWNAME.SET","NEWNAME.SET\PCM\RAM87.PCM","BLOCKED_INSIDE_FORBIDDEN_SOURCE_FOLDER","RED","3024325","Source path is inside a keyboard .SET-style folder. Metadata review only.","KEEP_BLOCKED","Owner baseline decision: keep blocked. Metadata-only documentation allowed. No copy, no writer, no keyboard output.","FINAL_KEEP_BLOCKED","FINAL_OWNER_DECISION_WRITER","False","False","False","False","False","False","False","False"
"V1713-F0103","V1712-R0103",".pcm","NEWNAME.SET","NEWNAME.SET\PCM\RAM88.PCM","BLOCKED_INSIDE_FORBIDDEN_SOURCE_FOLDER","RED","1829250","Source path is inside a keyboard .SET-style folder. Metadata review only.","KEEP_BLOCKED","Owner baseline decision: keep blocked. Metadata-only documentation allowed. No copy, no writer, no keyboard output.","FINAL_KEEP_BLOCKED","FINAL_OWNER_DECISION_WRITER","False","False","False","False","False","False","False","False"
"V1713-F0104","V1712-R0104",".pcm","NEWNAME.SET","NEWNAME.SET\PCM\RAM89.PCM","BLOCKED_INSIDE_FORBIDDEN_SOURCE_FOLDER","RED","1956771","Source path is inside a keyboard .SET-style folder. Metadata review only.","KEEP_BLOCKED","Owner baseline decision: keep blocked. Metadata-only documentation allowed. No copy, no writer, no keyboard output.","FINAL_KEEP_BLOCKED","FINAL_OWNER_DECISION_WRITER","False","False","False","False","False","False","False","False"
"V1713-F0105","V1712-R0105",".pcm","NEWNAME.SET","NEWNAME.SET\PCM\RAM90.PCM","BLOCKED_INSIDE_FORBIDDEN_SOURCE_FOLDER","RED","3058875","Source path is inside a keyboard .SET-style folder. Metadata review only.","KEEP_BLOCKED","Owner baseline decision: keep blocked. Metadata-only documentation allowed. No copy, no writer, no keyboard output.","FINAL_KEEP_BLOCKED","FINAL_OWNER_DECISION_WRITER","False","False","False","False","False","False","False","False"
"V1713-F0106","V1712-R0106",".pcm","NEWNAME.SET","NEWNAME.SET\PCM\RAM91.PCM","BLOCKED_INSIDE_FORBIDDEN_SOURCE_FOLDER","RED","2328815","Source path is inside a keyboard .SET-style folder. Metadata review only.","KEEP_BLOCKED","Owner baseline decision: keep blocked. Metadata-only documentation allowed. No copy, no writer, no keyboard output.","FINAL_KEEP_BLOCKED","FINAL_OWNER_DECISION_WRITER","False","False","False","False","False","False","False","False"
"V1713-F0107","V1712-R0107",".pcm","NEWNAME.SET","NEWNAME.SET\PCM\RAM92.PCM","BLOCKED_INSIDE_FORBIDDEN_SOURCE_FOLDER","RED","2197581","Source path is inside a keyboard .SET-style folder. Metadata review only.","KEEP_BLOCKED","Owner baseline decision: keep blocked. Metadata-only documentation allowed. No copy, no writer, no keyboard output.","FINAL_KEEP_BLOCKED","FINAL_OWNER_DECISION_WRITER","False","False","False","False","False","False","False","False"
"V1713-F0108","V1712-R0108",".pcm","NEWNAME.SET","NEWNAME.SET\PCM\RAM93.PCM","BLOCKED_INSIDE_FORBIDDEN_SOURCE_FOLDER","RED","2100209","Source path is inside a keyboard .SET-style folder. Metadata review only.","KEEP_BLOCKED","Owner baseline decision: keep blocked. Metadata-only documentation allowed. No copy, no writer, no keyboard output.","FINAL_KEEP_BLOCKED","FINAL_OWNER_DECISION_WRITER","False","False","False","False","False","False","False","False"
"V1713-F0109","V1712-R0109",".pcm","NEWNAME.SET","NEWNAME.SET\PCM\RAM94.PCM","BLOCKED_INSIDE_FORBIDDEN_SOURCE_FOLDER","RED","2631154","Source path is inside a keyboard .SET-style folder. Metadata review only.","KEEP_BLOCKED","Owner baseline decision: keep blocked. Metadata-only documentation allowed. No copy, no writer, no keyboard output.","FINAL_KEEP_BLOCKED","FINAL_OWNER_DECISION_WRITER","False","False","False","False","False","False","False","False"
"V1713-F0110","V1712-R0110",".pcm","NEWNAME.SET","NEWNAME.SET\PCM\RAM95.PCM","BLOCKED_INSIDE_FORBIDDEN_SOURCE_FOLDER","RED","4251732","Source path is inside a keyboard .SET-style folder. Metadata review only.","KEEP_BLOCKED","Owner baseline decision: keep blocked. Metadata-only documentation allowed. No copy, no writer, no keyboard output.","FINAL_KEEP_BLOCKED","FINAL_OWNER_DECISION_WRITER","False","False","False","False","False","False","False","False"
"V1713-F0111","V1712-R0111",".pcm","NEWNAME.SET","NEWNAME.SET\PCM\RAM96.PCM","BLOCKED_INSIDE_FORBIDDEN_SOURCE_FOLDER","RED","3700130","Source path is inside a keyboard .SET-style folder. Metadata review only.","KEEP_BLOCKED","Owner baseline decision: keep blocked. Metadata-only documentation allowed. No copy, no writer, no keyboard output.","FINAL_KEEP_BLOCKED","FINAL_OWNER_DECISION_WRITER","False","False","False","False","False","False","False","False"
"V1713-F0112","V1712-R0112",".pcm","NEWNAME.SET","NEWNAME.SET\PCM\RAM97.PCM","BLOCKED_INSIDE_FORBIDDEN_SOURCE_FOLDER","RED","3866196","Source path is inside a keyboard .SET-style folder. Metadata review only.","KEEP_BLOCKED","Owner baseline decision: keep blocked. Metadata-only documentation allowed. No copy, no writer, no keyboard output.","FINAL_KEEP_BLOCKED","FINAL_OWNER_DECISION_WRITER","False","False","False","False","False","False","False","False"
"V1713-F0113","V1712-R0113",".pcm","NEWNAME.SET","NEWNAME.SET\PCM\RAM98.PCM","BLOCKED_INSIDE_FORBIDDEN_SOURCE_FOLDER","RED","2860792","Source path is inside a keyboard .SET-style folder. Metadata review only.","KEEP_BLOCKED","Owner baseline decision: keep blocked. Metadata-only documentation allowed. No copy, no writer, no keyboard output.","FINAL_KEEP_BLOCKED","FINAL_OWNER_DECISION_WRITER","False","False","False","False","False","False","False","False"
"V1713-F0114","V1712-R0114",".pcm","NEWNAME.SET","NEWNAME.SET\PCM\RAM99.PCM","BLOCKED_INSIDE_FORBIDDEN_SOURCE_FOLDER","RED","2008717","Source path is inside a keyboard .SET-style folder. Metadata review only.","KEEP_BLOCKED","Owner baseline decision: keep blocked. Metadata-only documentation allowed. No copy, no writer, no keyboard output.","FINAL_KEEP_BLOCKED","FINAL_OWNER_DECISION_WRITER","False","False","False","False","False","False","False","False"
"V1713-F0115","V1712-R0115",".prf","NEWNAME.SET","NEWNAME.SET\PERFORM\BANK01.PRF","BLOCKED_INSIDE_FORBIDDEN_SOURCE_FOLDER","RED","29244","Source path is inside a keyboard .SET-style folder. Metadata review only.","KEEP_BLOCKED","Owner baseline decision: keep blocked. Metadata-only documentation allowed. No copy, no writer, no keyboard output.","FINAL_KEEP_BLOCKED","FINAL_OWNER_DECISION_WRITER","False","False","False","False","False","False","False","False"
"V1713-F0116","V1712-R0116",".prf","NEWNAME.SET","NEWNAME.SET\PERFORM\BANK02.PRF","BLOCKED_INSIDE_FORBIDDEN_SOURCE_FOLDER","RED","25481","Source path is inside a keyboard .SET-style folder. Metadata review only.","KEEP_BLOCKED","Owner baseline decision: keep blocked. Metadata-only documentation allowed. No copy, no writer, no keyboard output.","FINAL_KEEP_BLOCKED","FINAL_OWNER_DECISION_WRITER","False","False","False","False","False","False","False","False"
"V1713-F0117","V1712-R0117",".prf","NEWNAME.SET","NEWNAME.SET\PERFORM\BANK03.PRF","BLOCKED_INSIDE_FORBIDDEN_SOURCE_FOLDER","RED","24810","Source path is inside a keyboard .SET-style folder. Metadata review only.","KEEP_BLOCKED","Owner baseline decision: keep blocked. Metadata-only documentation allowed. No copy, no writer, no keyboard output.","FINAL_KEEP_BLOCKED","FINAL_OWNER_DECISION_WRITER","False","False","False","False","False","False","False","False"
"V1713-F0118","V1712-R0118",".prf","NEWNAME.SET","NEWNAME.SET\PERFORM\BANK04.PRF","BLOCKED_INSIDE_FORBIDDEN_SOURCE_FOLDER","RED","24709","Source path is inside a keyboard .SET-style folder. Metadata review only.","KEEP_BLOCKED","Owner baseline decision: keep blocked. Metadata-only documentation allowed. No copy, no writer, no keyboard output.","FINAL_KEEP_BLOCKED","FINAL_OWNER_DECISION_WRITER","False","False","False","False","False","False","False","False"
"V1713-F0119","V1712-R0119",".prf","NEWNAME.SET","NEWNAME.SET\PERFORM\BANK05.PRF","BLOCKED_INSIDE_FORBIDDEN_SOURCE_FOLDER","RED","23741","Source path is inside a keyboard .SET-style folder. Metadata review only.","KEEP_BLOCKED","Owner baseline decision: keep blocked. Metadata-only documentation allowed. No copy, no writer, no keyboard output.","FINAL_KEEP_BLOCKED","FINAL_OWNER_DECISION_WRITER","False","False","False","False","False","False","False","False"
"V1713-F0120","V1712-R0120",".prf","NEWNAME.SET","NEWNAME.SET\PERFORM\BANK06.PRF","BLOCKED_INSIDE_FORBIDDEN_SOURCE_FOLDER","RED","23152","Source path is inside a keyboard .SET-style folder. Metadata review only.","KEEP_BLOCKED","Owner baseline decision: keep blocked. Metadata-only documentation allowed. No copy, no writer, no keyboard output.","FINAL_KEEP_BLOCKED","FINAL_OWNER_DECISION_WRITER","False","False","False","False","False","False","False","False"
"V1713-F0121","V1712-R0121",".prf","NEWNAME.SET","NEWNAME.SET\PERFORM\BANK07.PRF","BLOCKED_INSIDE_FORBIDDEN_SOURCE_FOLDER","RED","28111","Source path is inside a keyboard .SET-style folder. Metadata review only.","KEEP_BLOCKED","Owner baseline decision: keep blocked. Metadata-only documentation allowed. No copy, no writer, no keyboard output.","FINAL_KEEP_BLOCKED","FINAL_OWNER_DECISION_WRITER","False","False","False","False","False","False","False","False"
"V1713-F0122","V1712-R0122",".prf","NEWNAME.SET","NEWNAME.SET\PERFORM\BANK08.PRF","BLOCKED_INSIDE_FORBIDDEN_SOURCE_FOLDER","RED","22954","Source path is inside a keyboard .SET-style folder. Metadata review only.","KEEP_BLOCKED","Owner baseline decision: keep blocked. Metadata-only documentation allowed. No copy, no writer, no keyboard output.","FINAL_KEEP_BLOCKED","FINAL_OWNER_DECISION_WRITER","False","False","False","False","False","False","False","False"
"V1713-F0123","V1712-R0123",".prf","NEWNAME.SET","NEWNAME.SET\PERFORM\BANK09.PRF","BLOCKED_INSIDE_FORBIDDEN_SOURCE_FOLDER","RED","32230","Source path is inside a keyboard .SET-style folder. Metadata review only.","KEEP_BLOCKED","Owner baseline decision: keep blocked. Metadata-only documentation allowed. No copy, no writer, no keyboard output.","FINAL_KEEP_BLOCKED","FINAL_OWNER_DECISION_WRITER","False","False","False","False","False","False","False","False"
"V1713-F0124","V1712-R0124",".prf","NEWNAME.SET","NEWNAME.SET\PERFORM\BANK10.PRF","BLOCKED_INSIDE_FORBIDDEN_SOURCE_FOLDER","RED","31879","Source path is inside a keyboard .SET-style folder. Metadata review only.","KEEP_BLOCKED","Owner baseline decision: keep blocked. Metadata-only documentation allowed. No copy, no writer, no keyboard output.","FINAL_KEEP_BLOCKED","FINAL_OWNER_DECISION_WRITER","False","False","False","False","False","False","False","False"
"V1713-F0125","V1712-R0125",".prf","NEWNAME.SET","NEWNAME.SET\PERFORM\BANK11.PRF","BLOCKED_INSIDE_FORBIDDEN_SOURCE_FOLDER","RED","29437","Source path is inside a keyboard .SET-style folder. Metadata review only.","KEEP_BLOCKED","Owner baseline decision: keep blocked. Metadata-only documentation allowed. No copy, no writer, no keyboard output.","FINAL_KEEP_BLOCKED","FINAL_OWNER_DECISION_WRITER","False","False","False","False","False","False","False","False"
"V1713-F0126","V1712-R0126",".prf","NEWNAME.SET","NEWNAME.SET\PERFORM\BANK12.PRF","BLOCKED_INSIDE_FORBIDDEN_SOURCE_FOLDER","RED","26615","Source path is inside a keyboard .SET-style folder. Metadata review only.","KEEP_BLOCKED","Owner baseline decision: keep blocked. Metadata-only documentation allowed. No copy, no writer, no keyboard output.","FINAL_KEEP_BLOCKED","FINAL_OWNER_DECISION_WRITER","False","False","False","False","False","False","False","False"
"V1713-F0127","V1712-R0127",".prf","NEWNAME.SET","NEWNAME.SET\PERFORM\BANK13.PRF","BLOCKED_INSIDE_FORBIDDEN_SOURCE_FOLDER","RED","31626","Source path is inside a keyboard .SET-style folder. Metadata review only.","KEEP_BLOCKED","Owner baseline decision: keep blocked. Metadata-only documentation allowed. No copy, no writer, no keyboard output.","FINAL_KEEP_BLOCKED","FINAL_OWNER_DECISION_WRITER","False","False","False","False","False","False","False","False"
"V1713-F0128","V1712-R0128",".prf","NEWNAME.SET","NEWNAME.SET\PERFORM\BANK14.PRF","BLOCKED_INSIDE_FORBIDDEN_SOURCE_FOLDER","RED","22598","Source path is inside a keyboard .SET-style folder. Metadata review only.","KEEP_BLOCKED","Owner baseline decision: keep blocked. Metadata-only documentation allowed. No copy, no writer, no keyboard output.","FINAL_KEEP_BLOCKED","FINAL_OWNER_DECISION_WRITER","False","False","False","False","False","False","False","False"
"V1713-F0129","V1712-R0129",".prf","NEWNAME.SET","NEWNAME.SET\PERFORM\BANK15.PRF","BLOCKED_INSIDE_FORBIDDEN_SOURCE_FOLDER","RED","30181","Source path is inside a keyboard .SET-style folder. Metadata review only.","KEEP_BLOCKED","Owner baseline decision: keep blocked. Metadata-only documentation allowed. No copy, no writer, no keyboard output.","FINAL_KEEP_BLOCKED","FINAL_OWNER_DECISION_WRITER","False","False","False","False","False","False","False","False"
"V1713-F0130","V1712-R0130",".prf","NEWNAME.SET","NEWNAME.SET\PERFORM\BANK16.PRF","BLOCKED_INSIDE_FORBIDDEN_SOURCE_FOLDER","RED","21975","Source path is inside a keyboard .SET-style folder. Metadata review only.","KEEP_BLOCKED","Owner baseline decision: keep blocked. Metadata-only documentation allowed. No copy, no writer, no keyboard output.","FINAL_KEEP_BLOCKED","FINAL_OWNER_DECISION_WRITER","False","False","False","False","False","False","False","False"
"V1713-F0131","V1712-R0131",".sbl","NEWNAME.SET","NEWNAME.SET\SONGBOOK\LISTDB.SBL","BLOCKED_INSIDE_FORBIDDEN_SOURCE_FOLDER","RED","2915","Source path is inside a keyboard .SET-style folder. Metadata review only.","KEEP_BLOCKED","Owner baseline decision: keep blocked. Metadata-only documentation allowed. No copy, no writer, no keyboard output.","FINAL_KEEP_BLOCKED","FINAL_OWNER_DECISION_WRITER","False","False","False","False","False","False","False","False"
"V1713-F0132","V1712-R0132",".sbd","NEWNAME.SET","NEWNAME.SET\SONGBOOK\SONGDB.SBD\BANK01.SBD","BLOCKED_INSIDE_FORBIDDEN_SOURCE_FOLDER","RED","46514","Source path is inside a keyboard .SET-style folder. Metadata review only.","KEEP_BLOCKED","Owner baseline decision: keep blocked. Metadata-only documentation allowed. No copy, no writer, no keyboard output.","FINAL_KEEP_BLOCKED","FINAL_OWNER_DECISION_WRITER","False","False","False","False","False","False","False","False"
"V1713-F0133","V1712-R0133",".sbd","NEWNAME.SET","NEWNAME.SET\SONGBOOK\SONGDB.SBD\BANK02.SBD","BLOCKED_INSIDE_FORBIDDEN_SOURCE_FOLDER","RED","47582","Source path is inside a keyboard .SET-style folder. Metadata review only.","KEEP_BLOCKED","Owner baseline decision: keep blocked. Metadata-only documentation allowed. No copy, no writer, no keyboard output.","FINAL_KEEP_BLOCKED","FINAL_OWNER_DECISION_WRITER","False","False","False","False","False","False","False","False"
"V1713-F0134","V1712-R0134",".sbd","NEWNAME.SET","NEWNAME.SET\SONGBOOK\SONGDB.SBD\BANK03.SBD","BLOCKED_INSIDE_FORBIDDEN_SOURCE_FOLDER","RED","47913","Source path is inside a keyboard .SET-style folder. Metadata review only.","KEEP_BLOCKED","Owner baseline decision: keep blocked. Metadata-only documentation allowed. No copy, no writer, no keyboard output.","FINAL_KEEP_BLOCKED","FINAL_OWNER_DECISION_WRITER","False","False","False","False","False","False","False","False"
"V1713-F0135","V1712-R0135",".sbd","NEWNAME.SET","NEWNAME.SET\SONGBOOK\SONGDB.SBD\BANK04.SBD","BLOCKED_INSIDE_FORBIDDEN_SOURCE_FOLDER","RED","47200","Source path is inside a keyboard .SET-style folder. Metadata review only.","KEEP_BLOCKED","Owner baseline decision: keep blocked. Metadata-only documentation allowed. No copy, no writer, no keyboard output.","FINAL_KEEP_BLOCKED","FINAL_OWNER_DECISION_WRITER","False","False","False","False","False","False","False","False"
"V1713-F0136","V1712-R0136",".sbd","NEWNAME.SET","NEWNAME.SET\SONGBOOK\SONGDB.SBD\BANK05.SBD","BLOCKED_INSIDE_FORBIDDEN_SOURCE_FOLDER","RED","46636","Source path is inside a keyboard .SET-style folder. Metadata review only.","KEEP_BLOCKED","Owner baseline decision: keep blocked. Metadata-only documentation allowed. No copy, no writer, no keyboard output.","FINAL_KEEP_BLOCKED","FINAL_OWNER_DECISION_WRITER","False","False","False","False","False","False","False","False"
"V1713-F0137","V1712-R0137",".sbd","NEWNAME.SET","NEWNAME.SET\SONGBOOK\SONGDB.SBD\BANK06.SBD","BLOCKED_INSIDE_FORBIDDEN_SOURCE_FOLDER","RED","51534","Source path is inside a keyboard .SET-style folder. Metadata review only.","KEEP_BLOCKED","Owner baseline decision: keep blocked. Metadata-only documentation allowed. No copy, no writer, no keyboard output.","FINAL_KEEP_BLOCKED","FINAL_OWNER_DECISION_WRITER","False","False","False","False","False","False","False","False"
"V1713-F0138","V1712-R0138",".sbd","NEWNAME.SET","NEWNAME.SET\SONGBOOK\SONGDB.SBD\BANK07.SBD","BLOCKED_INSIDE_FORBIDDEN_SOURCE_FOLDER","RED","2557","Source path is inside a keyboard .SET-style folder. Metadata review only.","KEEP_BLOCKED","Owner baseline decision: keep blocked. Metadata-only documentation allowed. No copy, no writer, no keyboard output.","FINAL_KEEP_BLOCKED","FINAL_OWNER_DECISION_WRITER","False","False","False","False","False","False","False","False"
"V1713-F0139","V1712-R0139",".pcg","NEWNAME.SET","NEWNAME.SET\SOUND\USER01.PCG","BLOCKED_INSIDE_FORBIDDEN_SOURCE_FOLDER","RED","42631","Source path is inside a keyboard .SET-style folder. Metadata review only.","KEEP_BLOCKED","Owner baseline decision: keep blocked. Metadata-only documentation allowed. No copy, no writer, no keyboard output.","FINAL_KEEP_BLOCKED","FINAL_OWNER_DECISION_WRITER","False","False","False","False","False","False","False","False"
"V1713-F0140","V1712-R0140",".pcg","NEWNAME.SET","NEWNAME.SET\SOUND\USER02.PCG","BLOCKED_INSIDE_FORBIDDEN_SOURCE_FOLDER","RED","42857","Source path is inside a keyboard .SET-style folder. Metadata review only.","KEEP_BLOCKED","Owner baseline decision: keep blocked. Metadata-only documentation allowed. No copy, no writer, no keyboard output.","FINAL_KEEP_BLOCKED","FINAL_OWNER_DECISION_WRITER","False","False","False","False","False","False","False","False"
"V1713-F0141","V1712-R0141",".pcg","NEWNAME.SET","NEWNAME.SET\SOUND\USER03.PCG","BLOCKED_INSIDE_FORBIDDEN_SOURCE_FOLDER","RED","24772","Source path is inside a keyboard .SET-style folder. Metadata review only.","KEEP_BLOCKED","Owner baseline decision: keep blocked. Metadata-only documentation allowed. No copy, no writer, no keyboard output.","FINAL_KEEP_BLOCKED","FINAL_OWNER_DECISION_WRITER","False","False","False","False","False","False","False","False"
"V1713-F0142","V1712-R0142",".pcg","NEWNAME.SET","NEWNAME.SET\SOUND\USER04.PCG","BLOCKED_INSIDE_FORBIDDEN_SOURCE_FOLDER","RED","12031","Source path is inside a keyboard .SET-style folder. Metadata review only.","KEEP_BLOCKED","Owner baseline decision: keep blocked. Metadata-only documentation allowed. No copy, no writer, no keyboard output.","FINAL_KEEP_BLOCKED","FINAL_OWNER_DECISION_WRITER","False","False","False","False","False","False","False","False"
"V1713-F0143","V1712-R0143",".pcg","NEWNAME.SET","NEWNAME.SET\SOUND\USERDK.PCG","BLOCKED_INSIDE_FORBIDDEN_SOURCE_FOLDER","RED","113296","Source path is inside a keyboard .SET-style folder. Metadata review only.","KEEP_BLOCKED","Owner baseline decision: keep blocked. Metadata-only documentation allowed. No copy, no writer, no keyboard output.","FINAL_KEEP_BLOCKED","FINAL_OWNER_DECISION_WRITER","False","False","False","False","False","False","False","False"
"V1713-F0144","V1712-R0144",".sty","NEWNAME.SET","NEWNAME.SET\STYLE\FAVORITE01.STY","BLOCKED_INSIDE_FORBIDDEN_SOURCE_FOLDER","RED","1620562","Source path is inside a keyboard .SET-style folder. Metadata review only.","KEEP_BLOCKED","Owner baseline decision: keep blocked. Metadata-only documentation allowed. No copy, no writer, no keyboard output.","FINAL_KEEP_BLOCKED","FINAL_OWNER_DECISION_WRITER","False","False","False","False","False","False","False","False"
"V1713-F0145","V1712-R0145",".sty","NEWNAME.SET","NEWNAME.SET\STYLE\FAVORITE02.STY","BLOCKED_INSIDE_FORBIDDEN_SOURCE_FOLDER","RED","1313446","Source path is inside a keyboard .SET-style folder. Metadata review only.","KEEP_BLOCKED","Owner baseline decision: keep blocked. Metadata-only documentation allowed. No copy, no writer, no keyboard output.","FINAL_KEEP_BLOCKED","FINAL_OWNER_DECISION_WRITER","False","False","False","False","False","False","False","False"
"V1713-F0146","V1712-R0146",".sty","NEWNAME.SET","NEWNAME.SET\STYLE\FAVORITE03.STY","BLOCKED_INSIDE_FORBIDDEN_SOURCE_FOLDER","RED","721337","Source path is inside a keyboard .SET-style folder. Metadata review only.","KEEP_BLOCKED","Owner baseline decision: keep blocked. Metadata-only documentation allowed. No copy, no writer, no keyboard output.","FINAL_KEEP_BLOCKED","FINAL_OWNER_DECISION_WRITER","False","False","False","False","False","False","False","False"
"V1713-F0147","V1712-R0147",".sty","NEWNAME.SET","NEWNAME.SET\STYLE\FAVORITE04.STY","BLOCKED_INSIDE_FORBIDDEN_SOURCE_FOLDER","RED","1371390","Source path is inside a keyboard .SET-style folder. Metadata review only.","KEEP_BLOCKED","Owner baseline decision: keep blocked. Metadata-only documentation allowed. No copy, no writer, no keyboard output.","FINAL_KEEP_BLOCKED","FINAL_OWNER_DECISION_WRITER","False","False","False","False","False","False","False","False"
"V1713-F0148","V1712-R0148",".sty","NEWNAME.SET","NEWNAME.SET\STYLE\FAVORITE05.STY","BLOCKED_INSIDE_FORBIDDEN_SOURCE_FOLDER","RED","2669779","Source path is inside a keyboard .SET-style folder. Metadata review only.","KEEP_BLOCKED","Owner baseline decision: keep blocked. Metadata-only documentation allowed. No copy, no writer, no keyboard output.","FINAL_KEEP_BLOCKED","FINAL_OWNER_DECISION_WRITER","False","False","False","False","False","False","False","False"
"V1713-F0149","V1712-R0149",".sty","NEWNAME.SET","NEWNAME.SET\STYLE\FAVORITE06.STY","BLOCKED_INSIDE_FORBIDDEN_SOURCE_FOLDER","RED","1830145","Source path is inside a keyboard .SET-style folder. Metadata review only.","KEEP_BLOCKED","Owner baseline decision: keep blocked. Metadata-only documentation allowed. No copy, no writer, no keyboard output.","FINAL_KEEP_BLOCKED","FINAL_OWNER_DECISION_WRITER","False","False","False","False","False","False","False","False"
"V1713-F0150","V1712-R0150",".sty","NEWNAME.SET","NEWNAME.SET\STYLE\FAVORITE07.STY","BLOCKED_INSIDE_FORBIDDEN_SOURCE_FOLDER","RED","1997824","Source path is inside a keyboard .SET-style folder. Metadata review only.","KEEP_BLOCKED","Owner baseline decision: keep blocked. Metadata-only documentation allowed. No copy, no writer, no keyboard output.","FINAL_KEEP_BLOCKED","FINAL_OWNER_DECISION_WRITER","False","False","False","False","False","False","False","False"
"V1713-F0151","V1712-R0151",".sty","NEWNAME.SET","NEWNAME.SET\STYLE\FAVORITE08.STY","BLOCKED_INSIDE_FORBIDDEN_SOURCE_FOLDER","RED","1309764","Source path is inside a keyboard .SET-style folder. Metadata review only.","KEEP_BLOCKED","Owner baseline decision: keep blocked. Metadata-only documentation allowed. No copy, no writer, no keyboard output.","FINAL_KEEP_BLOCKED","FINAL_OWNER_DECISION_WRITER","False","False","False","False","False","False","False","False"
"V1713-F0152","V1712-R0152",".sty","NEWNAME.SET","NEWNAME.SET\STYLE\FAVORITE09.STY","BLOCKED_INSIDE_FORBIDDEN_SOURCE_FOLDER","RED","1309700","Source path is inside a keyboard .SET-style folder. Metadata review only.","KEEP_BLOCKED","Owner baseline decision: keep blocked. Metadata-only documentation allowed. No copy, no writer, no keyboard output.","FINAL_KEEP_BLOCKED","FINAL_OWNER_DECISION_WRITER","False","False","False","False","False","False","False","False"
"V1713-F0153","V1712-R0153",".sty","NEWNAME.SET","NEWNAME.SET\STYLE\FAVORITE10.STY","BLOCKED_INSIDE_FORBIDDEN_SOURCE_FOLDER","RED","1582136","Source path is inside a keyboard .SET-style folder. Metadata review only.","KEEP_BLOCKED","Owner baseline decision: keep blocked. Metadata-only documentation allowed. No copy, no writer, no keyboard output.","FINAL_KEEP_BLOCKED","FINAL_OWNER_DECISION_WRITER","False","False","False","False","False","False","False","False"
"V1713-F0154","V1712-R0154",".sty","NEWNAME.SET","NEWNAME.SET\STYLE\FAVORITE11.STY","BLOCKED_INSIDE_FORBIDDEN_SOURCE_FOLDER","RED","959344","Source path is inside a keyboard .SET-style folder. Metadata review only.","KEEP_BLOCKED","Owner baseline decision: keep blocked. Metadata-only documentation allowed. No copy, no writer, no keyboard output.","FINAL_KEEP_BLOCKED","FINAL_OWNER_DECISION_WRITER","False","False","False","False","False","False","False","False"
"V1713-F0155","V1712-R0155",".sty","NEWNAME.SET","NEWNAME.SET\STYLE\FAVORITE12.STY","BLOCKED_INSIDE_FORBIDDEN_SOURCE_FOLDER","RED","569741","Source path is inside a keyboard .SET-style folder. Metadata review only.","KEEP_BLOCKED","Owner baseline decision: keep blocked. Metadata-only documentation allowed. No copy, no writer, no keyboard output.","FINAL_KEEP_BLOCKED","FINAL_OWNER_DECISION_WRITER","False","False","False","False","False","False","False","False"
"V1713-F0156","V1712-R0156",".sty","NEWNAME.SET","NEWNAME.SET\STYLE\USER01.STY","BLOCKED_INSIDE_FORBIDDEN_SOURCE_FOLDER","RED","767611","Source path is inside a keyboard .SET-style folder. Metadata review only.","KEEP_BLOCKED","Owner baseline decision: keep blocked. Metadata-only documentation allowed. No copy, no writer, no keyboard output.","FINAL_KEEP_BLOCKED","FINAL_OWNER_DECISION_WRITER","False","False","False","False","False","False","False","False"
"V1713-F0157","V1712-R0157",".sty","NEWNAME.SET","NEWNAME.SET\STYLE\USER02.STY","BLOCKED_INSIDE_FORBIDDEN_SOURCE_FOLDER","RED","549046","Source path is inside a keyboard .SET-style folder. Metadata review only.","KEEP_BLOCKED","Owner baseline decision: keep blocked. Metadata-only documentation allowed. No copy, no writer, no keyboard output.","FINAL_KEEP_BLOCKED","FINAL_OWNER_DECISION_WRITER","False","False","False","False","False","False","False","False"
"V1713-F0158","V1712-R0158",".sty","NEWNAME.SET","NEWNAME.SET\STYLE\USER03.STY","BLOCKED_INSIDE_FORBIDDEN_SOURCE_FOLDER","RED","518250","Source path is inside a keyboard .SET-style folder. Metadata review only.","KEEP_BLOCKED","Owner baseline decision: keep blocked. Metadata-only documentation allowed. No copy, no writer, no keyboard output.","FINAL_KEEP_BLOCKED","FINAL_OWNER_DECISION_WRITER","False","False","False","False","False","False","False","False"
"V1713-F0159","V1712-R0159",".mxp","sar.SET","sar.SET\GLOBAL\MXPRESET.MXP","BLOCKED_INSIDE_FORBIDDEN_SOURCE_FOLDER","RED","1943","Source path is inside a keyboard .SET-style folder. Metadata review only.","KEEP_BLOCKED","Owner baseline decision: keep blocked. Metadata-only documentation allowed. No copy, no writer, no keyboard output.","FINAL_KEEP_BLOCKED","FINAL_OWNER_DECISION_WRITER","False","False","False","False","False","False","False","False"
"V1713-F0160","V1712-R0160",".gbl","sar.SET","sar.SET\GLOBAL\SETUP.GBL","BLOCKED_INSIDE_FORBIDDEN_SOURCE_FOLDER","RED","3359","Source path is inside a keyboard .SET-style folder. Metadata review only.","KEEP_BLOCKED","Owner baseline decision: keep blocked. Metadata-only documentation allowed. No copy, no writer, no keyboard output.","FINAL_KEEP_BLOCKED","FINAL_OWNER_DECISION_WRITER","False","False","False","False","False","False","False","False"
"V1713-F0161","V1712-R0161",".voc","sar.SET","sar.SET\GLOBAL\VPPRESET.VOC","BLOCKED_INSIDE_FORBIDDEN_SOURCE_FOLDER","RED","34304","Source path is inside a keyboard .SET-style folder. Metadata review only.","KEEP_BLOCKED","Owner baseline decision: keep blocked. Metadata-only documentation allowed. No copy, no writer, no keyboard output.","FINAL_KEEP_BLOCKED","FINAL_OWNER_DECISION_WRITER","False","False","False","False","False","False","False","False"
"V1713-F0162","V1712-R0162",".kmp","sar.SET","sar.SET\MULTISMP\RAM.KMP","BLOCKED_INSIDE_FORBIDDEN_SOURCE_FOLDER","RED","235247","Source path is inside a keyboard .SET-style folder. Metadata review only.","KEEP_BLOCKED","Owner baseline decision: keep blocked. Metadata-only documentation allowed. No copy, no writer, no keyboard output.","FINAL_KEEP_BLOCKED","FINAL_OWNER_DECISION_WRITER","False","False","False","False","False","False","False","False"
"V1713-F0163","V1712-R0163",".pcm","sar.SET","sar.SET\PCM\RAM01.PCM","BLOCKED_INSIDE_FORBIDDEN_SOURCE_FOLDER","RED","2609467","Source path is inside a keyboard .SET-style folder. Metadata review only.","KEEP_BLOCKED","Owner baseline decision: keep blocked. Metadata-only documentation allowed. No copy, no writer, no keyboard output.","FINAL_KEEP_BLOCKED","FINAL_OWNER_DECISION_WRITER","False","False","False","False","False","False","False","False"
"V1713-F0164","V1712-R0164",".pcm","sar.SET","sar.SET\PCM\RAM02.PCM","BLOCKED_INSIDE_FORBIDDEN_SOURCE_FOLDER","RED","2761573","Source path is inside a keyboard .SET-style folder. Metadata review only.","KEEP_BLOCKED","Owner baseline decision: keep blocked. Metadata-only documentation allowed. No copy, no writer, no keyboard output.","FINAL_KEEP_BLOCKED","FINAL_OWNER_DECISION_WRITER","False","False","False","False","False","False","False","False"
"V1713-F0165","V1712-R0165",".pcm","sar.SET","sar.SET\PCM\RAM03.PCM","BLOCKED_INSIDE_FORBIDDEN_SOURCE_FOLDER","RED","1685510","Source path is inside a keyboard .SET-style folder. Metadata review only.","KEEP_BLOCKED","Owner baseline decision: keep blocked. Metadata-only documentation allowed. No copy, no writer, no keyboard output.","FINAL_KEEP_BLOCKED","FINAL_OWNER_DECISION_WRITER","False","False","False","False","False","False","False","False"
"V1713-F0166","V1712-R0166",".pcm","sar.SET","sar.SET\PCM\RAM04.PCM","BLOCKED_INSIDE_FORBIDDEN_SOURCE_FOLDER","RED","2570418","Source path is inside a keyboard .SET-style folder. Metadata review only.","KEEP_BLOCKED","Owner baseline decision: keep blocked. Metadata-only documentation allowed. No copy, no writer, no keyboard output.","FINAL_KEEP_BLOCKED","FINAL_OWNER_DECISION_WRITER","False","False","False","False","False","False","False","False"
"V1713-F0167","V1712-R0167",".pcm","sar.SET","sar.SET\PCM\RAM05.PCM","BLOCKED_INSIDE_FORBIDDEN_SOURCE_FOLDER","RED","1894621","Source path is inside a keyboard .SET-style folder. Metadata review only.","KEEP_BLOCKED","Owner baseline decision: keep blocked. Metadata-only documentation allowed. No copy, no writer, no keyboard output.","FINAL_KEEP_BLOCKED","FINAL_OWNER_DECISION_WRITER","False","False","False","False","False","False","False","False"
"V1713-F0168","V1712-R0168",".pcm","sar.SET","sar.SET\PCM\RAM06.PCM","BLOCKED_INSIDE_FORBIDDEN_SOURCE_FOLDER","RED","3678503","Source path is inside a keyboard .SET-style folder. Metadata review only.","KEEP_BLOCKED","Owner baseline decision: keep blocked. Metadata-only documentation allowed. No copy, no writer, no keyboard output.","FINAL_KEEP_BLOCKED","FINAL_OWNER_DECISION_WRITER","False","False","False","False","False","False","False","False"
"V1713-F0169","V1712-R0169",".pcm","sar.SET","sar.SET\PCM\RAM07.PCM","BLOCKED_INSIDE_FORBIDDEN_SOURCE_FOLDER","RED","2385716","Source path is inside a keyboard .SET-style folder. Metadata review only.","KEEP_BLOCKED","Owner baseline decision: keep blocked. Metadata-only documentation allowed. No copy, no writer, no keyboard output.","FINAL_KEEP_BLOCKED","FINAL_OWNER_DECISION_WRITER","False","False","False","False","False","False","False","False"
"V1713-F0170","V1712-R0170",".pcm","sar.SET","sar.SET\PCM\RAM08.PCM","BLOCKED_INSIDE_FORBIDDEN_SOURCE_FOLDER","RED","2343289","Source path is inside a keyboard .SET-style folder. Metadata review only.","KEEP_BLOCKED","Owner baseline decision: keep blocked. Metadata-only documentation allowed. No copy, no writer, no keyboard output.","FINAL_KEEP_BLOCKED","FINAL_OWNER_DECISION_WRITER","False","False","False","False","False","False","False","False"
"V1713-F0171","V1712-R0171",".pcm","sar.SET","sar.SET\PCM\RAM09.PCM","BLOCKED_INSIDE_FORBIDDEN_SOURCE_FOLDER","RED","2528316","Source path is inside a keyboard .SET-style folder. Metadata review only.","KEEP_BLOCKED","Owner baseline decision: keep blocked. Metadata-only documentation allowed. No copy, no writer, no keyboard output.","FINAL_KEEP_BLOCKED","FINAL_OWNER_DECISION_WRITER","False","False","False","False","False","False","False","False"
"V1713-F0172","V1712-R0172",".pcm","sar.SET","sar.SET\PCM\RAM10.PCM","BLOCKED_INSIDE_FORBIDDEN_SOURCE_FOLDER","RED","2035946","Source path is inside a keyboard .SET-style folder. Metadata review only.","KEEP_BLOCKED","Owner baseline decision: keep blocked. Metadata-only documentation allowed. No copy, no writer, no keyboard output.","FINAL_KEEP_BLOCKED","FINAL_OWNER_DECISION_WRITER","False","False","False","False","False","False","False","False"
"V1713-F0173","V1712-R0173",".pcm","sar.SET","sar.SET\PCM\RAM11.PCM","BLOCKED_INSIDE_FORBIDDEN_SOURCE_FOLDER","RED","2192345","Source path is inside a keyboard .SET-style folder. Metadata review only.","KEEP_BLOCKED","Owner baseline decision: keep blocked. Metadata-only documentation allowed. No copy, no writer, no keyboard output.","FINAL_KEEP_BLOCKED","FINAL_OWNER_DECISION_WRITER","False","False","False","False","False","False","False","False"
"V1713-F0174","V1712-R0174",".pcm","sar.SET","sar.SET\PCM\RAM12.PCM","BLOCKED_INSIDE_FORBIDDEN_SOURCE_FOLDER","RED","2802504","Source path is inside a keyboard .SET-style folder. Metadata review only.","KEEP_BLOCKED","Owner baseline decision: keep blocked. Metadata-only documentation allowed. No copy, no writer, no keyboard output.","FINAL_KEEP_BLOCKED","FINAL_OWNER_DECISION_WRITER","False","False","False","False","False","False","False","False"
"V1713-F0175","V1712-R0175",".pcm","sar.SET","sar.SET\PCM\RAM13.PCM","BLOCKED_INSIDE_FORBIDDEN_SOURCE_FOLDER","RED","1801345","Source path is inside a keyboard .SET-style folder. Metadata review only.","KEEP_BLOCKED","Owner baseline decision: keep blocked. Metadata-only documentation allowed. No copy, no writer, no keyboard output.","FINAL_KEEP_BLOCKED","FINAL_OWNER_DECISION_WRITER","False","False","False","False","False","False","False","False"
"V1713-F0176","V1712-R0176",".pcm","sar.SET","sar.SET\PCM\RAM14.PCM","BLOCKED_INSIDE_FORBIDDEN_SOURCE_FOLDER","RED","2211601","Source path is inside a keyboard .SET-style folder. Metadata review only.","KEEP_BLOCKED","Owner baseline decision: keep blocked. Metadata-only documentation allowed. No copy, no writer, no keyboard output.","FINAL_KEEP_BLOCKED","FINAL_OWNER_DECISION_WRITER","False","False","False","False","False","False","False","False"
"V1713-F0177","V1712-R0177",".pcm","sar.SET","sar.SET\PCM\RAM15.PCM","BLOCKED_INSIDE_FORBIDDEN_SOURCE_FOLDER","RED","3633676","Source path is inside a keyboard .SET-style folder. Metadata review only.","KEEP_BLOCKED","Owner baseline decision: keep blocked. Metadata-only documentation allowed. No copy, no writer, no keyboard output.","FINAL_KEEP_BLOCKED","FINAL_OWNER_DECISION_WRITER","False","False","False","False","False","False","False","False"
"V1713-F0178","V1712-R0178",".pcm","sar.SET","sar.SET\PCM\RAM16.PCM","BLOCKED_INSIDE_FORBIDDEN_SOURCE_FOLDER","RED","3098360","Source path is inside a keyboard .SET-style folder. Metadata review only.","KEEP_BLOCKED","Owner baseline decision: keep blocked. Metadata-only documentation allowed. No copy, no writer, no keyboard output.","FINAL_KEEP_BLOCKED","FINAL_OWNER_DECISION_WRITER","False","False","False","False","False","False","False","False"
"V1713-F0179","V1712-R0179",".pcm","sar.SET","sar.SET\PCM\RAM17.PCM","BLOCKED_INSIDE_FORBIDDEN_SOURCE_FOLDER","RED","2876209","Source path is inside a keyboard .SET-style folder. Metadata review only.","KEEP_BLOCKED","Owner baseline decision: keep blocked. Metadata-only documentation allowed. No copy, no writer, no keyboard output.","FINAL_KEEP_BLOCKED","FINAL_OWNER_DECISION_WRITER","False","False","False","False","False","False","False","False"
"V1713-F0180","V1712-R0180",".pcm","sar.SET","sar.SET\PCM\RAM18.PCM","BLOCKED_INSIDE_FORBIDDEN_SOURCE_FOLDER","RED","1852638","Source path is inside a keyboard .SET-style folder. Metadata review only.","KEEP_BLOCKED","Owner baseline decision: keep blocked. Metadata-only documentation allowed. No copy, no writer, no keyboard output.","FINAL_KEEP_BLOCKED","FINAL_OWNER_DECISION_WRITER","False","False","False","False","False","False","False","False"
"V1713-F0181","V1712-R0181",".pcm","sar.SET","sar.SET\PCM\RAM19.PCM","BLOCKED_INSIDE_FORBIDDEN_SOURCE_FOLDER","RED","2220968","Source path is inside a keyboard .SET-style folder. Metadata review only.","KEEP_BLOCKED","Owner baseline decision: keep blocked. Metadata-only documentation allowed. No copy, no writer, no keyboard output.","FINAL_KEEP_BLOCKED","FINAL_OWNER_DECISION_WRITER","False","False","False","False","False","False","False","False"
"V1713-F0182","V1712-R0182",".pcm","sar.SET","sar.SET\PCM\RAM20.PCM","BLOCKED_INSIDE_FORBIDDEN_SOURCE_FOLDER","RED","1722445","Source path is inside a keyboard .SET-style folder. Metadata review only.","KEEP_BLOCKED","Owner baseline decision: keep blocked. Metadata-only documentation allowed. No copy, no writer, no keyboard output.","FINAL_KEEP_BLOCKED","FINAL_OWNER_DECISION_WRITER","False","False","False","False","False","False","False","False"
"V1713-F0183","V1712-R0183",".pcm","sar.SET","sar.SET\PCM\RAM21.PCM","BLOCKED_INSIDE_FORBIDDEN_SOURCE_FOLDER","RED","2595382","Source path is inside a keyboard .SET-style folder. Metadata review only.","KEEP_BLOCKED","Owner baseline decision: keep blocked. Metadata-only documentation allowed. No copy, no writer, no keyboard output.","FINAL_KEEP_BLOCKED","FINAL_OWNER_DECISION_WRITER","False","False","False","False","False","False","False","False"
"V1713-F0184","V1712-R0184",".pcm","sar.SET","sar.SET\PCM\RAM22.PCM","BLOCKED_INSIDE_FORBIDDEN_SOURCE_FOLDER","RED","2060104","Source path is inside a keyboard .SET-style folder. Metadata review only.","KEEP_BLOCKED","Owner baseline decision: keep blocked. Metadata-only documentation allowed. No copy, no writer, no keyboard output.","FINAL_KEEP_BLOCKED","FINAL_OWNER_DECISION_WRITER","False","False","False","False","False","False","False","False"
"V1713-F0185","V1712-R0185",".pcm","sar.SET","sar.SET\PCM\RAM23.PCM","BLOCKED_INSIDE_FORBIDDEN_SOURCE_FOLDER","RED","2531710","Source path is inside a keyboard .SET-style folder. Metadata review only.","KEEP_BLOCKED","Owner baseline decision: keep blocked. Metadata-only documentation allowed. No copy, no writer, no keyboard output.","FINAL_KEEP_BLOCKED","FINAL_OWNER_DECISION_WRITER","False","False","False","False","False","False","False","False"
"V1713-F0186","V1712-R0186",".pcm","sar.SET","sar.SET\PCM\RAM24.PCM","BLOCKED_INSIDE_FORBIDDEN_SOURCE_FOLDER","RED","2142487","Source path is inside a keyboard .SET-style folder. Metadata review only.","KEEP_BLOCKED","Owner baseline decision: keep blocked. Metadata-only documentation allowed. No copy, no writer, no keyboard output.","FINAL_KEEP_BLOCKED","FINAL_OWNER_DECISION_WRITER","False","False","False","False","False","False","False","False"
"V1713-F0187","V1712-R0187",".pcm","sar.SET","sar.SET\PCM\RAM25.PCM","BLOCKED_INSIDE_FORBIDDEN_SOURCE_FOLDER","RED","2164534","Source path is inside a keyboard .SET-style folder. Metadata review only.","KEEP_BLOCKED","Owner baseline decision: keep blocked. Metadata-only documentation allowed. No copy, no writer, no keyboard output.","FINAL_KEEP_BLOCKED","FINAL_OWNER_DECISION_WRITER","False","False","False","False","False","False","False","False"
"V1713-F0188","V1712-R0188",".pcm","sar.SET","sar.SET\PCM\RAM26.PCM","BLOCKED_INSIDE_FORBIDDEN_SOURCE_FOLDER","RED","2565758","Source path is inside a keyboard .SET-style folder. Metadata review only.","KEEP_BLOCKED","Owner baseline decision: keep blocked. Metadata-only documentation allowed. No copy, no writer, no keyboard output.","FINAL_KEEP_BLOCKED","FINAL_OWNER_DECISION_WRITER","False","False","False","False","False","False","False","False"
"V1713-F0189","V1712-R0189",".pcm","sar.SET","sar.SET\PCM\RAM27.PCM","BLOCKED_INSIDE_FORBIDDEN_SOURCE_FOLDER","RED","2287978","Source path is inside a keyboard .SET-style folder. Metadata review only.","KEEP_BLOCKED","Owner baseline decision: keep blocked. Metadata-only documentation allowed. No copy, no writer, no keyboard output.","FINAL_KEEP_BLOCKED","FINAL_OWNER_DECISION_WRITER","False","False","False","False","False","False","False","False"
"V1713-F0190","V1712-R0190",".pcm","sar.SET","sar.SET\PCM\RAM28.PCM","BLOCKED_INSIDE_FORBIDDEN_SOURCE_FOLDER","RED","2594508","Source path is inside a keyboard .SET-style folder. Metadata review only.","KEEP_BLOCKED","Owner baseline decision: keep blocked. Metadata-only documentation allowed. No copy, no writer, no keyboard output.","FINAL_KEEP_BLOCKED","FINAL_OWNER_DECISION_WRITER","False","False","False","False","False","False","False","False"
"V1713-F0191","V1712-R0191",".pcm","sar.SET","sar.SET\PCM\RAM29.PCM","BLOCKED_INSIDE_FORBIDDEN_SOURCE_FOLDER","RED","1785173","Source path is inside a keyboard .SET-style folder. Metadata review only.","KEEP_BLOCKED","Owner baseline decision: keep blocked. Metadata-only documentation allowed. No copy, no writer, no keyboard output.","FINAL_KEEP_BLOCKED","FINAL_OWNER_DECISION_WRITER","False","False","False","False","False","False","False","False"
"V1713-F0192","V1712-R0192",".pcm","sar.SET","sar.SET\PCM\RAM30.PCM","BLOCKED_INSIDE_FORBIDDEN_SOURCE_FOLDER","RED","2270183","Source path is inside a keyboard .SET-style folder. Metadata review only.","KEEP_BLOCKED","Owner baseline decision: keep blocked. Metadata-only documentation allowed. No copy, no writer, no keyboard output.","FINAL_KEEP_BLOCKED","FINAL_OWNER_DECISION_WRITER","False","False","False","False","False","False","False","False"
"V1713-F0193","V1712-R0193",".pcm","sar.SET","sar.SET\PCM\RAM31.PCM","BLOCKED_INSIDE_FORBIDDEN_SOURCE_FOLDER","RED","3137802","Source path is inside a keyboard .SET-style folder. Metadata review only.","KEEP_BLOCKED","Owner baseline decision: keep blocked. Metadata-only documentation allowed. No copy, no writer, no keyboard output.","FINAL_KEEP_BLOCKED","FINAL_OWNER_DECISION_WRITER","False","False","False","False","False","False","False","False"
"V1713-F0194","V1712-R0194",".pcm","sar.SET","sar.SET\PCM\RAM32.PCM","BLOCKED_INSIDE_FORBIDDEN_SOURCE_FOLDER","RED","3074903","Source path is inside a keyboard .SET-style folder. Metadata review only.","KEEP_BLOCKED","Owner baseline decision: keep blocked. Metadata-only documentation allowed. No copy, no writer, no keyboard output.","FINAL_KEEP_BLOCKED","FINAL_OWNER_DECISION_WRITER","False","False","False","False","False","False","False","False"
"V1713-F0195","V1712-R0195",".pcm","sar.SET","sar.SET\PCM\RAM33.PCM","BLOCKED_INSIDE_FORBIDDEN_SOURCE_FOLDER","RED","2897098","Source path is inside a keyboard .SET-style folder. Metadata review only.","KEEP_BLOCKED","Owner baseline decision: keep blocked. Metadata-only documentation allowed. No copy, no writer, no keyboard output.","FINAL_KEEP_BLOCKED","FINAL_OWNER_DECISION_WRITER","False","False","False","False","False","False","False","False"
"V1713-F0196","V1712-R0196",".pcm","sar.SET","sar.SET\PCM\RAM34.PCM","BLOCKED_INSIDE_FORBIDDEN_SOURCE_FOLDER","RED","2405864","Source path is inside a keyboard .SET-style folder. Metadata review only.","KEEP_BLOCKED","Owner baseline decision: keep blocked. Metadata-only documentation allowed. No copy, no writer, no keyboard output.","FINAL_KEEP_BLOCKED","FINAL_OWNER_DECISION_WRITER","False","False","False","False","False","False","False","False"
"V1713-F0197","V1712-R0197",".pcm","sar.SET","sar.SET\PCM\RAM35.PCM","BLOCKED_INSIDE_FORBIDDEN_SOURCE_FOLDER","RED","1940526","Source path is inside a keyboard .SET-style folder. Metadata review only.","KEEP_BLOCKED","Owner baseline decision: keep blocked. Metadata-only documentation allowed. No copy, no writer, no keyboard output.","FINAL_KEEP_BLOCKED","FINAL_OWNER_DECISION_WRITER","False","False","False","False","False","False","False","False"
"V1713-F0198","V1712-R0198",".pcm","sar.SET","sar.SET\PCM\RAM36.PCM","BLOCKED_INSIDE_FORBIDDEN_SOURCE_FOLDER","RED","2273202","Source path is inside a keyboard .SET-style folder. Metadata review only.","KEEP_BLOCKED","Owner baseline decision: keep blocked. Metadata-only documentation allowed. No copy, no writer, no keyboard output.","FINAL_KEEP_BLOCKED","FINAL_OWNER_DECISION_WRITER","False","False","False","False","False","False","False","False"
"V1713-F0199","V1712-R0199",".pcm","sar.SET","sar.SET\PCM\RAM37.PCM","BLOCKED_INSIDE_FORBIDDEN_SOURCE_FOLDER","RED","1823568","Source path is inside a keyboard .SET-style folder. Metadata review only.","KEEP_BLOCKED","Owner baseline decision: keep blocked. Metadata-only documentation allowed. No copy, no writer, no keyboard output.","FINAL_KEEP_BLOCKED","FINAL_OWNER_DECISION_WRITER","False","False","False","False","False","False","False","False"
"V1713-F0200","V1712-R0200",".pcm","sar.SET","sar.SET\PCM\RAM38.PCM","BLOCKED_INSIDE_FORBIDDEN_SOURCE_FOLDER","RED","2826353","Source path is inside a keyboard .SET-style folder. Metadata review only.","KEEP_BLOCKED","Owner baseline decision: keep blocked. Metadata-only documentation allowed. No copy, no writer, no keyboard output.","FINAL_KEEP_BLOCKED","FINAL_OWNER_DECISION_WRITER","False","False","False","False","False","False","False","False"
"V1713-F0201","V1712-R0201",".pcm","sar.SET","sar.SET\PCM\RAM39.PCM","BLOCKED_INSIDE_FORBIDDEN_SOURCE_FOLDER","RED","1708270","Source path is inside a keyboard .SET-style folder. Metadata review only.","KEEP_BLOCKED","Owner baseline decision: keep blocked. Metadata-only documentation allowed. No copy, no writer, no keyboard output.","FINAL_KEEP_BLOCKED","FINAL_OWNER_DECISION_WRITER","False","False","False","False","False","False","False","False"
"V1713-F0202","V1712-R0202",".pcm","sar.SET","sar.SET\PCM\RAM40.PCM","BLOCKED_INSIDE_FORBIDDEN_SOURCE_FOLDER","RED","2202160","Source path is inside a keyboard .SET-style folder. Metadata review only.","KEEP_BLOCKED","Owner baseline decision: keep blocked. Metadata-only documentation allowed. No copy, no writer, no keyboard output.","FINAL_KEEP_BLOCKED","FINAL_OWNER_DECISION_WRITER","False","False","False","False","False","False","False","False"
"V1713-F0203","V1712-R0203",".pcm","sar.SET","sar.SET\PCM\RAM41.PCM","BLOCKED_INSIDE_FORBIDDEN_SOURCE_FOLDER","RED","2326367","Source path is inside a keyboard .SET-style folder. Metadata review only.","KEEP_BLOCKED","Owner baseline decision: keep blocked. Metadata-only documentation allowed. No copy, no writer, no keyboard output.","FINAL_KEEP_BLOCKED","FINAL_OWNER_DECISION_WRITER","False","False","False","False","False","False","False","False"
"V1713-F0204","V1712-R0204",".pcm","sar.SET","sar.SET\PCM\RAM42.PCM","BLOCKED_INSIDE_FORBIDDEN_SOURCE_FOLDER","RED","3891457","Source path is inside a keyboard .SET-style folder. Metadata review only.","KEEP_BLOCKED","Owner baseline decision: keep blocked. Metadata-only documentation allowed. No copy, no writer, no keyboard output.","FINAL_KEEP_BLOCKED","FINAL_OWNER_DECISION_WRITER","False","False","False","False","False","False","False","False"
"V1713-F0205","V1712-R0205",".pcm","sar.SET","sar.SET\PCM\RAM43.PCM","BLOCKED_INSIDE_FORBIDDEN_SOURCE_FOLDER","RED","2400009","Source path is inside a keyboard .SET-style folder. Metadata review only.","KEEP_BLOCKED","Owner baseline decision: keep blocked. Metadata-only documentation allowed. No copy, no writer, no keyboard output.","FINAL_KEEP_BLOCKED","FINAL_OWNER_DECISION_WRITER","False","False","False","False","False","False","False","False"
"V1713-F0206","V1712-R0206",".pcm","sar.SET","sar.SET\PCM\RAM44.PCM","BLOCKED_INSIDE_FORBIDDEN_SOURCE_FOLDER","RED","1897894","Source path is inside a keyboard .SET-style folder. Metadata review only.","KEEP_BLOCKED","Owner baseline decision: keep blocked. Metadata-only documentation allowed. No copy, no writer, no keyboard output.","FINAL_KEEP_BLOCKED","FINAL_OWNER_DECISION_WRITER","False","False","False","False","False","False","False","False"
"V1713-F0207","V1712-R0207",".pcm","sar.SET","sar.SET\PCM\RAM45.PCM","BLOCKED_INSIDE_FORBIDDEN_SOURCE_FOLDER","RED","2798354","Source path is inside a keyboard .SET-style folder. Metadata review only.","KEEP_BLOCKED","Owner baseline decision: keep blocked. Metadata-only documentation allowed. No copy, no writer, no keyboard output.","FINAL_KEEP_BLOCKED","FINAL_OWNER_DECISION_WRITER","False","False","False","False","False","False","False","False"
"V1713-F0208","V1712-R0208",".pcm","sar.SET","sar.SET\PCM\RAM46.PCM","BLOCKED_INSIDE_FORBIDDEN_SOURCE_FOLDER","RED","2014208","Source path is inside a keyboard .SET-style folder. Metadata review only.","KEEP_BLOCKED","Owner baseline decision: keep blocked. Metadata-only documentation allowed. No copy, no writer, no keyboard output.","FINAL_KEEP_BLOCKED","FINAL_OWNER_DECISION_WRITER","False","False","False","False","False","False","False","False"
"V1713-F0209","V1712-R0209",".pcm","sar.SET","sar.SET\PCM\RAM47.PCM","BLOCKED_INSIDE_FORBIDDEN_SOURCE_FOLDER","RED","2376024","Source path is inside a keyboard .SET-style folder. Metadata review only.","KEEP_BLOCKED","Owner baseline decision: keep blocked. Metadata-only documentation allowed. No copy, no writer, no keyboard output.","FINAL_KEEP_BLOCKED","FINAL_OWNER_DECISION_WRITER","False","False","False","False","False","False","False","False"
"V1713-F0210","V1712-R0210",".pcm","sar.SET","sar.SET\PCM\RAM48.PCM","BLOCKED_INSIDE_FORBIDDEN_SOURCE_FOLDER","RED","2499607","Source path is inside a keyboard .SET-style folder. Metadata review only.","KEEP_BLOCKED","Owner baseline decision: keep blocked. Metadata-only documentation allowed. No copy, no writer, no keyboard output.","FINAL_KEEP_BLOCKED","FINAL_OWNER_DECISION_WRITER","False","False","False","False","False","False","False","False"
"V1713-F0211","V1712-R0211",".pcm","sar.SET","sar.SET\PCM\RAM49.PCM","BLOCKED_INSIDE_FORBIDDEN_SOURCE_FOLDER","RED","2222014","Source path is inside a keyboard .SET-style folder. Metadata review only.","KEEP_BLOCKED","Owner baseline decision: keep blocked. Metadata-only documentation allowed. No copy, no writer, no keyboard output.","FINAL_KEEP_BLOCKED","FINAL_OWNER_DECISION_WRITER","False","False","False","False","False","False","False","False"
"V1713-F0212","V1712-R0212",".pcm","sar.SET","sar.SET\PCM\RAM50.PCM","BLOCKED_INSIDE_FORBIDDEN_SOURCE_FOLDER","RED","2718071","Source path is inside a keyboard .SET-style folder. Metadata review only.","KEEP_BLOCKED","Owner baseline decision: keep blocked. Metadata-only documentation allowed. No copy, no writer, no keyboard output.","FINAL_KEEP_BLOCKED","FINAL_OWNER_DECISION_WRITER","False","False","False","False","False","False","False","False"
"V1713-F0213","V1712-R0213",".pcm","sar.SET","sar.SET\PCM\RAM51.PCM","BLOCKED_INSIDE_FORBIDDEN_SOURCE_FOLDER","RED","2661361","Source path is inside a keyboard .SET-style folder. Metadata review only.","KEEP_BLOCKED","Owner baseline decision: keep blocked. Metadata-only documentation allowed. No copy, no writer, no keyboard output.","FINAL_KEEP_BLOCKED","FINAL_OWNER_DECISION_WRITER","False","False","False","False","False","False","False","False"
"V1713-F0214","V1712-R0214",".pcm","sar.SET","sar.SET\PCM\RAM52.PCM","BLOCKED_INSIDE_FORBIDDEN_SOURCE_FOLDER","RED","2520392","Source path is inside a keyboard .SET-style folder. Metadata review only.","KEEP_BLOCKED","Owner baseline decision: keep blocked. Metadata-only documentation allowed. No copy, no writer, no keyboard output.","FINAL_KEEP_BLOCKED","FINAL_OWNER_DECISION_WRITER","False","False","False","False","False","False","False","False"
"V1713-F0215","V1712-R0215",".pcm","sar.SET","sar.SET\PCM\RAM53.PCM","BLOCKED_INSIDE_FORBIDDEN_SOURCE_FOLDER","RED","3180334","Source path is inside a keyboard .SET-style folder. Metadata review only.","KEEP_BLOCKED","Owner baseline decision: keep blocked. Metadata-only documentation allowed. No copy, no writer, no keyboard output.","FINAL_KEEP_BLOCKED","FINAL_OWNER_DECISION_WRITER","False","False","False","False","False","False","False","False"
"V1713-F0216","V1712-R0216",".pcm","sar.SET","sar.SET\PCM\RAM54.PCM","BLOCKED_INSIDE_FORBIDDEN_SOURCE_FOLDER","RED","2146314","Source path is inside a keyboard .SET-style folder. Metadata review only.","KEEP_BLOCKED","Owner baseline decision: keep blocked. Metadata-only documentation allowed. No copy, no writer, no keyboard output.","FINAL_KEEP_BLOCKED","FINAL_OWNER_DECISION_WRITER","False","False","False","False","False","False","False","False"
"V1713-F0217","V1712-R0217",".pcm","sar.SET","sar.SET\PCM\RAM55.PCM","BLOCKED_INSIDE_FORBIDDEN_SOURCE_FOLDER","RED","2243332","Source path is inside a keyboard .SET-style folder. Metadata review only.","KEEP_BLOCKED","Owner baseline decision: keep blocked. Metadata-only documentation allowed. No copy, no writer, no keyboard output.","FINAL_KEEP_BLOCKED","FINAL_OWNER_DECISION_WRITER","False","False","False","False","False","False","False","False"
"V1713-F0218","V1712-R0218",".pcm","sar.SET","sar.SET\PCM\RAM56.PCM","BLOCKED_INSIDE_FORBIDDEN_SOURCE_FOLDER","RED","2131284","Source path is inside a keyboard .SET-style folder. Metadata review only.","KEEP_BLOCKED","Owner baseline decision: keep blocked. Metadata-only documentation allowed. No copy, no writer, no keyboard output.","FINAL_KEEP_BLOCKED","FINAL_OWNER_DECISION_WRITER","False","False","False","False","False","False","False","False"
"V1713-F0219","V1712-R0219",".pcm","sar.SET","sar.SET\PCM\RAM57.PCM","BLOCKED_INSIDE_FORBIDDEN_SOURCE_FOLDER","RED","3810854","Source path is inside a keyboard .SET-style folder. Metadata review only.","KEEP_BLOCKED","Owner baseline decision: keep blocked. Metadata-only documentation allowed. No copy, no writer, no keyboard output.","FINAL_KEEP_BLOCKED","FINAL_OWNER_DECISION_WRITER","False","False","False","False","False","False","False","False"
"V1713-F0220","V1712-R0220",".pcm","sar.SET","sar.SET\PCM\RAM58.PCM","BLOCKED_INSIDE_FORBIDDEN_SOURCE_FOLDER","RED","2158382","Source path is inside a keyboard .SET-style folder. Metadata review only.","KEEP_BLOCKED","Owner baseline decision: keep blocked. Metadata-only documentation allowed. No copy, no writer, no keyboard output.","FINAL_KEEP_BLOCKED","FINAL_OWNER_DECISION_WRITER","False","False","False","False","False","False","False","False"
"V1713-F0221","V1712-R0221",".pcm","sar.SET","sar.SET\PCM\RAM59.PCM","BLOCKED_INSIDE_FORBIDDEN_SOURCE_FOLDER","RED","2029138","Source path is inside a keyboard .SET-style folder. Metadata review only.","KEEP_BLOCKED","Owner baseline decision: keep blocked. Metadata-only documentation allowed. No copy, no writer, no keyboard output.","FINAL_KEEP_BLOCKED","FINAL_OWNER_DECISION_WRITER","False","False","False","False","False","False","False","False"
"V1713-F0222","V1712-R0222",".pcm","sar.SET","sar.SET\PCM\RAM60.PCM","BLOCKED_INSIDE_FORBIDDEN_SOURCE_FOLDER","RED","2967115","Source path is inside a keyboard .SET-style folder. Metadata review only.","KEEP_BLOCKED","Owner baseline decision: keep blocked. Metadata-only documentation allowed. No copy, no writer, no keyboard output.","FINAL_KEEP_BLOCKED","FINAL_OWNER_DECISION_WRITER","False","False","False","False","False","False","False","False"
"V1713-F0223","V1712-R0223",".pcm","sar.SET","sar.SET\PCM\RAM61.PCM","BLOCKED_INSIDE_FORBIDDEN_SOURCE_FOLDER","RED","2104894","Source path is inside a keyboard .SET-style folder. Metadata review only.","KEEP_BLOCKED","Owner baseline decision: keep blocked. Metadata-only documentation allowed. No copy, no writer, no keyboard output.","FINAL_KEEP_BLOCKED","FINAL_OWNER_DECISION_WRITER","False","False","False","False","False","False","False","False"
"V1713-F0224","V1712-R0224",".pcm","sar.SET","sar.SET\PCM\RAM62.PCM","BLOCKED_INSIDE_FORBIDDEN_SOURCE_FOLDER","RED","2926341","Source path is inside a keyboard .SET-style folder. Metadata review only.","KEEP_BLOCKED","Owner baseline decision: keep blocked. Metadata-only documentation allowed. No copy, no writer, no keyboard output.","FINAL_KEEP_BLOCKED","FINAL_OWNER_DECISION_WRITER","False","False","False","False","False","False","False","False"
"V1713-F0225","V1712-R0225",".pcm","sar.SET","sar.SET\PCM\RAM63.PCM","BLOCKED_INSIDE_FORBIDDEN_SOURCE_FOLDER","RED","2164118","Source path is inside a keyboard .SET-style folder. Metadata review only.","KEEP_BLOCKED","Owner baseline decision: keep blocked. Metadata-only documentation allowed. No copy, no writer, no keyboard output.","FINAL_KEEP_BLOCKED","FINAL_OWNER_DECISION_WRITER","False","False","False","False","False","False","False","False"
"V1713-F0226","V1712-R0226",".pcm","sar.SET","sar.SET\PCM\RAM64.PCM","BLOCKED_INSIDE_FORBIDDEN_SOURCE_FOLDER","RED","2000496","Source path is inside a keyboard .SET-style folder. Metadata review only.","KEEP_BLOCKED","Owner baseline decision: keep blocked. Metadata-only documentation allowed. No copy, no writer, no keyboard output.","FINAL_KEEP_BLOCKED","FINAL_OWNER_DECISION_WRITER","False","False","False","False","False","False","False","False"
"V1713-F0227","V1712-R0227",".pcm","sar.SET","sar.SET\PCM\RAM65.PCM","BLOCKED_INSIDE_FORBIDDEN_SOURCE_FOLDER","RED","2099301","Source path is inside a keyboard .SET-style folder. Metadata review only.","KEEP_BLOCKED","Owner baseline decision: keep blocked. Metadata-only documentation allowed. No copy, no writer, no keyboard output.","FINAL_KEEP_BLOCKED","FINAL_OWNER_DECISION_WRITER","False","False","False","False","False","False","False","False"
"V1713-F0228","V1712-R0228",".pcm","sar.SET","sar.SET\PCM\RAM66.PCM","BLOCKED_INSIDE_FORBIDDEN_SOURCE_FOLDER","RED","2401302","Source path is inside a keyboard .SET-style folder. Metadata review only.","KEEP_BLOCKED","Owner baseline decision: keep blocked. Metadata-only documentation allowed. No copy, no writer, no keyboard output.","FINAL_KEEP_BLOCKED","FINAL_OWNER_DECISION_WRITER","False","False","False","False","False","False","False","False"
"V1713-F0229","V1712-R0229",".pcm","sar.SET","sar.SET\PCM\RAM67.PCM","BLOCKED_INSIDE_FORBIDDEN_SOURCE_FOLDER","RED","2156897","Source path is inside a keyboard .SET-style folder. Metadata review only.","KEEP_BLOCKED","Owner baseline decision: keep blocked. Metadata-only documentation allowed. No copy, no writer, no keyboard output.","FINAL_KEEP_BLOCKED","FINAL_OWNER_DECISION_WRITER","False","False","False","False","False","False","False","False"
"V1713-F0230","V1712-R0230",".pcm","sar.SET","sar.SET\PCM\RAM68.PCM","BLOCKED_INSIDE_FORBIDDEN_SOURCE_FOLDER","RED","1782222","Source path is inside a keyboard .SET-style folder. Metadata review only.","KEEP_BLOCKED","Owner baseline decision: keep blocked. Metadata-only documentation allowed. No copy, no writer, no keyboard output.","FINAL_KEEP_BLOCKED","FINAL_OWNER_DECISION_WRITER","False","False","False","False","False","False","False","False"
"V1713-F0231","V1712-R0231",".pcm","sar.SET","sar.SET\PCM\RAM69.PCM","BLOCKED_INSIDE_FORBIDDEN_SOURCE_FOLDER","RED","1864001","Source path is inside a keyboard .SET-style folder. Metadata review only.","KEEP_BLOCKED","Owner baseline decision: keep blocked. Metadata-only documentation allowed. No copy, no writer, no keyboard output.","FINAL_KEEP_BLOCKED","FINAL_OWNER_DECISION_WRITER","False","False","False","False","False","False","False","False"
"V1713-F0232","V1712-R0232",".pcm","sar.SET","sar.SET\PCM\RAM70.PCM","BLOCKED_INSIDE_FORBIDDEN_SOURCE_FOLDER","RED","2403658","Source path is inside a keyboard .SET-style folder. Metadata review only.","KEEP_BLOCKED","Owner baseline decision: keep blocked. Metadata-only documentation allowed. No copy, no writer, no keyboard output.","FINAL_KEEP_BLOCKED","FINAL_OWNER_DECISION_WRITER","False","False","False","False","False","False","False","False"
"V1713-F0233","V1712-R0233",".pcm","sar.SET","sar.SET\PCM\RAM71.PCM","BLOCKED_INSIDE_FORBIDDEN_SOURCE_FOLDER","RED","1988276","Source path is inside a keyboard .SET-style folder. Metadata review only.","KEEP_BLOCKED","Owner baseline decision: keep blocked. Metadata-only documentation allowed. No copy, no writer, no keyboard output.","FINAL_KEEP_BLOCKED","FINAL_OWNER_DECISION_WRITER","False","False","False","False","False","False","False","False"
"V1713-F0234","V1712-R0234",".pcm","sar.SET","sar.SET\PCM\RAM72.PCM","BLOCKED_INSIDE_FORBIDDEN_SOURCE_FOLDER","RED","3120497","Source path is inside a keyboard .SET-style folder. Metadata review only.","KEEP_BLOCKED","Owner baseline decision: keep blocked. Metadata-only documentation allowed. No copy, no writer, no keyboard output.","FINAL_KEEP_BLOCKED","FINAL_OWNER_DECISION_WRITER","False","False","False","False","False","False","False","False"
"V1713-F0235","V1712-R0235",".pcm","sar.SET","sar.SET\PCM\RAM73.PCM","BLOCKED_INSIDE_FORBIDDEN_SOURCE_FOLDER","RED","1656312","Source path is inside a keyboard .SET-style folder. Metadata review only.","KEEP_BLOCKED","Owner baseline decision: keep blocked. Metadata-only documentation allowed. No copy, no writer, no keyboard output.","FINAL_KEEP_BLOCKED","FINAL_OWNER_DECISION_WRITER","False","False","False","False","False","False","False","False"
"V1713-F0236","V1712-R0236",".pcm","sar.SET","sar.SET\PCM\RAM74.PCM","BLOCKED_INSIDE_FORBIDDEN_SOURCE_FOLDER","RED","2290068","Source path is inside a keyboard .SET-style folder. Metadata review only.","KEEP_BLOCKED","Owner baseline decision: keep blocked. Metadata-only documentation allowed. No copy, no writer, no keyboard output.","FINAL_KEEP_BLOCKED","FINAL_OWNER_DECISION_WRITER","False","False","False","False","False","False","False","False"
"V1713-F0237","V1712-R0237",".pcm","sar.SET","sar.SET\PCM\RAM75.PCM","BLOCKED_INSIDE_FORBIDDEN_SOURCE_FOLDER","RED","2364428","Source path is inside a keyboard .SET-style folder. Metadata review only.","KEEP_BLOCKED","Owner baseline decision: keep blocked. Metadata-only documentation allowed. No copy, no writer, no keyboard output.","FINAL_KEEP_BLOCKED","FINAL_OWNER_DECISION_WRITER","False","False","False","False","False","False","False","False"
"V1713-F0238","V1712-R0238",".pcm","sar.SET","sar.SET\PCM\RAM76.PCM","BLOCKED_INSIDE_FORBIDDEN_SOURCE_FOLDER","RED","1882532","Source path is inside a keyboard .SET-style folder. Metadata review only.","KEEP_BLOCKED","Owner baseline decision: keep blocked. Metadata-only documentation allowed. No copy, no writer, no keyboard output.","FINAL_KEEP_BLOCKED","FINAL_OWNER_DECISION_WRITER","False","False","False","False","False","False","False","False"
"V1713-F0239","V1712-R0239",".pcm","sar.SET","sar.SET\PCM\RAM77.PCM","BLOCKED_INSIDE_FORBIDDEN_SOURCE_FOLDER","RED","2258324","Source path is inside a keyboard .SET-style folder. Metadata review only.","KEEP_BLOCKED","Owner baseline decision: keep blocked. Metadata-only documentation allowed. No copy, no writer, no keyboard output.","FINAL_KEEP_BLOCKED","FINAL_OWNER_DECISION_WRITER","False","False","False","False","False","False","False","False"
"V1713-F0240","V1712-R0240",".pcm","sar.SET","sar.SET\PCM\RAM78.PCM","BLOCKED_INSIDE_FORBIDDEN_SOURCE_FOLDER","RED","1643401","Source path is inside a keyboard .SET-style folder. Metadata review only.","KEEP_BLOCKED","Owner baseline decision: keep blocked. Metadata-only documentation allowed. No copy, no writer, no keyboard output.","FINAL_KEEP_BLOCKED","FINAL_OWNER_DECISION_WRITER","False","False","False","False","False","False","False","False"
"V1713-F0241","V1712-R0241",".pcm","sar.SET","sar.SET\PCM\RAM79.PCM","BLOCKED_INSIDE_FORBIDDEN_SOURCE_FOLDER","RED","1953674","Source path is inside a keyboard .SET-style folder. Metadata review only.","KEEP_BLOCKED","Owner baseline decision: keep blocked. Metadata-only documentation allowed. No copy, no writer, no keyboard output.","FINAL_KEEP_BLOCKED","FINAL_OWNER_DECISION_WRITER","False","False","False","False","False","False","False","False"
"V1713-F0242","V1712-R0242",".pcm","sar.SET","sar.SET\PCM\RAM80.PCM","BLOCKED_INSIDE_FORBIDDEN_SOURCE_FOLDER","RED","1821451","Source path is inside a keyboard .SET-style folder. Metadata review only.","KEEP_BLOCKED","Owner baseline decision: keep blocked. Metadata-only documentation allowed. No copy, no writer, no keyboard output.","FINAL_KEEP_BLOCKED","FINAL_OWNER_DECISION_WRITER","False","False","False","False","False","False","False","False"
"V1713-F0243","V1712-R0243",".pcm","sar.SET","sar.SET\PCM\RAM81.PCM","BLOCKED_INSIDE_FORBIDDEN_SOURCE_FOLDER","RED","2898977","Source path is inside a keyboard .SET-style folder. Metadata review only.","KEEP_BLOCKED","Owner baseline decision: keep blocked. Metadata-only documentation allowed. No copy, no writer, no keyboard output.","FINAL_KEEP_BLOCKED","FINAL_OWNER_DECISION_WRITER","False","False","False","False","False","False","False","False"
"V1713-F0244","V1712-R0244",".pcm","sar.SET","sar.SET\PCM\RAM82.PCM","BLOCKED_INSIDE_FORBIDDEN_SOURCE_FOLDER","RED","1649618","Source path is inside a keyboard .SET-style folder. Metadata review only.","KEEP_BLOCKED","Owner baseline decision: keep blocked. Metadata-only documentation allowed. No copy, no writer, no keyboard output.","FINAL_KEEP_BLOCKED","FINAL_OWNER_DECISION_WRITER","False","False","False","False","False","False","False","False"
"V1713-F0245","V1712-R0245",".pcm","sar.SET","sar.SET\PCM\RAM83.PCM","BLOCKED_INSIDE_FORBIDDEN_SOURCE_FOLDER","RED","2059079","Source path is inside a keyboard .SET-style folder. Metadata review only.","KEEP_BLOCKED","Owner baseline decision: keep blocked. Metadata-only documentation allowed. No copy, no writer, no keyboard output.","FINAL_KEEP_BLOCKED","FINAL_OWNER_DECISION_WRITER","False","False","False","False","False","False","False","False"
"V1713-F0246","V1712-R0246",".pcm","sar.SET","sar.SET\PCM\RAM84.PCM","BLOCKED_INSIDE_FORBIDDEN_SOURCE_FOLDER","RED","2140754","Source path is inside a keyboard .SET-style folder. Metadata review only.","KEEP_BLOCKED","Owner baseline decision: keep blocked. Metadata-only documentation allowed. No copy, no writer, no keyboard output.","FINAL_KEEP_BLOCKED","FINAL_OWNER_DECISION_WRITER","False","False","False","False","False","False","False","False"
"V1713-F0247","V1712-R0247",".pcm","sar.SET","sar.SET\PCM\RAM85.PCM","BLOCKED_INSIDE_FORBIDDEN_SOURCE_FOLDER","RED","2075814","Source path is inside a keyboard .SET-style folder. Metadata review only.","KEEP_BLOCKED","Owner baseline decision: keep blocked. Metadata-only documentation allowed. No copy, no writer, no keyboard output.","FINAL_KEEP_BLOCKED","FINAL_OWNER_DECISION_WRITER","False","False","False","False","False","False","False","False"
"V1713-F0248","V1712-R0248",".pcm","sar.SET","sar.SET\PCM\RAM86.PCM","BLOCKED_INSIDE_FORBIDDEN_SOURCE_FOLDER","RED","2596803","Source path is inside a keyboard .SET-style folder. Metadata review only.","KEEP_BLOCKED","Owner baseline decision: keep blocked. Metadata-only documentation allowed. No copy, no writer, no keyboard output.","FINAL_KEEP_BLOCKED","FINAL_OWNER_DECISION_WRITER","False","False","False","False","False","False","False","False"
"V1713-F0249","V1712-R0249",".pcm","sar.SET","sar.SET\PCM\RAM87.PCM","BLOCKED_INSIDE_FORBIDDEN_SOURCE_FOLDER","RED","3024325","Source path is inside a keyboard .SET-style folder. Metadata review only.","KEEP_BLOCKED","Owner baseline decision: keep blocked. Metadata-only documentation allowed. No copy, no writer, no keyboard output.","FINAL_KEEP_BLOCKED","FINAL_OWNER_DECISION_WRITER","False","False","False","False","False","False","False","False"
"V1713-F0250","V1712-R0250",".pcm","sar.SET","sar.SET\PCM\RAM88.PCM","BLOCKED_INSIDE_FORBIDDEN_SOURCE_FOLDER","RED","1829250","Source path is inside a keyboard .SET-style folder. Metadata review only.","KEEP_BLOCKED","Owner baseline decision: keep blocked. Metadata-only documentation allowed. No copy, no writer, no keyboard output.","FINAL_KEEP_BLOCKED","FINAL_OWNER_DECISION_WRITER","False","False","False","False","False","False","False","False"
"V1713-F0251","V1712-R0251",".pcm","sar.SET","sar.SET\PCM\RAM89.PCM","BLOCKED_INSIDE_FORBIDDEN_SOURCE_FOLDER","RED","1956771","Source path is inside a keyboard .SET-style folder. Metadata review only.","KEEP_BLOCKED","Owner baseline decision: keep blocked. Metadata-only documentation allowed. No copy, no writer, no keyboard output.","FINAL_KEEP_BLOCKED","FINAL_OWNER_DECISION_WRITER","False","False","False","False","False","False","False","False"
"V1713-F0252","V1712-R0252",".pcm","sar.SET","sar.SET\PCM\RAM90.PCM","BLOCKED_INSIDE_FORBIDDEN_SOURCE_FOLDER","RED","3058875","Source path is inside a keyboard .SET-style folder. Metadata review only.","KEEP_BLOCKED","Owner baseline decision: keep blocked. Metadata-only documentation allowed. No copy, no writer, no keyboard output.","FINAL_KEEP_BLOCKED","FINAL_OWNER_DECISION_WRITER","False","False","False","False","False","False","False","False"
"V1713-F0253","V1712-R0253",".pcm","sar.SET","sar.SET\PCM\RAM91.PCM","BLOCKED_INSIDE_FORBIDDEN_SOURCE_FOLDER","RED","2328815","Source path is inside a keyboard .SET-style folder. Metadata review only.","KEEP_BLOCKED","Owner baseline decision: keep blocked. Metadata-only documentation allowed. No copy, no writer, no keyboard output.","FINAL_KEEP_BLOCKED","FINAL_OWNER_DECISION_WRITER","False","False","False","False","False","False","False","False"
"V1713-F0254","V1712-R0254",".pcm","sar.SET","sar.SET\PCM\RAM92.PCM","BLOCKED_INSIDE_FORBIDDEN_SOURCE_FOLDER","RED","2197581","Source path is inside a keyboard .SET-style folder. Metadata review only.","KEEP_BLOCKED","Owner baseline decision: keep blocked. Metadata-only documentation allowed. No copy, no writer, no keyboard output.","FINAL_KEEP_BLOCKED","FINAL_OWNER_DECISION_WRITER","False","False","False","False","False","False","False","False"
"V1713-F0255","V1712-R0255",".pcm","sar.SET","sar.SET\PCM\RAM93.PCM","BLOCKED_INSIDE_FORBIDDEN_SOURCE_FOLDER","RED","2100209","Source path is inside a keyboard .SET-style folder. Metadata review only.","KEEP_BLOCKED","Owner baseline decision: keep blocked. Metadata-only documentation allowed. No copy, no writer, no keyboard output.","FINAL_KEEP_BLOCKED","FINAL_OWNER_DECISION_WRITER","False","False","False","False","False","False","False","False"
"V1713-F0256","V1712-R0256",".pcm","sar.SET","sar.SET\PCM\RAM94.PCM","BLOCKED_INSIDE_FORBIDDEN_SOURCE_FOLDER","RED","2631154","Source path is inside a keyboard .SET-style folder. Metadata review only.","KEEP_BLOCKED","Owner baseline decision: keep blocked. Metadata-only documentation allowed. No copy, no writer, no keyboard output.","FINAL_KEEP_BLOCKED","FINAL_OWNER_DECISION_WRITER","False","False","False","False","False","False","False","False"
"V1713-F0257","V1712-R0257",".pcm","sar.SET","sar.SET\PCM\RAM95.PCM","BLOCKED_INSIDE_FORBIDDEN_SOURCE_FOLDER","RED","4251732","Source path is inside a keyboard .SET-style folder. Metadata review only.","KEEP_BLOCKED","Owner baseline decision: keep blocked. Metadata-only documentation allowed. No copy, no writer, no keyboard output.","FINAL_KEEP_BLOCKED","FINAL_OWNER_DECISION_WRITER","False","False","False","False","False","False","False","False"
"V1713-F0258","V1712-R0258",".pcm","sar.SET","sar.SET\PCM\RAM96.PCM","BLOCKED_INSIDE_FORBIDDEN_SOURCE_FOLDER","RED","3700130","Source path is inside a keyboard .SET-style folder. Metadata review only.","KEEP_BLOCKED","Owner baseline decision: keep blocked. Metadata-only documentation allowed. No copy, no writer, no keyboard output.","FINAL_KEEP_BLOCKED","FINAL_OWNER_DECISION_WRITER","False","False","False","False","False","False","False","False"
"V1713-F0259","V1712-R0259",".pcm","sar.SET","sar.SET\PCM\RAM97.PCM","BLOCKED_INSIDE_FORBIDDEN_SOURCE_FOLDER","RED","3866196","Source path is inside a keyboard .SET-style folder. Metadata review only.","KEEP_BLOCKED","Owner baseline decision: keep blocked. Metadata-only documentation allowed. No copy, no writer, no keyboard output.","FINAL_KEEP_BLOCKED","FINAL_OWNER_DECISION_WRITER","False","False","False","False","False","False","False","False"
"V1713-F0260","V1712-R0260",".pcm","sar.SET","sar.SET\PCM\RAM98.PCM","BLOCKED_INSIDE_FORBIDDEN_SOURCE_FOLDER","RED","2860792","Source path is inside a keyboard .SET-style folder. Metadata review only.","KEEP_BLOCKED","Owner baseline decision: keep blocked. Metadata-only documentation allowed. No copy, no writer, no keyboard output.","FINAL_KEEP_BLOCKED","FINAL_OWNER_DECISION_WRITER","False","False","False","False","False","False","False","False"
"V1713-F0261","V1712-R0261",".pcm","sar.SET","sar.SET\PCM\RAM99.PCM","BLOCKED_INSIDE_FORBIDDEN_SOURCE_FOLDER","RED","2008717","Source path is inside a keyboard .SET-style folder. Metadata review only.","KEEP_BLOCKED","Owner baseline decision: keep blocked. Metadata-only documentation allowed. No copy, no writer, no keyboard output.","FINAL_KEEP_BLOCKED","FINAL_OWNER_DECISION_WRITER","False","False","False","False","False","False","False","False"
"V1713-F0262","V1712-R0262",".prf","sar.SET","sar.SET\PERFORM\BANK01.PRF","BLOCKED_INSIDE_FORBIDDEN_SOURCE_FOLDER","RED","26387","Source path is inside a keyboard .SET-style folder. Metadata review only.","KEEP_BLOCKED","Owner baseline decision: keep blocked. Metadata-only documentation allowed. No copy, no writer, no keyboard output.","FINAL_KEEP_BLOCKED","FINAL_OWNER_DECISION_WRITER","False","False","False","False","False","False","False","False"
"V1713-F0263","V1712-R0263",".prf","sar.SET","sar.SET\PERFORM\BANK02.PRF","BLOCKED_INSIDE_FORBIDDEN_SOURCE_FOLDER","RED","22420","Source path is inside a keyboard .SET-style folder. Metadata review only.","KEEP_BLOCKED","Owner baseline decision: keep blocked. Metadata-only documentation allowed. No copy, no writer, no keyboard output.","FINAL_KEEP_BLOCKED","FINAL_OWNER_DECISION_WRITER","False","False","False","False","False","False","False","False"
"V1713-F0264","V1712-R0264",".prf","sar.SET","sar.SET\PERFORM\BANK03.PRF","BLOCKED_INSIDE_FORBIDDEN_SOURCE_FOLDER","RED","24679","Source path is inside a keyboard .SET-style folder. Metadata review only.","KEEP_BLOCKED","Owner baseline decision: keep blocked. Metadata-only documentation allowed. No copy, no writer, no keyboard output.","FINAL_KEEP_BLOCKED","FINAL_OWNER_DECISION_WRITER","False","False","False","False","False","False","False","False"
"V1713-F0265","V1712-R0265",".prf","sar.SET","sar.SET\PERFORM\BANK04.PRF","BLOCKED_INSIDE_FORBIDDEN_SOURCE_FOLDER","RED","24427","Source path is inside a keyboard .SET-style folder. Metadata review only.","KEEP_BLOCKED","Owner baseline decision: keep blocked. Metadata-only documentation allowed. No copy, no writer, no keyboard output.","FINAL_KEEP_BLOCKED","FINAL_OWNER_DECISION_WRITER","False","False","False","False","False","False","False","False"
"V1713-F0266","V1712-R0266",".prf","sar.SET","sar.SET\PERFORM\BANK05.PRF","BLOCKED_INSIDE_FORBIDDEN_SOURCE_FOLDER","RED","22723","Source path is inside a keyboard .SET-style folder. Metadata review only.","KEEP_BLOCKED","Owner baseline decision: keep blocked. Metadata-only documentation allowed. No copy, no writer, no keyboard output.","FINAL_KEEP_BLOCKED","FINAL_OWNER_DECISION_WRITER","False","False","False","False","False","False","False","False"
"V1713-F0267","V1712-R0267",".prf","sar.SET","sar.SET\PERFORM\BANK06.PRF","BLOCKED_INSIDE_FORBIDDEN_SOURCE_FOLDER","RED","22328","Source path is inside a keyboard .SET-style folder. Metadata review only.","KEEP_BLOCKED","Owner baseline decision: keep blocked. Metadata-only documentation allowed. No copy, no writer, no keyboard output.","FINAL_KEEP_BLOCKED","FINAL_OWNER_DECISION_WRITER","False","False","False","False","False","False","False","False"
"V1713-F0268","V1712-R0268",".prf","sar.SET","sar.SET\PERFORM\BANK07.PRF","BLOCKED_INSIDE_FORBIDDEN_SOURCE_FOLDER","RED","21596","Source path is inside a keyboard .SET-style folder. Metadata review only.","KEEP_BLOCKED","Owner baseline decision: keep blocked. Metadata-only documentation allowed. No copy, no writer, no keyboard output.","FINAL_KEEP_BLOCKED","FINAL_OWNER_DECISION_WRITER","False","False","False","False","False","False","False","False"
"V1713-F0269","V1712-R0269",".prf","sar.SET","sar.SET\PERFORM\BANK08.PRF","BLOCKED_INSIDE_FORBIDDEN_SOURCE_FOLDER","RED","22182","Source path is inside a keyboard .SET-style folder. Metadata review only.","KEEP_BLOCKED","Owner baseline decision: keep blocked. Metadata-only documentation allowed. No copy, no writer, no keyboard output.","FINAL_KEEP_BLOCKED","FINAL_OWNER_DECISION_WRITER","False","False","False","False","False","False","False","False"
"V1713-F0270","V1712-R0270",".prf","sar.SET","sar.SET\PERFORM\BANK09.PRF","BLOCKED_INSIDE_FORBIDDEN_SOURCE_FOLDER","RED","31835","Source path is inside a keyboard .SET-style folder. Metadata review only.","KEEP_BLOCKED","Owner baseline decision: keep blocked. Metadata-only documentation allowed. No copy, no writer, no keyboard output.","FINAL_KEEP_BLOCKED","FINAL_OWNER_DECISION_WRITER","False","False","False","False","False","False","False","False"
"V1713-F0271","V1712-R0271",".prf","sar.SET","sar.SET\PERFORM\BANK10.PRF","BLOCKED_INSIDE_FORBIDDEN_SOURCE_FOLDER","RED","31370","Source path is inside a keyboard .SET-style folder. Metadata review only.","KEEP_BLOCKED","Owner baseline decision: keep blocked. Metadata-only documentation allowed. No copy, no writer, no keyboard output.","FINAL_KEEP_BLOCKED","FINAL_OWNER_DECISION_WRITER","False","False","False","False","False","False","False","False"
"V1713-F0272","V1712-R0272",".prf","sar.SET","sar.SET\PERFORM\BANK11.PRF","BLOCKED_INSIDE_FORBIDDEN_SOURCE_FOLDER","RED","28564","Source path is inside a keyboard .SET-style folder. Metadata review only.","KEEP_BLOCKED","Owner baseline decision: keep blocked. Metadata-only documentation allowed. No copy, no writer, no keyboard output.","FINAL_KEEP_BLOCKED","FINAL_OWNER_DECISION_WRITER","False","False","False","False","False","False","False","False"
"V1713-F0273","V1712-R0273",".prf","sar.SET","sar.SET\PERFORM\BANK12.PRF","BLOCKED_INSIDE_FORBIDDEN_SOURCE_FOLDER","RED","25703","Source path is inside a keyboard .SET-style folder. Metadata review only.","KEEP_BLOCKED","Owner baseline decision: keep blocked. Metadata-only documentation allowed. No copy, no writer, no keyboard output.","FINAL_KEEP_BLOCKED","FINAL_OWNER_DECISION_WRITER","False","False","False","False","False","False","False","False"
"V1713-F0274","V1712-R0274",".prf","sar.SET","sar.SET\PERFORM\BANK13.PRF","BLOCKED_INSIDE_FORBIDDEN_SOURCE_FOLDER","RED","31453","Source path is inside a keyboard .SET-style folder. Metadata review only.","KEEP_BLOCKED","Owner baseline decision: keep blocked. Metadata-only documentation allowed. No copy, no writer, no keyboard output.","FINAL_KEEP_BLOCKED","FINAL_OWNER_DECISION_WRITER","False","False","False","False","False","False","False","False"
"V1713-F0275","V1712-R0275",".prf","sar.SET","sar.SET\PERFORM\BANK14.PRF","BLOCKED_INSIDE_FORBIDDEN_SOURCE_FOLDER","RED","22598","Source path is inside a keyboard .SET-style folder. Metadata review only.","KEEP_BLOCKED","Owner baseline decision: keep blocked. Metadata-only documentation allowed. No copy, no writer, no keyboard output.","FINAL_KEEP_BLOCKED","FINAL_OWNER_DECISION_WRITER","False","False","False","False","False","False","False","False"
"V1713-F0276","V1712-R0276",".prf","sar.SET","sar.SET\PERFORM\BANK15.PRF","BLOCKED_INSIDE_FORBIDDEN_SOURCE_FOLDER","RED","30112","Source path is inside a keyboard .SET-style folder. Metadata review only.","KEEP_BLOCKED","Owner baseline decision: keep blocked. Metadata-only documentation allowed. No copy, no writer, no keyboard output.","FINAL_KEEP_BLOCKED","FINAL_OWNER_DECISION_WRITER","False","False","False","False","False","False","False","False"
"V1713-F0277","V1712-R0277",".prf","sar.SET","sar.SET\PERFORM\BANK16.PRF","BLOCKED_INSIDE_FORBIDDEN_SOURCE_FOLDER","RED","21718","Source path is inside a keyboard .SET-style folder. Metadata review only.","KEEP_BLOCKED","Owner baseline decision: keep blocked. Metadata-only documentation allowed. No copy, no writer, no keyboard output.","FINAL_KEEP_BLOCKED","FINAL_OWNER_DECISION_WRITER","False","False","False","False","False","False","False","False"
"V1713-F0278","V1712-R0278",".sbl","sar.SET","sar.SET\SONGBOOK\LISTDB.SBL","BLOCKED_INSIDE_FORBIDDEN_SOURCE_FOLDER","RED","2915","Source path is inside a keyboard .SET-style folder. Metadata review only.","KEEP_BLOCKED","Owner baseline decision: keep blocked. Metadata-only documentation allowed. No copy, no writer, no keyboard output.","FINAL_KEEP_BLOCKED","FINAL_OWNER_DECISION_WRITER","False","False","False","False","False","False","False","False"
"V1713-F0279","V1712-R0279",".sbd","sar.SET","sar.SET\SONGBOOK\SONGDB.SBD\BANK01.SBD","BLOCKED_INSIDE_FORBIDDEN_SOURCE_FOLDER","RED","46514","Source path is inside a keyboard .SET-style folder. Metadata review only.","KEEP_BLOCKED","Owner baseline decision: keep blocked. Metadata-only documentation allowed. No copy, no writer, no keyboard output.","FINAL_KEEP_BLOCKED","FINAL_OWNER_DECISION_WRITER","False","False","False","False","False","False","False","False"
"V1713-F0280","V1712-R0280",".sbd","sar.SET","sar.SET\SONGBOOK\SONGDB.SBD\BANK02.SBD","BLOCKED_INSIDE_FORBIDDEN_SOURCE_FOLDER","RED","47582","Source path is inside a keyboard .SET-style folder. Metadata review only.","KEEP_BLOCKED","Owner baseline decision: keep blocked. Metadata-only documentation allowed. No copy, no writer, no keyboard output.","FINAL_KEEP_BLOCKED","FINAL_OWNER_DECISION_WRITER","False","False","False","False","False","False","False","False"
"V1713-F0281","V1712-R0281",".sbd","sar.SET","sar.SET\SONGBOOK\SONGDB.SBD\BANK03.SBD","BLOCKED_INSIDE_FORBIDDEN_SOURCE_FOLDER","RED","47913","Source path is inside a keyboard .SET-style folder. Metadata review only.","KEEP_BLOCKED","Owner baseline decision: keep blocked. Metadata-only documentation allowed. No copy, no writer, no keyboard output.","FINAL_KEEP_BLOCKED","FINAL_OWNER_DECISION_WRITER","False","False","False","False","False","False","False","False"
"V1713-F0282","V1712-R0282",".sbd","sar.SET","sar.SET\SONGBOOK\SONGDB.SBD\BANK04.SBD","BLOCKED_INSIDE_FORBIDDEN_SOURCE_FOLDER","RED","47200","Source path is inside a keyboard .SET-style folder. Metadata review only.","KEEP_BLOCKED","Owner baseline decision: keep blocked. Metadata-only documentation allowed. No copy, no writer, no keyboard output.","FINAL_KEEP_BLOCKED","FINAL_OWNER_DECISION_WRITER","False","False","False","False","False","False","False","False"
"V1713-F0283","V1712-R0283",".sbd","sar.SET","sar.SET\SONGBOOK\SONGDB.SBD\BANK05.SBD","BLOCKED_INSIDE_FORBIDDEN_SOURCE_FOLDER","RED","46636","Source path is inside a keyboard .SET-style folder. Metadata review only.","KEEP_BLOCKED","Owner baseline decision: keep blocked. Metadata-only documentation allowed. No copy, no writer, no keyboard output.","FINAL_KEEP_BLOCKED","FINAL_OWNER_DECISION_WRITER","False","False","False","False","False","False","False","False"
"V1713-F0284","V1712-R0284",".sbd","sar.SET","sar.SET\SONGBOOK\SONGDB.SBD\BANK06.SBD","BLOCKED_INSIDE_FORBIDDEN_SOURCE_FOLDER","RED","51534","Source path is inside a keyboard .SET-style folder. Metadata review only.","KEEP_BLOCKED","Owner baseline decision: keep blocked. Metadata-only documentation allowed. No copy, no writer, no keyboard output.","FINAL_KEEP_BLOCKED","FINAL_OWNER_DECISION_WRITER","False","False","False","False","False","False","False","False"
"V1713-F0285","V1712-R0285",".sbd","sar.SET","sar.SET\SONGBOOK\SONGDB.SBD\BANK07.SBD","BLOCKED_INSIDE_FORBIDDEN_SOURCE_FOLDER","RED","2557","Source path is inside a keyboard .SET-style folder. Metadata review only.","KEEP_BLOCKED","Owner baseline decision: keep blocked. Metadata-only documentation allowed. No copy, no writer, no keyboard output.","FINAL_KEEP_BLOCKED","FINAL_OWNER_DECISION_WRITER","False","False","False","False","False","False","False","False"
"V1713-F0286","V1712-R0286",".pcg","sar.SET","sar.SET\SOUND\USER01.PCG","BLOCKED_INSIDE_FORBIDDEN_SOURCE_FOLDER","RED","42631","Source path is inside a keyboard .SET-style folder. Metadata review only.","KEEP_BLOCKED","Owner baseline decision: keep blocked. Metadata-only documentation allowed. No copy, no writer, no keyboard output.","FINAL_KEEP_BLOCKED","FINAL_OWNER_DECISION_WRITER","False","False","False","False","False","False","False","False"
"V1713-F0287","V1712-R0287",".pcg","sar.SET","sar.SET\SOUND\USER02.PCG","BLOCKED_INSIDE_FORBIDDEN_SOURCE_FOLDER","RED","42857","Source path is inside a keyboard .SET-style folder. Metadata review only.","KEEP_BLOCKED","Owner baseline decision: keep blocked. Metadata-only documentation allowed. No copy, no writer, no keyboard output.","FINAL_KEEP_BLOCKED","FINAL_OWNER_DECISION_WRITER","False","False","False","False","False","False","False","False"
"V1713-F0288","V1712-R0288",".pcg","sar.SET","sar.SET\SOUND\USER03.PCG","BLOCKED_INSIDE_FORBIDDEN_SOURCE_FOLDER","RED","24772","Source path is inside a keyboard .SET-style folder. Metadata review only.","KEEP_BLOCKED","Owner baseline decision: keep blocked. Metadata-only documentation allowed. No copy, no writer, no keyboard output.","FINAL_KEEP_BLOCKED","FINAL_OWNER_DECISION_WRITER","False","False","False","False","False","False","False","False"
"V1713-F0289","V1712-R0289",".pcg","sar.SET","sar.SET\SOUND\USER04.PCG","BLOCKED_INSIDE_FORBIDDEN_SOURCE_FOLDER","RED","12031","Source path is inside a keyboard .SET-style folder. Metadata review only.","KEEP_BLOCKED","Owner baseline decision: keep blocked. Metadata-only documentation allowed. No copy, no writer, no keyboard output.","FINAL_KEEP_BLOCKED","FINAL_OWNER_DECISION_WRITER","False","False","False","False","False","False","False","False"
"V1713-F0290","V1712-R0290",".pcg","sar.SET","sar.SET\SOUND\USERDK.PCG","BLOCKED_INSIDE_FORBIDDEN_SOURCE_FOLDER","RED","113296","Source path is inside a keyboard .SET-style folder. Metadata review only.","KEEP_BLOCKED","Owner baseline decision: keep blocked. Metadata-only documentation allowed. No copy, no writer, no keyboard output.","FINAL_KEEP_BLOCKED","FINAL_OWNER_DECISION_WRITER","False","False","False","False","False","False","False","False"
"V1713-F0291","V1712-R0291",".sty","sar.SET","sar.SET\STYLE\FAVORITE01.STY","BLOCKED_INSIDE_FORBIDDEN_SOURCE_FOLDER","RED","1620547","Source path is inside a keyboard .SET-style folder. Metadata review only.","KEEP_BLOCKED","Owner baseline decision: keep blocked. Metadata-only documentation allowed. No copy, no writer, no keyboard output.","FINAL_KEEP_BLOCKED","FINAL_OWNER_DECISION_WRITER","False","False","False","False","False","False","False","False"
"V1713-F0292","V1712-R0292",".sty","sar.SET","sar.SET\STYLE\FAVORITE02.STY","BLOCKED_INSIDE_FORBIDDEN_SOURCE_FOLDER","RED","1313446","Source path is inside a keyboard .SET-style folder. Metadata review only.","KEEP_BLOCKED","Owner baseline decision: keep blocked. Metadata-only documentation allowed. No copy, no writer, no keyboard output.","FINAL_KEEP_BLOCKED","FINAL_OWNER_DECISION_WRITER","False","False","False","False","False","False","False","False"
"V1713-F0293","V1712-R0293",".sty","sar.SET","sar.SET\STYLE\FAVORITE03.STY","BLOCKED_INSIDE_FORBIDDEN_SOURCE_FOLDER","RED","721337","Source path is inside a keyboard .SET-style folder. Metadata review only.","KEEP_BLOCKED","Owner baseline decision: keep blocked. Metadata-only documentation allowed. No copy, no writer, no keyboard output.","FINAL_KEEP_BLOCKED","FINAL_OWNER_DECISION_WRITER","False","False","False","False","False","False","False","False"
"V1713-F0294","V1712-R0294",".sty","sar.SET","sar.SET\STYLE\FAVORITE04.STY","BLOCKED_INSIDE_FORBIDDEN_SOURCE_FOLDER","RED","1371390","Source path is inside a keyboard .SET-style folder. Metadata review only.","KEEP_BLOCKED","Owner baseline decision: keep blocked. Metadata-only documentation allowed. No copy, no writer, no keyboard output.","FINAL_KEEP_BLOCKED","FINAL_OWNER_DECISION_WRITER","False","False","False","False","False","False","False","False"
"V1713-F0295","V1712-R0295",".sty","sar.SET","sar.SET\STYLE\FAVORITE05.STY","BLOCKED_INSIDE_FORBIDDEN_SOURCE_FOLDER","RED","2669779","Source path is inside a keyboard .SET-style folder. Metadata review only.","KEEP_BLOCKED","Owner baseline decision: keep blocked. Metadata-only documentation allowed. No copy, no writer, no keyboard output.","FINAL_KEEP_BLOCKED","FINAL_OWNER_DECISION_WRITER","False","False","False","False","False","False","False","False"
"V1713-F0296","V1712-R0296",".sty","sar.SET","sar.SET\STYLE\FAVORITE06.STY","BLOCKED_INSIDE_FORBIDDEN_SOURCE_FOLDER","RED","1830145","Source path is inside a keyboard .SET-style folder. Metadata review only.","KEEP_BLOCKED","Owner baseline decision: keep blocked. Metadata-only documentation allowed. No copy, no writer, no keyboard output.","FINAL_KEEP_BLOCKED","FINAL_OWNER_DECISION_WRITER","False","False","False","False","False","False","False","False"
"V1713-F0297","V1712-R0297",".sty","sar.SET","sar.SET\STYLE\FAVORITE07.STY","BLOCKED_INSIDE_FORBIDDEN_SOURCE_FOLDER","RED","1997824","Source path is inside a keyboard .SET-style folder. Metadata review only.","KEEP_BLOCKED","Owner baseline decision: keep blocked. Metadata-only documentation allowed. No copy, no writer, no keyboard output.","FINAL_KEEP_BLOCKED","FINAL_OWNER_DECISION_WRITER","False","False","False","False","False","False","False","False"
"V1713-F0298","V1712-R0298",".sty","sar.SET","sar.SET\STYLE\FAVORITE08.STY","BLOCKED_INSIDE_FORBIDDEN_SOURCE_FOLDER","RED","1309764","Source path is inside a keyboard .SET-style folder. Metadata review only.","KEEP_BLOCKED","Owner baseline decision: keep blocked. Metadata-only documentation allowed. No copy, no writer, no keyboard output.","FINAL_KEEP_BLOCKED","FINAL_OWNER_DECISION_WRITER","False","False","False","False","False","False","False","False"
"V1713-F0299","V1712-R0299",".sty","sar.SET","sar.SET\STYLE\FAVORITE09.STY","BLOCKED_INSIDE_FORBIDDEN_SOURCE_FOLDER","RED","1309700","Source path is inside a keyboard .SET-style folder. Metadata review only.","KEEP_BLOCKED","Owner baseline decision: keep blocked. Metadata-only documentation allowed. No copy, no writer, no keyboard output.","FINAL_KEEP_BLOCKED","FINAL_OWNER_DECISION_WRITER","False","False","False","False","False","False","False","False"
"V1713-F0300","V1712-R0300",".sty","sar.SET","sar.SET\STYLE\FAVORITE10.STY","BLOCKED_INSIDE_FORBIDDEN_SOURCE_FOLDER","RED","1582136","Source path is inside a keyboard .SET-style folder. Metadata review only.","KEEP_BLOCKED","Owner baseline decision: keep blocked. Metadata-only documentation allowed. No copy, no writer, no keyboard output.","FINAL_KEEP_BLOCKED","FINAL_OWNER_DECISION_WRITER","False","False","False","False","False","False","False","False"
"V1713-F0301","V1712-R0301",".sty","sar.SET","sar.SET\STYLE\FAVORITE11.STY","BLOCKED_INSIDE_FORBIDDEN_SOURCE_FOLDER","RED","959112","Source path is inside a keyboard .SET-style folder. Metadata review only.","KEEP_BLOCKED","Owner baseline decision: keep blocked. Metadata-only documentation allowed. No copy, no writer, no keyboard output.","FINAL_KEEP_BLOCKED","FINAL_OWNER_DECISION_WRITER","False","False","False","False","False","False","False","False"
"V1713-F0302","V1712-R0302",".sty","sar.SET","sar.SET\STYLE\FAVORITE12.STY","BLOCKED_INSIDE_FORBIDDEN_SOURCE_FOLDER","RED","569741","Source path is inside a keyboard .SET-style folder. Metadata review only.","KEEP_BLOCKED","Owner baseline decision: keep blocked. Metadata-only documentation allowed. No copy, no writer, no keyboard output.","FINAL_KEEP_BLOCKED","FINAL_OWNER_DECISION_WRITER","False","False","False","False","False","False","False","False"
"V1713-F0303","V1712-R0303",".sty","sar.SET","sar.SET\STYLE\USER01.STY","BLOCKED_INSIDE_FORBIDDEN_SOURCE_FOLDER","RED","767611","Source path is inside a keyboard .SET-style folder. Metadata review only.","KEEP_BLOCKED","Owner baseline decision: keep blocked. Metadata-only documentation allowed. No copy, no writer, no keyboard output.","FINAL_KEEP_BLOCKED","FINAL_OWNER_DECISION_WRITER","False","False","False","False","False","False","False","False"
"V1713-F0304","V1712-R0304",".sty","sar.SET","sar.SET\STYLE\USER02.STY","BLOCKED_INSIDE_FORBIDDEN_SOURCE_FOLDER","RED","549046","Source path is inside a keyboard .SET-style folder. Metadata review only.","KEEP_BLOCKED","Owner baseline decision: keep blocked. Metadata-only documentation allowed. No copy, no writer, no keyboard output.","FINAL_KEEP_BLOCKED","FINAL_OWNER_DECISION_WRITER","False","False","False","False","False","False","False","False"
"V1713-F0305","V1712-R0305",".sty","sar.SET","sar.SET\STYLE\USER03.STY","BLOCKED_INSIDE_FORBIDDEN_SOURCE_FOLDER","RED","518175","Source path is inside a keyboard .SET-style folder. Metadata review only.","KEEP_BLOCKED","Owner baseline decision: keep blocked. Metadata-only documentation allowed. No copy, no writer, no keyboard output.","FINAL_KEEP_BLOCKED","FINAL_OWNER_DECISION_WRITER","False","False","False","False","False","False","False","False"
